features,feat_list,indices,n_feat,cv5_r2
E_pfrac_relevant + pmid_grdf_trig_max,"E_pfrac_relevant,pmid_grdf_trig_max","(2, 85)",2,0.2567877308849156
E_pfrac_relevant + pend_grdf_trig_max,"E_pfrac_relevant,pend_grdf_trig_max","(2, 43)",2,0.2115284925095419
pend_plane_heavy_frac + pmid_grdf_trig_max,"pend_plane_heavy_frac,pmid_grdf_trig_max","(47, 85)",2,0.204422481491636
pmid_grdf_trig_max + pmid_plane_heavy_frac,"pmid_grdf_trig_max,pmid_plane_heavy_frac","(85, 89)",2,0.19544676497957722
E_pfrac_CBM + pmid_grdf_trig_max,"E_pfrac_CBM,pmid_grdf_trig_max","(0, 85)",2,0.19419029720354392
pmid_grdf_trig_max + pstart_plane_heavy_frac,"pmid_grdf_trig_max,pstart_plane_heavy_frac","(85, 114)",2,0.18445340516710515
kmid_frac_x + pmid_grdf_trig_max,"kmid_frac_x,pmid_grdf_trig_max","(12, 85)",2,0.17614341856320143
pmid_grdf_gauss_mean + pmid_grdf_trig_max,"pmid_grdf_gauss_mean,pmid_grdf_trig_max","(83, 85)",2,0.17217224567309858
E_pfrac_VBM + pmid_grdf_trig_max,"E_pfrac_VBM,pmid_grdf_trig_max","(1, 85)",2,0.17011599583708817
pend_afs_gauss_std + pmid_grdf_trig_max,"pend_afs_gauss_std,pmid_grdf_trig_max","(33, 85)",2,0.1665515449107711
E_pfrac_CBM + pend_grdf_trig_max,"E_pfrac_CBM,pend_grdf_trig_max","(0, 43)",2,0.1631576644591572
pline_plane_mean_Z + pmid_grdf_trig_max,"pline_plane_mean_Z,pmid_grdf_trig_max","(67, 85)",2,0.16163645242424257
pmid_grdf_gauss_max + pmid_grdf_trig_max,"pmid_grdf_gauss_max,pmid_grdf_trig_max","(82, 85)",2,0.16151374229764529
pend_grdf_trig_mean + pmid_afs_gauss_std,"pend_grdf_trig_mean,pmid_afs_gauss_std","(44, 75)",2,0.1611784648774373
pline_plane_heavy_frac + pmid_grdf_trig_max,"pline_plane_heavy_frac,pmid_grdf_trig_max","(64, 85)",2,0.15967143508279438
band_binary + pmid_grdf_trig_max,"band_binary,pmid_grdf_trig_max","(5, 85)",2,0.1582158075683334
kpath_angle_deg + pmid_grdf_trig_max,"kpath_angle_deg,pmid_grdf_trig_max","(14, 85)",2,0.15818841237212006
pmid_grdf_trig_max + pstart_plane_max_mass,"pmid_grdf_trig_max,pstart_plane_max_mass","(85, 116)",2,0.1572380660843179
pmid_grdf_trig_max + pmid_plane_max_mass,"pmid_grdf_trig_max,pmid_plane_max_mass","(85, 91)",2,0.1572380660843179
pend_grdf_gauss_max + pmid_grdf_trig_max,"pend_grdf_gauss_max,pmid_grdf_trig_max","(40, 85)",2,0.15713697660072717
pline_grdf_bessel_std + pmid_grdf_trig_max,"pline_grdf_bessel_std,pmid_grdf_trig_max","(56, 85)",2,0.15709108281898115
pline_grdf_gauss_max + pmid_grdf_trig_max,"pline_grdf_gauss_max,pmid_grdf_trig_max","(57, 85)",2,0.1565591228492404
pline_plane_mean_mass + pmid_grdf_trig_max,"pline_plane_mean_mass,pmid_grdf_trig_max","(68, 85)",2,0.1565307580196899
pend_grdf_trig_max + pend_plane_heavy_frac,"pend_grdf_trig_max,pend_plane_heavy_frac","(43, 47)",2,0.15578448848630483
pmid_grdf_trig_mean + pmid_plane_heavy_frac,"pmid_grdf_trig_mean,pmid_plane_heavy_frac","(86, 89)",2,0.15548855286550398
pline_plane_sum_Z4 + pmid_grdf_trig_max,"pline_plane_sum_Z4,pmid_grdf_trig_max","(69, 85)",2,0.15523141732048334
pend_grdf_trig_mean + pmid_afs_gauss_mean,"pend_grdf_trig_mean,pmid_afs_gauss_mean","(44, 74)",2,0.15480129397496076
pline_plane_max_mass + pmid_grdf_trig_max,"pline_plane_max_mass,pmid_grdf_trig_max","(66, 85)",2,0.1537017519622354
pend_plane_max_Z + pmid_grdf_trig_max,"pend_plane_max_Z,pmid_grdf_trig_max","(48, 85)",2,0.15356627708547788
max_Z4 + pmid_grdf_trig_max,"max_Z4,pmid_grdf_trig_max","(24, 85)",2,0.15356627708547788
max_Z + pmid_grdf_trig_max,"max_Z,pmid_grdf_trig_max","(23, 85)",2,0.15356627708547788
max_mass + pmid_grdf_trig_max,"max_mass,pmid_grdf_trig_max","(25, 85)",2,0.1532910553014965
pend_plane_max_mass + pmid_grdf_trig_max,"pend_plane_max_mass,pmid_grdf_trig_max","(49, 85)",2,0.1532910553014965
kend_frac_x + pmid_grdf_trig_max,"kend_frac_x,pmid_grdf_trig_max","(9, 85)",2,0.14887592829453308
pline_plane_max_Z + pmid_grdf_trig_max,"pline_plane_max_Z,pmid_grdf_trig_max","(65, 85)",2,0.14878040471183096
pline_grdf_trig_std + pmid_grdf_trig_max,"pline_grdf_trig_std,pmid_grdf_trig_max","(62, 85)",2,0.14553823164186058
pend_grdf_trig_max + pmid_grdf_gauss_max,"pend_grdf_trig_max,pmid_grdf_gauss_max","(43, 82)",2,0.1428082166249027
pmid_afs_gauss_mean + pmid_grdf_trig_max,"pmid_afs_gauss_mean,pmid_grdf_trig_max","(74, 85)",2,0.14235216990732086
pline_grdf_gauss_std + pmid_grdf_trig_max,"pline_grdf_gauss_std,pmid_grdf_trig_max","(59, 85)",2,0.14179115780325727
pend_grdf_trig_mean + pmid_grdf_gauss_max,"pend_grdf_trig_mean,pmid_grdf_gauss_max","(44, 82)",2,0.1410105576749323
kvec_x + pmid_grdf_trig_max,"kvec_x,pmid_grdf_trig_max","(20, 85)",2,0.14090782546773506
pmid_grdf_trig_max + pmid_plane_max_Z,"pmid_grdf_trig_max,pmid_plane_max_Z","(85, 90)",2,0.1405064237602452
pmid_grdf_trig_max + pstart_plane_max_Z,"pmid_grdf_trig_max,pstart_plane_max_Z","(85, 115)",2,0.1405064237602452
pline_grdf_trig_max + pmid_grdf_trig_max,"pline_grdf_trig_max,pmid_grdf_trig_max","(60, 85)",2,0.140134376114767
plane_angle_deg + pmid_grdf_trig_max,"plane_angle_deg,pmid_grdf_trig_max","(53, 85)",2,0.13994147409506735
pend_grdf_trig_max + pmid_afs_gauss_std,"pend_grdf_trig_max,pmid_afs_gauss_std","(43, 75)",2,0.13895167095108407
pend_grdf_trig_max + pstart_afs_gauss_std,"pend_grdf_trig_max,pstart_afs_gauss_std","(43, 100)",2,0.13826163259200316
kend_frac_y + pmid_grdf_trig_max,"kend_frac_y,pmid_grdf_trig_max","(10, 85)",2,0.1381138375795249
pline_grdf_bessel_max + pmid_grdf_trig_max,"pline_grdf_bessel_max,pmid_grdf_trig_max","(54, 85)",2,0.1380917625489099
pline_grdf_bessel_mean + pmid_grdf_trig_max,"pline_grdf_bessel_mean,pmid_grdf_trig_max","(55, 85)",2,0.13797306847875895
pline_grdf_gauss_mean + pmid_grdf_trig_max,"pline_grdf_gauss_mean,pmid_grdf_trig_max","(58, 85)",2,0.13727101075921477
pend_afs_gauss_std + pend_grdf_trig_mean,"pend_afs_gauss_std,pend_grdf_trig_mean","(33, 44)",2,0.1372433470922059
pend_grdf_trig_max + pmid_afs_gauss_mean,"pend_grdf_trig_max,pmid_afs_gauss_mean","(43, 74)",2,0.13685904378031008
pend_grdf_trig_max + pstart_plane_heavy_frac,"pend_grdf_trig_max,pstart_plane_heavy_frac","(43, 114)",2,0.136216235975938
pline_n_atoms_on_plane + pmid_grdf_trig_max,"pline_n_atoms_on_plane,pmid_grdf_trig_max","(63, 85)",2,0.13564411821511108
pmid_afs_gauss_std + pmid_grdf_trig_max,"pmid_afs_gauss_std,pmid_grdf_trig_max","(75, 85)",2,0.13462559849256409
kvec_z + pmid_grdf_trig_max,"kvec_z,pmid_grdf_trig_max","(22, 85)",2,0.13413266164961624
pline_grdf_trig_mean + pmid_grdf_trig_max,"pline_grdf_trig_mean,pmid_grdf_trig_max","(61, 85)",2,0.13279852966543831
kstart_frac_x + pmid_grdf_trig_max,"kstart_frac_x,pmid_grdf_trig_max","(17, 85)",2,0.13242952535004404
pend_afs_gauss_mean + pmid_grdf_trig_max,"pend_afs_gauss_mean,pmid_grdf_trig_max","(32, 85)",2,0.13226362000336891
pend_grdf_trig_mean + pmid_grdf_trig_max,"pend_grdf_trig_mean,pmid_grdf_trig_max","(44, 85)",2,0.13168167523414193
kstart_frac_y + pmid_grdf_trig_max,"kstart_frac_y,pmid_grdf_trig_max","(18, 85)",2,0.1314168932534508
pend_grdf_trig_max + pmid_plane_heavy_frac,"pend_grdf_trig_max,pmid_plane_heavy_frac","(43, 89)",2,0.13065679318810017
pend_plane_heavy_frac + pmid_grdf_trig_mean,"pend_plane_heavy_frac,pmid_grdf_trig_mean","(47, 86)",2,0.13057827267134609
pend_n_atoms_on_plane + pmid_grdf_trig_max,"pend_n_atoms_on_plane,pmid_grdf_trig_max","(46, 85)",2,0.13020126686569733
pend_grdf_trig_max + pstart_grdf_gauss_max,"pend_grdf_trig_max,pstart_grdf_gauss_max","(43, 107)",2,0.12898608612112628
kinterior_degen + pmid_grdf_trig_max,"kinterior_degen,pmid_grdf_trig_max","(11, 85)",2,0.1271731940615174
ktotal_weight + pmid_grdf_trig_max,"ktotal_weight,pmid_grdf_trig_max","(19, 85)",2,0.12659604116402579
pend_grdf_gauss_mean + pmid_grdf_trig_max,"pend_grdf_gauss_mean,pmid_grdf_trig_max","(41, 85)",2,0.12620020632996057
pend_afs_gauss_std + pend_grdf_trig_max,"pend_afs_gauss_std,pend_grdf_trig_max","(33, 43)",2,0.1252523712751162
pend_grdf_trig_mean + pstart_afs_gauss_std,"pend_grdf_trig_mean,pstart_afs_gauss_std","(44, 100)",2,0.12501531916161174
pmid_grdf_trig_max + pstart_grdf_gauss_max,"pmid_grdf_trig_max,pstart_grdf_gauss_max","(85, 107)",2,0.1248887150712433
kmid_frac_y + pmid_grdf_trig_max,"kmid_frac_y,pmid_grdf_trig_max","(13, 85)",2,0.12368027100848478
max_mass + pend_grdf_trig_max,"max_mass,pend_grdf_trig_max","(25, 43)",2,0.12315601995423989
kend_degen + pmid_grdf_trig_max,"kend_degen,pmid_grdf_trig_max","(8, 85)",2,0.12299664885981046
pend_grdf_trig_max + pline_grdf_gauss_max,"pend_grdf_trig_max,pline_grdf_gauss_max","(43, 57)",2,0.1215910486918397
band_binary + pend_grdf_trig_max,"band_binary,pend_grdf_trig_max","(5, 43)",2,0.1209933724103431
E_pfrac_relevant + X_mean,"E_pfrac_relevant,X_mean","(2, 4)",2,0.12088532807859605
n_elements + pmid_grdf_trig_max,"n_elements,pmid_grdf_trig_max","(27, 85)",2,0.12080345559296557
pend_grdf_trig_max + pline_plane_heavy_frac,"pend_grdf_trig_max,pline_plane_heavy_frac","(43, 64)",2,0.12027092915230783
pmid_grdf_trig_max + pstart_grdf_gauss_mean,"pmid_grdf_trig_max,pstart_grdf_gauss_mean","(85, 108)",2,0.12020458837967615
pmid_grdf_bessel_std + pmid_grdf_trig_max,"pmid_grdf_bessel_std,pmid_grdf_trig_max","(81, 85)",2,0.12005837426957766
E_pfrac_relevant + pmid_afs_gauss_mean,"E_pfrac_relevant,pmid_afs_gauss_mean","(2, 74)",2,0.11950537015279208
pmid_grdf_trig_mean + pstart_plane_heavy_frac,"pmid_grdf_trig_mean,pstart_plane_heavy_frac","(86, 114)",2,0.11940502387574985
pend_grdf_trig_max + pline_plane_mean_Z,"pend_grdf_trig_max,pline_plane_mean_Z","(43, 67)",2,0.11715099835271008
pend_grdf_trig_max + pstart_plane_max_mass,"pend_grdf_trig_max,pstart_plane_max_mass","(43, 116)",2,0.11568283101381416
pend_grdf_trig_max + pend_plane_max_mass,"pend_grdf_trig_max,pend_plane_max_mass","(43, 49)",2,0.11568283101381416
pend_grdf_trig_max + pmid_plane_max_mass,"pend_grdf_trig_max,pmid_plane_max_mass","(43, 91)",2,0.11568283101381416
max_Z + pend_grdf_trig_max,"max_Z,pend_grdf_trig_max","(23, 43)",2,0.11393920744782497
max_Z4 + pend_grdf_trig_max,"max_Z4,pend_grdf_trig_max","(24, 43)",2,0.11393920744782497
E_pfrac_relevant + pend_grdf_trig_mean,"E_pfrac_relevant,pend_grdf_trig_mean","(2, 44)",2,0.11345182006513929
pend_grdf_trig_max + pline_plane_max_mass,"pend_grdf_trig_max,pline_plane_max_mass","(43, 66)",2,0.11180342745086447
pend_grdf_trig_max + pline_plane_mean_mass,"pend_grdf_trig_max,pline_plane_mean_mass","(43, 68)",2,0.11168590125965897
pend_grdf_trig_max + pline_grdf_bessel_std,"pend_grdf_trig_max,pline_grdf_bessel_std","(43, 56)",2,0.11157694827826144
kend_degen + pend_grdf_trig_max,"kend_degen,pend_grdf_trig_max","(8, 43)",2,0.11104699034754703
pmid_afs_bessel_mean + pmid_grdf_gauss_max,"pmid_afs_bessel_mean,pmid_grdf_gauss_max","(71, 82)",2,0.11005620447292766
pend_afs_gauss_mean + pend_grdf_trig_max,"pend_afs_gauss_mean,pend_grdf_trig_max","(32, 43)",2,0.10986634657814731
pend_afs_gauss_mean + pend_grdf_trig_mean,"pend_afs_gauss_mean,pend_grdf_trig_mean","(32, 44)",2,0.1098010350574343
pend_afs_trig_mean + pmid_grdf_trig_max,"pend_afs_trig_mean,pmid_grdf_trig_max","(35, 85)",2,0.10923675811196627
E_pfrac_relevant + pstart_afs_trig_std,"E_pfrac_relevant,pstart_afs_trig_std","(2, 103)",2,0.10893083192166728
pend_grdf_trig_max + pline_grdf_trig_mean,"pend_grdf_trig_max,pline_grdf_trig_mean","(43, 61)",2,0.10870429256408753
kstart_degen + pmid_grdf_trig_max,"kstart_degen,pmid_grdf_trig_max","(16, 85)",2,0.10799853568001087
pmid_grdf_gauss_max + pmid_grdf_trig_mean,"pmid_grdf_gauss_max,pmid_grdf_trig_mean","(82, 86)",2,0.10741142715134562
pend_grdf_trig_max + pline_grdf_trig_std,"pend_grdf_trig_max,pline_grdf_trig_std","(43, 62)",2,0.1064394511702674
pend_grdf_bessel_std + pmid_grdf_trig_max,"pend_grdf_bessel_std,pmid_grdf_trig_max","(39, 85)",2,0.10617320153965568
kend_frac_x + pend_grdf_trig_max,"kend_frac_x,pend_grdf_trig_max","(9, 43)",2,0.10604196314786454
E_pfrac_relevant + pend_afs_trig_std,"E_pfrac_relevant,pend_afs_trig_std","(2, 36)",2,0.10601253654287449
pend_grdf_trig_max + pline_plane_max_Z,"pend_grdf_trig_max,pline_plane_max_Z","(43, 65)",2,0.1056006465308823
pend_grdf_trig_mean + pmid_grdf_trig_std,"pend_grdf_trig_mean,pmid_grdf_trig_std","(44, 87)",2,0.10494627507944751
ktotal_weight + pend_grdf_trig_max,"ktotal_weight,pend_grdf_trig_max","(19, 43)",2,0.10486031524548556
pend_grdf_trig_max + pmid_grdf_bessel_std,"pend_grdf_trig_max,pmid_grdf_bessel_std","(43, 81)",2,0.10441515398610772
E_pfrac_relevant + pend_afs_gauss_mean,"E_pfrac_relevant,pend_afs_gauss_mean","(2, 32)",2,0.10428872043227984
X_diff + pmid_grdf_trig_max,"X_diff,pmid_grdf_trig_max","(3, 85)",2,0.10427280148889059
pend_grdf_trig_max + pend_plane_max_Z,"pend_grdf_trig_max,pend_plane_max_Z","(43, 48)",2,0.1038307082599533
pend_grdf_trig_max + pmid_plane_max_Z,"pend_grdf_trig_max,pmid_plane_max_Z","(43, 90)",2,0.1038307082599533
pend_grdf_trig_max + pstart_plane_max_Z,"pend_grdf_trig_max,pstart_plane_max_Z","(43, 115)",2,0.1038307082599533
E_pfrac_relevant + ktotal_weight,"E_pfrac_relevant,ktotal_weight","(2, 19)",2,0.10374933054797872
pend_grdf_gauss_max + pmid_grdf_trig_mean,"pend_grdf_gauss_max,pmid_grdf_trig_mean","(40, 86)",2,0.10354400017965788
E_pfrac_relevant + pstart_plane_heavy_frac,"E_pfrac_relevant,pstart_plane_heavy_frac","(2, 114)",2,0.1035098904480185
kinterior_degen + pend_grdf_trig_max,"kinterior_degen,pend_grdf_trig_max","(11, 43)",2,0.10345879397719204
kmid_frac_x + pend_grdf_trig_max,"kmid_frac_x,pend_grdf_trig_max","(12, 43)",2,0.10338685760030042
pend_grdf_trig_mean + pmid_grdf_bessel_std,"pend_grdf_trig_mean,pmid_grdf_bessel_std","(44, 81)",2,0.10255793226484826
pend_grdf_trig_max + pline_grdf_gauss_std,"pend_grdf_trig_max,pline_grdf_gauss_std","(43, 59)",2,0.10219428484909114
pmid_grdf_trig_max + pmid_grdf_trig_std,"pmid_grdf_trig_max,pmid_grdf_trig_std","(85, 87)",2,0.10217077979917757
pmid_grdf_trig_max + pstart_afs_gauss_std,"pmid_grdf_trig_max,pstart_afs_gauss_std","(85, 100)",2,0.10203510291303161
pend_grdf_trig_std + pmid_grdf_trig_max,"pend_grdf_trig_std,pmid_grdf_trig_max","(45, 85)",2,0.10176405721055506
pend_grdf_trig_max + pline_grdf_trig_max,"pend_grdf_trig_max,pline_grdf_trig_max","(43, 60)",2,0.10171256874396994
E_pfrac_relevant + pmid_grdf_gauss_std,"E_pfrac_relevant,pmid_grdf_gauss_std","(2, 84)",2,0.10123161008015313
pend_afs_gauss_std + pmid_grdf_trig_mean,"pend_afs_gauss_std,pmid_grdf_trig_mean","(33, 86)",2,0.10119695358167169
pend_grdf_trig_max + pline_plane_sum_Z4,"pend_grdf_trig_max,pline_plane_sum_Z4","(43, 69)",2,0.10044782037991637
pend_grdf_trig_mean + pstart_grdf_gauss_max,"pend_grdf_trig_mean,pstart_grdf_gauss_max","(44, 107)",2,0.09947594783440608
pmid_plane_heavy_frac + pstart_grdf_trig_max,"pmid_plane_heavy_frac,pstart_grdf_trig_max","(89, 110)",2,0.09894228119565254
E_pfrac_relevant + kend_degen,"E_pfrac_relevant,kend_degen","(2, 8)",2,0.09873324697723793
E_pfrac_relevant + pmid_grdf_bessel_std,"E_pfrac_relevant,pmid_grdf_bessel_std","(2, 81)",2,0.09748326133655252
pend_grdf_trig_mean + pmid_grdf_gauss_std,"pend_grdf_trig_mean,pmid_grdf_gauss_std","(44, 84)",2,0.09740556482706633
E_pfrac_relevant + kinterior_degen,"E_pfrac_relevant,kinterior_degen","(2, 11)",2,0.09732859274883054
pend_grdf_trig_max + sum_Z4,"pend_grdf_trig_max,sum_Z4","(43, 122)",2,0.09571832607666478
pmid_grdf_gauss_std + pmid_grdf_trig_max,"pmid_grdf_gauss_std,pmid_grdf_trig_max","(84, 85)",2,0.0955489817448538
E_pfrac_relevant + kpath_angle_deg,"E_pfrac_relevant,kpath_angle_deg","(2, 14)",2,0.09536462592208753
E_pfrac_relevant + pmid_afs_gauss_std,"E_pfrac_relevant,pmid_afs_gauss_std","(2, 75)",2,0.09525927492706646
pend_grdf_trig_max + pline_grdf_gauss_mean,"pend_grdf_trig_max,pline_grdf_gauss_mean","(43, 58)",2,0.09476091928004342
kmid_frac_y + pend_grdf_trig_max,"kmid_frac_y,pend_grdf_trig_max","(13, 43)",2,0.09453762925488637
pend_plane_mean_mass + pmid_grdf_trig_max,"pend_plane_mean_mass,pmid_grdf_trig_max","(51, 85)",2,0.09446499072888637
pend_grdf_trig_max + pline_n_atoms_on_plane,"pend_grdf_trig_max,pline_n_atoms_on_plane","(43, 63)",2,0.0941978678092178
pend_grdf_gauss_max + pend_grdf_trig_max,"pend_grdf_gauss_max,pend_grdf_trig_max","(40, 43)",2,0.09414542084215886
pend_plane_heavy_frac + pstart_grdf_trig_max,"pend_plane_heavy_frac,pstart_grdf_trig_max","(47, 110)",2,0.09348240597750519
pend_grdf_trig_max + pline_grdf_bessel_mean,"pend_grdf_trig_max,pline_grdf_bessel_mean","(43, 55)",2,0.09299912531317153
E_pfrac_relevant + pmid_grdf_trig_mean,"E_pfrac_relevant,pmid_grdf_trig_mean","(2, 86)",2,0.09283278665209191
E_pfrac_relevant + pend_grdf_gauss_std,"E_pfrac_relevant,pend_grdf_gauss_std","(2, 42)",2,0.09277662981075589
kvec_z + pend_grdf_trig_max,"kvec_z,pend_grdf_trig_max","(22, 43)",2,0.09272291602726224
pend_grdf_trig_max + pmid_afs_trig_mean,"pend_grdf_trig_max,pmid_afs_trig_mean","(43, 77)",2,0.09222808871946855
E_pfrac_VBM + pend_grdf_trig_max,"E_pfrac_VBM,pend_grdf_trig_max","(1, 43)",2,0.09125042228999942
pend_grdf_bessel_max + pmid_grdf_trig_max,"pend_grdf_bessel_max,pmid_grdf_trig_max","(37, 85)",2,0.09112223670552484
pend_grdf_trig_max + plane_angle_deg,"pend_grdf_trig_max,plane_angle_deg","(43, 53)",2,0.09073556612599665
pmid_grdf_trig_max + sum_Z4,"pmid_grdf_trig_max,sum_Z4","(85, 122)",2,0.08993976671199885
pend_grdf_trig_mean + pend_plane_heavy_frac,"pend_grdf_trig_mean,pend_plane_heavy_frac","(44, 47)",2,0.08990500603398857
E_pfrac_relevant + pstart_grdf_trig_max,"E_pfrac_relevant,pstart_grdf_trig_max","(2, 110)",2,0.08980844965539436
E_pfrac_relevant + pmid_afs_trig_std,"E_pfrac_relevant,pmid_afs_trig_std","(2, 78)",2,0.08957490552041203
pmid_afs_trig_mean + pmid_grdf_trig_max,"pmid_afs_trig_mean,pmid_grdf_trig_max","(77, 85)",2,0.08909207918740822
E_pfrac_relevant + pmid_afs_bessel_mean,"E_pfrac_relevant,pmid_afs_bessel_mean","(2, 71)",2,0.08769780678336987
kpath_angle_deg + pmid_grdf_trig_mean,"kpath_angle_deg,pmid_grdf_trig_mean","(14, 86)",2,0.08765130491771525
E_pfrac_relevant + pend_plane_heavy_frac,"E_pfrac_relevant,pend_plane_heavy_frac","(2, 47)",2,0.08700608213477701
E_pfrac_CBM + pstart_grdf_trig_max,"E_pfrac_CBM,pstart_grdf_trig_max","(0, 110)",2,0.08661694990232786
pend_grdf_trig_max + pmid_grdf_gauss_std,"pend_grdf_trig_max,pmid_grdf_gauss_std","(43, 84)",2,0.08564459254136976
pmid_grdf_bessel_max + pmid_grdf_trig_max,"pmid_grdf_bessel_max,pmid_grdf_trig_max","(79, 85)",2,0.08525290159065653
pend_grdf_trig_max + pmid_grdf_trig_std,"pend_grdf_trig_max,pmid_grdf_trig_std","(43, 87)",2,0.08503075389307861
kstart_frac_x + pend_grdf_trig_max,"kstart_frac_x,pend_grdf_trig_max","(17, 43)",2,0.08475098411200899
E_pfrac_VBM + pmid_afs_bessel_mean,"E_pfrac_VBM,pmid_afs_bessel_mean","(1, 71)",2,0.08459392707137478
pend_grdf_gauss_std + pend_grdf_trig_mean,"pend_grdf_gauss_std,pend_grdf_trig_mean","(42, 44)",2,0.08458831787331793
kstart_frac_y + pend_grdf_trig_max,"kstart_frac_y,pend_grdf_trig_max","(18, 43)",2,0.08437917237939403
E_pfrac_relevant + pstart_grdf_gauss_mean,"E_pfrac_relevant,pstart_grdf_gauss_mean","(2, 108)",2,0.08404909458560308
kend_frac_y + pend_grdf_trig_max,"kend_frac_y,pend_grdf_trig_max","(10, 43)",2,0.08327036234439081
pend_grdf_trig_mean + pmid_grdf_gauss_mean,"pend_grdf_trig_mean,pmid_grdf_gauss_mean","(44, 83)",2,0.08309155452090008
E_pfrac_relevant + pend_afs_gauss_std,"E_pfrac_relevant,pend_afs_gauss_std","(2, 33)",2,0.08298933379612347
pmid_grdf_trig_max + pmid_grdf_trig_mean,"pmid_grdf_trig_max,pmid_grdf_trig_mean","(85, 86)",2,0.08255596446960911
kpath_angle_deg + pend_grdf_trig_mean,"kpath_angle_deg,pend_grdf_trig_mean","(14, 44)",2,0.08225554699531619
pend_grdf_trig_mean + pstart_grdf_trig_std,"pend_grdf_trig_mean,pstart_grdf_trig_std","(44, 112)",2,0.0811699892642975
pend_grdf_trig_mean + pstart_afs_gauss_mean,"pend_grdf_trig_mean,pstart_afs_gauss_mean","(44, 99)",2,0.08002381348406876
kpath_angle_deg + pend_grdf_trig_max,"kpath_angle_deg,pend_grdf_trig_max","(14, 43)",2,0.07892060927736025
pend_grdf_gauss_max + pmid_afs_bessel_mean,"pend_grdf_gauss_max,pmid_afs_bessel_mean","(40, 71)",2,0.07746367441979896
pmid_afs_gauss_std + pmid_grdf_gauss_max,"pmid_afs_gauss_std,pmid_grdf_gauss_max","(75, 82)",2,0.07704675933902372
E_pfrac_relevant + pmid_plane_heavy_frac,"E_pfrac_relevant,pmid_plane_heavy_frac","(2, 89)",2,0.07641656728434454
E_pfrac_VBM + pend_grdf_gauss_std,"E_pfrac_VBM,pend_grdf_gauss_std","(1, 42)",2,0.07615333193636464
pend_afs_bessel_mean + pmid_grdf_gauss_max,"pend_afs_bessel_mean,pmid_grdf_gauss_max","(29, 82)",2,0.07452857459292277
pend_afs_bessel_mean + pend_grdf_gauss_max,"pend_afs_bessel_mean,pend_grdf_gauss_max","(29, 40)",2,0.07431149609279619
pend_grdf_gauss_std + pend_grdf_trig_max,"pend_grdf_gauss_std,pend_grdf_trig_max","(42, 43)",2,0.07325783414889502
band_binary + pend_afs_gauss_mean,"band_binary,pend_afs_gauss_mean","(5, 32)",2,0.07316574582770623
pend_grdf_trig_max + pline_grdf_bessel_max,"pend_grdf_trig_max,pline_grdf_bessel_max","(43, 54)",2,0.07213665423627239
band_binary + pmid_grdf_gauss_std,"band_binary,pmid_grdf_gauss_std","(5, 84)",2,0.07169981880584202
E_pfrac_relevant + pstart_afs_gauss_std,"E_pfrac_relevant,pstart_afs_gauss_std","(2, 100)",2,0.07137675934713143
E_pfrac_VBM + pmid_grdf_gauss_std,"E_pfrac_VBM,pmid_grdf_gauss_std","(1, 84)",2,0.07061882173616282
pend_grdf_trig_max + pmid_afs_bessel_mean,"pend_grdf_trig_max,pmid_afs_bessel_mean","(43, 71)",2,0.07057062528190146
pend_grdf_bessel_max + pend_grdf_trig_max,"pend_grdf_bessel_max,pend_grdf_trig_max","(37, 43)",2,0.07048885735065298
X_diff + pend_grdf_trig_max,"X_diff,pend_grdf_trig_max","(3, 43)",2,0.07016075567237315
kmid_frac_x + pmid_grdf_trig_mean,"kmid_frac_x,pmid_grdf_trig_mean","(12, 86)",2,0.07006961458396099
pend_grdf_trig_max + pmid_grdf_trig_max,"pend_grdf_trig_max,pmid_grdf_trig_max","(43, 85)",2,0.06999948067788375
E_pfrac_relevant + kmid_frac_y,"E_pfrac_relevant,kmid_frac_y","(2, 13)",2,0.06951574489294146
pend_afs_gauss_std + pstart_grdf_trig_mean,"pend_afs_gauss_std,pstart_grdf_trig_mean","(33, 111)",2,0.06931764163972239
kstart_degen + pend_grdf_trig_max,"kstart_degen,pend_grdf_trig_max","(16, 43)",2,0.06865835048314495
E_pfrac_relevant + pmid_afs_trig_mean,"E_pfrac_relevant,pmid_afs_trig_mean","(2, 77)",2,0.0681762779446213
pend_grdf_trig_mean + pstart_grdf_gauss_mean,"pend_grdf_trig_mean,pstart_grdf_gauss_mean","(44, 108)",2,0.06802480726236604
pend_afs_gauss_std + pmid_grdf_gauss_max,"pend_afs_gauss_std,pmid_grdf_gauss_max","(33, 82)",2,0.06780850493610979
band_binary + pmid_afs_gauss_mean,"band_binary,pmid_afs_gauss_mean","(5, 74)",2,0.0675853006500865
pend_afs_gauss_std + pstart_grdf_trig_max,"pend_afs_gauss_std,pstart_grdf_trig_max","(33, 110)",2,0.06725971288628667
E_pfrac_relevant + kend_frac_y,"E_pfrac_relevant,kend_frac_y","(2, 10)",2,0.06711140817698427
kpath_angle_deg + pstart_grdf_trig_max,"kpath_angle_deg,pstart_grdf_trig_max","(14, 110)",2,0.06700760644731918
n_elements + pend_grdf_trig_max,"n_elements,pend_grdf_trig_max","(27, 43)",2,0.06631918051252621
E_pfrac_relevant + pend_afs_bessel_mean,"E_pfrac_relevant,pend_afs_bessel_mean","(2, 29)",2,0.06599308970560443
mean_Z + pmid_grdf_trig_max,"mean_Z,pmid_grdf_trig_max","(26, 85)",2,0.06579181538727456
pend_plane_heavy_frac + pstart_afs_bessel_mean,"pend_plane_heavy_frac,pstart_afs_bessel_mean","(47, 96)",2,0.06548752107086993
pmid_afs_gauss_std + pmid_grdf_trig_mean,"pmid_afs_gauss_std,pmid_grdf_trig_mean","(75, 86)",2,0.06533293856399817
E_pfrac_relevant + pend_grdf_bessel_std,"E_pfrac_relevant,pend_grdf_bessel_std","(2, 39)",2,0.06525828914620262
kpath_real_distance + pmid_grdf_trig_max,"kpath_real_distance,pmid_grdf_trig_max","(15, 85)",2,0.06444383453865732
pend_grdf_gauss_std + pmid_grdf_trig_max,"pend_grdf_gauss_std,pmid_grdf_trig_max","(42, 85)",2,0.06256566341989722
kmid_frac_x + pend_grdf_trig_mean,"kmid_frac_x,pend_grdf_trig_mean","(12, 44)",2,0.06241483688049811
pend_grdf_gauss_max + pmid_afs_gauss_std,"pend_grdf_gauss_max,pmid_afs_gauss_std","(40, 75)",2,0.062379195888738526
pmid_grdf_gauss_max + pstart_afs_gauss_std,"pmid_grdf_gauss_max,pstart_afs_gauss_std","(82, 100)",2,0.06192812228720259
ktotal_weight + pend_grdf_trig_mean,"ktotal_weight,pend_grdf_trig_mean","(19, 44)",2,0.061341769842852535
kvec_x + pend_grdf_trig_max,"kvec_x,pend_grdf_trig_max","(20, 43)",2,0.060904948377669244
pmid_grdf_trig_max + pstart_grdf_trig_std,"pmid_grdf_trig_max,pstart_grdf_trig_std","(85, 112)",2,0.060552856333094665
pmid_grdf_gauss_max + pstart_afs_bessel_mean,"pmid_grdf_gauss_max,pstart_afs_bessel_mean","(82, 96)",2,0.060240508431693776
pend_afs_bessel_mean + pend_grdf_trig_max,"pend_afs_bessel_mean,pend_grdf_trig_max","(29, 43)",2,0.05963190077909737
E_pfrac_VBM + pmid_grdf_gauss_max,"E_pfrac_VBM,pmid_grdf_gauss_max","(1, 82)",2,0.05959079960850753
E_pfrac_VBM + pstart_grdf_gauss_mean,"E_pfrac_VBM,pstart_grdf_gauss_mean","(1, 108)",2,0.05944650183543567
pend_grdf_trig_max + pend_grdf_trig_std,"pend_grdf_trig_max,pend_grdf_trig_std","(43, 45)",2,0.05915598090197174
kinterior_degen + pend_grdf_trig_mean,"kinterior_degen,pend_grdf_trig_mean","(11, 44)",2,0.059044360578155076
pmid_grdf_trig_mean + pmid_grdf_trig_std,"pmid_grdf_trig_mean,pmid_grdf_trig_std","(86, 87)",2,0.05861157843016869
E_pfrac_relevant + pmid_grdf_trig_std,"E_pfrac_relevant,pmid_grdf_trig_std","(2, 87)",2,0.057507013668426366
X_mean + pmid_grdf_trig_max,"X_mean,pmid_grdf_trig_max","(4, 85)",2,0.05722564993644785
pend_grdf_trig_max + pmid_grdf_gauss_mean,"pend_grdf_trig_max,pmid_grdf_gauss_mean","(43, 83)",2,0.0572055718477434
pend_afs_trig_std + pmid_grdf_trig_max,"pend_afs_trig_std,pmid_grdf_trig_max","(36, 85)",2,0.056720116388689165
pmid_grdf_trig_max + pstart_plane_mean_Z,"pmid_grdf_trig_max,pstart_plane_mean_Z","(85, 117)",2,0.055774188784049605
pend_afs_gauss_max + pmid_grdf_trig_max,"pend_afs_gauss_max,pmid_grdf_trig_max","(31, 85)",2,0.0557568901174228
pmid_grdf_trig_mean + pstart_grdf_gauss_max,"pmid_grdf_trig_mean,pstart_grdf_gauss_max","(86, 107)",2,0.05502074141119353
pstart_grdf_trig_max + pstart_plane_heavy_frac,"pstart_grdf_trig_max,pstart_plane_heavy_frac","(110, 114)",2,0.05489234407082015
pend_grdf_trig_mean + pmid_plane_heavy_frac,"pend_grdf_trig_mean,pmid_plane_heavy_frac","(44, 89)",2,0.054818882479146194
pmid_afs_gauss_max + pmid_grdf_trig_max,"pmid_afs_gauss_max,pmid_grdf_trig_max","(73, 85)",2,0.054627681608503065
pline_plane_mean_Z + pmid_grdf_trig_mean,"pline_plane_mean_Z,pmid_grdf_trig_mean","(67, 86)",2,0.054478684865480444
pend_grdf_trig_max + pstart_grdf_gauss_mean,"pend_grdf_trig_max,pstart_grdf_gauss_mean","(43, 108)",2,0.05393070138435543
pline_plane_mean_mass + pmid_grdf_trig_mean,"pline_plane_mean_mass,pmid_grdf_trig_mean","(68, 86)",2,0.053580785208001934
kvec_x + pend_grdf_trig_mean,"kvec_x,pend_grdf_trig_mean","(20, 44)",2,0.053488452755976176
pmid_grdf_trig_max + pmid_plane_mean_mass,"pmid_grdf_trig_max,pmid_plane_mean_mass","(85, 93)",2,0.05317444630358017
E_pfrac_relevant + pline_grdf_gauss_max,"E_pfrac_relevant,pline_grdf_gauss_max","(2, 57)",2,0.05317176283724454
pend_grdf_gauss_max + pstart_afs_gauss_std,"pend_grdf_gauss_max,pstart_afs_gauss_std","(40, 100)",2,0.052810600263288834
pend_grdf_trig_mean + pstart_plane_heavy_frac,"pend_grdf_trig_mean,pstart_plane_heavy_frac","(44, 114)",2,0.052750541450598945
E_pfrac_relevant + pmid_afs_gauss_max,"E_pfrac_relevant,pmid_afs_gauss_max","(2, 73)",2,0.052738955682717956
pend_grdf_trig_max + pstart_grdf_gauss_std,"pend_grdf_trig_max,pstart_grdf_gauss_std","(43, 109)",2,0.052225648047945626
E_pfrac_CBM + pend_grdf_trig_mean,"E_pfrac_CBM,pend_grdf_trig_mean","(0, 44)",2,0.051507017093067396
pmid_n_atoms_on_plane + pstart_grdf_trig_mean,"pmid_n_atoms_on_plane,pstart_grdf_trig_mean","(88, 111)",2,0.05133015333383104
band_binary + pend_grdf_gauss_std,"band_binary,pend_grdf_gauss_std","(5, 42)",2,0.05123912485789359
E_pfrac_relevant + sum_Z4,"E_pfrac_relevant,sum_Z4","(2, 122)",2,0.050581080820490266
pend_grdf_trig_mean + pline_plane_max_Z,"pend_grdf_trig_mean,pline_plane_max_Z","(44, 65)",2,0.05056039105198318
kend_degen + pend_grdf_trig_mean,"kend_degen,pend_grdf_trig_mean","(8, 44)",2,0.0501394886840882
pend_grdf_bessel_std + pend_grdf_trig_max,"pend_grdf_bessel_std,pend_grdf_trig_max","(39, 43)",2,0.05003511861833863
pend_afs_bessel_mean + pmid_grdf_trig_max,"pend_afs_bessel_mean,pmid_grdf_trig_max","(29, 85)",2,0.04986316232299022
pend_grdf_bessel_std + pend_grdf_trig_mean,"pend_grdf_bessel_std,pend_grdf_trig_mean","(39, 44)",2,0.049480885585374466
kend_frac_x + pend_grdf_trig_mean,"kend_frac_x,pend_grdf_trig_mean","(9, 44)",2,0.04920176344541438
pmid_grdf_trig_max + pstart_grdf_bessel_max,"pmid_grdf_trig_max,pstart_grdf_bessel_max","(85, 104)",2,0.049193271129515034
pend_n_atoms_on_plane + pstart_grdf_trig_mean,"pend_n_atoms_on_plane,pstart_grdf_trig_mean","(46, 111)",2,0.049012169173245024
pend_grdf_trig_mean + pstart_plane_max_mass,"pend_grdf_trig_mean,pstart_plane_max_mass","(44, 116)",2,0.04895578887671113
pend_grdf_trig_mean + pend_plane_max_mass,"pend_grdf_trig_mean,pend_plane_max_mass","(44, 49)",2,0.04895578887671113
pend_grdf_trig_mean + pmid_plane_max_mass,"pend_grdf_trig_mean,pmid_plane_max_mass","(44, 91)",2,0.04895578887671113
pend_grdf_trig_mean + pmid_afs_trig_mean,"pend_grdf_trig_mean,pmid_afs_trig_mean","(44, 77)",2,0.0488975746221874
E_pfrac_relevant + pstart_afs_gauss_mean,"E_pfrac_relevant,pstart_afs_gauss_mean","(2, 99)",2,0.048804661874795444
pend_grdf_trig_mean + pline_plane_max_mass,"pend_grdf_trig_mean,pline_plane_max_mass","(44, 66)",2,0.04850169813658398
pstart_afs_bessel_mean + pstart_grdf_trig_mean,"pstart_afs_bessel_mean,pstart_grdf_trig_mean","(96, 111)",2,0.04847499383647398
pend_grdf_trig_mean + pend_grdf_trig_std,"pend_grdf_trig_mean,pend_grdf_trig_std","(44, 45)",2,0.04830999812812564
E_pfrac_relevant + pstart_grdf_trig_std,"E_pfrac_relevant,pstart_grdf_trig_std","(2, 112)",2,0.047864531796990906
pend_grdf_trig_mean + pmid_afs_bessel_mean,"pend_grdf_trig_mean,pmid_afs_bessel_mean","(44, 71)",2,0.04781898020370316
pend_grdf_trig_max + pmid_grdf_trig_mean,"pend_grdf_trig_max,pmid_grdf_trig_mean","(43, 86)",2,0.0476041314287331
pend_plane_mean_Z + pmid_grdf_trig_max,"pend_plane_mean_Z,pmid_grdf_trig_max","(50, 85)",2,0.04758077015632911
kpath_angle_deg + pstart_grdf_trig_mean,"kpath_angle_deg,pstart_grdf_trig_mean","(14, 111)",2,0.047473940988979904
pend_grdf_trig_mean + pline_plane_mean_mass,"pend_grdf_trig_mean,pline_plane_mean_mass","(44, 68)",2,0.04637084541448007
E_pfrac_relevant + pmid_plane_max_mass,"E_pfrac_relevant,pmid_plane_max_mass","(2, 91)",2,0.04592930274292426
E_pfrac_relevant + pend_plane_max_mass,"E_pfrac_relevant,pend_plane_max_mass","(2, 49)",2,0.04592930274292426
E_pfrac_relevant + pstart_plane_max_mass,"E_pfrac_relevant,pstart_plane_max_mass","(2, 116)",2,0.04592930274292426
E_pfrac_relevant + max_mass,"E_pfrac_relevant,max_mass","(2, 25)",2,0.04592930274292426
pend_grdf_trig_std + pmid_afs_bessel_mean,"pend_grdf_trig_std,pmid_afs_bessel_mean","(45, 71)",2,0.045755612672745485
pend_grdf_trig_mean + pline_plane_mean_Z,"pend_grdf_trig_mean,pline_plane_mean_Z","(44, 67)",2,0.04570627164317422
E_pfrac_VBM + pmid_grdf_trig_mean,"E_pfrac_VBM,pmid_grdf_trig_mean","(1, 86)",2,0.04519150410047372
E_pfrac_relevant + pline_grdf_bessel_std,"E_pfrac_relevant,pline_grdf_bessel_std","(2, 56)",2,0.04509510344851479
band_binary + kpath_angle_deg,"band_binary,kpath_angle_deg","(5, 14)",2,0.044776207561730175
X_mean + pend_grdf_trig_mean,"X_mean,pend_grdf_trig_mean","(4, 44)",2,0.04458329661088354
pstart_afs_bessel_mean + pstart_grdf_gauss_max,"pstart_afs_bessel_mean,pstart_grdf_gauss_max","(96, 107)",2,0.04434307249295111
E_pfrac_CBM + pmid_grdf_trig_mean,"E_pfrac_CBM,pmid_grdf_trig_mean","(0, 86)",2,0.0442990662082853
pend_grdf_trig_max + pstart_afs_gauss_mean,"pend_grdf_trig_max,pstart_afs_gauss_mean","(43, 99)",2,0.043993794493513705
pend_grdf_trig_mean + sum_Z4,"pend_grdf_trig_mean,sum_Z4","(44, 122)",2,0.043893810345684445
pend_grdf_trig_max + pstart_grdf_trig_std,"pend_grdf_trig_max,pstart_grdf_trig_std","(43, 112)",2,0.04383090822768114
pmid_plane_heavy_frac + pstart_afs_bessel_mean,"pmid_plane_heavy_frac,pstart_afs_bessel_mean","(89, 96)",2,0.043704556860916746
kend_frac_y + pend_grdf_trig_mean,"kend_frac_y,pend_grdf_trig_mean","(10, 44)",2,0.04368789433379816
E_pfrac_relevant + pmid_plane_max_Z,"E_pfrac_relevant,pmid_plane_max_Z","(2, 90)",2,0.043668308121680675
E_pfrac_relevant + pend_plane_max_Z,"E_pfrac_relevant,pend_plane_max_Z","(2, 48)",2,0.043668308121680675
E_pfrac_relevant + max_Z4,"E_pfrac_relevant,max_Z4","(2, 24)",2,0.043668308121680675
E_pfrac_relevant + max_Z,"E_pfrac_relevant,max_Z","(2, 23)",2,0.043668308121680675
E_pfrac_relevant + pstart_plane_max_Z,"E_pfrac_relevant,pstart_plane_max_Z","(2, 115)",2,0.043668308121680675
pend_afs_gauss_std + pend_grdf_gauss_max,"pend_afs_gauss_std,pend_grdf_gauss_max","(33, 40)",2,0.04326754489817477
pmid_grdf_trig_max + pstart_afs_gauss_mean,"pmid_grdf_trig_max,pstart_afs_gauss_mean","(85, 99)",2,0.042910179824714054
E_pfrac_relevant + pstart_afs_bessel_mean,"E_pfrac_relevant,pstart_afs_bessel_mean","(2, 96)",2,0.042782138099884424
pend_n_atoms_on_plane + pstart_grdf_trig_max,"pend_n_atoms_on_plane,pstart_grdf_trig_max","(46, 110)",2,0.04194198871252863
E_pfrac_relevant + pline_grdf_trig_std,"E_pfrac_relevant,pline_grdf_trig_std","(2, 62)",2,0.041782473234171794
pend_grdf_trig_mean + pline_grdf_bessel_std,"pend_grdf_trig_mean,pline_grdf_bessel_std","(44, 56)",2,0.04160002463557213
pend_grdf_trig_max + pend_grdf_trig_mean,"pend_grdf_trig_max,pend_grdf_trig_mean","(43, 44)",2,0.04158602212643201
pend_afs_bessel_mean + pend_grdf_trig_mean,"pend_afs_bessel_mean,pend_grdf_trig_mean","(29, 44)",2,0.04156360677155084
pmid_grdf_bessel_std + pmid_grdf_trig_mean,"pmid_grdf_bessel_std,pmid_grdf_trig_mean","(81, 86)",2,0.041434821859397154
pmid_grdf_gauss_mean + pmid_grdf_trig_mean,"pmid_grdf_gauss_mean,pmid_grdf_trig_mean","(83, 86)",2,0.040897712056645094
pmid_grdf_trig_max + radius_diff,"pmid_grdf_trig_max,radius_diff","(85, 120)",2,0.04040508894398831
kvec_x + pmid_grdf_trig_mean,"kvec_x,pmid_grdf_trig_mean","(20, 86)",2,0.04031293069854869
pline_plane_sum_Z4 + pmid_grdf_trig_mean,"pline_plane_sum_Z4,pmid_grdf_trig_mean","(69, 86)",2,0.04011787973444188
pend_grdf_trig_max + pstart_grdf_bessel_std,"pend_grdf_trig_max,pstart_grdf_bessel_std","(43, 106)",2,0.04006031754212556
E_pfrac_VBM + pend_grdf_gauss_max,"E_pfrac_VBM,pend_grdf_gauss_max","(1, 40)",2,0.039970168069601054
pend_afs_trig_max + pend_grdf_trig_mean,"pend_afs_trig_max,pend_grdf_trig_mean","(34, 44)",2,0.039646967105557665
pend_grdf_trig_mean + pline_grdf_trig_std,"pend_grdf_trig_mean,pline_grdf_trig_std","(44, 62)",2,0.039522855084971865
pmid_afs_bessel_mean + pstart_grdf_gauss_max,"pmid_afs_bessel_mean,pstart_grdf_gauss_max","(71, 107)",2,0.03946264132040735
E_pfrac_relevant + pend_n_atoms_on_plane,"E_pfrac_relevant,pend_n_atoms_on_plane","(2, 46)",2,0.03932276233369392
pend_plane_heavy_frac + pmid_afs_bessel_mean,"pend_plane_heavy_frac,pmid_afs_bessel_mean","(47, 71)",2,0.03922198840329159
pmid_afs_gauss_mean + pstart_grdf_trig_max,"pmid_afs_gauss_mean,pstart_grdf_trig_max","(74, 110)",2,0.039012434635316076
pend_grdf_trig_mean + pend_n_atoms_on_plane,"pend_grdf_trig_mean,pend_n_atoms_on_plane","(44, 46)",2,0.0388632115657739
pend_afs_trig_max + pmid_grdf_trig_max,"pend_afs_trig_max,pmid_grdf_trig_max","(34, 85)",2,0.03860963424511408
E_pfrac_relevant + pline_grdf_trig_mean,"E_pfrac_relevant,pline_grdf_trig_mean","(2, 61)",2,0.03805446989154606
E_pfrac_VBM + pstart_grdf_gauss_max,"E_pfrac_VBM,pstart_grdf_gauss_max","(1, 107)",2,0.03764162495950536
pline_plane_heavy_frac + pmid_grdf_trig_mean,"pline_plane_heavy_frac,pmid_grdf_trig_mean","(64, 86)",2,0.03748273598492864
pend_grdf_trig_max + pmid_afs_trig_max,"pend_grdf_trig_max,pmid_afs_trig_max","(43, 76)",2,0.037096340210198475
pend_grdf_trig_mean + pstart_afs_trig_max,"pend_grdf_trig_mean,pstart_afs_trig_max","(44, 101)",2,0.036877333921268574
pend_grdf_bessel_std + pmid_grdf_trig_mean,"pend_grdf_bessel_std,pmid_grdf_trig_mean","(39, 86)",2,0.03656366126161026
pmid_grdf_trig_mean + pstart_grdf_trig_std,"pmid_grdf_trig_mean,pstart_grdf_trig_std","(86, 112)",2,0.03620348010022674
pmid_grdf_trig_mean + pstart_grdf_gauss_mean,"pmid_grdf_trig_mean,pstart_grdf_gauss_mean","(86, 108)",2,0.03619917090335043
pmid_grdf_trig_mean + pstart_plane_max_mass,"pmid_grdf_trig_mean,pstart_plane_max_mass","(86, 116)",2,0.036026773955263124
pmid_grdf_trig_mean + pmid_plane_max_mass,"pmid_grdf_trig_mean,pmid_plane_max_mass","(86, 91)",2,0.036026773955263124
pline_grdf_bessel_std + pmid_grdf_trig_mean,"pline_grdf_bessel_std,pmid_grdf_trig_mean","(56, 86)",2,0.0358434029868254
E_pfrac_relevant + kpath_real_distance,"E_pfrac_relevant,kpath_real_distance","(2, 15)",2,0.03546627088494203
mean_Z + pend_grdf_trig_max,"mean_Z,pend_grdf_trig_max","(26, 43)",2,0.03535072795504775
E_pfrac_relevant + pline_grdf_gauss_std,"E_pfrac_relevant,pline_grdf_gauss_std","(2, 59)",2,0.035213524134960816
pend_grdf_trig_max + pmid_afs_bessel_std,"pend_grdf_trig_max,pmid_afs_bessel_std","(43, 72)",2,0.03493112413371853
pend_grdf_trig_mean + pline_grdf_gauss_std,"pend_grdf_trig_mean,pline_grdf_gauss_std","(44, 59)",2,0.034867917713071
kinterior_degen + pmid_grdf_trig_mean,"kinterior_degen,pmid_grdf_trig_mean","(11, 86)",2,0.034382745274365446
pend_grdf_trig_mean + pline_plane_heavy_frac,"pend_grdf_trig_mean,pline_plane_heavy_frac","(44, 64)",2,0.03420638812643002
pmid_afs_gauss_mean + pmid_grdf_gauss_max,"pmid_afs_gauss_mean,pmid_grdf_gauss_max","(74, 82)",2,0.034064030000377186
pmid_afs_gauss_std + pstart_grdf_trig_mean,"pmid_afs_gauss_std,pstart_grdf_trig_mean","(75, 111)",2,0.033948537083240214
pmid_afs_bessel_mean + pmid_grdf_trig_max,"pmid_afs_bessel_mean,pmid_grdf_trig_max","(71, 85)",2,0.03352504299223269
pend_n_atoms_on_plane + pmid_grdf_trig_mean,"pend_n_atoms_on_plane,pmid_grdf_trig_mean","(46, 86)",2,0.033082621050645876
pmid_afs_trig_mean + pstart_grdf_trig_max,"pmid_afs_trig_mean,pstart_grdf_trig_max","(77, 110)",2,0.032756136818378766
pmid_afs_trig_std + pmid_grdf_trig_max,"pmid_afs_trig_std,pmid_grdf_trig_max","(78, 85)",2,0.032659291749092434
X_mean + pend_grdf_trig_max,"X_mean,pend_grdf_trig_max","(4, 43)",2,0.03259563799075975
pend_afs_trig_std + pend_grdf_trig_max,"pend_afs_trig_std,pend_grdf_trig_max","(36, 43)",2,0.03250919964705521
pend_grdf_trig_std + pmid_grdf_trig_mean,"pend_grdf_trig_std,pmid_grdf_trig_mean","(45, 86)",2,0.03247934310524769
pmid_grdf_trig_mean + pstart_plane_max_Z,"pmid_grdf_trig_mean,pstart_plane_max_Z","(86, 115)",2,0.03247325079287611
pmid_grdf_trig_mean + pmid_plane_max_Z,"pmid_grdf_trig_mean,pmid_plane_max_Z","(86, 90)",2,0.03247325079287611
pline_plane_max_mass + pmid_grdf_trig_mean,"pline_plane_max_mass,pmid_grdf_trig_mean","(66, 86)",2,0.03247122725671867
pend_grdf_trig_mean + pmid_afs_trig_max,"pend_grdf_trig_mean,pmid_afs_trig_max","(44, 76)",2,0.032423401318399006
pend_afs_gauss_std + pend_afs_trig_std,"pend_afs_gauss_std,pend_afs_trig_std","(33, 36)",2,0.032215959298862694
E_pfrac_relevant + pline_grdf_trig_max,"E_pfrac_relevant,pline_grdf_trig_max","(2, 60)",2,0.0317521360319013
pend_grdf_gauss_max + pend_grdf_trig_mean,"pend_grdf_gauss_max,pend_grdf_trig_mean","(40, 44)",2,0.03164128972755966
ktotal_weight + pstart_grdf_trig_max,"ktotal_weight,pstart_grdf_trig_max","(19, 110)",2,0.031157892101231988
max_mass + pend_grdf_trig_mean,"max_mass,pend_grdf_trig_mean","(25, 44)",2,0.03105169014639029
pend_grdf_trig_max + pstart_afs_gauss_max,"pend_grdf_trig_max,pstart_afs_gauss_max","(43, 98)",2,0.0310373005111801
pend_grdf_trig_max + pmid_grdf_bessel_max,"pend_grdf_trig_max,pmid_grdf_bessel_max","(43, 79)",2,0.03045396367831974
E_pfrac_relevant + pstart_afs_trig_max,"E_pfrac_relevant,pstart_afs_trig_max","(2, 101)",2,0.030435212360557618
pend_afs_gauss_std + pmid_grdf_gauss_std,"pend_afs_gauss_std,pmid_grdf_gauss_std","(33, 84)",2,0.030298908364545896
kpath_real_distance + pmid_grdf_trig_mean,"kpath_real_distance,pmid_grdf_trig_mean","(15, 86)",2,0.03012251470974896
pmid_grdf_trig_max + pstart_plane_mean_mass,"pmid_grdf_trig_max,pstart_plane_mean_mass","(85, 118)",2,0.03006606362845443
E_pfrac_relevant + pend_afs_gauss_max,"E_pfrac_relevant,pend_afs_gauss_max","(2, 31)",2,0.029999816984615423
pmid_afs_gauss_mean + pstart_grdf_trig_mean,"pmid_afs_gauss_mean,pstart_grdf_trig_mean","(74, 111)",2,0.029890069922365314
band_binary + pmid_grdf_bessel_std,"band_binary,pmid_grdf_bessel_std","(5, 81)",2,0.029837478148820894
E_pfrac_VBM + pmid_grdf_bessel_std,"E_pfrac_VBM,pmid_grdf_bessel_std","(1, 81)",2,0.029822774575129118
kend_frac_y + pstart_grdf_trig_max,"kend_frac_y,pstart_grdf_trig_max","(10, 110)",2,0.029709275555806113
pstart_afs_gauss_std + pstart_grdf_trig_mean,"pstart_afs_gauss_std,pstart_grdf_trig_mean","(100, 111)",2,0.029636283649609307
X_diff + pend_grdf_trig_mean,"X_diff,pend_grdf_trig_mean","(3, 44)",2,0.02951069224105731
pmid_grdf_trig_max + pstart_grdf_gauss_std,"pmid_grdf_trig_max,pstart_grdf_gauss_std","(85, 109)",2,0.029197404108197312
E_pfrac_relevant + pstart_afs_bessel_std,"E_pfrac_relevant,pstart_afs_bessel_std","(2, 97)",2,0.029109954521415404
ktotal_weight + pmid_grdf_trig_mean,"ktotal_weight,pmid_grdf_trig_mean","(19, 86)",2,0.029019492201877894
pend_grdf_trig_mean + pmid_plane_max_Z,"pend_grdf_trig_mean,pmid_plane_max_Z","(44, 90)",2,0.02874178160190677
pend_grdf_trig_mean + pstart_plane_max_Z,"pend_grdf_trig_mean,pstart_plane_max_Z","(44, 115)",2,0.02874178160190677
pend_grdf_trig_mean + pend_plane_max_Z,"pend_grdf_trig_mean,pend_plane_max_Z","(44, 48)",2,0.02874178160190677
pline_plane_max_Z + pmid_grdf_trig_mean,"pline_plane_max_Z,pmid_grdf_trig_mean","(65, 86)",2,0.02842466932916645
pmid_afs_trig_max + pmid_grdf_trig_max,"pmid_afs_trig_max,pmid_grdf_trig_max","(76, 85)",2,0.02817570359083361
pend_plane_max_mass + pmid_grdf_trig_mean,"pend_plane_max_mass,pmid_grdf_trig_mean","(49, 86)",2,0.027916848324491372
max_mass + pmid_grdf_trig_mean,"max_mass,pmid_grdf_trig_mean","(25, 86)",2,0.027916848324491372
pend_afs_gauss_mean + pmid_grdf_trig_mean,"pend_afs_gauss_mean,pmid_grdf_trig_mean","(32, 86)",2,0.027875512658747482
pmid_afs_trig_max + pstart_grdf_trig_mean,"pmid_afs_trig_max,pstart_grdf_trig_mean","(76, 111)",2,0.027649646849915797
pend_grdf_trig_mean + pline_grdf_trig_max,"pend_grdf_trig_mean,pline_grdf_trig_max","(44, 60)",2,0.027430917792496533
pend_grdf_trig_mean + pstart_grdf_gauss_std,"pend_grdf_trig_mean,pstart_grdf_gauss_std","(44, 109)",2,0.02739591822079277
mean_Z + pend_grdf_trig_mean,"mean_Z,pend_grdf_trig_mean","(26, 44)",2,0.027377675502206954
kinterior_degen + pstart_grdf_trig_max,"kinterior_degen,pstart_grdf_trig_max","(11, 110)",2,0.027335149107186464
pmid_grdf_trig_std + pstart_grdf_trig_max,"pmid_grdf_trig_std,pstart_grdf_trig_max","(87, 110)",2,0.02731596662980231
kend_degen + pmid_grdf_trig_mean,"kend_degen,pmid_grdf_trig_mean","(8, 86)",2,0.02668667898617181
pend_grdf_trig_mean + pline_grdf_gauss_max,"pend_grdf_trig_mean,pline_grdf_gauss_max","(44, 57)",2,0.026664082508351884
pline_grdf_trig_std + pmid_grdf_trig_mean,"pline_grdf_trig_std,pmid_grdf_trig_mean","(62, 86)",2,0.026400800285519787
kpath_angle_deg + pend_afs_bessel_mean,"kpath_angle_deg,pend_afs_bessel_mean","(14, 29)",2,0.02639417366531003
pend_afs_bessel_mean + pstart_grdf_gauss_mean,"pend_afs_bessel_mean,pstart_grdf_gauss_mean","(29, 108)",2,0.02614891125700236
pend_afs_trig_mean + pend_grdf_trig_max,"pend_afs_trig_mean,pend_grdf_trig_max","(35, 43)",2,0.026132243127616618
pend_grdf_gauss_max + pstart_afs_bessel_mean,"pend_grdf_gauss_max,pstart_afs_bessel_mean","(40, 96)",2,0.024989166778913496
pmid_afs_gauss_std + pstart_grdf_trig_max,"pmid_afs_gauss_std,pstart_grdf_trig_max","(75, 110)",2,0.024575404412080126
pend_afs_bessel_mean + pstart_grdf_gauss_max,"pend_afs_bessel_mean,pstart_grdf_gauss_max","(29, 107)",2,0.024186961338148683
pend_grdf_trig_mean + pline_plane_sum_Z4,"pend_grdf_trig_mean,pline_plane_sum_Z4","(44, 69)",2,0.02418269713729442
pmid_afs_gauss_mean + pmid_grdf_trig_mean,"pmid_afs_gauss_mean,pmid_grdf_trig_mean","(74, 86)",2,0.02389540535836012
pmid_grdf_trig_mean + pstart_afs_trig_max,"pmid_grdf_trig_mean,pstart_afs_trig_max","(86, 101)",2,0.023880486562216086
E_pfrac_relevant + pmid_n_atoms_on_plane,"E_pfrac_relevant,pmid_n_atoms_on_plane","(2, 88)",2,0.023870001215897683
kend_frac_x + pmid_grdf_trig_mean,"kend_frac_x,pmid_grdf_trig_mean","(9, 86)",2,0.023277551985175095
pend_grdf_trig_max + pstart_afs_bessel_mean,"pend_grdf_trig_max,pstart_afs_bessel_mean","(43, 96)",2,0.02324641742457494
pend_grdf_trig_max + pstart_afs_trig_max,"pend_grdf_trig_max,pstart_afs_trig_max","(43, 101)",2,0.02302570628719931
pend_grdf_trig_mean + pstart_grdf_bessel_max,"pend_grdf_trig_mean,pstart_grdf_bessel_max","(44, 104)",2,0.02289222548067731
pend_grdf_trig_mean + pstart_grdf_bessel_std,"pend_grdf_trig_mean,pstart_grdf_bessel_std","(44, 106)",2,0.022795086216359107
E_pfrac_relevant + pstart_grdf_bessel_std,"E_pfrac_relevant,pstart_grdf_bessel_std","(2, 106)",2,0.021964808269183168
pmid_afs_gauss_std + pstart_grdf_gauss_max,"pmid_afs_gauss_std,pstart_grdf_gauss_max","(75, 107)",2,0.021875707879735383
pline_grdf_gauss_max + pmid_grdf_trig_mean,"pline_grdf_gauss_max,pmid_grdf_trig_mean","(57, 86)",2,0.02164855235144154
pmid_grdf_trig_max + pstart_afs_trig_std,"pmid_grdf_trig_max,pstart_afs_trig_std","(85, 103)",2,0.021407752359870046
E_pfrac_relevant + pend_afs_bessel_std,"E_pfrac_relevant,pend_afs_bessel_std","(2, 30)",2,0.02071369476988707
X_mean + pmid_grdf_trig_mean,"X_mean,pmid_grdf_trig_mean","(4, 86)",2,0.020570877740897275
pend_grdf_gauss_max + pmid_afs_gauss_mean,"pend_grdf_gauss_max,pmid_afs_gauss_mean","(40, 74)",2,0.020434960421357905
pmid_afs_bessel_mean + pmid_grdf_gauss_mean,"pmid_afs_bessel_mean,pmid_grdf_gauss_mean","(71, 83)",2,0.02032584670155111
pend_grdf_gauss_max + pstart_grdf_trig_max,"pend_grdf_gauss_max,pstart_grdf_trig_max","(40, 110)",2,0.020009679938697178
pend_grdf_trig_mean + pmid_afs_bessel_std,"pend_grdf_trig_mean,pmid_afs_bessel_std","(44, 72)",2,0.019770546950156988
kend_frac_y + pmid_grdf_trig_mean,"kend_frac_y,pmid_grdf_trig_mean","(10, 86)",2,0.019473983521812177
E_pfrac_relevant + pline_plane_heavy_frac,"E_pfrac_relevant,pline_plane_heavy_frac","(2, 64)",2,0.019436407457984382
pmid_afs_trig_mean + pmid_grdf_trig_mean,"pmid_afs_trig_mean,pmid_grdf_trig_mean","(77, 86)",2,0.018827554822042236
pmid_grdf_bessel_max + pmid_grdf_trig_mean,"pmid_grdf_bessel_max,pmid_grdf_trig_mean","(79, 86)",2,0.01881316643232591
pend_grdf_trig_max + pstart_afs_trig_std,"pend_grdf_trig_max,pstart_afs_trig_std","(43, 103)",2,0.018533294347743912
pend_afs_bessel_std + pmid_grdf_trig_max,"pend_afs_bessel_std,pmid_grdf_trig_max","(30, 85)",2,0.018402745358715823
pmid_grdf_gauss_std + pstart_grdf_trig_mean,"pmid_grdf_gauss_std,pstart_grdf_trig_mean","(84, 111)",2,0.018330694168214135
kmid_frac_y + pend_grdf_trig_mean,"kmid_frac_y,pend_grdf_trig_mean","(13, 44)",2,0.018126988296965928
pend_grdf_trig_mean + plane_angle_deg,"pend_grdf_trig_mean,plane_angle_deg","(44, 53)",2,0.017812757891138186
pend_grdf_trig_mean + pstart_afs_trig_std,"pend_grdf_trig_mean,pstart_afs_trig_std","(44, 103)",2,0.01747221037855242
pmid_afs_bessel_std + pmid_grdf_trig_max,"pmid_afs_bessel_std,pmid_grdf_trig_max","(72, 85)",2,0.017407595496848317
max_Z + pend_grdf_trig_mean,"max_Z,pend_grdf_trig_mean","(23, 44)",2,0.016904002424961394
max_Z4 + pend_grdf_trig_mean,"max_Z4,pend_grdf_trig_mean","(24, 44)",2,0.016904002424961394
E_pfrac_relevant + pend_grdf_trig_std,"E_pfrac_relevant,pend_grdf_trig_std","(2, 45)",2,0.016890162031973133
E_pfrac_relevant + pmid_afs_bessel_std,"E_pfrac_relevant,pmid_afs_bessel_std","(2, 72)",2,0.01688148497438715
E_pfrac_relevant + pmid_grdf_gauss_max,"E_pfrac_relevant,pmid_grdf_gauss_max","(2, 82)",2,0.016461839207098428
kpath_angle_deg + kvec_z,"kpath_angle_deg,kvec_z","(14, 22)",2,0.01642513423106253
plane_angle_deg + pmid_grdf_trig_mean,"plane_angle_deg,pmid_grdf_trig_mean","(53, 86)",2,0.01623302422425894
kvec_z + pend_grdf_trig_mean,"kvec_z,pend_grdf_trig_mean","(22, 44)",2,0.016202858911021002
E_pfrac_relevant + pline_n_atoms_on_plane,"E_pfrac_relevant,pline_n_atoms_on_plane","(2, 63)",2,0.01616113332548652
kvec_z + pmid_grdf_trig_mean,"kvec_z,pmid_grdf_trig_mean","(22, 86)",2,0.0161156675410431
pend_grdf_trig_mean + pline_grdf_trig_mean,"pend_grdf_trig_mean,pline_grdf_trig_mean","(44, 61)",2,0.016109503845224072
pmid_grdf_trig_mean + pstart_afs_gauss_std,"pmid_grdf_trig_mean,pstart_afs_gauss_std","(86, 100)",2,0.01601072882431056
pmid_grdf_gauss_max + pstart_grdf_trig_max,"pmid_grdf_gauss_max,pstart_grdf_trig_max","(82, 110)",2,0.015508160317098164
pend_grdf_trig_std + pstart_afs_bessel_mean,"pend_grdf_trig_std,pstart_afs_bessel_mean","(45, 96)",2,0.01548732686201224
pline_grdf_gauss_std + pmid_grdf_trig_mean,"pline_grdf_gauss_std,pmid_grdf_trig_mean","(59, 86)",2,0.015337582730502142
pmid_grdf_trig_max + pmid_plane_mean_Z,"pmid_grdf_trig_max,pmid_plane_mean_Z","(85, 92)",2,0.014895579262495273
pend_grdf_trig_std + pstart_grdf_trig_max,"pend_grdf_trig_std,pstart_grdf_trig_max","(45, 110)",2,0.014628297635275267
pend_grdf_trig_max + pmid_afs_trig_std,"pend_grdf_trig_max,pmid_afs_trig_std","(43, 78)",2,0.014414665776349667
pend_grdf_trig_max + pmid_n_atoms_on_plane,"pend_grdf_trig_max,pmid_n_atoms_on_plane","(43, 88)",2,0.014408561929933849
pend_grdf_trig_max + pstart_n_atoms_on_plane,"pend_grdf_trig_max,pstart_n_atoms_on_plane","(43, 113)",2,0.014156195380762604
pend_plane_sum_Z4 + pmid_grdf_trig_max,"pend_plane_sum_Z4,pmid_grdf_trig_max","(52, 85)",2,0.01402699391341935
pend_plane_mean_mass + pmid_grdf_trig_mean,"pend_plane_mean_mass,pmid_grdf_trig_mean","(51, 86)",2,0.013883952325115833
pend_grdf_trig_max + pstart_plane_mean_Z,"pend_grdf_trig_max,pstart_plane_mean_Z","(43, 117)",2,0.013799236680343153
pend_grdf_trig_mean + pmid_afs_gauss_max,"pend_grdf_trig_mean,pmid_afs_gauss_max","(44, 73)",2,0.013727638857108527
pend_grdf_trig_mean + pline_n_atoms_on_plane,"pend_grdf_trig_mean,pline_n_atoms_on_plane","(44, 63)",2,0.013671023498870772
pmid_grdf_trig_max + pstart_grdf_trig_max,"pmid_grdf_trig_max,pstart_grdf_trig_max","(85, 110)",2,0.013272192717277176
pend_grdf_trig_max + pstart_grdf_bessel_max,"pend_grdf_trig_max,pstart_grdf_bessel_max","(43, 104)",2,0.013256413621445784
pline_grdf_gauss_mean + pmid_grdf_trig_mean,"pline_grdf_gauss_mean,pmid_grdf_trig_mean","(58, 86)",2,0.013253771898514555
max_Z + pmid_grdf_trig_mean,"max_Z,pmid_grdf_trig_mean","(23, 86)",2,0.013212396617411382
max_Z4 + pmid_grdf_trig_mean,"max_Z4,pmid_grdf_trig_mean","(24, 86)",2,0.013212396617411382
pend_plane_max_Z + pmid_grdf_trig_mean,"pend_plane_max_Z,pmid_grdf_trig_mean","(48, 86)",2,0.013212396617411382
pline_grdf_gauss_max + pstart_grdf_trig_max,"pline_grdf_gauss_max,pstart_grdf_trig_max","(57, 110)",2,0.011920903236260338
kvec_z + pmid_grdf_gauss_std,"kvec_z,pmid_grdf_gauss_std","(22, 84)",2,0.011871848112834616
pmid_grdf_trig_max + pstart_afs_bessel_mean,"pmid_grdf_trig_max,pstart_afs_bessel_mean","(85, 96)",2,0.011545494000170131
bandgap + pmid_grdf_trig_max,"bandgap,pmid_grdf_trig_max","(6, 85)",2,0.011459887890049814
pend_afs_bessel_mean + pend_grdf_trig_std,"pend_afs_bessel_mean,pend_grdf_trig_std","(29, 45)",2,0.011420608972789093
pend_grdf_trig_mean + pline_grdf_gauss_mean,"pend_grdf_trig_mean,pline_grdf_gauss_mean","(44, 58)",2,0.011401323850626888
pend_afs_bessel_mean + pend_plane_heavy_frac,"pend_afs_bessel_mean,pend_plane_heavy_frac","(29, 47)",2,0.011291849100534912
E_pfrac_relevant + pend_afs_trig_mean,"E_pfrac_relevant,pend_afs_trig_mean","(2, 35)",2,0.011122903100400428
kmid_frac_y + pmid_grdf_trig_mean,"kmid_frac_y,pmid_grdf_trig_mean","(13, 86)",2,0.010915216216353696
kpath_real_distance + pend_grdf_trig_max,"kpath_real_distance,pend_grdf_trig_max","(15, 43)",2,0.010890354179906959
pstart_afs_bessel_mean + pstart_plane_heavy_frac,"pstart_afs_bessel_mean,pstart_plane_heavy_frac","(96, 114)",2,0.010585062219089081
pmid_grdf_trig_max + pstart_grdf_bessel_std,"pmid_grdf_trig_max,pstart_grdf_bessel_std","(85, 106)",2,0.01048580785975839
pmid_grdf_trig_mean + pmid_plane_mean_mass,"pmid_grdf_trig_mean,pmid_plane_mean_mass","(86, 93)",2,0.009866224376157761
pline_n_atoms_on_plane + pmid_grdf_trig_mean,"pline_n_atoms_on_plane,pmid_grdf_trig_mean","(63, 86)",2,0.009656070118015347
E_pfrac_VBM + pend_grdf_trig_mean,"E_pfrac_VBM,pend_grdf_trig_mean","(1, 44)",2,0.009580901261015495
pmid_grdf_gauss_std + pstart_plane_max_mass,"pmid_grdf_gauss_std,pstart_plane_max_mass","(84, 116)",2,0.00949407085289935
pmid_grdf_gauss_std + pmid_plane_max_mass,"pmid_grdf_gauss_std,pmid_plane_max_mass","(84, 91)",2,0.00949407085289935
pmid_afs_gauss_std + pmid_afs_trig_std,"pmid_afs_gauss_std,pmid_afs_trig_std","(75, 78)",2,0.009230166947994611
pmid_grdf_trig_max + pmid_n_atoms_on_plane,"pmid_grdf_trig_max,pmid_n_atoms_on_plane","(85, 88)",2,0.009118513591360266
pend_grdf_trig_mean + pline_grdf_bessel_max,"pend_grdf_trig_mean,pline_grdf_bessel_max","(44, 54)",2,0.00883851996501428
pend_grdf_trig_max + pmid_afs_gauss_max,"pend_grdf_trig_max,pmid_afs_gauss_max","(43, 73)",2,0.008802642353544887
pend_grdf_trig_max + radius_diff,"pend_grdf_trig_max,radius_diff","(43, 120)",2,0.008750123999409753
pline_plane_mean_Z + pmid_afs_gauss_mean,"pline_plane_mean_Z,pmid_afs_gauss_mean","(67, 74)",2,0.00869787803209734
pstart_afs_bessel_mean + pstart_grdf_trig_max,"pstart_afs_bessel_mean,pstart_grdf_trig_max","(96, 110)",2,0.00847556614119318
pend_afs_bessel_mean + pmid_grdf_trig_std,"pend_afs_bessel_mean,pmid_grdf_trig_std","(29, 87)",2,0.008288506430135322
pend_afs_bessel_mean + pmid_grdf_gauss_mean,"pend_afs_bessel_mean,pmid_grdf_gauss_mean","(29, 83)",2,0.00787586235719826
pend_afs_trig_max + pmid_grdf_trig_mean,"pend_afs_trig_max,pmid_grdf_trig_mean","(34, 86)",2,0.007842429010372642
kvec_y + pmid_grdf_trig_max,"kvec_y,pmid_grdf_trig_max","(21, 85)",2,0.007213871085801471
pend_grdf_bessel_std + pstart_grdf_trig_max,"pend_grdf_bessel_std,pstart_grdf_trig_max","(39, 110)",2,0.007119846518449613
pmid_grdf_trig_max + pstart_n_atoms_on_plane,"pmid_grdf_trig_max,pstart_n_atoms_on_plane","(85, 113)",2,0.006729653386494916
pend_afs_gauss_max + pend_grdf_trig_max,"pend_afs_gauss_max,pend_grdf_trig_max","(31, 43)",2,0.006709375769298575
E_pfrac_relevant + pstart_afs_gauss_max,"E_pfrac_relevant,pstart_afs_gauss_max","(2, 98)",2,0.006339402867924426
pline_grdf_trig_mean + pmid_grdf_trig_mean,"pline_grdf_trig_mean,pmid_grdf_trig_mean","(61, 86)",2,0.006051360089970426
E_pfrac_relevant + pstart_n_atoms_on_plane,"E_pfrac_relevant,pstart_n_atoms_on_plane","(2, 113)",2,0.005931547019380234
pstart_grdf_trig_max + pstart_grdf_trig_std,"pstart_grdf_trig_max,pstart_grdf_trig_std","(110, 112)",2,0.005708183702785852
pend_grdf_trig_mean + pstart_afs_gauss_max,"pend_grdf_trig_mean,pstart_afs_gauss_max","(44, 98)",2,0.005301871640009304
pend_grdf_trig_max + pend_plane_mean_mass,"pend_grdf_trig_max,pend_plane_mean_mass","(43, 51)",2,0.005004007397396171
pmid_grdf_gauss_std + pstart_grdf_trig_max,"pmid_grdf_gauss_std,pstart_grdf_trig_max","(84, 110)",2,0.004597281566810651
E_pfrac_relevant + pline_grdf_gauss_mean,"E_pfrac_relevant,pline_grdf_gauss_mean","(2, 58)",2,0.0044098511250384885
kend_frac_x + pstart_grdf_trig_max,"kend_frac_x,pstart_grdf_trig_max","(9, 110)",2,0.004368853192708633
pmid_grdf_trig_mean + sum_Z4,"pmid_grdf_trig_mean,sum_Z4","(86, 122)",2,0.00433933250015619
pend_afs_bessel_std + pend_grdf_trig_max,"pend_afs_bessel_std,pend_grdf_trig_max","(30, 43)",2,0.004049210329460884
pmid_grdf_bessel_std + sum_Z4,"pmid_grdf_bessel_std,sum_Z4","(81, 122)",2,0.0038372557718476365
E_pfrac_relevant + pend_grdf_gauss_max,"E_pfrac_relevant,pend_grdf_gauss_max","(2, 40)",2,0.0035772197536225736
E_pfrac_VBM + pmid_grdf_gauss_mean,"E_pfrac_VBM,pmid_grdf_gauss_mean","(1, 83)",2,0.0032609164682822376
pend_afs_gauss_max + pend_grdf_trig_mean,"pend_afs_gauss_max,pend_grdf_trig_mean","(31, 44)",2,0.0032360122358954914
kpath_angle_deg + pmid_grdf_bessel_std,"kpath_angle_deg,pmid_grdf_bessel_std","(14, 81)",2,0.002589451530738196
E_pfrac_relevant + kend_frac_x,"E_pfrac_relevant,kend_frac_x","(2, 9)",2,0.0025118955696435074
kstart_frac_x + pmid_grdf_trig_mean,"kstart_frac_x,pmid_grdf_trig_mean","(17, 86)",2,0.0018392211501755407
E_pfrac_VBM + pend_afs_bessel_mean,"E_pfrac_VBM,pend_afs_bessel_mean","(1, 29)",2,0.0017890674720423938
pend_grdf_trig_max + pmid_plane_mean_mass,"pend_grdf_trig_max,pmid_plane_mean_mass","(43, 93)",2,0.001625586609673757
E_pfrac_relevant + pstart_grdf_trig_mean,"E_pfrac_relevant,pstart_grdf_trig_mean","(2, 111)",2,0.0015166302203473148
pmid_grdf_gauss_std + pmid_grdf_trig_mean,"pmid_grdf_gauss_std,pmid_grdf_trig_mean","(84, 86)",2,0.0013982869915218465
pend_grdf_trig_mean + pmid_grdf_trig_mean,"pend_grdf_trig_mean,pmid_grdf_trig_mean","(44, 86)",2,0.0011900205984758828
pend_afs_gauss_mean + pstart_grdf_trig_max,"pend_afs_gauss_mean,pstart_grdf_trig_max","(32, 110)",2,0.001030733014655749
pline_plane_heavy_frac + pmid_grdf_gauss_std,"pline_plane_heavy_frac,pmid_grdf_gauss_std","(64, 84)",2,0.000882761743040561
kmid_frac_x + pstart_grdf_trig_max,"kmid_frac_x,pstart_grdf_trig_max","(12, 110)",2,0.0008685765900392717
pmid_grdf_bessel_std + pstart_grdf_trig_max,"pmid_grdf_bessel_std,pstart_grdf_trig_max","(81, 110)",2,0.000815499871715919
kpath_angle_deg + pmid_afs_bessel_mean,"kpath_angle_deg,pmid_afs_bessel_mean","(14, 71)",2,0.0006892846044525891
pend_grdf_trig_mean + pmid_n_atoms_on_plane,"pend_grdf_trig_mean,pmid_n_atoms_on_plane","(44, 88)",2,0.00044860097855181635
pend_grdf_trig_mean + pstart_afs_bessel_mean,"pend_grdf_trig_mean,pstart_afs_bessel_mean","(44, 96)",2,0.00036767520456810755
pmid_grdf_trig_mean + pstart_grdf_trig_max,"pmid_grdf_trig_mean,pstart_grdf_trig_max","(86, 110)",2,0.0003408378539064838
pline_plane_max_Z + pmid_afs_gauss_mean,"pline_plane_max_Z,pmid_afs_gauss_mean","(65, 74)",2,0.00015794168804148523
pmid_grdf_trig_std + pstart_afs_bessel_mean,"pmid_grdf_trig_std,pstart_afs_bessel_mean","(87, 96)",2,-0.00011173401753983292
pmid_afs_bessel_mean + pmid_grdf_bessel_std,"pmid_afs_bessel_mean,pmid_grdf_bessel_std","(71, 81)",2,-0.00031313112331967654
pend_afs_trig_mean + pstart_grdf_trig_max,"pend_afs_trig_mean,pstart_grdf_trig_max","(35, 110)",2,-0.0004228104377610897
pend_afs_gauss_std + pstart_grdf_gauss_max,"pend_afs_gauss_std,pstart_grdf_gauss_max","(33, 107)",2,-0.0007228174550516497
pmid_grdf_gauss_std + pmid_plane_max_Z,"pmid_grdf_gauss_std,pmid_plane_max_Z","(84, 90)",2,-0.0010653663123543432
pmid_grdf_gauss_std + pstart_plane_max_Z,"pmid_grdf_gauss_std,pstart_plane_max_Z","(84, 115)",2,-0.0010653663123543432
pline_plane_mean_mass + pmid_afs_gauss_mean,"pline_plane_mean_mass,pmid_afs_gauss_mean","(68, 74)",2,-0.0010702752532158132
kend_frac_y + pend_afs_bessel_mean,"kend_frac_y,pend_afs_bessel_mean","(10, 29)",2,-0.0011017914360108127
pend_grdf_gauss_std + pstart_grdf_trig_mean,"pend_grdf_gauss_std,pstart_grdf_trig_mean","(42, 111)",2,-0.0013980902672545703
pmid_grdf_trig_max + pstart_afs_gauss_max,"pmid_grdf_trig_max,pstart_afs_gauss_max","(85, 98)",2,-0.0014047927845169728
pmid_afs_gauss_std + pstart_afs_trig_std,"pmid_afs_gauss_std,pstart_afs_trig_std","(75, 103)",2,-0.0014618055565606357
band_binary + pend_grdf_trig_mean,"band_binary,pend_grdf_trig_mean","(5, 44)",2,-0.0015337183186685754
pend_grdf_trig_max + pstart_afs_bessel_std,"pend_grdf_trig_max,pstart_afs_bessel_std","(43, 97)",2,-0.0020726408638455096
kvec_x + pmid_grdf_bessel_std,"kvec_x,pmid_grdf_bessel_std","(20, 81)",2,-0.0022162376276663176
kend_degen + pmid_grdf_bessel_std,"kend_degen,pmid_grdf_bessel_std","(8, 81)",2,-0.0024867292148269106
E_pfrac_relevant + kstart_frac_y,"E_pfrac_relevant,kstart_frac_y","(2, 18)",2,-0.002797633010544698
pstart_afs_gauss_std + pstart_grdf_gauss_max,"pstart_afs_gauss_std,pstart_grdf_gauss_max","(100, 107)",2,-0.0028630961018210723
kstart_degen + pend_grdf_trig_mean,"kstart_degen,pend_grdf_trig_mean","(16, 44)",2,-0.002897478841019585
kstart_frac_y + pmid_grdf_trig_mean,"kstart_frac_y,pmid_grdf_trig_mean","(18, 86)",2,-0.0029341276757134825
kend_degen + kend_frac_x,"kend_degen,kend_frac_x","(8, 9)",2,-0.003085539320103514
E_pfrac_relevant + kstart_degen,"E_pfrac_relevant,kstart_degen","(2, 16)",2,-0.003224983777483592
pend_grdf_trig_mean + pmid_grdf_bessel_max,"pend_grdf_trig_mean,pmid_grdf_bessel_max","(44, 79)",2,-0.003433612318063872
E_pfrac_relevant + kvec_z,"E_pfrac_relevant,kvec_z","(2, 22)",2,-0.0035223638168581095
pmid_afs_bessel_mean + pmid_plane_heavy_frac,"pmid_afs_bessel_mean,pmid_plane_heavy_frac","(71, 89)",2,-0.0035728130993091687
pend_grdf_bessel_max + pend_grdf_trig_mean,"pend_grdf_bessel_max,pend_grdf_trig_mean","(37, 44)",2,-0.003814187155345361
pend_grdf_trig_mean + pline_grdf_bessel_mean,"pend_grdf_trig_mean,pline_grdf_bessel_mean","(44, 55)",2,-0.0038653644821556865
band_binary + pmid_grdf_gauss_max,"band_binary,pmid_grdf_gauss_max","(5, 82)",2,-0.004318353433281486
pline_grdf_trig_max + pmid_grdf_trig_mean,"pline_grdf_trig_max,pmid_grdf_trig_mean","(60, 86)",2,-0.004582844846696554
pmid_grdf_bessel_std + pmid_plane_max_mass,"pmid_grdf_bessel_std,pmid_plane_max_mass","(81, 91)",2,-0.00466776613283042
pmid_grdf_bessel_std + pstart_plane_max_mass,"pmid_grdf_bessel_std,pstart_plane_max_mass","(81, 116)",2,-0.00466776613283042
pstart_afs_bessel_mean + pstart_grdf_gauss_mean,"pstart_afs_bessel_mean,pstart_grdf_gauss_mean","(96, 108)",2,-0.0048118120495229235
pend_afs_trig_std + pmid_afs_gauss_std,"pend_afs_trig_std,pmid_afs_gauss_std","(36, 75)",2,-0.005269064643832211
pmid_afs_bessel_mean + pstart_plane_heavy_frac,"pmid_afs_bessel_mean,pstart_plane_heavy_frac","(71, 114)",2,-0.005350212917231589
kpath_real_distance + pend_grdf_trig_mean,"kpath_real_distance,pend_grdf_trig_mean","(15, 44)",2,-0.005355241542895639
pline_plane_heavy_frac + pstart_grdf_trig_max,"pline_plane_heavy_frac,pstart_grdf_trig_max","(64, 110)",2,-0.00538053061800201
pend_plane_max_mass + pmid_grdf_gauss_std,"pend_plane_max_mass,pmid_grdf_gauss_std","(49, 84)",2,-0.005447092633692074
max_mass + pmid_grdf_gauss_std,"max_mass,pmid_grdf_gauss_std","(25, 84)",2,-0.005447092633692074
pmid_grdf_trig_max + pstart_plane_sum_Z4,"pmid_grdf_trig_max,pstart_plane_sum_Z4","(85, 119)",2,-0.005586841741936266
pmid_grdf_trig_max + pstart_afs_bessel_std,"pmid_grdf_trig_max,pstart_afs_bessel_std","(85, 97)",2,-0.0058236875465498715
E_pfrac_relevant + pline_plane_max_Z,"E_pfrac_relevant,pline_plane_max_Z","(2, 65)",2,-0.00602815187844361
band_binary + pend_afs_gauss_std,"band_binary,pend_afs_gauss_std","(5, 33)",2,-0.0060872832732594695
pend_afs_trig_mean + pend_grdf_trig_mean,"pend_afs_trig_mean,pend_grdf_trig_mean","(35, 44)",2,-0.0064137717379774365
pmid_afs_gauss_max + pmid_grdf_trig_mean,"pmid_afs_gauss_max,pmid_grdf_trig_mean","(73, 86)",2,-0.00651341580076592
pline_grdf_gauss_max + pmid_afs_gauss_mean,"pline_grdf_gauss_max,pmid_afs_gauss_mean","(57, 74)",2,-0.006611930675704802
pend_afs_trig_mean + pmid_grdf_trig_mean,"pend_afs_trig_mean,pmid_grdf_trig_mean","(35, 86)",2,-0.007120641590084497
pmid_afs_trig_std + pstart_grdf_gauss_mean,"pmid_afs_trig_std,pstart_grdf_gauss_mean","(78, 108)",2,-0.007128458370533819
E_pfrac_CBM + E_pfrac_relevant,"E_pfrac_CBM,E_pfrac_relevant","(0, 2)",2,-0.007310534378699307
kvec_x + pstart_grdf_trig_max,"kvec_x,pstart_grdf_trig_max","(20, 110)",2,-0.007814005981097872
E_pfrac_VBM + X_mean,"E_pfrac_VBM,X_mean","(1, 4)",2,-0.007840886789145341
pend_afs_gauss_mean + pline_plane_mean_Z,"pend_afs_gauss_mean,pline_plane_mean_Z","(32, 67)",2,-0.008069435680445824
pline_grdf_trig_std + pmid_afs_gauss_mean,"pline_grdf_trig_std,pmid_afs_gauss_mean","(62, 74)",2,-0.008106802027361271
pline_plane_heavy_frac + pmid_afs_gauss_mean,"pline_plane_heavy_frac,pmid_afs_gauss_mean","(64, 74)",2,-0.008236436590052864
pend_grdf_gauss_std + pstart_grdf_trig_max,"pend_grdf_gauss_std,pstart_grdf_trig_max","(42, 110)",2,-0.008560927621125081
pmid_afs_bessel_mean + pmid_grdf_trig_std,"pmid_afs_bessel_mean,pmid_grdf_trig_std","(71, 87)",2,-0.008891035553067517
max_Z4 + pstart_grdf_trig_max,"max_Z4,pstart_grdf_trig_max","(24, 110)",2,-0.008955542462016552
pmid_plane_max_Z + pstart_grdf_trig_max,"pmid_plane_max_Z,pstart_grdf_trig_max","(90, 110)",2,-0.008955542462016552
max_Z + pstart_grdf_trig_max,"max_Z,pstart_grdf_trig_max","(23, 110)",2,-0.008955542462016552
pend_plane_max_Z + pstart_grdf_trig_max,"pend_plane_max_Z,pstart_grdf_trig_max","(48, 110)",2,-0.008955542462016552
pstart_afs_gauss_std + pstart_grdf_trig_max,"pstart_afs_gauss_std,pstart_grdf_trig_max","(100, 110)",2,-0.009286755618257536
pline_plane_max_mass + pmid_afs_gauss_mean,"pline_plane_max_mass,pmid_afs_gauss_mean","(66, 74)",2,-0.009456052572857221
pmid_afs_bessel_mean + pmid_afs_gauss_max,"pmid_afs_bessel_mean,pmid_afs_gauss_max","(71, 73)",2,-0.009459206347693571
pend_afs_bessel_mean + pstart_plane_heavy_frac,"pend_afs_bessel_mean,pstart_plane_heavy_frac","(29, 114)",2,-0.009481102146736453
pmid_afs_bessel_mean + pstart_grdf_gauss_mean,"pmid_afs_bessel_mean,pstart_grdf_gauss_mean","(71, 108)",2,-0.009570565360114136
pend_plane_max_Z + pmid_grdf_gauss_std,"pend_plane_max_Z,pmid_grdf_gauss_std","(48, 84)",2,-0.009594198419603118
max_Z + pmid_grdf_gauss_std,"max_Z,pmid_grdf_gauss_std","(23, 84)",2,-0.009594198419603118
max_Z4 + pmid_grdf_gauss_std,"max_Z4,pmid_grdf_gauss_std","(24, 84)",2,-0.009594198419603118
pend_grdf_trig_max + pstart_plane_mean_mass,"pend_grdf_trig_max,pstart_plane_mean_mass","(43, 118)",2,-0.00975904807106418
E_pfrac_VBM + radius_mean,"E_pfrac_VBM,radius_mean","(1, 121)",2,-0.010230708294681267
E_pfrac_relevant + pline_plane_max_mass,"E_pfrac_relevant,pline_plane_max_mass","(2, 66)",2,-0.010274434887177252
pend_afs_trig_max + pend_grdf_trig_max,"pend_afs_trig_max,pend_grdf_trig_max","(34, 43)",2,-0.01030480981402011
pend_afs_gauss_mean + pline_plane_max_mass,"pend_afs_gauss_mean,pline_plane_max_mass","(32, 66)",2,-0.010335595373813145
E_pfrac_relevant + plane_angle_deg,"E_pfrac_relevant,plane_angle_deg","(2, 53)",2,-0.010382383347173053
pmid_grdf_bessel_std + pstart_afs_bessel_mean,"pmid_grdf_bessel_std,pstart_afs_bessel_mean","(81, 96)",2,-0.010521723173068676
E_pfrac_relevant + kmid_frac_x,"E_pfrac_relevant,kmid_frac_x","(2, 12)",2,-0.010570660692824996
pstart_grdf_gauss_mean + pstart_grdf_trig_mean,"pstart_grdf_gauss_mean,pstart_grdf_trig_mean","(108, 111)",2,-0.010628056567088252
pend_afs_gauss_mean + pline_plane_mean_mass,"pend_afs_gauss_mean,pline_plane_mean_mass","(32, 68)",2,-0.010864553928767484
E_pfrac_relevant + pline_grdf_bessel_mean,"E_pfrac_relevant,pline_grdf_bessel_mean","(2, 55)",2,-0.010975018854098328
pend_plane_heavy_frac + pmid_grdf_gauss_std,"pend_plane_heavy_frac,pmid_grdf_gauss_std","(47, 84)",2,-0.011106374734616864
pend_afs_gauss_mean + pstart_plane_max_mass,"pend_afs_gauss_mean,pstart_plane_max_mass","(32, 116)",2,-0.011757562683752809
pend_afs_gauss_mean + pmid_plane_max_mass,"pend_afs_gauss_mean,pmid_plane_max_mass","(32, 91)",2,-0.011757562683752809
pend_afs_gauss_mean + pend_plane_max_mass,"pend_afs_gauss_mean,pend_plane_max_mass","(32, 49)",2,-0.011757562683752809
mean_Z + pmid_grdf_trig_mean,"mean_Z,pmid_grdf_trig_mean","(26, 86)",2,-0.01198001985190984
pend_afs_gauss_mean + pmid_grdf_gauss_max,"pend_afs_gauss_mean,pmid_grdf_gauss_max","(32, 82)",2,-0.012002605069578353
band_binary + pend_grdf_bessel_std,"band_binary,pend_grdf_bessel_std","(5, 39)",2,-0.012392996143297119
E_pfrac_VBM + pstart_afs_bessel_mean,"E_pfrac_VBM,pstart_afs_bessel_mean","(1, 96)",2,-0.012448480693397102
X_mean + pstart_grdf_trig_mean,"X_mean,pstart_grdf_trig_mean","(4, 111)",2,-0.012544420398724165
pmid_afs_gauss_max + pmid_grdf_gauss_max,"pmid_afs_gauss_max,pmid_grdf_gauss_max","(73, 82)",2,-0.012574409919927244
E_pfrac_relevant + n_elements,"E_pfrac_relevant,n_elements","(2, 27)",2,-0.012632300661423535
pmid_grdf_bessel_std + pstart_grdf_trig_mean,"pmid_grdf_bessel_std,pstart_grdf_trig_mean","(81, 111)",2,-0.012638519392063619
X_diff + pmid_grdf_trig_mean,"X_diff,pmid_grdf_trig_mean","(3, 86)",2,-0.012893757796556327
pmid_afs_trig_max + pstart_grdf_trig_max,"pmid_afs_trig_max,pstart_grdf_trig_max","(76, 110)",2,-0.012968439811957033
kend_degen + pline_grdf_gauss_max,"kend_degen,pline_grdf_gauss_max","(8, 57)",2,-0.013049269747241476
pline_grdf_bessel_mean + pmid_grdf_trig_mean,"pline_grdf_bessel_mean,pmid_grdf_trig_mean","(55, 86)",2,-0.013086222791169578
pmid_afs_gauss_mean + pstart_plane_max_mass,"pmid_afs_gauss_mean,pstart_plane_max_mass","(74, 116)",2,-0.013162693161321015
pmid_afs_gauss_mean + pmid_plane_max_mass,"pmid_afs_gauss_mean,pmid_plane_max_mass","(74, 91)",2,-0.013162693161321015
pend_grdf_gauss_std + pmid_afs_trig_mean,"pend_grdf_gauss_std,pmid_afs_trig_mean","(42, 77)",2,-0.013278272441552708
kstart_frac_y + pend_grdf_trig_mean,"kstart_frac_y,pend_grdf_trig_mean","(18, 44)",2,-0.013391666236277567
kmid_frac_y + pstart_grdf_trig_max,"kmid_frac_y,pstart_grdf_trig_max","(13, 110)",2,-0.013475758855097487
pend_afs_bessel_mean + pend_afs_gauss_std,"pend_afs_bessel_mean,pend_afs_gauss_std","(29, 33)",2,-0.01359105020883935
pmid_plane_max_mass + pstart_grdf_trig_max,"pmid_plane_max_mass,pstart_grdf_trig_max","(91, 110)",2,-0.013661562523830596
max_mass + pstart_grdf_trig_max,"max_mass,pstart_grdf_trig_max","(25, 110)",2,-0.013661562523830596
pend_plane_max_mass + pstart_grdf_trig_max,"pend_plane_max_mass,pstart_grdf_trig_max","(49, 110)",2,-0.013661562523830596
pmid_grdf_trig_max + pstart_afs_trig_max,"pmid_grdf_trig_max,pstart_afs_trig_max","(85, 101)",2,-0.013742515802235978
kvec_z + pend_grdf_gauss_std,"kvec_z,pend_grdf_gauss_std","(22, 42)",2,-0.014215274134873047
mean_Z + pmid_afs_gauss_mean,"mean_Z,pmid_afs_gauss_mean","(26, 74)",2,-0.014240010654169999
pmid_grdf_trig_max + pmid_plane_sum_Z4,"pmid_grdf_trig_max,pmid_plane_sum_Z4","(85, 94)",2,-0.01425246592097087
pline_plane_sum_Z4 + pmid_afs_gauss_mean,"pline_plane_sum_Z4,pmid_afs_gauss_mean","(69, 74)",2,-0.014289232645017714
pend_afs_bessel_max + pmid_grdf_trig_mean,"pend_afs_bessel_max,pmid_grdf_trig_mean","(28, 86)",2,-0.014298407295558957
pline_grdf_trig_std + pmid_grdf_gauss_std,"pline_grdf_trig_std,pmid_grdf_gauss_std","(62, 84)",2,-0.014365671604112817
pend_grdf_gauss_std + pmid_grdf_trig_mean,"pend_grdf_gauss_std,pmid_grdf_trig_mean","(42, 86)",2,-0.014478630449695306
pend_afs_gauss_mean + pline_plane_max_Z,"pend_afs_gauss_mean,pline_plane_max_Z","(32, 65)",2,-0.014481022709026093
kpath_angle_deg + pstart_afs_bessel_mean,"kpath_angle_deg,pstart_afs_bessel_mean","(14, 96)",2,-0.014753939722030363
pend_afs_gauss_std + pmid_afs_trig_std,"pend_afs_gauss_std,pmid_afs_trig_std","(33, 78)",2,-0.015361636951591318
kend_frac_x + pend_afs_bessel_mean,"kend_frac_x,pend_afs_bessel_mean","(9, 29)",2,-0.015493148109467914
pmid_grdf_bessel_std + pstart_grdf_gauss_mean,"pmid_grdf_bessel_std,pstart_grdf_gauss_mean","(81, 108)",2,-0.015679357445165288
kpath_angle_deg + pline_grdf_trig_max,"kpath_angle_deg,pline_grdf_trig_max","(14, 60)",2,-0.01574712037370849
kstart_frac_x + pend_grdf_trig_mean,"kstart_frac_x,pend_grdf_trig_mean","(17, 44)",2,-0.015904613515781495
pend_afs_gauss_mean + pline_grdf_trig_std,"pend_afs_gauss_mean,pline_grdf_trig_std","(32, 62)",2,-0.01613689993580545
pmid_grdf_trig_mean + pmid_n_atoms_on_plane,"pmid_grdf_trig_mean,pmid_n_atoms_on_plane","(86, 88)",2,-0.01649337777402855
pend_afs_trig_mean + pstart_grdf_trig_mean,"pend_afs_trig_mean,pstart_grdf_trig_mean","(35, 111)",2,-0.016750841199650736
kstart_frac_x + pmid_grdf_gauss_std,"kstart_frac_x,pmid_grdf_gauss_std","(17, 84)",2,-0.016768490737416798
pend_grdf_trig_max + pstart_grdf_trig_mean,"pend_grdf_trig_max,pstart_grdf_trig_mean","(43, 111)",2,-0.016883272465441655
pend_afs_bessel_mean + pmid_afs_gauss_max,"pend_afs_bessel_mean,pmid_afs_gauss_max","(29, 73)",2,-0.01694314469843423
band_binary + pend_grdf_gauss_max,"band_binary,pend_grdf_gauss_max","(5, 40)",2,-0.016976981887139874
pend_afs_gauss_mean + pstart_grdf_trig_mean,"pend_afs_gauss_mean,pstart_grdf_trig_mean","(32, 111)",2,-0.01729696650383945
pend_grdf_gauss_max + pmid_grdf_gauss_std,"pend_grdf_gauss_max,pmid_grdf_gauss_std","(40, 84)",2,-0.017490143138882662
pend_afs_bessel_std + pend_grdf_trig_mean,"pend_afs_bessel_std,pend_grdf_trig_mean","(30, 44)",2,-0.017531513371543395
pend_afs_bessel_mean + pmid_afs_gauss_mean,"pend_afs_bessel_mean,pmid_afs_gauss_mean","(29, 74)",2,-0.01759610237440563
n_elements + pend_grdf_trig_mean,"n_elements,pend_grdf_trig_mean","(27, 44)",2,-0.018007616250471536
pstart_grdf_gauss_max + pstart_grdf_trig_max,"pstart_grdf_gauss_max,pstart_grdf_trig_max","(107, 110)",2,-0.018080667587257702
kstart_degen + pmid_afs_gauss_mean,"kstart_degen,pmid_afs_gauss_mean","(16, 74)",2,-0.018085077456870713
pmid_afs_trig_mean + pmid_grdf_gauss_std,"pmid_afs_trig_mean,pmid_grdf_gauss_std","(77, 84)",2,-0.018133760504871366
E_pfrac_relevant + pmid_grdf_gauss_mean,"E_pfrac_relevant,pmid_grdf_gauss_mean","(2, 83)",2,-0.018182185791174234
max_Z4 + pend_grdf_gauss_std,"max_Z4,pend_grdf_gauss_std","(24, 42)",2,-0.018279997495403145
max_Z + pend_grdf_gauss_std,"max_Z,pend_grdf_gauss_std","(23, 42)",2,-0.018279997495403145
pend_grdf_trig_mean + pmid_plane_mean_mass,"pend_grdf_trig_mean,pmid_plane_mean_mass","(44, 93)",2,-0.018451126424602893
band_binary + pmid_grdf_trig_mean,"band_binary,pmid_grdf_trig_mean","(5, 86)",2,-0.018630981232925326
max_mass + pmid_afs_gauss_mean,"max_mass,pmid_afs_gauss_mean","(25, 74)",2,-0.018665558008926664
pend_plane_max_mass + pmid_afs_gauss_mean,"pend_plane_max_mass,pmid_afs_gauss_mean","(49, 74)",2,-0.018665558008926664
pend_afs_bessel_mean + pmid_grdf_bessel_std,"pend_afs_bessel_mean,pmid_grdf_bessel_std","(29, 81)",2,-0.018692704508904347
pmid_grdf_trig_max + pstart_grdf_trig_mean,"pmid_grdf_trig_max,pstart_grdf_trig_mean","(85, 111)",2,-0.01873138695567984
pline_plane_mean_Z + pstart_grdf_trig_max,"pline_plane_mean_Z,pstart_grdf_trig_max","(67, 110)",2,-0.018882139331472668
pend_afs_gauss_mean + pend_grdf_gauss_max,"pend_afs_gauss_mean,pend_grdf_gauss_max","(32, 40)",2,-0.018930315433193345
E_pfrac_relevant + pline_grdf_bessel_max,"E_pfrac_relevant,pline_grdf_bessel_max","(2, 54)",2,-0.018956025817771116
pend_afs_trig_mean + pmid_grdf_gauss_std,"pend_afs_trig_mean,pmid_grdf_gauss_std","(35, 84)",2,-0.019184583978485083
pline_grdf_trig_std + pstart_grdf_trig_max,"pline_grdf_trig_std,pstart_grdf_trig_max","(62, 110)",2,-0.019508812720157653
band_binary + pend_plane_heavy_frac,"band_binary,pend_plane_heavy_frac","(5, 47)",2,-0.01953535308317178
pend_afs_gauss_std + pstart_afs_trig_std,"pend_afs_gauss_std,pstart_afs_trig_std","(33, 103)",2,-0.02014819511731767
pend_afs_bessel_mean + pmid_plane_heavy_frac,"pend_afs_bessel_mean,pmid_plane_heavy_frac","(29, 89)",2,-0.020188532571205474
pend_grdf_bessel_std + pstart_grdf_trig_mean,"pend_grdf_bessel_std,pstart_grdf_trig_mean","(39, 111)",2,-0.020268382737745227
kpath_angle_deg + ktotal_weight,"kpath_angle_deg,ktotal_weight","(14, 19)",2,-0.02044112288518656
kend_frac_x + pmid_afs_gauss_mean,"kend_frac_x,pmid_afs_gauss_mean","(9, 74)",2,-0.020490330933524415
kend_frac_x + pmid_grdf_bessel_std,"kend_frac_x,pmid_grdf_bessel_std","(9, 81)",2,-0.020507159586498513
n_elements + pmid_grdf_trig_mean,"n_elements,pmid_grdf_trig_mean","(27, 86)",2,-0.0206760903683032
kinterior_degen + kpath_angle_deg,"kinterior_degen,kpath_angle_deg","(11, 14)",2,-0.020710763994738812
pmid_grdf_bessel_std + pmid_grdf_gauss_max,"pmid_grdf_bessel_std,pmid_grdf_gauss_max","(81, 82)",2,-0.02072421630229606
kstart_degen + pmid_grdf_trig_mean,"kstart_degen,pmid_grdf_trig_mean","(16, 86)",2,-0.020863807688773783
pend_grdf_trig_max + pstart_grdf_trig_max,"pend_grdf_trig_max,pstart_grdf_trig_max","(43, 110)",2,-0.021016093639259603
pend_grdf_bessel_std + pmid_afs_gauss_mean,"pend_grdf_bessel_std,pmid_afs_gauss_mean","(39, 74)",2,-0.021069470693625726
pmid_afs_trig_max + pmid_grdf_trig_mean,"pmid_afs_trig_max,pmid_grdf_trig_mean","(76, 86)",2,-0.021158585698846145
kend_frac_y + pmid_afs_bessel_mean,"kend_frac_y,pmid_afs_bessel_mean","(10, 71)",2,-0.021164586491373694
kend_degen + pstart_grdf_trig_max,"kend_degen,pstart_grdf_trig_max","(8, 110)",2,-0.02121153298517362
kvec_z + pend_plane_heavy_frac,"kvec_z,pend_plane_heavy_frac","(22, 47)",2,-0.021214416468162155
pline_grdf_gauss_std + pmid_afs_gauss_mean,"pline_grdf_gauss_std,pmid_afs_gauss_mean","(59, 74)",2,-0.021389175924222403
pstart_grdf_gauss_mean + pstart_grdf_trig_max,"pstart_grdf_gauss_mean,pstart_grdf_trig_max","(108, 110)",2,-0.02140082260434073
pstart_grdf_trig_max + sum_Z4,"pstart_grdf_trig_max,sum_Z4","(110, 122)",2,-0.02140965136676125
plane_angle_deg + pmid_grdf_gauss_std,"plane_angle_deg,pmid_grdf_gauss_std","(53, 84)",2,-0.021510998747161558
n_elements + pmid_grdf_gauss_std,"n_elements,pmid_grdf_gauss_std","(27, 84)",2,-0.021524141976978207
pend_grdf_gauss_mean + pend_grdf_trig_max,"pend_grdf_gauss_mean,pend_grdf_trig_max","(41, 43)",2,-0.02160895587477285
pmid_afs_trig_mean + pstart_grdf_gauss_mean,"pmid_afs_trig_mean,pstart_grdf_gauss_mean","(77, 108)",2,-0.02170429937899392
kmid_frac_x + pmid_afs_bessel_mean,"kmid_frac_x,pmid_afs_bessel_mean","(12, 71)",2,-0.02175116021592629
kpath_angle_deg + pline_grdf_bessel_std,"kpath_angle_deg,pline_grdf_bessel_std","(14, 56)",2,-0.021893833310688438
E_pfrac_relevant + pstart_grdf_gauss_std,"E_pfrac_relevant,pstart_grdf_gauss_std","(2, 109)",2,-0.02209119997861313
E_pfrac_relevant + kstart_frac_x,"E_pfrac_relevant,kstart_frac_x","(2, 17)",2,-0.022442636236340997
kend_degen + kend_frac_y,"kend_degen,kend_frac_y","(8, 10)",2,-0.02257847685291179
E_pfrac_relevant + mean_Z,"E_pfrac_relevant,mean_Z","(2, 26)",2,-0.022592328932088623
pmid_afs_bessel_mean + pmid_grdf_trig_mean,"pmid_afs_bessel_mean,pmid_grdf_trig_mean","(71, 86)",2,-0.02288500030851537
pend_grdf_trig_mean + pend_plane_mean_mass,"pend_grdf_trig_mean,pend_plane_mean_mass","(44, 51)",2,-0.02292826804325978
pline_grdf_trig_max + pstart_grdf_trig_max,"pline_grdf_trig_max,pstart_grdf_trig_max","(60, 110)",2,-0.02319730028104807
pstart_grdf_trig_max + pstart_plane_max_mass,"pstart_grdf_trig_max,pstart_plane_max_mass","(110, 116)",2,-0.023284072354787976
pline_plane_sum_Z4 + pstart_grdf_trig_max,"pline_plane_sum_Z4,pstart_grdf_trig_max","(69, 110)",2,-0.023376079359756607
pline_plane_mean_mass + pstart_grdf_trig_max,"pline_plane_mean_mass,pstart_grdf_trig_max","(68, 110)",2,-0.023455290939985263
kpath_angle_deg + n_elements,"kpath_angle_deg,n_elements","(14, 27)",2,-0.02364532860890074
kpath_angle_deg + pline_grdf_gauss_std,"kpath_angle_deg,pline_grdf_gauss_std","(14, 59)",2,-0.023754661679070144
max_mass + pend_grdf_gauss_std,"max_mass,pend_grdf_gauss_std","(25, 42)",2,-0.02381064437285869
E_pfrac_relevant + pline_plane_mean_Z,"E_pfrac_relevant,pline_plane_mean_Z","(2, 67)",2,-0.023884561165318875
pmid_afs_gauss_mean + pstart_grdf_gauss_max,"pmid_afs_gauss_mean,pstart_grdf_gauss_max","(74, 107)",2,-0.02389567639705763
pend_grdf_gauss_max + pmid_grdf_bessel_std,"pend_grdf_gauss_max,pmid_grdf_bessel_std","(40, 81)",2,-0.0239214987341269
kmid_frac_x + pend_afs_bessel_mean,"kmid_frac_x,pend_afs_bessel_mean","(12, 29)",2,-0.02398015117831751
pstart_grdf_trig_max + pstart_plane_max_Z,"pstart_grdf_trig_max,pstart_plane_max_Z","(110, 115)",2,-0.024001155329371658
pmid_afs_gauss_mean + pmid_plane_max_Z,"pmid_afs_gauss_mean,pmid_plane_max_Z","(74, 90)",2,-0.02425345587143719
pmid_afs_gauss_mean + pstart_plane_max_Z,"pmid_afs_gauss_mean,pstart_plane_max_Z","(74, 115)",2,-0.02425345587143719
pend_afs_gauss_mean + pline_grdf_gauss_max,"pend_afs_gauss_mean,pline_grdf_gauss_max","(32, 57)",2,-0.024358106683148372
pline_grdf_bessel_std + pmid_afs_gauss_mean,"pline_grdf_bessel_std,pmid_afs_gauss_mean","(56, 74)",2,-0.024676914166407316
pmid_afs_bessel_mean + pstart_grdf_trig_mean,"pmid_afs_bessel_mean,pstart_grdf_trig_mean","(71, 111)",2,-0.02470423972574598
kend_frac_x + pmid_grdf_gauss_std,"kend_frac_x,pmid_grdf_gauss_std","(9, 84)",2,-0.024744177908374555
pline_grdf_bessel_std + pstart_grdf_trig_max,"pline_grdf_bessel_std,pstart_grdf_trig_max","(56, 110)",2,-0.024781738708951773
pline_n_atoms_on_plane + pmid_grdf_gauss_std,"pline_n_atoms_on_plane,pmid_grdf_gauss_std","(63, 84)",2,-0.025035509272473666
kvec_x + pend_afs_bessel_mean,"kvec_x,pend_afs_bessel_mean","(20, 29)",2,-0.025059683582763625
pline_plane_mean_Z + pmid_grdf_gauss_std,"pline_plane_mean_Z,pmid_grdf_gauss_std","(67, 84)",2,-0.025322398166008276
kend_degen + kvec_z,"kend_degen,kvec_z","(8, 22)",2,-0.025421607069008246
pline_grdf_bessel_max + pmid_grdf_trig_mean,"pline_grdf_bessel_max,pmid_grdf_trig_mean","(54, 86)",2,-0.02549127758868086
pmid_grdf_trig_mean + pstart_plane_mean_mass,"pmid_grdf_trig_mean,pstart_plane_mean_mass","(86, 118)",2,-0.02561613272121257
kend_degen + pmid_afs_bessel_mean,"kend_degen,pmid_afs_bessel_mean","(8, 71)",2,-0.02577291513320814
kpath_angle_deg + pline_plane_mean_Z,"kpath_angle_deg,pline_plane_mean_Z","(14, 67)",2,-0.02613039183899346
kpath_angle_deg + pline_plane_max_mass,"kpath_angle_deg,pline_plane_max_mass","(14, 66)",2,-0.026148271922623433
pend_afs_gauss_mean + pline_plane_sum_Z4,"pend_afs_gauss_mean,pline_plane_sum_Z4","(32, 69)",2,-0.02615267346653751
kend_degen + pend_afs_bessel_mean,"kend_degen,pend_afs_bessel_mean","(8, 29)",2,-0.02638504756835989
kmid_frac_x + pstart_afs_bessel_mean,"kmid_frac_x,pstart_afs_bessel_mean","(12, 96)",2,-0.026397479730519157
kend_frac_x + pend_afs_trig_std,"kend_frac_x,pend_afs_trig_std","(9, 36)",2,-0.026404905309947636
pmid_grdf_gauss_max + pstart_afs_trig_max,"pmid_grdf_gauss_max,pstart_afs_trig_max","(82, 101)",2,-0.026419422887404287
pend_grdf_trig_mean + pmid_afs_trig_std,"pend_grdf_trig_mean,pmid_afs_trig_std","(44, 78)",2,-0.026433083110256737
pline_plane_max_mass + pstart_grdf_trig_max,"pline_plane_max_mass,pstart_grdf_trig_max","(66, 110)",2,-0.026614086255882553
max_Z + pend_afs_gauss_std,"max_Z,pend_afs_gauss_std","(23, 33)",2,-0.026947656314692092
max_Z4 + pend_afs_gauss_std,"max_Z4,pend_afs_gauss_std","(24, 33)",2,-0.026947656314692092
pmid_afs_trig_std + pstart_grdf_trig_max,"pmid_afs_trig_std,pstart_grdf_trig_max","(78, 110)",2,-0.02711822380715225
pmid_afs_trig_mean + pstart_grdf_trig_mean,"pmid_afs_trig_mean,pstart_grdf_trig_mean","(77, 111)",2,-0.02723201143669134
pend_grdf_gauss_std + pmid_plane_max_mass,"pend_grdf_gauss_std,pmid_plane_max_mass","(42, 91)",2,-0.02727580919023529
pend_grdf_gauss_std + pstart_plane_max_mass,"pend_grdf_gauss_std,pstart_plane_max_mass","(42, 116)",2,-0.02727580919023529
pend_grdf_gauss_std + pend_plane_max_mass,"pend_grdf_gauss_std,pend_plane_max_mass","(42, 49)",2,-0.02727580919023529
E_pfrac_VBM + E_pfrac_relevant,"E_pfrac_VBM,E_pfrac_relevant","(1, 2)",2,-0.027403800009753353
pmid_grdf_trig_mean + pstart_plane_mean_Z,"pmid_grdf_trig_mean,pstart_plane_mean_Z","(86, 117)",2,-0.0274297228778007
E_pfrac_relevant + pmid_afs_bessel_max,"E_pfrac_relevant,pmid_afs_bessel_max","(2, 70)",2,-0.02779557519725908
max_mass + pmid_grdf_bessel_std,"max_mass,pmid_grdf_bessel_std","(25, 81)",2,-0.02837537957950953
pend_plane_max_mass + pmid_grdf_bessel_std,"pend_plane_max_mass,pmid_grdf_bessel_std","(49, 81)",2,-0.02837537957950953
pmid_n_atoms_on_plane + pstart_grdf_trig_max,"pmid_n_atoms_on_plane,pstart_grdf_trig_max","(88, 110)",2,-0.028389073444812653
kpath_angle_deg + pline_n_atoms_on_plane,"kpath_angle_deg,pline_n_atoms_on_plane","(14, 63)",2,-0.028421155198914992
pline_grdf_bessel_max + pmid_grdf_gauss_std,"pline_grdf_bessel_max,pmid_grdf_gauss_std","(54, 84)",2,-0.028625743649491976
pend_afs_gauss_std + pmid_afs_bessel_mean,"pend_afs_gauss_std,pmid_afs_bessel_mean","(33, 71)",2,-0.02863255291591984
pend_afs_gauss_max + pmid_afs_bessel_mean,"pend_afs_gauss_max,pmid_afs_bessel_mean","(31, 71)",2,-0.028663655802040666
kpath_angle_deg + pline_plane_max_Z,"kpath_angle_deg,pline_plane_max_Z","(14, 65)",2,-0.028669919890044127
pend_grdf_trig_mean + pstart_grdf_trig_max,"pend_grdf_trig_mean,pstart_grdf_trig_max","(44, 110)",2,-0.02873992349118515
kpath_angle_deg + pline_grdf_trig_mean,"kpath_angle_deg,pline_grdf_trig_mean","(14, 61)",2,-0.02884465541006631
kend_degen + pline_grdf_trig_max,"kend_degen,pline_grdf_trig_max","(8, 60)",2,-0.028880448254708792
E_pfrac_relevant + pline_plane_sum_Z4,"E_pfrac_relevant,pline_plane_sum_Z4","(2, 69)",2,-0.028935441035077013
pline_n_atoms_on_plane + pstart_grdf_trig_max,"pline_n_atoms_on_plane,pstart_grdf_trig_max","(63, 110)",2,-0.02911313741179804
pline_grdf_gauss_std + pstart_grdf_trig_max,"pline_grdf_gauss_std,pstart_grdf_trig_max","(59, 110)",2,-0.02922555067172028
pend_afs_gauss_std + pend_grdf_gauss_std,"pend_afs_gauss_std,pend_grdf_gauss_std","(33, 42)",2,-0.029276680710894332
kvec_z + pline_plane_heavy_frac,"kvec_z,pline_plane_heavy_frac","(22, 64)",2,-0.029428209811241324
pline_plane_mean_mass + pmid_grdf_gauss_std,"pline_plane_mean_mass,pmid_grdf_gauss_std","(68, 84)",2,-0.029473914695389493
max_Z + pmid_afs_gauss_mean,"max_Z,pmid_afs_gauss_mean","(23, 74)",2,-0.029561942591141067
max_Z4 + pmid_afs_gauss_mean,"max_Z4,pmid_afs_gauss_mean","(24, 74)",2,-0.029561942591141067
pend_plane_max_Z + pmid_afs_gauss_mean,"pend_plane_max_Z,pmid_afs_gauss_mean","(48, 74)",2,-0.029561942591141067
band_binary + pstart_plane_heavy_frac,"band_binary,pstart_plane_heavy_frac","(5, 114)",2,-0.029608271898821335
pline_grdf_gauss_mean + pstart_grdf_trig_max,"pline_grdf_gauss_mean,pstart_grdf_trig_max","(58, 110)",2,-0.02978305514777042
pend_afs_bessel_max + pmid_grdf_trig_max,"pend_afs_bessel_max,pmid_grdf_trig_max","(28, 85)",2,-0.029855859566705223
kvec_z + pmid_afs_gauss_mean,"kvec_z,pmid_afs_gauss_mean","(22, 74)",2,-0.030015823000373976
pmid_grdf_trig_mean + pstart_afs_trig_std,"pmid_grdf_trig_mean,pstart_afs_trig_std","(86, 103)",2,-0.03007019108227347
kend_frac_y + pmid_grdf_gauss_std,"kend_frac_y,pmid_grdf_gauss_std","(10, 84)",2,-0.03009456140396898
kpath_angle_deg + pline_grdf_gauss_max,"kpath_angle_deg,pline_grdf_gauss_max","(14, 57)",2,-0.03018902511163233
pmid_grdf_bessel_std + pmid_grdf_gauss_mean,"pmid_grdf_bessel_std,pmid_grdf_gauss_mean","(81, 83)",2,-0.03031484531946429
plane_angle_deg + pmid_afs_gauss_mean,"plane_angle_deg,pmid_afs_gauss_mean","(53, 74)",2,-0.03057304979225701
pend_afs_trig_mean + pend_grdf_gauss_std,"pend_afs_trig_mean,pend_grdf_gauss_std","(35, 42)",2,-0.030605987921941115
band_binary + pend_afs_trig_std,"band_binary,pend_afs_trig_std","(5, 36)",2,-0.03072795054742925
kpath_angle_deg + pline_plane_heavy_frac,"kpath_angle_deg,pline_plane_heavy_frac","(14, 64)",2,-0.03081920127863691
E_pfrac_CBM + pmid_afs_trig_mean,"E_pfrac_CBM,pmid_afs_trig_mean","(0, 77)",2,-0.030821719771500767
pmid_afs_gauss_std + pmid_grdf_gauss_std,"pmid_afs_gauss_std,pmid_grdf_gauss_std","(75, 84)",2,-0.03088328682060868
kvec_z + pstart_plane_heavy_frac,"kvec_z,pstart_plane_heavy_frac","(22, 114)",2,-0.031156745538125308
E_pfrac_relevant + pstart_grdf_gauss_max,"E_pfrac_relevant,pstart_grdf_gauss_max","(2, 107)",2,-0.031241235414978273
pend_grdf_trig_max + pend_plane_sum_Z4,"pend_grdf_trig_max,pend_plane_sum_Z4","(43, 52)",2,-0.0312740884700307
pend_grdf_trig_max + pstart_afs_bessel_max,"pend_grdf_trig_max,pstart_afs_bessel_max","(43, 95)",2,-0.03183017519093043
kend_frac_x + pmid_afs_bessel_mean,"kend_frac_x,pmid_afs_bessel_mean","(9, 71)",2,-0.03191848295746909
kend_degen + pline_plane_heavy_frac,"kend_degen,pline_plane_heavy_frac","(8, 64)",2,-0.03193400725668807
kend_degen + pmid_afs_gauss_mean,"kend_degen,pmid_afs_gauss_mean","(8, 74)",2,-0.03200267534495751
pend_grdf_gauss_std + pmid_plane_max_Z,"pend_grdf_gauss_std,pmid_plane_max_Z","(42, 90)",2,-0.032209831626053044
pend_grdf_gauss_std + pstart_plane_max_Z,"pend_grdf_gauss_std,pstart_plane_max_Z","(42, 115)",2,-0.032209831626053044
pend_grdf_gauss_std + pend_plane_max_Z,"pend_grdf_gauss_std,pend_plane_max_Z","(42, 48)",2,-0.032209831626053044
E_pfrac_relevant + radius_mean,"E_pfrac_relevant,radius_mean","(2, 121)",2,-0.032442432235237684
pline_grdf_trig_mean + pstart_grdf_trig_max,"pline_grdf_trig_mean,pstart_grdf_trig_max","(61, 110)",2,-0.03259553844023873
pend_afs_gauss_max + pmid_grdf_trig_mean,"pend_afs_gauss_max,pmid_grdf_trig_mean","(31, 86)",2,-0.03313790591812249
pmid_afs_bessel_mean + pstart_grdf_trig_max,"pmid_afs_bessel_mean,pstart_grdf_trig_max","(71, 110)",2,-0.033140040643304045
pline_grdf_trig_mean + pmid_grdf_gauss_std,"pline_grdf_trig_mean,pmid_grdf_gauss_std","(61, 84)",2,-0.03321816286853572
pline_grdf_trig_mean + pmid_afs_gauss_mean,"pline_grdf_trig_mean,pmid_afs_gauss_mean","(61, 74)",2,-0.03346655468849158
pend_grdf_trig_mean + pstart_plane_mean_Z,"pend_grdf_trig_mean,pstart_plane_mean_Z","(44, 117)",2,-0.03367465197977711
kend_degen + pline_grdf_trig_mean,"kend_degen,pline_grdf_trig_mean","(8, 61)",2,-0.033714492226250316
pend_afs_bessel_mean + pstart_grdf_trig_std,"pend_afs_bessel_mean,pstart_grdf_trig_std","(29, 112)",2,-0.03382479133859018
kvec_z + pline_grdf_gauss_max,"kvec_z,pline_grdf_gauss_max","(22, 57)",2,-0.033997049971056195
kstart_degen + pmid_grdf_gauss_std,"kstart_degen,pmid_grdf_gauss_std","(16, 84)",2,-0.03402370931898753
pend_plane_mean_Z + pmid_grdf_trig_mean,"pend_plane_mean_Z,pmid_grdf_trig_mean","(50, 86)",2,-0.034274404318453966
pend_afs_gauss_mean + pline_grdf_bessel_std,"pend_afs_gauss_mean,pline_grdf_bessel_std","(32, 56)",2,-0.03428017067096538
pmid_afs_bessel_mean + pmid_afs_gauss_std,"pmid_afs_bessel_mean,pmid_afs_gauss_std","(71, 75)",2,-0.034280471833257574
E_pfrac_CBM + pend_afs_bessel_std,"E_pfrac_CBM,pend_afs_bessel_std","(0, 30)",2,-0.034336131157138516
pend_afs_trig_std + pstart_grdf_gauss_mean,"pend_afs_trig_std,pstart_grdf_gauss_mean","(36, 108)",2,-0.0344369675686184
kvec_z + pline_grdf_trig_max,"kvec_z,pline_grdf_trig_max","(22, 60)",2,-0.03445114635834414
pmid_afs_trig_mean + pmid_grdf_gauss_max,"pmid_afs_trig_mean,pmid_grdf_gauss_max","(77, 82)",2,-0.034652936264364144
pend_plane_heavy_frac + pmid_afs_trig_mean,"pend_plane_heavy_frac,pmid_afs_trig_mean","(47, 77)",2,-0.03488484291061413
E_pfrac_relevant + pline_plane_mean_mass,"E_pfrac_relevant,pline_plane_mean_mass","(2, 68)",2,-0.03489560131402651
pend_afs_bessel_mean + pline_grdf_trig_mean,"pend_afs_bessel_mean,pline_grdf_trig_mean","(29, 61)",2,-0.034974456892897535
pend_afs_gauss_mean + pstart_plane_max_Z,"pend_afs_gauss_mean,pstart_plane_max_Z","(32, 115)",2,-0.035101606694293075
pend_afs_gauss_mean + pmid_plane_max_Z,"pend_afs_gauss_mean,pmid_plane_max_Z","(32, 90)",2,-0.035101606694293075
pend_afs_gauss_mean + pend_plane_max_Z,"pend_afs_gauss_mean,pend_plane_max_Z","(32, 48)",2,-0.035101606694293075
E_pfrac_relevant + X_diff,"E_pfrac_relevant,X_diff","(2, 3)",2,-0.035217024918493635
E_pfrac_relevant + pmid_afs_trig_max,"E_pfrac_relevant,pmid_afs_trig_max","(2, 76)",2,-0.035304157994538544
pend_plane_heavy_frac + pmid_afs_trig_std,"pend_plane_heavy_frac,pmid_afs_trig_std","(47, 78)",2,-0.03533540126354786
kvec_z + pmid_plane_heavy_frac,"kvec_z,pmid_plane_heavy_frac","(22, 89)",2,-0.0353695232122313
pend_afs_bessel_mean + pmid_grdf_trig_mean,"pend_afs_bessel_mean,pmid_grdf_trig_mean","(29, 86)",2,-0.03560676776844007
kstart_degen + pend_afs_gauss_mean,"kstart_degen,pend_afs_gauss_mean","(16, 32)",2,-0.035629389230090645
pmid_grdf_gauss_max + pmid_grdf_gauss_std,"pmid_grdf_gauss_max,pmid_grdf_gauss_std","(82, 84)",2,-0.03590984072871868
kmid_frac_x + pmid_grdf_gauss_std,"kmid_frac_x,pmid_grdf_gauss_std","(12, 84)",2,-0.036021004591135976
pline_plane_max_Z + pstart_grdf_trig_max,"pline_plane_max_Z,pstart_grdf_trig_max","(65, 110)",2,-0.03613764029322954
pline_grdf_bessel_max + pmid_grdf_bessel_std,"pline_grdf_bessel_max,pmid_grdf_bessel_std","(54, 81)",2,-0.03623532511351122
kvec_z + pmid_grdf_bessel_std,"kvec_z,pmid_grdf_bessel_std","(22, 81)",2,-0.036565510519058896
pend_plane_mean_Z + pmid_afs_gauss_mean,"pend_plane_mean_Z,pmid_afs_gauss_mean","(50, 74)",2,-0.03664247534694478
pend_afs_gauss_mean + pstart_grdf_gauss_max,"pend_afs_gauss_mean,pstart_grdf_gauss_max","(32, 107)",2,-0.036669506748348416
kmid_frac_x + pmid_grdf_bessel_std,"kmid_frac_x,pmid_grdf_bessel_std","(12, 81)",2,-0.03685925061634099
kend_degen + pline_grdf_bessel_std,"kend_degen,pline_grdf_bessel_std","(8, 56)",2,-0.037027269666096305
pend_afs_trig_mean + pmid_grdf_gauss_max,"pend_afs_trig_mean,pmid_grdf_gauss_max","(35, 82)",2,-0.03715826354574734
kend_degen + pline_grdf_gauss_std,"kend_degen,pline_grdf_gauss_std","(8, 59)",2,-0.03742953679583958
E_pfrac_VBM + pmid_afs_gauss_mean,"E_pfrac_VBM,pmid_afs_gauss_mean","(1, 74)",2,-0.037465840604613596
pmid_grdf_gauss_mean + pstart_afs_bessel_mean,"pmid_grdf_gauss_mean,pstart_afs_bessel_mean","(83, 96)",2,-0.03751681026216471
kend_frac_x + kpath_angle_deg,"kend_frac_x,kpath_angle_deg","(9, 14)",2,-0.03757121457065813
pend_grdf_trig_mean + pstart_afs_bessel_max,"pend_grdf_trig_mean,pstart_afs_bessel_max","(44, 95)",2,-0.03778632744414308
max_mass + pmid_afs_bessel_mean,"max_mass,pmid_afs_bessel_mean","(25, 71)",2,-0.03779736093219936
pend_plane_max_mass + pmid_afs_bessel_mean,"pend_plane_max_mass,pmid_afs_bessel_mean","(49, 71)",2,-0.03779736093219936
kstart_frac_x + pmid_afs_gauss_mean,"kstart_frac_x,pmid_afs_gauss_mean","(17, 74)",2,-0.0378447890178369
pend_grdf_trig_max + pend_n_atoms_on_plane,"pend_grdf_trig_max,pend_n_atoms_on_plane","(43, 46)",2,-0.03784509855258398
pline_plane_max_mass + pmid_grdf_gauss_std,"pline_plane_max_mass,pmid_grdf_gauss_std","(66, 84)",2,-0.037865331232714204
band_binary + pmid_plane_heavy_frac,"band_binary,pmid_plane_heavy_frac","(5, 89)",2,-0.038098045731845206
pend_afs_trig_std + pmid_grdf_gauss_max,"pend_afs_trig_std,pmid_grdf_gauss_max","(36, 82)",2,-0.03814853364553683
kstart_frac_y + pmid_grdf_gauss_std,"kstart_frac_y,pmid_grdf_gauss_std","(18, 84)",2,-0.03828875191645871
pmid_afs_trig_std + pmid_grdf_gauss_max,"pmid_afs_trig_std,pmid_grdf_gauss_max","(78, 82)",2,-0.03829610329537954
kend_degen + pstart_afs_bessel_mean,"kend_degen,pstart_afs_bessel_mean","(8, 96)",2,-0.03832607046160328
n_elements + pmid_afs_gauss_mean,"n_elements,pmid_afs_gauss_mean","(27, 74)",2,-0.03840433256302953
kend_frac_y + kmid_frac_x,"kend_frac_y,kmid_frac_x","(10, 12)",2,-0.03860539860390648
E_pfrac_VBM + kpath_angle_deg,"E_pfrac_VBM,kpath_angle_deg","(1, 14)",2,-0.038663198727408886
kmid_frac_y + kpath_angle_deg,"kmid_frac_y,kpath_angle_deg","(13, 14)",2,-0.038742896033237974
kvec_z + pmid_afs_bessel_mean,"kvec_z,pmid_afs_bessel_mean","(22, 71)",2,-0.038749087137034885
pend_grdf_gauss_mean + pmid_grdf_trig_mean,"pend_grdf_gauss_mean,pmid_grdf_trig_mean","(41, 86)",2,-0.03885858203984334
E_pfrac_relevant + pend_afs_bessel_max,"E_pfrac_relevant,pend_afs_bessel_max","(2, 28)",2,-0.03915371870221942
pend_afs_bessel_mean + pline_grdf_trig_max,"pend_afs_bessel_mean,pline_grdf_trig_max","(29, 60)",2,-0.03923489448648478
kpath_angle_deg + pmid_grdf_gauss_std,"kpath_angle_deg,pmid_grdf_gauss_std","(14, 84)",2,-0.039659705772937356
kvec_x + pstart_grdf_trig_mean,"kvec_x,pstart_grdf_trig_mean","(20, 111)",2,-0.03965998990917663
pmid_grdf_gauss_max + pstart_afs_trig_std,"pmid_grdf_gauss_max,pstart_afs_trig_std","(82, 103)",2,-0.039825181125866596
pmid_afs_bessel_std + pstart_grdf_gauss_mean,"pmid_afs_bessel_std,pstart_grdf_gauss_mean","(72, 108)",2,-0.03999671007599777
band_binary + kend_degen,"band_binary,kend_degen","(5, 8)",2,-0.040047040757188054
pstart_afs_trig_std + pstart_grdf_gauss_mean,"pstart_afs_trig_std,pstart_grdf_gauss_mean","(103, 108)",2,-0.04029010598915757
kend_degen + kpath_angle_deg,"kend_degen,kpath_angle_deg","(8, 14)",2,-0.04031234504409335
pend_grdf_trig_max + pstart_plane_sum_Z4,"pend_grdf_trig_max,pstart_plane_sum_Z4","(43, 119)",2,-0.04042168790809251
pend_grdf_trig_mean + pstart_plane_mean_mass,"pend_grdf_trig_mean,pstart_plane_mean_mass","(44, 118)",2,-0.04051411068030457
pline_grdf_bessel_mean + pstart_grdf_trig_max,"pline_grdf_bessel_mean,pstart_grdf_trig_max","(55, 110)",2,-0.04074606255103057
plane_angle_deg + pstart_grdf_trig_max,"plane_angle_deg,pstart_grdf_trig_max","(53, 110)",2,-0.0407688222078453
kend_frac_y + pline_grdf_gauss_max,"kend_frac_y,pline_grdf_gauss_max","(10, 57)",2,-0.04081300344309038
kmid_frac_x + kpath_angle_deg,"kmid_frac_x,kpath_angle_deg","(12, 14)",2,-0.04096099329147429
kpath_angle_deg + kstart_frac_x,"kpath_angle_deg,kstart_frac_x","(14, 17)",2,-0.04114974681894399
kpath_angle_deg + kstart_frac_y,"kpath_angle_deg,kstart_frac_y","(14, 18)",2,-0.041204882128504663
pend_plane_heavy_frac + pline_plane_max_mass,"pend_plane_heavy_frac,pline_plane_max_mass","(47, 66)",2,-0.04153117513243958
kvec_z + pend_afs_gauss_mean,"kvec_z,pend_afs_gauss_mean","(22, 32)",2,-0.04156327695231139
pmid_grdf_trig_mean + pstart_afs_bessel_max,"pmid_grdf_trig_mean,pstart_afs_bessel_max","(86, 95)",2,-0.04168382810368996
pline_grdf_trig_max + pmid_afs_gauss_mean,"pline_grdf_trig_max,pmid_afs_gauss_mean","(60, 74)",2,-0.04169449348326557
E_pfrac_relevant + radius_diff,"E_pfrac_relevant,radius_diff","(2, 120)",2,-0.04171235045633641
pline_grdf_gauss_mean + pmid_afs_gauss_mean,"pline_grdf_gauss_mean,pmid_afs_gauss_mean","(58, 74)",2,-0.04172619990001434
pmid_grdf_trig_max + pstart_afs_bessel_max,"pmid_grdf_trig_max,pstart_afs_bessel_max","(85, 95)",2,-0.04173520057062707
pmid_afs_bessel_std + pstart_grdf_trig_max,"pmid_afs_bessel_std,pstart_grdf_trig_max","(72, 110)",2,-0.04178182438243509
kvec_x + pstart_afs_bessel_mean,"kvec_x,pstart_afs_bessel_mean","(20, 96)",2,-0.04178608927774023
kmid_frac_x + pend_afs_trig_std,"kmid_frac_x,pend_afs_trig_std","(12, 36)",2,-0.041892849098616416
pend_afs_trig_std + pstart_grdf_trig_max,"pend_afs_trig_std,pstart_grdf_trig_max","(36, 110)",2,-0.041919126075430045
pend_afs_gauss_mean + pline_grdf_gauss_std,"pend_afs_gauss_mean,pline_grdf_gauss_std","(32, 59)",2,-0.04197501406470596
pend_afs_bessel_mean + pend_afs_gauss_mean,"pend_afs_bessel_mean,pend_afs_gauss_mean","(29, 32)",2,-0.04211480902477003
kend_degen + pmid_grdf_gauss_std,"kend_degen,pmid_grdf_gauss_std","(8, 84)",2,-0.04218267993324132
pend_plane_heavy_frac + pline_plane_max_Z,"pend_plane_heavy_frac,pline_plane_max_Z","(47, 65)",2,-0.04232800130159429
kpath_angle_deg + pend_afs_trig_std,"kpath_angle_deg,pend_afs_trig_std","(14, 36)",2,-0.042468766200156716
pend_grdf_gauss_mean + pmid_afs_bessel_mean,"pend_grdf_gauss_mean,pmid_afs_bessel_mean","(41, 71)",2,-0.04247535043089212
max_mass + pend_afs_gauss_mean,"max_mass,pend_afs_gauss_mean","(25, 32)",2,-0.04251423912772574
pend_afs_gauss_mean + plane_angle_deg,"pend_afs_gauss_mean,plane_angle_deg","(32, 53)",2,-0.04253822386525565
kstart_frac_y + pmid_afs_gauss_mean,"kstart_frac_y,pmid_afs_gauss_mean","(18, 74)",2,-0.04254814591647562
pline_plane_mean_Z + pmid_grdf_bessel_std,"pline_plane_mean_Z,pmid_grdf_bessel_std","(67, 81)",2,-0.042671014766355354
X_diff + pstart_grdf_trig_max,"X_diff,pstart_grdf_trig_max","(3, 110)",2,-0.042714842740909906
kvec_z + pstart_afs_trig_std,"kvec_z,pstart_afs_trig_std","(22, 103)",2,-0.04273921076556268
pend_grdf_trig_max + pmid_plane_mean_Z,"pend_grdf_trig_max,pmid_plane_mean_Z","(43, 92)",2,-0.04280321427590748
kpath_angle_deg + pline_plane_mean_mass,"kpath_angle_deg,pline_plane_mean_mass","(14, 68)",2,-0.04281176843178136
pend_afs_trig_std + pmid_afs_gauss_mean,"pend_afs_trig_std,pmid_afs_gauss_mean","(36, 74)",2,-0.042878433739616154
E_pfrac_CBM + pmid_grdf_bessel_std,"E_pfrac_CBM,pmid_grdf_bessel_std","(0, 81)",2,-0.043072949781466766
pline_n_atoms_on_plane + pmid_afs_gauss_mean,"pline_n_atoms_on_plane,pmid_afs_gauss_mean","(63, 74)",2,-0.04307563659583828
kend_frac_x + pend_afs_gauss_mean,"kend_frac_x,pend_afs_gauss_mean","(9, 32)",2,-0.04317510798862876
E_pfrac_relevant + band_binary,"E_pfrac_relevant,band_binary","(2, 5)",2,-0.04318106595381301
kpath_angle_deg + kstart_degen,"kpath_angle_deg,kstart_degen","(14, 16)",2,-0.04323439918016716
band_binary + pstart_afs_trig_std,"band_binary,pstart_afs_trig_std","(5, 103)",2,-0.04323731476914259
kvec_z + pline_grdf_trig_mean,"kvec_z,pline_grdf_trig_mean","(22, 61)",2,-0.04335805782174873
pline_grdf_bessel_mean + pmid_grdf_gauss_std,"pline_grdf_bessel_mean,pmid_grdf_gauss_std","(55, 84)",2,-0.043408164553687054
kpath_angle_deg + plane_angle_deg,"kpath_angle_deg,plane_angle_deg","(14, 53)",2,-0.04345205030306998
pend_grdf_gauss_max + pmid_afs_trig_std,"pend_grdf_gauss_max,pmid_afs_trig_std","(40, 78)",2,-0.043505916183330925
pend_plane_max_mass + pmid_afs_gauss_std,"pend_plane_max_mass,pmid_afs_gauss_std","(49, 75)",2,-0.043919425040538494
max_mass + pmid_afs_gauss_std,"max_mass,pmid_afs_gauss_std","(25, 75)",2,-0.043919425040538494
bandgap + pend_grdf_trig_max,"bandgap,pend_grdf_trig_max","(6, 43)",2,-0.043928910428655654
kend_degen + pline_n_atoms_on_plane,"kend_degen,pline_n_atoms_on_plane","(8, 63)",2,-0.04404010308907062
pmid_afs_gauss_std + pstart_plane_max_Z,"pmid_afs_gauss_std,pstart_plane_max_Z","(75, 115)",2,-0.044137074887435165
pmid_afs_gauss_std + pmid_plane_max_Z,"pmid_afs_gauss_std,pmid_plane_max_Z","(75, 90)",2,-0.044137074887435165
pmid_afs_bessel_mean + pstart_grdf_trig_std,"pmid_afs_bessel_mean,pstart_grdf_trig_std","(71, 112)",2,-0.04435014088591218
kend_frac_x + pstart_afs_trig_std,"kend_frac_x,pstart_afs_trig_std","(9, 103)",2,-0.0444012823654133
kvec_z + pline_n_atoms_on_plane,"kvec_z,pline_n_atoms_on_plane","(22, 63)",2,-0.044419294874091554
pmid_afs_trig_mean + pmid_plane_heavy_frac,"pmid_afs_trig_mean,pmid_plane_heavy_frac","(77, 89)",2,-0.044688293197540196
max_Z + pend_afs_gauss_mean,"max_Z,pend_afs_gauss_mean","(23, 32)",2,-0.04473954118394994
max_Z4 + pend_afs_gauss_mean,"max_Z4,pend_afs_gauss_mean","(24, 32)",2,-0.04473954118394994
pmid_grdf_trig_mean + pmid_plane_mean_Z,"pmid_grdf_trig_mean,pmid_plane_mean_Z","(86, 92)",2,-0.044771568473100286
E_pfrac_VBM + pstart_afs_gauss_std,"E_pfrac_VBM,pstart_afs_gauss_std","(1, 100)",2,-0.044948965728303446
pmid_afs_bessel_max + pmid_grdf_trig_mean,"pmid_afs_bessel_max,pmid_grdf_trig_mean","(70, 86)",2,-0.04518070864686259
kmid_frac_y + pmid_afs_gauss_mean,"kmid_frac_y,pmid_afs_gauss_mean","(13, 74)",2,-0.04519215515347019
pline_grdf_bessel_max + pmid_afs_gauss_mean,"pline_grdf_bessel_max,pmid_afs_gauss_mean","(54, 74)",2,-0.04535133603852466
pstart_afs_gauss_mean + pstart_grdf_trig_max,"pstart_afs_gauss_mean,pstart_grdf_trig_max","(99, 110)",2,-0.045420134481578445
pend_grdf_trig_mean + pend_plane_sum_Z4,"pend_grdf_trig_mean,pend_plane_sum_Z4","(44, 52)",2,-0.04544756121525488
pend_grdf_gauss_std + pline_plane_heavy_frac,"pend_grdf_gauss_std,pline_plane_heavy_frac","(42, 64)",2,-0.045474976923812305
max_Z + pmid_afs_gauss_std,"max_Z,pmid_afs_gauss_std","(23, 75)",2,-0.04550576695015882
max_Z4 + pmid_afs_gauss_std,"max_Z4,pmid_afs_gauss_std","(24, 75)",2,-0.04550576695015882
pend_plane_max_Z + pmid_afs_gauss_std,"pend_plane_max_Z,pmid_afs_gauss_std","(48, 75)",2,-0.04550576695015882
max_Z4 + pmid_afs_bessel_mean,"max_Z4,pmid_afs_bessel_mean","(24, 71)",2,-0.04570108360674008
pend_plane_max_Z + pmid_afs_bessel_mean,"pend_plane_max_Z,pmid_afs_bessel_mean","(48, 71)",2,-0.04570108360674008
max_Z + pmid_afs_bessel_mean,"max_Z,pmid_afs_bessel_mean","(23, 71)",2,-0.04570108360674008
pend_grdf_bessel_std + pend_plane_max_mass,"pend_grdf_bessel_std,pend_plane_max_mass","(39, 49)",2,-0.045806408260602824
pend_grdf_bessel_std + pstart_plane_max_mass,"pend_grdf_bessel_std,pstart_plane_max_mass","(39, 116)",2,-0.045806408260602824
pend_grdf_bessel_std + pmid_plane_max_mass,"pend_grdf_bessel_std,pmid_plane_max_mass","(39, 91)",2,-0.045806408260602824
pend_afs_gauss_mean + pmid_grdf_bessel_std,"pend_afs_gauss_mean,pmid_grdf_bessel_std","(32, 81)",2,-0.04595780788844568
pmid_grdf_gauss_max + pstart_afs_gauss_max,"pmid_grdf_gauss_max,pstart_afs_gauss_max","(82, 98)",2,-0.04624438282256342
pend_afs_gauss_mean + pline_plane_heavy_frac,"pend_afs_gauss_mean,pline_plane_heavy_frac","(32, 64)",2,-0.04628100983879831
kvec_z + pend_afs_bessel_mean,"kvec_z,pend_afs_bessel_mean","(22, 29)",2,-0.0463515381623647
kmid_frac_x + pline_grdf_gauss_max,"kmid_frac_x,pline_grdf_gauss_max","(12, 57)",2,-0.04635954115803
kend_frac_y + pmid_afs_gauss_mean,"kend_frac_y,pmid_afs_gauss_mean","(10, 74)",2,-0.046359986819006035
pstart_grdf_bessel_std + pstart_plane_max_mass,"pstart_grdf_bessel_std,pstart_plane_max_mass","(106, 116)",2,-0.04650844224537556
pline_grdf_gauss_mean + pmid_grdf_gauss_std,"pline_grdf_gauss_mean,pmid_grdf_gauss_std","(58, 84)",2,-0.04661626257336833
pmid_grdf_bessel_std + pstart_plane_max_Z,"pmid_grdf_bessel_std,pstart_plane_max_Z","(81, 115)",2,-0.04662496233377762
pmid_grdf_bessel_std + pmid_plane_max_Z,"pmid_grdf_bessel_std,pmid_plane_max_Z","(81, 90)",2,-0.04662496233377762
kpath_real_distance + pmid_grdf_bessel_std,"kpath_real_distance,pmid_grdf_bessel_std","(15, 81)",2,-0.046637892647238124
pline_grdf_gauss_std + pmid_grdf_gauss_std,"pline_grdf_gauss_std,pmid_grdf_gauss_std","(59, 84)",2,-0.04684832436835491
pmid_grdf_trig_mean + pstart_grdf_bessel_std,"pmid_grdf_trig_mean,pstart_grdf_bessel_std","(86, 106)",2,-0.04700720645083554
kvec_z + pline_grdf_bessel_std,"kvec_z,pline_grdf_bessel_std","(22, 56)",2,-0.047260518058546544
pmid_afs_bessel_mean + pmid_plane_max_mass,"pmid_afs_bessel_mean,pmid_plane_max_mass","(71, 91)",2,-0.04729722995572152
pmid_afs_bessel_mean + pstart_plane_max_mass,"pmid_afs_bessel_mean,pstart_plane_max_mass","(71, 116)",2,-0.04729722995572152
pline_grdf_bessel_std + pmid_grdf_gauss_std,"pline_grdf_bessel_std,pmid_grdf_gauss_std","(56, 84)",2,-0.047365709431595994
kend_frac_y + pstart_afs_bessel_mean,"kend_frac_y,pstart_afs_bessel_mean","(10, 96)",2,-0.047412823603644336
E_pfrac_VBM + pend_grdf_bessel_std,"E_pfrac_VBM,pend_grdf_bessel_std","(1, 39)",2,-0.047538456992121246
pline_plane_mean_mass + pmid_grdf_bessel_std,"pline_plane_mean_mass,pmid_grdf_bessel_std","(68, 81)",2,-0.04758413077050756
pend_afs_bessel_mean + pend_afs_gauss_max,"pend_afs_bessel_mean,pend_afs_gauss_max","(29, 31)",2,-0.04758765281422219
kvec_z + pstart_grdf_trig_max,"kvec_z,pstart_grdf_trig_max","(22, 110)",2,-0.04788969642315184
kmid_frac_x + pstart_grdf_trig_mean,"kmid_frac_x,pstart_grdf_trig_mean","(12, 111)",2,-0.04789956523826171
pmid_afs_bessel_std + pmid_grdf_gauss_mean,"pmid_afs_bessel_std,pmid_grdf_gauss_mean","(72, 83)",2,-0.04800169457291712
kpath_real_distance + pmid_afs_bessel_mean,"kpath_real_distance,pmid_afs_bessel_mean","(15, 71)",2,-0.04807953563862575
kend_frac_y + kpath_angle_deg,"kend_frac_y,kpath_angle_deg","(10, 14)",2,-0.04811424764859007
pline_grdf_gauss_max + pmid_grdf_gauss_std,"pline_grdf_gauss_max,pmid_grdf_gauss_std","(57, 84)",2,-0.04827672847347704
pmid_afs_trig_std + pmid_plane_heavy_frac,"pmid_afs_trig_std,pmid_plane_heavy_frac","(78, 89)",2,-0.048299750388447006
pline_plane_max_Z + pmid_grdf_gauss_std,"pline_plane_max_Z,pmid_grdf_gauss_std","(65, 84)",2,-0.04852517418396294
pend_plane_heavy_frac + pmid_afs_gauss_mean,"pend_plane_heavy_frac,pmid_afs_gauss_mean","(47, 74)",2,-0.048871501676690146
pend_afs_bessel_mean + pend_grdf_gauss_mean,"pend_afs_bessel_mean,pend_grdf_gauss_mean","(29, 41)",2,-0.048992122293735244
pstart_afs_trig_std + pstart_grdf_trig_max,"pstart_afs_trig_std,pstart_grdf_trig_max","(103, 110)",2,-0.04903506144739809
kend_degen + pline_plane_mean_Z,"kend_degen,pline_plane_mean_Z","(8, 67)",2,-0.049038740353962294
kvec_x + pend_grdf_bessel_std,"kvec_x,pend_grdf_bessel_std","(20, 39)",2,-0.04920400652589289
kpath_angle_deg + pline_grdf_trig_std,"kpath_angle_deg,pline_grdf_trig_std","(14, 62)",2,-0.04931290442616269
kend_degen + pline_grdf_trig_std,"kend_degen,pline_grdf_trig_std","(8, 62)",2,-0.049390338908021206
mean_Z + pmid_grdf_bessel_std,"mean_Z,pmid_grdf_bessel_std","(26, 81)",2,-0.04957552164534129
ehull + pmid_grdf_trig_max,"ehull,pmid_grdf_trig_max","(7, 85)",2,-0.04963575339022634
pend_plane_max_Z + pmid_grdf_bessel_std,"pend_plane_max_Z,pmid_grdf_bessel_std","(48, 81)",2,-0.04965822148309178
max_Z + pmid_grdf_bessel_std,"max_Z,pmid_grdf_bessel_std","(23, 81)",2,-0.04965822148309178
max_Z4 + pmid_grdf_bessel_std,"max_Z4,pmid_grdf_bessel_std","(24, 81)",2,-0.04965822148309178
pline_n_atoms_on_plane + pmid_afs_bessel_mean,"pline_n_atoms_on_plane,pmid_afs_bessel_mean","(63, 71)",2,-0.04990763873230335
pline_plane_heavy_frac + pstart_afs_bessel_mean,"pline_plane_heavy_frac,pstart_afs_bessel_mean","(64, 96)",2,-0.049946054525656126
pend_grdf_trig_mean + pstart_n_atoms_on_plane,"pend_grdf_trig_mean,pstart_n_atoms_on_plane","(44, 113)",2,-0.04996729728109772
pline_plane_sum_Z4 + pmid_grdf_gauss_std,"pline_plane_sum_Z4,pmid_grdf_gauss_std","(69, 84)",2,-0.050082443233146326
pend_afs_trig_max + pstart_grdf_trig_mean,"pend_afs_trig_max,pstart_grdf_trig_mean","(34, 111)",2,-0.05013825800043605
pmid_afs_gauss_mean + pmid_grdf_bessel_std,"pmid_afs_gauss_mean,pmid_grdf_bessel_std","(74, 81)",2,-0.0502081746924574
pend_grdf_trig_mean + pstart_plane_sum_Z4,"pend_grdf_trig_mean,pstart_plane_sum_Z4","(44, 119)",2,-0.050320034166461025
pmid_afs_bessel_std + pmid_grdf_trig_mean,"pmid_afs_bessel_std,pmid_grdf_trig_mean","(72, 86)",2,-0.05056363839310964
X_mean + pmid_grdf_bessel_std,"X_mean,pmid_grdf_bessel_std","(4, 81)",2,-0.05069962303166644
band_binary + kend_frac_y,"band_binary,kend_frac_y","(5, 10)",2,-0.05078528584853852
pmid_grdf_gauss_std + pmid_grdf_trig_std,"pmid_grdf_gauss_std,pmid_grdf_trig_std","(84, 87)",2,-0.05078602899640918
kend_frac_y + pline_plane_heavy_frac,"kend_frac_y,pline_plane_heavy_frac","(10, 64)",2,-0.05090534716955706
pline_grdf_gauss_mean + pmid_grdf_bessel_std,"pline_grdf_gauss_mean,pmid_grdf_bessel_std","(58, 81)",2,-0.0509689337090327
kvec_z + pline_grdf_gauss_std,"kvec_z,pline_grdf_gauss_std","(22, 59)",2,-0.05103468770668791
pend_afs_gauss_std + pmid_plane_max_Z,"pend_afs_gauss_std,pmid_plane_max_Z","(33, 90)",2,-0.05137243651161083
pend_afs_gauss_std + pstart_plane_max_Z,"pend_afs_gauss_std,pstart_plane_max_Z","(33, 115)",2,-0.05137243651161083
pend_afs_gauss_std + pend_plane_max_Z,"pend_afs_gauss_std,pend_plane_max_Z","(33, 48)",2,-0.05137243651161083
pline_grdf_bessel_max + pstart_grdf_trig_max,"pline_grdf_bessel_max,pstart_grdf_trig_max","(54, 110)",2,-0.051434525263212814
band_binary + ktotal_weight,"band_binary,ktotal_weight","(5, 19)",2,-0.0516022333565306
E_pfrac_VBM + pmid_afs_gauss_std,"E_pfrac_VBM,pmid_afs_gauss_std","(1, 75)",2,-0.05165598718355939
pend_afs_gauss_max + pstart_afs_bessel_mean,"pend_afs_gauss_max,pstart_afs_bessel_mean","(31, 96)",2,-0.05187979248750094
band_binary + pmid_afs_bessel_mean,"band_binary,pmid_afs_bessel_mean","(5, 71)",2,-0.051911224635446396
kend_degen + kmid_frac_y,"kend_degen,kmid_frac_y","(8, 13)",2,-0.05201818803158387
kend_frac_x + pline_grdf_gauss_max,"kend_frac_x,pline_grdf_gauss_max","(9, 57)",2,-0.0521518254031901
pend_grdf_trig_max + pend_plane_mean_Z,"pend_grdf_trig_max,pend_plane_mean_Z","(43, 50)",2,-0.05218647958986742
pmid_grdf_trig_mean + pstart_plane_sum_Z4,"pmid_grdf_trig_mean,pstart_plane_sum_Z4","(86, 119)",2,-0.05234468072235097
kend_degen + pline_plane_mean_mass,"kend_degen,pline_plane_mean_mass","(8, 68)",2,-0.052367621759700736
kend_frac_x + pend_grdf_gauss_std,"kend_frac_x,pend_grdf_gauss_std","(9, 42)",2,-0.05251078554043533
pline_grdf_trig_max + pline_plane_mean_mass,"pline_grdf_trig_max,pline_plane_mean_mass","(60, 68)",2,-0.05252107591271578
pend_grdf_gauss_std + pline_n_atoms_on_plane,"pend_grdf_gauss_std,pline_n_atoms_on_plane","(42, 63)",2,-0.05257136051755464
kmid_frac_x + pmid_afs_trig_std,"kmid_frac_x,pmid_afs_trig_std","(12, 78)",2,-0.05258626874827812
E_pfrac_relevant + ehull,"E_pfrac_relevant,ehull","(2, 7)",2,-0.052601999619578343
pmid_plane_heavy_frac + pstart_grdf_trig_mean,"pmid_plane_heavy_frac,pstart_grdf_trig_mean","(89, 111)",2,-0.05269404616354885
kend_degen + plane_angle_deg,"kend_degen,plane_angle_deg","(8, 53)",2,-0.05304319188537001
kend_frac_x + pstart_afs_bessel_mean,"kend_frac_x,pstart_afs_bessel_mean","(9, 96)",2,-0.05309824337667095
E_pfrac_VBM + pmid_afs_trig_std,"E_pfrac_VBM,pmid_afs_trig_std","(1, 78)",2,-0.05311240468468128
pend_afs_gauss_mean + pline_grdf_trig_max,"pend_afs_gauss_mean,pline_grdf_trig_max","(32, 60)",2,-0.05325347468089205
pend_grdf_gauss_std + pend_grdf_trig_std,"pend_grdf_gauss_std,pend_grdf_trig_std","(42, 45)",2,-0.05335531083464655
kmid_frac_x + pline_grdf_trig_max,"kmid_frac_x,pline_grdf_trig_max","(12, 60)",2,-0.05341503539791217
kend_degen + kmid_frac_x,"kend_degen,kmid_frac_x","(8, 12)",2,-0.0534451746933454
pend_afs_trig_max + pstart_grdf_trig_max,"pend_afs_trig_max,pstart_grdf_trig_max","(34, 110)",2,-0.053485469944818086
band_binary + pmid_afs_trig_std,"band_binary,pmid_afs_trig_std","(5, 78)",2,-0.0535188321338961
kend_frac_y + pmid_grdf_bessel_std,"kend_frac_y,pmid_grdf_bessel_std","(10, 81)",2,-0.05356170084470933
pline_grdf_trig_max + pline_plane_mean_Z,"pline_grdf_trig_max,pline_plane_mean_Z","(60, 67)",2,-0.053771522879176525
kend_frac_y + kvec_z,"kend_frac_y,kvec_z","(10, 22)",2,-0.05388199796226141
pmid_afs_bessel_max + pmid_grdf_trig_max,"pmid_afs_bessel_max,pmid_grdf_trig_max","(70, 85)",2,-0.053883836512701476
pmid_grdf_bessel_std + pmid_plane_sum_Z4,"pmid_grdf_bessel_std,pmid_plane_sum_Z4","(81, 94)",2,-0.05390167529355896
kend_degen + kinterior_degen,"kend_degen,kinterior_degen","(8, 11)",2,-0.054093037131802246
pstart_afs_trig_std + pstart_plane_max_mass,"pstart_afs_trig_std,pstart_plane_max_mass","(103, 116)",2,-0.05443223487037994
pline_plane_heavy_frac + pmid_grdf_bessel_std,"pline_plane_heavy_frac,pmid_grdf_bessel_std","(64, 81)",2,-0.054595547004773315
max_mass + pend_afs_gauss_std,"max_mass,pend_afs_gauss_std","(25, 33)",2,-0.05464547921499667
pend_grdf_gauss_max + pstart_afs_gauss_max,"pend_grdf_gauss_max,pstart_afs_gauss_max","(40, 98)",2,-0.054799763116186326
ehull + pend_grdf_gauss_std,"ehull,pend_grdf_gauss_std","(7, 42)",2,-0.05494796924001142
pend_afs_bessel_mean + pstart_grdf_trig_max,"pend_afs_bessel_mean,pstart_grdf_trig_max","(29, 110)",2,-0.054959940500367635
pstart_afs_bessel_mean + pstart_plane_max_mass,"pstart_afs_bessel_mean,pstart_plane_max_mass","(96, 116)",2,-0.055107988075528656
pend_afs_gauss_max + pmid_grdf_gauss_max,"pend_afs_gauss_max,pmid_grdf_gauss_max","(31, 82)",2,-0.05519691689731902
pmid_afs_trig_mean + pstart_plane_heavy_frac,"pmid_afs_trig_mean,pstart_plane_heavy_frac","(77, 114)",2,-0.05522453632635584
pmid_afs_trig_std + pmid_grdf_gauss_mean,"pmid_afs_trig_std,pmid_grdf_gauss_mean","(78, 83)",2,-0.055366830010687096
pend_grdf_gauss_max + pstart_afs_trig_std,"pend_grdf_gauss_max,pstart_afs_trig_std","(40, 103)",2,-0.05550739305241499
pend_afs_gauss_mean + pline_grdf_gauss_mean,"pend_afs_gauss_mean,pline_grdf_gauss_mean","(32, 58)",2,-0.055526588527091206
E_pfrac_relevant + kvec_x,"E_pfrac_relevant,kvec_x","(2, 20)",2,-0.05561917105023306
pend_grdf_gauss_std + plane_angle_deg,"pend_grdf_gauss_std,plane_angle_deg","(42, 53)",2,-0.0556471136059921
pend_afs_bessel_mean + pend_grdf_bessel_std,"pend_afs_bessel_mean,pend_grdf_bessel_std","(29, 39)",2,-0.055675458690422584
kvec_x + pmid_afs_trig_mean,"kvec_x,pmid_afs_trig_mean","(20, 77)",2,-0.05570753020971666
kinterior_degen + pline_grdf_gauss_max,"kinterior_degen,pline_grdf_gauss_max","(11, 57)",2,-0.055762753617322566
kinterior_degen + pend_afs_bessel_mean,"kinterior_degen,pend_afs_bessel_mean","(11, 29)",2,-0.0557788635570635
pend_grdf_trig_mean + pmid_plane_sum_Z4,"pend_grdf_trig_mean,pmid_plane_sum_Z4","(44, 94)",2,-0.05581138224232596
pend_afs_bessel_mean + pline_n_atoms_on_plane,"pend_afs_bessel_mean,pline_n_atoms_on_plane","(29, 63)",2,-0.05588438170775556
kend_degen + pline_plane_max_mass,"kend_degen,pline_plane_max_mass","(8, 66)",2,-0.05589690399913747
pstart_grdf_gauss_std + pstart_grdf_trig_max,"pstart_grdf_gauss_std,pstart_grdf_trig_max","(109, 110)",2,-0.05589979380973107
pmid_grdf_trig_std + pstart_grdf_trig_mean,"pmid_grdf_trig_std,pstart_grdf_trig_mean","(87, 111)",2,-0.055942694628221365
n_elements + pend_afs_gauss_mean,"n_elements,pend_afs_gauss_mean","(27, 32)",2,-0.05600381214282239
kend_frac_y + pend_plane_heavy_frac,"kend_frac_y,pend_plane_heavy_frac","(10, 47)",2,-0.056094907408829095
pmid_afs_bessel_mean + pmid_afs_gauss_mean,"pmid_afs_bessel_mean,pmid_afs_gauss_mean","(71, 74)",2,-0.05630220695282837
pend_afs_trig_mean + pstart_grdf_gauss_max,"pend_afs_trig_mean,pstart_grdf_gauss_max","(35, 107)",2,-0.05630581880101169
pline_grdf_bessel_std + pline_plane_heavy_frac,"pline_grdf_bessel_std,pline_plane_heavy_frac","(56, 64)",2,-0.0563273809130241
pmid_grdf_trig_mean + pstart_grdf_gauss_std,"pmid_grdf_trig_mean,pstart_grdf_gauss_std","(86, 109)",2,-0.05634184247843217
pend_grdf_bessel_std + sum_Z4,"pend_grdf_bessel_std,sum_Z4","(39, 122)",2,-0.05635277169622686
pline_grdf_gauss_max + pmid_grdf_bessel_std,"pline_grdf_gauss_max,pmid_grdf_bessel_std","(57, 81)",2,-0.05667971104743028
pend_afs_bessel_mean + pmid_afs_gauss_std,"pend_afs_bessel_mean,pmid_afs_gauss_std","(29, 75)",2,-0.056849133377219044
pline_grdf_trig_mean + pstart_afs_bessel_mean,"pline_grdf_trig_mean,pstart_afs_bessel_mean","(61, 96)",2,-0.056864193439980636
kstart_frac_x + pmid_grdf_bessel_std,"kstart_frac_x,pmid_grdf_bessel_std","(17, 81)",2,-0.05701667242364121
pline_grdf_trig_mean + pline_plane_mean_mass,"pline_grdf_trig_mean,pline_plane_mean_mass","(61, 68)",2,-0.05702116091990621
pend_grdf_trig_max + pmid_plane_sum_Z4,"pend_grdf_trig_max,pmid_plane_sum_Z4","(43, 94)",2,-0.057047194789088575
pend_afs_bessel_mean + pline_plane_heavy_frac,"pend_afs_bessel_mean,pline_plane_heavy_frac","(29, 64)",2,-0.05710103618895586
E_pfrac_CBM + pmid_afs_bessel_std,"E_pfrac_CBM,pmid_afs_bessel_std","(0, 72)",2,-0.05710345213473602
kpath_angle_deg + pstart_afs_trig_std,"kpath_angle_deg,pstart_afs_trig_std","(14, 103)",2,-0.05710770030578856
pline_grdf_trig_mean + pline_plane_mean_Z,"pline_grdf_trig_mean,pline_plane_mean_Z","(61, 67)",2,-0.05714495554196615
pmid_afs_bessel_mean + pstart_plane_max_Z,"pmid_afs_bessel_mean,pstart_plane_max_Z","(71, 115)",2,-0.05724240896845147
pmid_afs_bessel_mean + pmid_plane_max_Z,"pmid_afs_bessel_mean,pmid_plane_max_Z","(71, 90)",2,-0.05724240896845147
kmid_frac_x + pend_grdf_gauss_std,"kmid_frac_x,pend_grdf_gauss_std","(12, 42)",2,-0.05728193936033028
band_binary + pmid_afs_gauss_max,"band_binary,pmid_afs_gauss_max","(5, 73)",2,-0.057300891737566875
pend_plane_mean_mass + pstart_grdf_trig_max,"pend_plane_mean_mass,pstart_grdf_trig_max","(51, 110)",2,-0.057303011119644684
pmid_afs_gauss_std + pstart_plane_max_mass,"pmid_afs_gauss_std,pstart_plane_max_mass","(75, 116)",2,-0.05731634104794321
pmid_afs_gauss_std + pmid_plane_max_mass,"pmid_afs_gauss_std,pmid_plane_max_mass","(75, 91)",2,-0.05731634104794321
pend_plane_heavy_frac + pline_grdf_gauss_max,"pend_plane_heavy_frac,pline_grdf_gauss_max","(47, 57)",2,-0.05749528734075178
pline_grdf_gauss_max + pline_grdf_trig_max,"pline_grdf_gauss_max,pline_grdf_trig_max","(57, 60)",2,-0.057564494522421385
max_mass + pend_grdf_bessel_std,"max_mass,pend_grdf_bessel_std","(25, 39)",2,-0.05765986354387689
pend_grdf_gauss_std + pline_grdf_trig_std,"pend_grdf_gauss_std,pline_grdf_trig_std","(42, 62)",2,-0.057662189133120004
pmid_afs_gauss_mean + sum_Z4,"pmid_afs_gauss_mean,sum_Z4","(74, 122)",2,-0.057851616458728716
kvec_x + pmid_afs_bessel_mean,"kvec_x,pmid_afs_bessel_mean","(20, 71)",2,-0.05787707020822026
kmid_frac_x + pline_grdf_bessel_std,"kmid_frac_x,pline_grdf_bessel_std","(12, 56)",2,-0.05807933039400237
pstart_grdf_trig_mean + sum_Z4,"pstart_grdf_trig_mean,sum_Z4","(111, 122)",2,-0.05813278974778972
pmid_afs_gauss_max + pstart_grdf_gauss_max,"pmid_afs_gauss_max,pstart_grdf_gauss_max","(73, 107)",2,-0.058141026897618464
pend_grdf_trig_mean + radius_diff,"pend_grdf_trig_mean,radius_diff","(44, 120)",2,-0.0581937246835925
n_elements + pend_grdf_gauss_std,"n_elements,pend_grdf_gauss_std","(27, 42)",2,-0.05829777861894594
pend_grdf_bessel_max + pmid_grdf_bessel_std,"pend_grdf_bessel_max,pmid_grdf_bessel_std","(37, 81)",2,-0.058316985089460614
pend_afs_trig_std + pend_plane_heavy_frac,"pend_afs_trig_std,pend_plane_heavy_frac","(36, 47)",2,-0.05844425793917618
kpath_angle_deg + pend_plane_heavy_frac,"kpath_angle_deg,pend_plane_heavy_frac","(14, 47)",2,-0.0586634657879709
kend_frac_x + pmid_afs_trig_std,"kend_frac_x,pmid_afs_trig_std","(9, 78)",2,-0.05872795012419141
kend_frac_y + pline_grdf_trig_max,"kend_frac_y,pline_grdf_trig_max","(10, 60)",2,-0.058751769013821356
pline_grdf_trig_max + pmid_grdf_gauss_std,"pline_grdf_trig_max,pmid_grdf_gauss_std","(60, 84)",2,-0.05878156699957533
kmid_frac_x + pline_plane_heavy_frac,"kmid_frac_x,pline_plane_heavy_frac","(12, 64)",2,-0.0587830316768823
kinterior_degen + kvec_z,"kinterior_degen,kvec_z","(11, 22)",2,-0.05892771605687195
E_pfrac_CBM + pstart_grdf_trig_mean,"E_pfrac_CBM,pstart_grdf_trig_mean","(0, 111)",2,-0.059014634196706606
band_binary + kinterior_degen,"band_binary,kinterior_degen","(5, 11)",2,-0.05902486559161226
pend_afs_bessel_mean + pend_afs_trig_mean,"pend_afs_bessel_mean,pend_afs_trig_mean","(29, 35)",2,-0.05903524124129929
pend_afs_gauss_std + pstart_afs_bessel_mean,"pend_afs_gauss_std,pstart_afs_bessel_mean","(33, 96)",2,-0.05905532417827053
plane_angle_deg + pmid_afs_bessel_mean,"plane_angle_deg,pmid_afs_bessel_mean","(53, 71)",2,-0.05918806027958077
kpath_angle_deg + pmid_afs_trig_mean,"kpath_angle_deg,pmid_afs_trig_mean","(14, 77)",2,-0.05919255230526945
pline_grdf_trig_mean + pmid_afs_bessel_mean,"pline_grdf_trig_mean,pmid_afs_bessel_mean","(61, 71)",2,-0.05922539673089337
pend_afs_bessel_mean + pline_grdf_gauss_max,"pend_afs_bessel_mean,pline_grdf_gauss_max","(29, 57)",2,-0.05932415702071503
pmid_afs_trig_mean + pmid_grdf_gauss_mean,"pmid_afs_trig_mean,pmid_grdf_gauss_mean","(77, 83)",2,-0.05947739023566441
pline_grdf_gauss_max + pline_plane_heavy_frac,"pline_grdf_gauss_max,pline_plane_heavy_frac","(57, 64)",2,-0.059488283061940275
pline_plane_max_Z + pmid_grdf_bessel_std,"pline_plane_max_Z,pmid_grdf_bessel_std","(65, 81)",2,-0.059498354159801495
pmid_afs_gauss_mean + pstart_plane_mean_Z,"pmid_afs_gauss_mean,pstart_plane_mean_Z","(74, 117)",2,-0.05953208261506502
ktotal_weight + pline_grdf_gauss_max,"ktotal_weight,pline_grdf_gauss_max","(19, 57)",2,-0.05957405501492774
pstart_afs_trig_std + pstart_plane_max_Z,"pstart_afs_trig_std,pstart_plane_max_Z","(103, 115)",2,-0.05965450923303848
pline_grdf_trig_max + pstart_afs_bessel_mean,"pline_grdf_trig_max,pstart_afs_bessel_mean","(60, 96)",2,-0.05973125388717928
pend_afs_bessel_std + pmid_grdf_trig_mean,"pend_afs_bessel_std,pmid_grdf_trig_mean","(30, 86)",2,-0.059949610893701696
kend_degen + kstart_degen,"kend_degen,kstart_degen","(8, 16)",2,-0.06000969513438337
kstart_degen + pstart_grdf_trig_max,"kstart_degen,pstart_grdf_trig_max","(16, 110)",2,-0.060082148364069554
pend_plane_heavy_frac + pline_grdf_gauss_std,"pend_plane_heavy_frac,pline_grdf_gauss_std","(47, 59)",2,-0.06009563555217412
kmid_frac_x + pline_grdf_gauss_std,"kmid_frac_x,pline_grdf_gauss_std","(12, 59)",2,-0.06011559051990314
pmid_grdf_trig_max + radius_mean,"pmid_grdf_trig_max,radius_mean","(85, 121)",2,-0.060116885644169685
kend_degen + ktotal_weight,"kend_degen,ktotal_weight","(8, 19)",2,-0.06013411291949071
band_binary + pline_grdf_gauss_max,"band_binary,pline_grdf_gauss_max","(5, 57)",2,-0.06014894994503543
kvec_z + pend_afs_trig_std,"kvec_z,pend_afs_trig_std","(22, 36)",2,-0.06015952334610064
ktotal_weight + kvec_z,"ktotal_weight,kvec_z","(19, 22)",2,-0.06017530472416901
kstart_frac_x + pend_grdf_gauss_std,"kstart_frac_x,pend_grdf_gauss_std","(17, 42)",2,-0.0602249289178937
pend_afs_bessel_mean + pline_grdf_bessel_std,"pend_afs_bessel_mean,pline_grdf_bessel_std","(29, 56)",2,-0.060228340584787696
band_binary + pmid_afs_gauss_std,"band_binary,pmid_afs_gauss_std","(5, 75)",2,-0.06061123604530148
pend_afs_trig_std + pstart_afs_gauss_std,"pend_afs_trig_std,pstart_afs_gauss_std","(36, 100)",2,-0.060667398924097934
pline_plane_max_mass + pmid_grdf_bessel_std,"pline_plane_max_mass,pmid_grdf_bessel_std","(66, 81)",2,-0.060670296790226154
kmid_frac_x + pline_grdf_trig_mean,"kmid_frac_x,pline_grdf_trig_mean","(12, 61)",2,-0.060750411435462205
pmid_grdf_trig_mean + pstart_afs_bessel_mean,"pmid_grdf_trig_mean,pstart_afs_bessel_mean","(86, 96)",2,-0.06083541151796636
ktotal_weight + pend_afs_bessel_mean,"ktotal_weight,pend_afs_bessel_mean","(19, 29)",2,-0.06086224881640059
pend_afs_trig_mean + pmid_afs_bessel_mean,"pend_afs_trig_mean,pmid_afs_bessel_mean","(35, 71)",2,-0.06095167340910941
pend_plane_heavy_frac + pline_plane_sum_Z4,"pend_plane_heavy_frac,pline_plane_sum_Z4","(47, 69)",2,-0.06097341923079482
kend_frac_y + pend_afs_trig_std,"kend_frac_y,pend_afs_trig_std","(10, 36)",2,-0.0610328259295545
pline_grdf_bessel_mean + pmid_afs_gauss_mean,"pline_grdf_bessel_mean,pmid_afs_gauss_mean","(55, 74)",2,-0.061068833206851615
pline_grdf_bessel_std + pline_plane_mean_Z,"pline_grdf_bessel_std,pline_plane_mean_Z","(56, 67)",2,-0.06109623966832349
pline_grdf_gauss_max + pline_n_atoms_on_plane,"pline_grdf_gauss_max,pline_n_atoms_on_plane","(57, 63)",2,-0.06111668530471644
pend_plane_heavy_frac + pline_grdf_bessel_std,"pend_plane_heavy_frac,pline_grdf_bessel_std","(47, 56)",2,-0.061126387903805
kpath_angle_deg + pend_grdf_bessel_std,"kpath_angle_deg,pend_grdf_bessel_std","(14, 39)",2,-0.061129375651136277
kend_degen + kstart_frac_y,"kend_degen,kstart_frac_y","(8, 18)",2,-0.061130686269603385
kmid_frac_x + kvec_z,"kmid_frac_x,kvec_z","(12, 22)",2,-0.061176405785852817
pend_afs_bessel_mean + pstart_grdf_trig_mean,"pend_afs_bessel_mean,pstart_grdf_trig_mean","(29, 111)",2,-0.061181735438579764
E_pfrac_relevant + pend_afs_trig_max,"E_pfrac_relevant,pend_afs_trig_max","(2, 34)",2,-0.061210674107567906
pline_grdf_trig_mean + pline_plane_max_mass,"pline_grdf_trig_mean,pline_plane_max_mass","(61, 66)",2,-0.061271706851515575
kstart_frac_y + pend_afs_gauss_mean,"kstart_frac_y,pend_afs_gauss_mean","(18, 32)",2,-0.061289174929718124
pline_grdf_trig_max + pmid_afs_bessel_mean,"pline_grdf_trig_max,pmid_afs_bessel_mean","(60, 71)",2,-0.061377149176723586
kpath_real_distance + pend_afs_bessel_mean,"kpath_real_distance,pend_afs_bessel_mean","(15, 29)",2,-0.06137863967259891
pend_plane_heavy_frac + pline_plane_mean_Z,"pend_plane_heavy_frac,pline_plane_mean_Z","(47, 67)",2,-0.06143308973543891
pmid_afs_gauss_max + pstart_afs_bessel_mean,"pmid_afs_gauss_max,pstart_afs_bessel_mean","(73, 96)",2,-0.06161661116923696
kend_degen + pline_plane_max_Z,"kend_degen,pline_plane_max_Z","(8, 65)",2,-0.06164319219806147
pend_grdf_gauss_std + pline_plane_mean_Z,"pend_grdf_gauss_std,pline_plane_mean_Z","(42, 67)",2,-0.06165189407262837
pline_grdf_trig_max + pline_plane_max_Z,"pline_grdf_trig_max,pline_plane_max_Z","(60, 65)",2,-0.06167772284758157
kvec_z + plane_angle_deg,"kvec_z,plane_angle_deg","(22, 53)",2,-0.061729448243842876
pend_afs_bessel_std + pmid_grdf_gauss_mean,"pend_afs_bessel_std,pmid_grdf_gauss_mean","(30, 83)",2,-0.06175828241429151
pend_afs_gauss_mean + pmid_afs_bessel_mean,"pend_afs_gauss_mean,pmid_afs_bessel_mean","(32, 71)",2,-0.061786214643843686
pline_grdf_gauss_max + pline_grdf_trig_mean,"pline_grdf_gauss_max,pline_grdf_trig_mean","(57, 61)",2,-0.061792951668387254
pline_grdf_bessel_std + pline_grdf_trig_max,"pline_grdf_bessel_std,pline_grdf_trig_max","(56, 60)",2,-0.06181064759656496
pline_grdf_gauss_std + pline_plane_heavy_frac,"pline_grdf_gauss_std,pline_plane_heavy_frac","(59, 64)",2,-0.061899156073332295
kend_degen + pline_grdf_gauss_mean,"kend_degen,pline_grdf_gauss_mean","(8, 58)",2,-0.06195919038912634
kend_frac_y + pline_grdf_trig_mean,"kend_frac_y,pline_grdf_trig_mean","(10, 61)",2,-0.06200975192506528
pline_grdf_trig_max + pline_plane_max_mass,"pline_grdf_trig_max,pline_plane_max_mass","(60, 66)",2,-0.062016502966108854
pend_grdf_bessel_std + pmid_afs_bessel_mean,"pend_grdf_bessel_std,pmid_afs_bessel_mean","(39, 71)",2,-0.06205133589204568
pend_afs_bessel_mean + pline_grdf_gauss_std,"pend_afs_bessel_mean,pline_grdf_gauss_std","(29, 59)",2,-0.062053321434537054
pline_plane_heavy_frac + pstart_afs_trig_std,"pline_plane_heavy_frac,pstart_afs_trig_std","(64, 103)",2,-0.0620550471514915
pend_plane_heavy_frac + pstart_grdf_trig_mean,"pend_plane_heavy_frac,pstart_grdf_trig_mean","(47, 111)",2,-0.062199520609582025
pend_plane_heavy_frac + plane_angle_deg,"pend_plane_heavy_frac,plane_angle_deg","(47, 53)",2,-0.062243513680959706
pend_afs_gauss_max + pstart_grdf_gauss_max,"pend_afs_gauss_max,pstart_grdf_gauss_max","(31, 107)",2,-0.062327345526793865
kvec_z + pline_plane_mean_Z,"kvec_z,pline_plane_mean_Z","(22, 67)",2,-0.06250271339536917
pline_grdf_gauss_std + pline_grdf_trig_max,"pline_grdf_gauss_std,pline_grdf_trig_max","(59, 60)",2,-0.06263224105887286
pline_grdf_trig_mean + pline_plane_max_Z,"pline_grdf_trig_mean,pline_plane_max_Z","(61, 65)",2,-0.06274783136420267
kmid_frac_y + pmid_grdf_gauss_std,"kmid_frac_y,pmid_grdf_gauss_std","(13, 84)",2,-0.06278472679206296
pmid_afs_trig_max + pmid_grdf_gauss_max,"pmid_afs_trig_max,pmid_grdf_gauss_max","(76, 82)",2,-0.0628826985552167
kend_frac_x + pline_grdf_trig_max,"kend_frac_x,pline_grdf_trig_max","(9, 60)",2,-0.06288749444781397
plane_angle_deg + pstart_afs_bessel_mean,"plane_angle_deg,pstart_afs_bessel_mean","(53, 96)",2,-0.06290176913528134
kstart_frac_x + pend_afs_gauss_mean,"kstart_frac_x,pend_afs_gauss_mean","(17, 32)",2,-0.06296391775910733
kend_degen + pend_plane_heavy_frac,"kend_degen,pend_plane_heavy_frac","(8, 47)",2,-0.06296412943763856
max_mass + pstart_afs_bessel_mean,"max_mass,pstart_afs_bessel_mean","(25, 96)",2,-0.06305592512795641
pmid_plane_max_mass + pstart_afs_bessel_mean,"pmid_plane_max_mass,pstart_afs_bessel_mean","(91, 96)",2,-0.06305592512795641
pend_plane_max_mass + pstart_afs_bessel_mean,"pend_plane_max_mass,pstart_afs_bessel_mean","(49, 96)",2,-0.06305592512795641
pline_grdf_gauss_std + pline_plane_mean_Z,"pline_grdf_gauss_std,pline_plane_mean_Z","(59, 67)",2,-0.06306148524267115
n_elements + pmid_grdf_bessel_std,"n_elements,pmid_grdf_bessel_std","(27, 81)",2,-0.06307849881390219
kend_frac_y + pend_afs_gauss_mean,"kend_frac_y,pend_afs_gauss_mean","(10, 32)",2,-0.06308202131361104
pend_plane_sum_Z4 + pmid_grdf_trig_mean,"pend_plane_sum_Z4,pmid_grdf_trig_mean","(52, 86)",2,-0.06313404892360223
pline_grdf_gauss_max + pmid_afs_bessel_mean,"pline_grdf_gauss_max,pmid_afs_bessel_mean","(57, 71)",2,-0.06326909385610051
mean_Z + pend_afs_gauss_mean,"mean_Z,pend_afs_gauss_mean","(26, 32)",2,-0.06327503825764244
pend_plane_heavy_frac + pline_n_atoms_on_plane,"pend_plane_heavy_frac,pline_n_atoms_on_plane","(47, 63)",2,-0.06332969752665538
kend_frac_x + pline_plane_heavy_frac,"kend_frac_x,pline_plane_heavy_frac","(9, 64)",2,-0.06335250351603872
pstart_afs_gauss_max + pstart_grdf_gauss_max,"pstart_afs_gauss_max,pstart_grdf_gauss_max","(98, 107)",2,-0.06347070640121946
mean_Z + pmid_afs_gauss_std,"mean_Z,pmid_afs_gauss_std","(26, 75)",2,-0.06348162455381352
kstart_degen + pline_grdf_gauss_max,"kstart_degen,pline_grdf_gauss_max","(16, 57)",2,-0.06349672535573463
pstart_afs_gauss_mean + pstart_grdf_trig_mean,"pstart_afs_gauss_mean,pstart_grdf_trig_mean","(99, 111)",2,-0.06366749309830963
kpath_real_distance + pstart_afs_bessel_mean,"kpath_real_distance,pstart_afs_bessel_mean","(15, 96)",2,-0.06372490879743746
pend_grdf_gauss_std + pmid_grdf_trig_std,"pend_grdf_gauss_std,pmid_grdf_trig_std","(42, 87)",2,-0.06378518511566977
pline_grdf_bessel_std + pline_plane_mean_mass,"pline_grdf_bessel_std,pline_plane_mean_mass","(56, 68)",2,-0.0637919287336725
pline_plane_heavy_frac + pmid_afs_bessel_mean,"pline_plane_heavy_frac,pmid_afs_bessel_mean","(64, 71)",2,-0.0638688120439187
kpath_angle_deg + pline_plane_sum_Z4,"kpath_angle_deg,pline_plane_sum_Z4","(14, 69)",2,-0.06387783186269216
pline_grdf_gauss_mean + pmid_afs_bessel_mean,"pline_grdf_gauss_mean,pmid_afs_bessel_mean","(58, 71)",2,-0.06388326302599034
kend_frac_y + pline_plane_mean_Z,"kend_frac_y,pline_plane_mean_Z","(10, 67)",2,-0.06427794891254975
pline_grdf_bessel_std + pline_grdf_trig_mean,"pline_grdf_bessel_std,pline_grdf_trig_mean","(56, 61)",2,-0.06434842788045843
E_pfrac_relevant + pmid_plane_sum_Z4,"E_pfrac_relevant,pmid_plane_sum_Z4","(2, 94)",2,-0.06435269983974487
kvec_z + pmid_afs_gauss_std,"kvec_z,pmid_afs_gauss_std","(22, 75)",2,-0.06438039805974419
pend_plane_heavy_frac + pline_grdf_trig_std,"pend_plane_heavy_frac,pline_grdf_trig_std","(47, 62)",2,-0.06464818919359075
kvec_z + pline_grdf_trig_std,"kvec_z,pline_grdf_trig_std","(22, 62)",2,-0.06469286145276434
kend_frac_x + kvec_z,"kend_frac_x,kvec_z","(9, 22)",2,-0.06469683861158819
kstart_frac_x + pmid_afs_bessel_mean,"kstart_frac_x,pmid_afs_bessel_mean","(17, 71)",2,-0.06492174043479149
kpath_real_distance + pend_afs_trig_std,"kpath_real_distance,pend_afs_trig_std","(15, 36)",2,-0.06505212887152449
pend_grdf_bessel_max + pstart_grdf_trig_max,"pend_grdf_bessel_max,pstart_grdf_trig_max","(37, 110)",2,-0.06507224321354606
pend_plane_sum_Z4 + pmid_grdf_bessel_std,"pend_plane_sum_Z4,pmid_grdf_bessel_std","(52, 81)",2,-0.06508686485793166
kend_frac_y + pline_grdf_trig_std,"kend_frac_y,pline_grdf_trig_std","(10, 62)",2,-0.06509411968129579
kinterior_degen + pmid_afs_bessel_mean,"kinterior_degen,pmid_afs_bessel_mean","(11, 71)",2,-0.06509545810812915
pend_grdf_gauss_max + pstart_afs_gauss_mean,"pend_grdf_gauss_max,pstart_afs_gauss_mean","(40, 99)",2,-0.0651615828147453
pend_grdf_trig_mean + pstart_afs_bessel_std,"pend_grdf_trig_mean,pstart_afs_bessel_std","(44, 97)",2,-0.06520221563746462
kmid_frac_y + kvec_z,"kmid_frac_y,kvec_z","(13, 22)",2,-0.06526966329172715
kpath_angle_deg + pend_grdf_gauss_std,"kpath_angle_deg,pend_grdf_gauss_std","(14, 42)",2,-0.06536701200083442
kvec_z + pline_plane_max_mass,"kvec_z,pline_plane_max_mass","(22, 66)",2,-0.06554624653284584
kend_degen + pmid_grdf_gauss_max,"kend_degen,pmid_grdf_gauss_max","(8, 82)",2,-0.06566067566913622
kstart_frac_y + pend_grdf_gauss_std,"kstart_frac_y,pend_grdf_gauss_std","(18, 42)",2,-0.06569218855756698
kstart_frac_y + pstart_grdf_trig_max,"kstart_frac_y,pstart_grdf_trig_max","(18, 110)",2,-0.06584828386283359
kpath_angle_deg + pmid_afs_gauss_mean,"kpath_angle_deg,pmid_afs_gauss_mean","(14, 74)",2,-0.06599767334883744
pstart_afs_bessel_mean + pstart_afs_trig_std,"pstart_afs_bessel_mean,pstart_afs_trig_std","(96, 103)",2,-0.066113651510011
kend_frac_y + pline_grdf_gauss_std,"kend_frac_y,pline_grdf_gauss_std","(10, 59)",2,-0.0661304478434483
pend_afs_bessel_mean + plane_angle_deg,"pend_afs_bessel_mean,plane_angle_deg","(29, 53)",2,-0.06619053408532738
pend_grdf_bessel_std + pstart_afs_bessel_mean,"pend_grdf_bessel_std,pstart_afs_bessel_mean","(39, 96)",2,-0.06621706698140803
band_binary + pline_grdf_trig_max,"band_binary,pline_grdf_trig_max","(5, 60)",2,-0.06628311895660352
pmid_afs_gauss_max + pstart_grdf_trig_max,"pmid_afs_gauss_max,pstart_grdf_trig_max","(73, 110)",2,-0.06629083191249938
pline_plane_mean_mass + pmid_afs_bessel_mean,"pline_plane_mean_mass,pmid_afs_bessel_mean","(68, 71)",2,-0.06629876250618402
pend_grdf_gauss_mean + pmid_grdf_bessel_std,"pend_grdf_gauss_mean,pmid_grdf_bessel_std","(41, 81)",2,-0.06631590960429593
kstart_degen + pmid_grdf_bessel_std,"kstart_degen,pmid_grdf_bessel_std","(16, 81)",2,-0.06631922706468263
pline_plane_sum_Z4 + pmid_grdf_bessel_std,"pline_plane_sum_Z4,pmid_grdf_bessel_std","(69, 81)",2,-0.06650607428458247
pstart_afs_bessel_mean + pstart_plane_max_Z,"pstart_afs_bessel_mean,pstart_plane_max_Z","(96, 115)",2,-0.06658522192801135
kend_degen + pend_afs_gauss_mean,"kend_degen,pend_afs_gauss_mean","(8, 32)",2,-0.0665990079842124
E_pfrac_CBM + pstart_afs_trig_std,"E_pfrac_CBM,pstart_afs_trig_std","(0, 103)",2,-0.06663374639591849
pline_grdf_bessel_std + pline_grdf_gauss_max,"pline_grdf_bessel_std,pline_grdf_gauss_max","(56, 57)",2,-0.06664800600431489
pline_plane_mean_mass + pstart_afs_trig_std,"pline_plane_mean_mass,pstart_afs_trig_std","(68, 103)",2,-0.06666527256968799
band_binary + pline_plane_heavy_frac,"band_binary,pline_plane_heavy_frac","(5, 64)",2,-0.06677780208468345
kend_frac_y + pend_grdf_gauss_std,"kend_frac_y,pend_grdf_gauss_std","(10, 42)",2,-0.0667856345609407
pline_grdf_bessel_std + pline_n_atoms_on_plane,"pline_grdf_bessel_std,pline_n_atoms_on_plane","(56, 63)",2,-0.06683886426690706
band_binary + pstart_grdf_trig_max,"band_binary,pstart_grdf_trig_max","(5, 110)",2,-0.06690015356507828
band_binary + pend_afs_bessel_mean,"band_binary,pend_afs_bessel_mean","(5, 29)",2,-0.06690191512335757
kend_frac_y + pstart_afs_trig_std,"kend_frac_y,pstart_afs_trig_std","(10, 103)",2,-0.06698466993610915
pend_afs_trig_std + pline_plane_heavy_frac,"pend_afs_trig_std,pline_plane_heavy_frac","(36, 64)",2,-0.06709339663750999
pline_plane_mean_Z + pstart_afs_gauss_mean,"pline_plane_mean_Z,pstart_afs_gauss_mean","(67, 99)",2,-0.06711903838477289
kend_frac_x + kinterior_degen,"kend_frac_x,kinterior_degen","(9, 11)",2,-0.0672404045284916
kpath_real_distance + pmid_grdf_gauss_max,"kpath_real_distance,pmid_grdf_gauss_max","(15, 82)",2,-0.06724626556428667
pend_grdf_bessel_std + pmid_plane_sum_Z4,"pend_grdf_bessel_std,pmid_plane_sum_Z4","(39, 94)",2,-0.06742469710117863
pend_afs_bessel_max + pend_grdf_trig_max,"pend_afs_bessel_max,pend_grdf_trig_max","(28, 43)",2,-0.06742978044104249
pend_plane_heavy_frac + pline_plane_heavy_frac,"pend_plane_heavy_frac,pline_plane_heavy_frac","(47, 64)",2,-0.06753738593747916
pend_afs_bessel_mean + pstart_afs_gauss_std,"pend_afs_bessel_mean,pstart_afs_gauss_std","(29, 100)",2,-0.06755378431421422
kmid_frac_y + pline_grdf_gauss_max,"kmid_frac_y,pline_grdf_gauss_max","(13, 57)",2,-0.0675793041398125
pend_grdf_gauss_max + pstart_afs_trig_max,"pend_grdf_gauss_max,pstart_afs_trig_max","(40, 101)",2,-0.06761414700972265
pline_grdf_gauss_mean + pline_grdf_trig_max,"pline_grdf_gauss_mean,pline_grdf_trig_max","(58, 60)",2,-0.06771566980173375
pend_grdf_bessel_max + pmid_grdf_trig_mean,"pend_grdf_bessel_max,pmid_grdf_trig_mean","(37, 86)",2,-0.06772431210968446
pline_grdf_gauss_std + pline_grdf_trig_mean,"pline_grdf_gauss_std,pline_grdf_trig_mean","(59, 61)",2,-0.06789863656097102
pmid_grdf_gauss_std + pmid_plane_heavy_frac,"pmid_grdf_gauss_std,pmid_plane_heavy_frac","(84, 89)",2,-0.06797421534332977
pmid_grdf_gauss_std + radius_diff,"pmid_grdf_gauss_std,radius_diff","(84, 120)",2,-0.06809867885752521
pend_afs_bessel_mean + pline_grdf_gauss_mean,"pend_afs_bessel_mean,pline_grdf_gauss_mean","(29, 58)",2,-0.06810401258159185
pline_grdf_gauss_std + pline_n_atoms_on_plane,"pline_grdf_gauss_std,pline_n_atoms_on_plane","(59, 63)",2,-0.06813399478659135
kmid_frac_x + pmid_afs_gauss_mean,"kmid_frac_x,pmid_afs_gauss_mean","(12, 74)",2,-0.06813619857028112
pend_grdf_bessel_std + pend_plane_sum_Z4,"pend_grdf_bessel_std,pend_plane_sum_Z4","(39, 52)",2,-0.06818883524221794
kend_degen + n_elements,"kend_degen,n_elements","(8, 27)",2,-0.06821120427171704
pline_n_atoms_on_plane + pstart_afs_bessel_mean,"pline_n_atoms_on_plane,pstart_afs_bessel_mean","(63, 96)",2,-0.06826027165510014
pline_grdf_gauss_std + pline_plane_mean_mass,"pline_grdf_gauss_std,pline_plane_mean_mass","(59, 68)",2,-0.06826199052374851
kmid_frac_x + pline_n_atoms_on_plane,"kmid_frac_x,pline_n_atoms_on_plane","(12, 63)",2,-0.0685245270783843
pstart_afs_trig_std + pstart_grdf_gauss_max,"pstart_afs_trig_std,pstart_grdf_gauss_max","(103, 107)",2,-0.06860561706798082
plane_angle_deg + pline_grdf_gauss_max,"plane_angle_deg,pline_grdf_gauss_max","(53, 57)",2,-0.06862608222610475
pend_grdf_gauss_std + pline_plane_max_Z,"pend_grdf_gauss_std,pline_plane_max_Z","(42, 65)",2,-0.0686899641388353
bandgap + pmid_afs_gauss_mean,"bandgap,pmid_afs_gauss_mean","(6, 74)",2,-0.06881607279184425
pline_plane_mean_Z + pmid_afs_bessel_mean,"pline_plane_mean_Z,pmid_afs_bessel_mean","(67, 71)",2,-0.06888309694655106
kpath_real_distance + pstart_afs_trig_std,"kpath_real_distance,pstart_afs_trig_std","(15, 103)",2,-0.06904042765583292
pend_afs_trig_mean + pstart_afs_bessel_mean,"pend_afs_trig_mean,pstart_afs_bessel_mean","(35, 96)",2,-0.0692296105534981
pend_afs_bessel_mean + pstart_plane_max_mass,"pend_afs_bessel_mean,pstart_plane_max_mass","(29, 116)",2,-0.06931576313740007
pend_afs_bessel_mean + pmid_plane_max_mass,"pend_afs_bessel_mean,pmid_plane_max_mass","(29, 91)",2,-0.06931576313740007
pend_afs_bessel_mean + pend_plane_max_mass,"pend_afs_bessel_mean,pend_plane_max_mass","(29, 49)",2,-0.06931576313740007
kpath_real_distance + pmid_afs_gauss_std,"kpath_real_distance,pmid_afs_gauss_std","(15, 75)",2,-0.06932903380717093
pend_afs_gauss_std + pend_plane_max_mass,"pend_afs_gauss_std,pend_plane_max_mass","(33, 49)",2,-0.06941128447539646
pend_afs_gauss_std + pstart_plane_max_mass,"pend_afs_gauss_std,pstart_plane_max_mass","(33, 116)",2,-0.06941128447539646
pend_afs_gauss_std + pmid_plane_max_mass,"pend_afs_gauss_std,pmid_plane_max_mass","(33, 91)",2,-0.06941128447539646
E_pfrac_relevant + pend_plane_sum_Z4,"E_pfrac_relevant,pend_plane_sum_Z4","(2, 52)",2,-0.06949513671372136
kend_frac_x + pline_grdf_trig_mean,"kend_frac_x,pline_grdf_trig_mean","(9, 61)",2,-0.06959333819528904
pstart_grdf_bessel_std + pstart_plane_max_Z,"pstart_grdf_bessel_std,pstart_plane_max_Z","(106, 115)",2,-0.06967610421926915
pmid_grdf_gauss_std + pstart_plane_heavy_frac,"pmid_grdf_gauss_std,pstart_plane_heavy_frac","(84, 114)",2,-0.06990190020049696
kend_frac_y + pline_plane_mean_mass,"kend_frac_y,pline_plane_mean_mass","(10, 68)",2,-0.06994689414685629
pline_grdf_bessel_std + pline_plane_max_Z,"pline_grdf_bessel_std,pline_plane_max_Z","(56, 65)",2,-0.07003203080779585
pend_afs_bessel_std + pstart_grdf_gauss_mean,"pend_afs_bessel_std,pstart_grdf_gauss_mean","(30, 108)",2,-0.07014144632082295
pmid_plane_max_mass + pstart_afs_trig_std,"pmid_plane_max_mass,pstart_afs_trig_std","(91, 103)",2,-0.07021621558076534
pend_plane_max_mass + pstart_afs_trig_std,"pend_plane_max_mass,pstart_afs_trig_std","(49, 103)",2,-0.07021621558076534
max_mass + pstart_afs_trig_std,"max_mass,pstart_afs_trig_std","(25, 103)",2,-0.07021621558076534
pmid_grdf_bessel_std + pstart_plane_mean_mass,"pmid_grdf_bessel_std,pstart_plane_mean_mass","(81, 118)",2,-0.0705716312974837
max_mass + pend_afs_bessel_mean,"max_mass,pend_afs_bessel_mean","(25, 29)",2,-0.0707405776491751
pline_plane_heavy_frac + pline_plane_max_mass,"pline_plane_heavy_frac,pline_plane_max_mass","(64, 66)",2,-0.07078989252654715
pmid_grdf_bessel_std + radius_diff,"pmid_grdf_bessel_std,radius_diff","(81, 120)",2,-0.070844963431108
pmid_plane_mean_mass + pstart_grdf_trig_max,"pmid_plane_mean_mass,pstart_grdf_trig_max","(93, 110)",2,-0.07096315124035138
pend_plane_heavy_frac + pline_plane_mean_mass,"pend_plane_heavy_frac,pline_plane_mean_mass","(47, 68)",2,-0.07096708820521758
band_binary + kmid_frac_x,"band_binary,kmid_frac_x","(5, 12)",2,-0.07097705578877292
kend_degen + pmid_afs_trig_mean,"kend_degen,pmid_afs_trig_mean","(8, 77)",2,-0.0709842303884926
pend_grdf_trig_mean + pmid_afs_bessel_max,"pend_grdf_trig_mean,pmid_afs_bessel_max","(44, 70)",2,-0.0710070151137074
kvec_z + pmid_afs_trig_std,"kvec_z,pmid_afs_trig_std","(22, 78)",2,-0.0710783676814182
mean_Z + pend_grdf_bessel_std,"mean_Z,pend_grdf_bessel_std","(26, 39)",2,-0.07108030480694424
kend_degen + pend_grdf_gauss_std,"kend_degen,pend_grdf_gauss_std","(8, 42)",2,-0.07115492103937593
pmid_grdf_gauss_max + pstart_afs_gauss_mean,"pmid_grdf_gauss_max,pstart_afs_gauss_mean","(82, 99)",2,-0.07125819567502287
pend_afs_gauss_max + pstart_grdf_trig_max,"pend_afs_gauss_max,pstart_grdf_trig_max","(31, 110)",2,-0.07129247394726076
E_pfrac_relevant + pstart_afs_bessel_max,"E_pfrac_relevant,pstart_afs_bessel_max","(2, 95)",2,-0.07135364732469673
kvec_z + pline_plane_max_Z,"kvec_z,pline_plane_max_Z","(22, 65)",2,-0.07142831345758775
kmid_frac_x + pline_plane_mean_Z,"kmid_frac_x,pline_plane_mean_Z","(12, 67)",2,-0.07143104476026936
pend_grdf_gauss_std + pline_plane_mean_mass,"pend_grdf_gauss_std,pline_plane_mean_mass","(42, 68)",2,-0.0716098319060757
pend_afs_gauss_mean + pline_n_atoms_on_plane,"pend_afs_gauss_mean,pline_n_atoms_on_plane","(32, 63)",2,-0.07165285263079471
pline_grdf_trig_std + pmid_grdf_bessel_std,"pline_grdf_trig_std,pmid_grdf_bessel_std","(62, 81)",2,-0.07165465403925117
pend_afs_gauss_mean + pline_grdf_bessel_mean,"pend_afs_gauss_mean,pline_grdf_bessel_mean","(32, 55)",2,-0.07178507594004187
ktotal_weight + pmid_afs_bessel_mean,"ktotal_weight,pmid_afs_bessel_mean","(19, 71)",2,-0.07185871919645208
pline_plane_mean_mass + pstart_afs_gauss_mean,"pline_plane_mean_mass,pstart_afs_gauss_mean","(68, 99)",2,-0.07187055311447188
pmid_afs_trig_mean + pstart_afs_trig_std,"pmid_afs_trig_mean,pstart_afs_trig_std","(77, 103)",2,-0.07192675279155944
kend_frac_y + pline_grdf_bessel_std,"kend_frac_y,pline_grdf_bessel_std","(10, 56)",2,-0.0719426474436727
pend_grdf_gauss_std + pline_plane_max_mass,"pend_grdf_gauss_std,pline_plane_max_mass","(42, 66)",2,-0.07195467797010731
pend_afs_bessel_std + pmid_afs_gauss_mean,"pend_afs_bessel_std,pmid_afs_gauss_mean","(30, 74)",2,-0.07200057835049703
pline_grdf_bessel_std + pline_plane_max_mass,"pline_grdf_bessel_std,pline_plane_max_mass","(56, 66)",2,-0.07200796780236925
pline_grdf_gauss_max + pline_grdf_trig_std,"pline_grdf_gauss_max,pline_grdf_trig_std","(57, 62)",2,-0.07220387368880044
kpath_real_distance + pmid_afs_trig_std,"kpath_real_distance,pmid_afs_trig_std","(15, 78)",2,-0.07241192600499664
pline_n_atoms_on_plane + pline_plane_max_mass,"pline_n_atoms_on_plane,pline_plane_max_mass","(63, 66)",2,-0.07247072580126102
pline_n_atoms_on_plane + pline_plane_mean_Z,"pline_n_atoms_on_plane,pline_plane_mean_Z","(63, 67)",2,-0.07257424741887863
band_binary + pstart_grdf_gauss_mean,"band_binary,pstart_grdf_gauss_mean","(5, 108)",2,-0.07258634401162227
pend_grdf_gauss_std + pmid_grdf_gauss_max,"pend_grdf_gauss_std,pmid_grdf_gauss_max","(42, 82)",2,-0.07266336135208414
pmid_afs_trig_mean + pstart_grdf_gauss_max,"pmid_afs_trig_mean,pstart_grdf_gauss_max","(77, 107)",2,-0.07294795481726228
pmid_afs_gauss_max + pstart_afs_trig_std,"pmid_afs_gauss_max,pstart_afs_trig_std","(73, 103)",2,-0.07302504947706352
pend_grdf_bessel_std + pend_plane_max_Z,"pend_grdf_bessel_std,pend_plane_max_Z","(39, 48)",2,-0.0731677629575738
pend_grdf_bessel_std + pmid_plane_max_Z,"pend_grdf_bessel_std,pmid_plane_max_Z","(39, 90)",2,-0.0731677629575738
pend_grdf_bessel_std + pstart_plane_max_Z,"pend_grdf_bessel_std,pstart_plane_max_Z","(39, 115)",2,-0.0731677629575738
kstart_degen + pend_afs_bessel_mean,"kstart_degen,pend_afs_bessel_mean","(16, 29)",2,-0.07322103532741911
pline_grdf_bessel_mean + pmid_grdf_bessel_std,"pline_grdf_bessel_mean,pmid_grdf_bessel_std","(55, 81)",2,-0.07326720938857045
kend_frac_y + pmid_afs_trig_std,"kend_frac_y,pmid_afs_trig_std","(10, 78)",2,-0.07327762707437427
kmid_frac_x + pline_grdf_trig_std,"kmid_frac_x,pline_grdf_trig_std","(12, 62)",2,-0.07328393215683313
pend_grdf_trig_std + pmid_grdf_gauss_std,"pend_grdf_trig_std,pmid_grdf_gauss_std","(45, 84)",2,-0.07328613045118444
pline_grdf_gauss_std + pline_plane_max_Z,"pline_grdf_gauss_std,pline_plane_max_Z","(59, 65)",2,-0.07347408204403713
pend_grdf_gauss_std + pline_grdf_bessel_max,"pend_grdf_gauss_std,pline_grdf_bessel_max","(42, 54)",2,-0.07353132701044648
pend_grdf_gauss_std + pline_grdf_gauss_mean,"pend_grdf_gauss_std,pline_grdf_gauss_mean","(42, 58)",2,-0.07356797318038133
band_binary + pstart_afs_gauss_mean,"band_binary,pstart_afs_gauss_mean","(5, 99)",2,-0.0735887552425247
pline_grdf_gauss_max + pline_grdf_gauss_std,"pline_grdf_gauss_max,pline_grdf_gauss_std","(57, 59)",2,-0.0736846379576955
pline_grdf_gauss_std + pline_plane_max_mass,"pline_grdf_gauss_std,pline_plane_max_mass","(59, 66)",2,-0.07376931044490768
pmid_plane_max_Z + pstart_afs_bessel_mean,"pmid_plane_max_Z,pstart_afs_bessel_mean","(90, 96)",2,-0.07378565314212462
pend_plane_max_Z + pstart_afs_bessel_mean,"pend_plane_max_Z,pstart_afs_bessel_mean","(48, 96)",2,-0.07378565314212462
max_Z4 + pstart_afs_bessel_mean,"max_Z4,pstart_afs_bessel_mean","(24, 96)",2,-0.07378565314212462
max_Z + pstart_afs_bessel_mean,"max_Z,pstart_afs_bessel_mean","(23, 96)",2,-0.07378565314212462
pline_grdf_gauss_std + pmid_grdf_bessel_std,"pline_grdf_gauss_std,pmid_grdf_bessel_std","(59, 81)",2,-0.07381829654727168
pend_grdf_trig_mean + pmid_plane_mean_Z,"pend_grdf_trig_mean,pmid_plane_mean_Z","(44, 92)",2,-0.07386808267070606
pmid_afs_bessel_std + pmid_afs_gauss_mean,"pmid_afs_bessel_std,pmid_afs_gauss_mean","(72, 74)",2,-0.07388457251231857
pline_plane_heavy_frac + pline_plane_max_Z,"pline_plane_heavy_frac,pline_plane_max_Z","(64, 65)",2,-0.07402027922409941
kend_frac_x + pend_plane_heavy_frac,"kend_frac_x,pend_plane_heavy_frac","(9, 47)",2,-0.07402083731526739
pend_afs_gauss_max + pend_grdf_gauss_max,"pend_afs_gauss_max,pend_grdf_gauss_max","(31, 40)",2,-0.074057713665973
pend_afs_gauss_mean + pline_grdf_trig_mean,"pend_afs_gauss_mean,pline_grdf_trig_mean","(32, 61)",2,-0.07407909889367752
kmid_frac_x + pstart_afs_trig_std,"kmid_frac_x,pstart_afs_trig_std","(12, 103)",2,-0.0741999283707753
pmid_grdf_bessel_std + pstart_grdf_gauss_max,"pmid_grdf_bessel_std,pstart_grdf_gauss_max","(81, 107)",2,-0.07424382626263873
pend_plane_heavy_frac + pline_grdf_trig_max,"pend_plane_heavy_frac,pline_grdf_trig_max","(47, 60)",2,-0.0743166980238776
pend_plane_max_Z + pstart_afs_trig_std,"pend_plane_max_Z,pstart_afs_trig_std","(48, 103)",2,-0.07433628260365292
max_Z4 + pstart_afs_trig_std,"max_Z4,pstart_afs_trig_std","(24, 103)",2,-0.07433628260365292
pmid_plane_max_Z + pstart_afs_trig_std,"pmid_plane_max_Z,pstart_afs_trig_std","(90, 103)",2,-0.07433628260365292
max_Z + pstart_afs_trig_std,"max_Z,pstart_afs_trig_std","(23, 103)",2,-0.07433628260365292
kvec_z + pline_plane_mean_mass,"kvec_z,pline_plane_mean_mass","(22, 68)",2,-0.07433966628671848
pline_n_atoms_on_plane + pline_plane_max_Z,"pline_n_atoms_on_plane,pline_plane_max_Z","(63, 65)",2,-0.07436635222368111
pmid_grdf_trig_mean + pstart_grdf_bessel_mean,"pmid_grdf_trig_mean,pstart_grdf_bessel_mean","(86, 105)",2,-0.07445060147405642
kend_frac_x + pline_grdf_gauss_std,"kend_frac_x,pline_grdf_gauss_std","(9, 59)",2,-0.07450971382636548
kvec_z + pend_afs_gauss_std,"kvec_z,pend_afs_gauss_std","(22, 33)",2,-0.0745312708692351
ktotal_weight + pline_grdf_bessel_std,"ktotal_weight,pline_grdf_bessel_std","(19, 56)",2,-0.0745317957893731
E_pfrac_VBM + kpath_real_distance,"E_pfrac_VBM,kpath_real_distance","(1, 15)",2,-0.07466239789413194
kend_frac_y + pmid_plane_heavy_frac,"kend_frac_y,pmid_plane_heavy_frac","(10, 89)",2,-0.07470708392333916
kvec_z + pstart_afs_bessel_mean,"kvec_z,pstart_afs_bessel_mean","(22, 96)",2,-0.07474870395649122
kpath_angle_deg + pend_afs_gauss_mean,"kpath_angle_deg,pend_afs_gauss_mean","(14, 32)",2,-0.07489373211886077
kend_frac_x + kend_frac_y,"kend_frac_x,kend_frac_y","(9, 10)",2,-0.07490156321675097
kend_frac_x + ktotal_weight,"kend_frac_x,ktotal_weight","(9, 19)",2,-0.07490360261112587
E_pfrac_CBM + E_pfrac_VBM,"E_pfrac_CBM,E_pfrac_VBM","(0, 1)",2,-0.07495054727345021
ktotal_weight + pline_grdf_gauss_std,"ktotal_weight,pline_grdf_gauss_std","(19, 59)",2,-0.07495527163068298
pline_n_atoms_on_plane + pline_plane_mean_mass,"pline_n_atoms_on_plane,pline_plane_mean_mass","(63, 68)",2,-0.07498742729134537
kend_degen + kstart_frac_x,"kend_degen,kstart_frac_x","(8, 17)",2,-0.07498984437659402
band_binary + pline_grdf_trig_mean,"band_binary,pline_grdf_trig_mean","(5, 61)",2,-0.07504676092628615
pline_grdf_gauss_mean + pline_grdf_trig_mean,"pline_grdf_gauss_mean,pline_grdf_trig_mean","(58, 61)",2,-0.07528846256582096
pline_grdf_trig_max + pline_plane_sum_Z4,"pline_grdf_trig_max,pline_plane_sum_Z4","(60, 69)",2,-0.07541947797411908
kend_frac_y + pline_plane_max_mass,"kend_frac_y,pline_plane_max_mass","(10, 66)",2,-0.07543479583239462
pend_grdf_gauss_std + pline_grdf_bessel_mean,"pend_grdf_gauss_std,pline_grdf_bessel_mean","(42, 55)",2,-0.07562188361955682
pstart_afs_bessel_mean + pstart_grdf_trig_std,"pstart_afs_bessel_mean,pstart_grdf_trig_std","(96, 112)",2,-0.07563010907516785
band_binary + pstart_grdf_gauss_max,"band_binary,pstart_grdf_gauss_max","(5, 107)",2,-0.07570276528354643
pline_grdf_trig_std + pline_plane_heavy_frac,"pline_grdf_trig_std,pline_plane_heavy_frac","(62, 64)",2,-0.07581606413686452
max_Z4 + pend_afs_bessel_mean,"max_Z4,pend_afs_bessel_mean","(24, 29)",2,-0.07596223649443568
max_Z + pend_afs_bessel_mean,"max_Z,pend_afs_bessel_mean","(23, 29)",2,-0.07596223649443568
pstart_afs_gauss_std + pstart_afs_trig_std,"pstart_afs_gauss_std,pstart_afs_trig_std","(100, 103)",2,-0.07598664233333792
pend_afs_gauss_mean + pend_plane_heavy_frac,"pend_afs_gauss_mean,pend_plane_heavy_frac","(32, 47)",2,-0.07607866451137082
kend_frac_y + kstart_frac_y,"kend_frac_y,kstart_frac_y","(10, 18)",2,-0.07614853425285832
pline_grdf_trig_mean + pline_plane_sum_Z4,"pline_grdf_trig_mean,pline_plane_sum_Z4","(61, 69)",2,-0.07615518723700762
kmid_frac_y + pmid_afs_bessel_mean,"kmid_frac_y,pmid_afs_bessel_mean","(13, 71)",2,-0.07621620829044588
E_pfrac_VBM + pstart_grdf_bessel_std,"E_pfrac_VBM,pstart_grdf_bessel_std","(1, 106)",2,-0.07623992648819004
kstart_frac_y + pmid_grdf_bessel_std,"kstart_frac_y,pmid_grdf_bessel_std","(18, 81)",2,-0.07627516031959777
pline_grdf_bessel_mean + pline_grdf_gauss_max,"pline_grdf_bessel_mean,pline_grdf_gauss_max","(55, 57)",2,-0.07628521096336598
pline_n_atoms_on_plane + pline_plane_heavy_frac,"pline_n_atoms_on_plane,pline_plane_heavy_frac","(63, 64)",2,-0.07630859441480772
kmid_frac_x + pline_plane_max_mass,"kmid_frac_x,pline_plane_max_mass","(12, 66)",2,-0.07638363411964944
kmid_frac_y + pend_grdf_gauss_std,"kmid_frac_y,pend_grdf_gauss_std","(13, 42)",2,-0.076471118382305
pline_grdf_trig_std + pstart_afs_trig_std,"pline_grdf_trig_std,pstart_afs_trig_std","(62, 103)",2,-0.07647844972940673
kstart_frac_y + pline_grdf_trig_max,"kstart_frac_y,pline_grdf_trig_max","(18, 60)",2,-0.07653422176213429
kvec_x + pstart_afs_trig_std,"kvec_x,pstart_afs_trig_std","(20, 103)",2,-0.07663112716316087
plane_angle_deg + pline_grdf_trig_max,"plane_angle_deg,pline_grdf_trig_max","(53, 60)",2,-0.0766357719595215
pmid_grdf_trig_max + pstart_grdf_bessel_mean,"pmid_grdf_trig_max,pstart_grdf_bessel_mean","(85, 105)",2,-0.07665439157331344
kvec_x + pend_afs_trig_std,"kvec_x,pend_afs_trig_std","(20, 36)",2,-0.07670155201331108
pend_grdf_gauss_std + pline_grdf_trig_mean,"pend_grdf_gauss_std,pline_grdf_trig_mean","(42, 61)",2,-0.07684254074388239
pend_afs_bessel_std + pstart_grdf_trig_max,"pend_afs_bessel_std,pstart_grdf_trig_max","(30, 110)",2,-0.07685446007095842
pline_grdf_trig_std + pline_plane_mean_Z,"pline_grdf_trig_std,pline_plane_mean_Z","(62, 67)",2,-0.07687640703693514
pline_grdf_gauss_max + pline_plane_mean_Z,"pline_grdf_gauss_max,pline_plane_mean_Z","(57, 67)",2,-0.07694564312982995
pline_grdf_trig_mean + pmid_grdf_bessel_std,"pline_grdf_trig_mean,pmid_grdf_bessel_std","(61, 81)",2,-0.07696881093275831
kpath_real_distance + pmid_grdf_gauss_std,"kpath_real_distance,pmid_grdf_gauss_std","(15, 84)",2,-0.07726318680429986
pend_plane_mean_mass + pmid_grdf_bessel_std,"pend_plane_mean_mass,pmid_grdf_bessel_std","(51, 81)",2,-0.07726656834195163
plane_angle_deg + pline_grdf_gauss_std,"plane_angle_deg,pline_grdf_gauss_std","(53, 59)",2,-0.07728211641394203
kmid_frac_y + pend_afs_bessel_mean,"kmid_frac_y,pend_afs_bessel_mean","(13, 29)",2,-0.07734912112279486
pmid_grdf_bessel_std + pmid_plane_mean_mass,"pmid_grdf_bessel_std,pmid_plane_mean_mass","(81, 93)",2,-0.07737219558135269
kstart_degen + pend_grdf_gauss_std,"kstart_degen,pend_grdf_gauss_std","(16, 42)",2,-0.07752558214276344
pstart_afs_bessel_std + pstart_grdf_gauss_mean,"pstart_afs_bessel_std,pstart_grdf_gauss_mean","(97, 108)",2,-0.07753821862850378
pstart_afs_bessel_mean + pstart_plane_sum_Z4,"pstart_afs_bessel_mean,pstart_plane_sum_Z4","(96, 119)",2,-0.07763349560829232
X_mean + pend_afs_bessel_mean,"X_mean,pend_afs_bessel_mean","(4, 29)",2,-0.07766376582010341
pmid_grdf_trig_mean + radius_diff,"pmid_grdf_trig_mean,radius_diff","(86, 120)",2,-0.07770962458046453
kend_frac_y + pline_n_atoms_on_plane,"kend_frac_y,pline_n_atoms_on_plane","(10, 63)",2,-0.07775454254260428
kend_frac_x + pline_n_atoms_on_plane,"kend_frac_x,pline_n_atoms_on_plane","(9, 63)",2,-0.07783939871506115
kpath_angle_deg + pmid_afs_gauss_std,"kpath_angle_deg,pmid_afs_gauss_std","(14, 75)",2,-0.07784950602184193
pend_afs_gauss_std + radius_mean,"pend_afs_gauss_std,radius_mean","(33, 121)",2,-0.0779278114773995
pline_grdf_bessel_std + pline_plane_sum_Z4,"pline_grdf_bessel_std,pline_plane_sum_Z4","(56, 69)",2,-0.07800266879080456
band_binary + pline_n_atoms_on_plane,"band_binary,pline_n_atoms_on_plane","(5, 63)",2,-0.07814159706770016
kmid_frac_x + pline_plane_mean_mass,"kmid_frac_x,pline_plane_mean_mass","(12, 68)",2,-0.07844125329970553
kpath_angle_deg + pmid_afs_trig_std,"kpath_angle_deg,pmid_afs_trig_std","(14, 78)",2,-0.07848174901504046
pend_afs_trig_mean + pstart_grdf_gauss_std,"pend_afs_trig_mean,pstart_grdf_gauss_std","(35, 109)",2,-0.07854891677989798
pline_plane_heavy_frac + pline_plane_mean_mass,"pline_plane_heavy_frac,pline_plane_mean_mass","(64, 68)",2,-0.07863902701972451
pline_grdf_gauss_max + pstart_afs_bessel_mean,"pline_grdf_gauss_max,pstart_afs_bessel_mean","(57, 96)",2,-0.07864535306554565
pend_afs_bessel_mean + pstart_grdf_bessel_std,"pend_afs_bessel_mean,pstart_grdf_bessel_std","(29, 106)",2,-0.07865692317330916
pend_afs_trig_std + pend_grdf_trig_mean,"pend_afs_trig_std,pend_grdf_trig_mean","(36, 44)",2,-0.0787067970344008
pend_afs_gauss_mean + pline_grdf_bessel_max,"pend_afs_gauss_mean,pline_grdf_bessel_max","(32, 54)",2,-0.07871620752513728
pline_grdf_trig_max + pstart_grdf_gauss_mean,"pline_grdf_trig_max,pstart_grdf_gauss_mean","(60, 108)",2,-0.07877176458143378
kend_frac_y + n_elements,"kend_frac_y,n_elements","(10, 27)",2,-0.07879030173238585
pline_plane_heavy_frac + pline_plane_mean_Z,"pline_plane_heavy_frac,pline_plane_mean_Z","(64, 67)",2,-0.07882488041908986
pend_plane_heavy_frac + pline_grdf_trig_mean,"pend_plane_heavy_frac,pline_grdf_trig_mean","(47, 61)",2,-0.07885257690340637
pend_grdf_gauss_std + radius_diff,"pend_grdf_gauss_std,radius_diff","(42, 120)",2,-0.07889287830220079
kend_frac_x + pline_grdf_bessel_std,"kend_frac_x,pline_grdf_bessel_std","(9, 56)",2,-0.07890856359554162
band_binary + pline_grdf_gauss_std,"band_binary,pline_grdf_gauss_std","(5, 59)",2,-0.07892482308438109
pend_grdf_gauss_std + pline_grdf_gauss_std,"pend_grdf_gauss_std,pline_grdf_gauss_std","(42, 59)",2,-0.07893822798342502
pline_grdf_gauss_max + pline_plane_max_mass,"pline_grdf_gauss_max,pline_plane_max_mass","(57, 66)",2,-0.07895165261642705
pline_grdf_gauss_max + pline_plane_max_Z,"pline_grdf_gauss_max,pline_plane_max_Z","(57, 65)",2,-0.07896460580413997
E_pfrac_relevant + pend_grdf_gauss_mean,"E_pfrac_relevant,pend_grdf_gauss_mean","(2, 41)",2,-0.079008858312926
kmid_frac_x + n_elements,"kmid_frac_x,n_elements","(12, 27)",2,-0.0790129094768861
plane_angle_deg + pline_grdf_bessel_std,"plane_angle_deg,pline_grdf_bessel_std","(53, 56)",2,-0.07910112895337225
plane_angle_deg + pline_plane_heavy_frac,"plane_angle_deg,pline_plane_heavy_frac","(53, 64)",2,-0.07912989217989766
kinterior_degen + pline_grdf_trig_max,"kinterior_degen,pline_grdf_trig_max","(11, 60)",2,-0.07914191649516504
kstart_frac_y + pline_grdf_gauss_max,"kstart_frac_y,pline_grdf_gauss_max","(18, 57)",2,-0.07927570108332949
pend_grdf_gauss_std + pmid_afs_gauss_std,"pend_grdf_gauss_std,pmid_afs_gauss_std","(42, 75)",2,-0.07930335751731901
pmid_afs_trig_std + pstart_grdf_gauss_max,"pmid_afs_trig_std,pstart_grdf_gauss_max","(78, 107)",2,-0.07932299862311412
pend_grdf_trig_mean + pend_plane_mean_Z,"pend_grdf_trig_mean,pend_plane_mean_Z","(44, 50)",2,-0.07939443189431217
kend_frac_y + pline_plane_max_Z,"kend_frac_y,pline_plane_max_Z","(10, 65)",2,-0.07945861355569858
pmid_grdf_trig_mean + pstart_grdf_bessel_max,"pmid_grdf_trig_mean,pstart_grdf_bessel_max","(86, 104)",2,-0.07957709319421488
kmid_frac_x + pend_afs_gauss_mean,"kmid_frac_x,pend_afs_gauss_mean","(12, 32)",2,-0.07960422947500667
E_pfrac_VBM + pstart_grdf_trig_max,"E_pfrac_VBM,pstart_grdf_trig_max","(1, 110)",2,-0.07977901924385208
pline_grdf_bessel_max + pmid_afs_bessel_mean,"pline_grdf_bessel_max,pmid_afs_bessel_mean","(54, 71)",2,-0.07978613666645493
ktotal_weight + pline_plane_heavy_frac,"ktotal_weight,pline_plane_heavy_frac","(19, 64)",2,-0.07984089391188298
pend_grdf_gauss_std + pline_grdf_bessel_std,"pend_grdf_gauss_std,pline_grdf_bessel_std","(42, 56)",2,-0.07988670515758345
kpath_angle_deg + kpath_real_distance,"kpath_angle_deg,kpath_real_distance","(14, 15)",2,-0.07992368884075554
pend_afs_gauss_std + pmid_plane_mean_Z,"pend_afs_gauss_std,pmid_plane_mean_Z","(33, 92)",2,-0.07995525081932575
kpath_angle_deg + pline_grdf_gauss_mean,"kpath_angle_deg,pline_grdf_gauss_mean","(14, 58)",2,-0.08001544078141676
ehull + pstart_grdf_gauss_mean,"ehull,pstart_grdf_gauss_mean","(7, 108)",2,-0.0800892243742822
kmid_frac_x + plane_angle_deg,"kmid_frac_x,plane_angle_deg","(12, 53)",2,-0.0802445040701574
kend_frac_x + kmid_frac_y,"kend_frac_x,kmid_frac_y","(9, 13)",2,-0.08033731416574055
pmid_grdf_bessel_std + pstart_plane_sum_Z4,"pmid_grdf_bessel_std,pstart_plane_sum_Z4","(81, 119)",2,-0.08034188084246383
ktotal_weight + pline_grdf_trig_max,"ktotal_weight,pline_grdf_trig_max","(19, 60)",2,-0.08043425832665416
kinterior_degen + pline_grdf_bessel_std,"kinterior_degen,pline_grdf_bessel_std","(11, 56)",2,-0.08044699993657342
pend_grdf_gauss_mean + pmid_afs_gauss_mean,"pend_grdf_gauss_mean,pmid_afs_gauss_mean","(41, 74)",2,-0.08050985863392349
pend_afs_bessel_mean + pmid_plane_max_Z,"pend_afs_bessel_mean,pmid_plane_max_Z","(29, 90)",2,-0.08059218614990804
pend_afs_bessel_mean + pend_plane_max_Z,"pend_afs_bessel_mean,pend_plane_max_Z","(29, 48)",2,-0.08059218614990804
pend_afs_bessel_mean + pstart_plane_max_Z,"pend_afs_bessel_mean,pstart_plane_max_Z","(29, 115)",2,-0.08059218614990804
pend_plane_mean_mass + pmid_afs_gauss_mean,"pend_plane_mean_mass,pmid_afs_gauss_mean","(51, 74)",2,-0.0806176418954249
pline_grdf_trig_std + pline_plane_max_mass,"pline_grdf_trig_std,pline_plane_max_mass","(62, 66)",2,-0.08074180086587099
kinterior_degen + pline_plane_heavy_frac,"kinterior_degen,pline_plane_heavy_frac","(11, 64)",2,-0.08074849331614249
pline_grdf_trig_mean + pline_grdf_trig_std,"pline_grdf_trig_mean,pline_grdf_trig_std","(61, 62)",2,-0.08084127523021227
pline_grdf_gauss_std + pline_plane_sum_Z4,"pline_grdf_gauss_std,pline_plane_sum_Z4","(59, 69)",2,-0.0808826429901619
kvec_z + pline_grdf_gauss_mean,"kvec_z,pline_grdf_gauss_mean","(22, 58)",2,-0.08088906115197562
pline_grdf_trig_max + pline_plane_heavy_frac,"pline_grdf_trig_max,pline_plane_heavy_frac","(60, 64)",2,-0.08093501844781341
kvec_x + pmid_grdf_gauss_std,"kvec_x,pmid_grdf_gauss_std","(20, 84)",2,-0.08094286965534025
pmid_afs_trig_std + pstart_plane_heavy_frac,"pmid_afs_trig_std,pstart_plane_heavy_frac","(78, 114)",2,-0.08100290259583746
kstart_frac_x + pstart_grdf_trig_max,"kstart_frac_x,pstart_grdf_trig_max","(17, 110)",2,-0.0810777861046226
ktotal_weight + pmid_afs_gauss_mean,"ktotal_weight,pmid_afs_gauss_mean","(19, 74)",2,-0.08113416884864515
pend_grdf_gauss_max + pmid_afs_gauss_max,"pend_grdf_gauss_max,pmid_afs_gauss_max","(40, 73)",2,-0.08113750368611192
kstart_degen + pmid_afs_bessel_mean,"kstart_degen,pmid_afs_bessel_mean","(16, 71)",2,-0.08137050743959136
kinterior_degen + pline_grdf_gauss_std,"kinterior_degen,pline_grdf_gauss_std","(11, 59)",2,-0.08144519929116892
pmid_grdf_gauss_mean + pstart_afs_trig_std,"pmid_grdf_gauss_mean,pstart_afs_trig_std","(83, 103)",2,-0.08148746131251665
pline_n_atoms_on_plane + pmid_grdf_bessel_std,"pline_n_atoms_on_plane,pmid_grdf_bessel_std","(63, 81)",2,-0.08150070301051113
pend_grdf_bessel_mean + pmid_grdf_trig_max,"pend_grdf_bessel_mean,pmid_grdf_trig_max","(38, 85)",2,-0.08161326678809422
kstart_frac_x + pend_afs_bessel_mean,"kstart_frac_x,pend_afs_bessel_mean","(17, 29)",2,-0.08173595270259829
pline_grdf_trig_std + pstart_afs_bessel_mean,"pline_grdf_trig_std,pstart_afs_bessel_mean","(62, 96)",2,-0.08180449430621281
kmid_frac_x + pline_plane_max_Z,"kmid_frac_x,pline_plane_max_Z","(12, 65)",2,-0.08183453176575006
E_pfrac_relevant + pstart_plane_sum_Z4,"E_pfrac_relevant,pstart_plane_sum_Z4","(2, 119)",2,-0.0818576209107967
kend_frac_y + plane_angle_deg,"kend_frac_y,plane_angle_deg","(10, 53)",2,-0.08189003761221558
kmid_frac_x + kmid_frac_y,"kmid_frac_x,kmid_frac_y","(12, 13)",2,-0.08202228770081454
pend_afs_bessel_mean + pline_grdf_bessel_max,"pend_afs_bessel_mean,pline_grdf_bessel_max","(29, 54)",2,-0.08211045609418577
pline_grdf_bessel_std + pline_grdf_gauss_mean,"pline_grdf_bessel_std,pline_grdf_gauss_mean","(56, 58)",2,-0.08212204237893064
kend_degen + pend_grdf_bessel_std,"kend_degen,pend_grdf_bessel_std","(8, 39)",2,-0.08215499509773908
kstart_frac_y + pstart_afs_trig_std,"kstart_frac_y,pstart_afs_trig_std","(18, 103)",2,-0.08226151449743027
pend_grdf_gauss_max + pmid_grdf_trig_std,"pend_grdf_gauss_max,pmid_grdf_trig_std","(40, 87)",2,-0.08228161380587926
kend_frac_x + kstart_frac_x,"kend_frac_x,kstart_frac_x","(9, 17)",2,-0.08232715051707717
pend_plane_heavy_frac + pmid_grdf_bessel_std,"pend_plane_heavy_frac,pmid_grdf_bessel_std","(47, 81)",2,-0.08233065326650395
plane_angle_deg + pmid_grdf_bessel_std,"plane_angle_deg,pmid_grdf_bessel_std","(53, 81)",2,-0.08247428906693392
kend_frac_x + kmid_frac_x,"kend_frac_x,kmid_frac_x","(9, 12)",2,-0.08247661024360345
plane_angle_deg + pstart_afs_trig_std,"plane_angle_deg,pstart_afs_trig_std","(53, 103)",2,-0.08256426625451725
band_binary + pline_grdf_bessel_std,"band_binary,pline_grdf_bessel_std","(5, 56)",2,-0.08260610118117176
pend_grdf_gauss_std + pline_grdf_trig_max,"pend_grdf_gauss_std,pline_grdf_trig_max","(42, 60)",2,-0.08266901427842273
pline_grdf_trig_max + pstart_afs_trig_std,"pline_grdf_trig_max,pstart_afs_trig_std","(60, 103)",2,-0.08269873811549129
pend_afs_bessel_max + pstart_grdf_trig_mean,"pend_afs_bessel_max,pstart_grdf_trig_mean","(28, 111)",2,-0.0827116894997332
pline_grdf_bessel_std + pmid_grdf_bessel_std,"pline_grdf_bessel_std,pmid_grdf_bessel_std","(56, 81)",2,-0.08280349916612477
pend_afs_trig_std + plane_angle_deg,"pend_afs_trig_std,plane_angle_deg","(36, 53)",2,-0.08291969124885676
n_elements + pline_grdf_bessel_std,"n_elements,pline_grdf_bessel_std","(27, 56)",2,-0.08306458426695287
pmid_grdf_trig_mean + pmid_plane_sum_Z4,"pmid_grdf_trig_mean,pmid_plane_sum_Z4","(86, 94)",2,-0.0831162209835263
pend_afs_bessel_mean + pline_grdf_trig_std,"pend_afs_bessel_mean,pline_grdf_trig_std","(29, 62)",2,-0.08314155148484736
kend_degen + pline_plane_sum_Z4,"kend_degen,pline_plane_sum_Z4","(8, 69)",2,-0.08315282091903016
pstart_afs_gauss_max + pstart_afs_trig_std,"pstart_afs_gauss_max,pstart_afs_trig_std","(98, 103)",2,-0.08325524997898481
pline_grdf_trig_mean + pstart_afs_trig_std,"pline_grdf_trig_mean,pstart_afs_trig_std","(61, 103)",2,-0.08330704951873132
kmid_frac_y + pend_afs_gauss_mean,"kmid_frac_y,pend_afs_gauss_mean","(13, 32)",2,-0.08332674712564643
kvec_z + pmid_grdf_gauss_max,"kvec_z,pmid_grdf_gauss_max","(22, 82)",2,-0.08335985453231218
pend_afs_gauss_mean + pstart_afs_trig_std,"pend_afs_gauss_mean,pstart_afs_trig_std","(32, 103)",2,-0.08337227118336869
n_elements + pline_grdf_gauss_std,"n_elements,pline_grdf_gauss_std","(27, 59)",2,-0.08341111219900388
pstart_grdf_trig_mean + pstart_plane_max_mass,"pstart_grdf_trig_mean,pstart_plane_max_mass","(111, 116)",2,-0.08346952135607821
kinterior_degen + pmid_afs_gauss_mean,"kinterior_degen,pmid_afs_gauss_mean","(11, 74)",2,-0.08349353702851081
pend_grdf_gauss_max + pstart_grdf_bessel_std,"pend_grdf_gauss_max,pstart_grdf_bessel_std","(40, 106)",2,-0.08350312576309393
kstart_degen + pline_plane_heavy_frac,"kstart_degen,pline_plane_heavy_frac","(16, 64)",2,-0.08352796546210821
pline_plane_max_mass + pmid_afs_bessel_mean,"pline_plane_max_mass,pmid_afs_bessel_mean","(66, 71)",2,-0.08354652248319391
pmid_afs_gauss_mean + pstart_afs_trig_std,"pmid_afs_gauss_mean,pstart_afs_trig_std","(74, 103)",2,-0.08356996629852989
pmid_afs_trig_mean + pstart_afs_bessel_mean,"pmid_afs_trig_mean,pstart_afs_bessel_mean","(77, 96)",2,-0.0835765676981796
pend_afs_trig_std + pline_grdf_trig_std,"pend_afs_trig_std,pline_grdf_trig_std","(36, 62)",2,-0.08362073770944271
pend_afs_trig_std + pline_grdf_trig_mean,"pend_afs_trig_std,pline_grdf_trig_mean","(36, 61)",2,-0.08368320777080725
plane_angle_deg + pline_grdf_trig_mean,"plane_angle_deg,pline_grdf_trig_mean","(53, 61)",2,-0.08383661284266046
pend_afs_trig_std + pline_n_atoms_on_plane,"pend_afs_trig_std,pline_n_atoms_on_plane","(36, 63)",2,-0.0838471894107626
pend_grdf_gauss_max + pmid_afs_trig_mean,"pend_grdf_gauss_max,pmid_afs_trig_mean","(40, 77)",2,-0.0838524519872732
pline_grdf_trig_std + pline_plane_mean_mass,"pline_grdf_trig_std,pline_plane_mean_mass","(62, 68)",2,-0.08392786580943826
pend_plane_heavy_frac + pline_grdf_gauss_mean,"pend_plane_heavy_frac,pline_grdf_gauss_mean","(47, 58)",2,-0.08402023230159375
pline_grdf_bessel_max + pline_grdf_trig_max,"pline_grdf_bessel_max,pline_grdf_trig_max","(54, 60)",2,-0.08409880537113197
pend_grdf_gauss_mean + pmid_afs_bessel_std,"pend_grdf_gauss_mean,pmid_afs_bessel_std","(41, 72)",2,-0.08413096190164956
kmid_frac_y + pstart_afs_bessel_mean,"kmid_frac_y,pstart_afs_bessel_mean","(13, 96)",2,-0.08414582859451972
pend_grdf_trig_mean + pstart_grdf_bessel_mean,"pend_grdf_trig_mean,pstart_grdf_bessel_mean","(44, 105)",2,-0.08418179757214483
E_pfrac_CBM + pend_afs_trig_mean,"E_pfrac_CBM,pend_afs_trig_mean","(0, 35)",2,-0.08422561581937596
pline_grdf_trig_max + pline_n_atoms_on_plane,"pline_grdf_trig_max,pline_n_atoms_on_plane","(60, 63)",2,-0.08423458006560733
pline_plane_heavy_frac + pmid_afs_gauss_std,"pline_plane_heavy_frac,pmid_afs_gauss_std","(64, 75)",2,-0.08427580843105383
kend_frac_x + pline_grdf_trig_std,"kend_frac_x,pline_grdf_trig_std","(9, 62)",2,-0.08445511058706663
ktotal_weight + pline_grdf_trig_mean,"ktotal_weight,pline_grdf_trig_mean","(19, 61)",2,-0.08448024897372539
kstart_frac_y + pline_plane_heavy_frac,"kstart_frac_y,pline_plane_heavy_frac","(18, 64)",2,-0.08451598242496335
kend_degen + pmid_plane_heavy_frac,"kend_degen,pmid_plane_heavy_frac","(8, 89)",2,-0.08451605770983919
kend_degen + pend_grdf_gauss_max,"kend_degen,pend_grdf_gauss_max","(8, 40)",2,-0.08454618471429168
pmid_afs_trig_std + pstart_afs_gauss_std,"pmid_afs_trig_std,pstart_afs_gauss_std","(78, 100)",2,-0.08456667781712524
pline_plane_max_mass + pstart_afs_bessel_mean,"pline_plane_max_mass,pstart_afs_bessel_mean","(66, 96)",2,-0.08462269082843374
pline_grdf_trig_std + pline_n_atoms_on_plane,"pline_grdf_trig_std,pline_n_atoms_on_plane","(62, 63)",2,-0.08467037499146243
kend_frac_x + pline_plane_mean_Z,"kend_frac_x,pline_plane_mean_Z","(9, 67)",2,-0.08468413939400218
pmid_grdf_gauss_std + pstart_afs_trig_max,"pmid_grdf_gauss_std,pstart_afs_trig_max","(84, 101)",2,-0.08469237003014438
pmid_afs_bessel_mean + pmid_afs_trig_mean,"pmid_afs_bessel_mean,pmid_afs_trig_mean","(71, 77)",2,-0.08471431621891581
n_elements + pmid_afs_bessel_mean,"n_elements,pmid_afs_bessel_mean","(27, 71)",2,-0.08473489917486898
kmid_frac_y + pmid_grdf_bessel_std,"kmid_frac_y,pmid_grdf_bessel_std","(13, 81)",2,-0.08489109109044204
pmid_plane_heavy_frac + pstart_afs_trig_std,"pmid_plane_heavy_frac,pstart_afs_trig_std","(89, 103)",2,-0.08495653987382001
pmid_afs_gauss_std + pmid_grdf_gauss_mean,"pmid_afs_gauss_std,pmid_grdf_gauss_mean","(75, 83)",2,-0.0850331621868123
pline_grdf_trig_mean + pline_plane_heavy_frac,"pline_grdf_trig_mean,pline_plane_heavy_frac","(61, 64)",2,-0.08504064765978943
pend_afs_gauss_mean + pend_grdf_bessel_std,"pend_afs_gauss_mean,pend_grdf_bessel_std","(32, 39)",2,-0.08508331408823491
n_elements + pline_grdf_gauss_max,"n_elements,pline_grdf_gauss_max","(27, 57)",2,-0.08509381858140028
pend_grdf_gauss_std + pline_plane_sum_Z4,"pend_grdf_gauss_std,pline_plane_sum_Z4","(42, 69)",2,-0.0851456638688548
kinterior_degen + pline_grdf_trig_mean,"kinterior_degen,pline_grdf_trig_mean","(11, 61)",2,-0.08517224006570301
pline_grdf_trig_std + pmid_afs_bessel_mean,"pline_grdf_trig_std,pmid_afs_bessel_mean","(62, 71)",2,-0.0852500770431189
pmid_afs_gauss_mean + pmid_plane_heavy_frac,"pmid_afs_gauss_mean,pmid_plane_heavy_frac","(74, 89)",2,-0.0852773569996493
pend_grdf_gauss_max + pend_grdf_gauss_std,"pend_grdf_gauss_max,pend_grdf_gauss_std","(40, 42)",2,-0.08532339669051872
pmid_grdf_gauss_max + pstart_grdf_trig_mean,"pmid_grdf_gauss_max,pstart_grdf_trig_mean","(82, 111)",2,-0.08533356013407034
pline_plane_max_mass + pmid_plane_heavy_frac,"pline_plane_max_mass,pmid_plane_heavy_frac","(66, 89)",2,-0.08544657717089496
pline_plane_max_Z + pmid_afs_bessel_mean,"pline_plane_max_Z,pmid_afs_bessel_mean","(65, 71)",2,-0.08548989319894854
pmid_grdf_trig_mean + pstart_afs_gauss_mean,"pmid_grdf_trig_mean,pstart_afs_gauss_mean","(86, 99)",2,-0.08552761681014107
kstart_frac_y + pline_grdf_trig_mean,"kstart_frac_y,pline_grdf_trig_mean","(18, 61)",2,-0.08554917830731198
kstart_frac_y + kvec_z,"kstart_frac_y,kvec_z","(18, 22)",2,-0.08574669628253866
kstart_degen + pend_plane_heavy_frac,"kstart_degen,pend_plane_heavy_frac","(16, 47)",2,-0.08578588455964853
band_binary + pend_afs_gauss_max,"band_binary,pend_afs_gauss_max","(5, 31)",2,-0.08581442878884823
kinterior_degen + pstart_afs_bessel_mean,"kinterior_degen,pstart_afs_bessel_mean","(11, 96)",2,-0.08583695388852401
kend_frac_y + kmid_frac_y,"kend_frac_y,kmid_frac_y","(10, 13)",2,-0.08588948120934543
kmid_frac_x + kstart_degen,"kmid_frac_x,kstart_degen","(12, 16)",2,-0.08591911620482243
kend_frac_y + pmid_grdf_gauss_max,"kend_frac_y,pmid_grdf_gauss_max","(10, 82)",2,-0.08599441823960237
pline_n_atoms_on_plane + pstart_afs_trig_std,"pline_n_atoms_on_plane,pstart_afs_trig_std","(63, 103)",2,-0.0860522766046301
kpath_real_distance + pend_grdf_gauss_max,"kpath_real_distance,pend_grdf_gauss_max","(15, 40)",2,-0.08605416916447417
E_pfrac_CBM + pend_afs_trig_std,"E_pfrac_CBM,pend_afs_trig_std","(0, 36)",2,-0.08613964837210948
pline_grdf_bessel_std + pline_grdf_gauss_std,"pline_grdf_bessel_std,pline_grdf_gauss_std","(56, 59)",2,-0.0862064724845633
pend_afs_bessel_max + pend_grdf_trig_mean,"pend_afs_bessel_max,pend_grdf_trig_mean","(28, 44)",2,-0.08629957260912965
mean_Z + pend_afs_gauss_std,"mean_Z,pend_afs_gauss_std","(26, 33)",2,-0.08632947035986956
pline_plane_mean_Z + pstart_afs_trig_std,"pline_plane_mean_Z,pstart_afs_trig_std","(67, 103)",2,-0.08640899090468361
pline_grdf_trig_max + pline_grdf_trig_mean,"pline_grdf_trig_max,pline_grdf_trig_mean","(60, 61)",2,-0.08666943179169258
band_binary + kvec_z,"band_binary,kvec_z","(5, 22)",2,-0.08671342182599084
pline_grdf_trig_mean + pline_n_atoms_on_plane,"pline_grdf_trig_mean,pline_n_atoms_on_plane","(61, 63)",2,-0.086788937213638
pmid_afs_bessel_mean + pstart_grdf_bessel_std,"pmid_afs_bessel_mean,pstart_grdf_bessel_std","(71, 106)",2,-0.08683819650412292
pstart_afs_bessel_mean + pstart_plane_mean_mass,"pstart_afs_bessel_mean,pstart_plane_mean_mass","(96, 118)",2,-0.08687009137555754
pline_grdf_bessel_max + pline_grdf_bessel_std,"pline_grdf_bessel_max,pline_grdf_bessel_std","(54, 56)",2,-0.08688397822107448
pmid_grdf_trig_mean + pstart_n_atoms_on_plane,"pmid_grdf_trig_mean,pstart_n_atoms_on_plane","(86, 113)",2,-0.0869107077680549
pend_grdf_gauss_std + pend_plane_heavy_frac,"pend_grdf_gauss_std,pend_plane_heavy_frac","(42, 47)",2,-0.08700976726489977
kmid_frac_y + pend_plane_heavy_frac,"kmid_frac_y,pend_plane_heavy_frac","(13, 47)",2,-0.0870162862354142
kmid_frac_y + pline_plane_heavy_frac,"kmid_frac_y,pline_plane_heavy_frac","(13, 64)",2,-0.08708140633593568
pend_afs_trig_mean + pmid_afs_gauss_mean,"pend_afs_trig_mean,pmid_afs_gauss_mean","(35, 74)",2,-0.08708385989307729
pline_grdf_gauss_mean + pstart_afs_bessel_mean,"pline_grdf_gauss_mean,pstart_afs_bessel_mean","(58, 96)",2,-0.08718097207318073
pmid_grdf_gauss_std + pstart_grdf_gauss_max,"pmid_grdf_gauss_std,pstart_grdf_gauss_max","(84, 107)",2,-0.08720697165822647
pmid_afs_gauss_mean + radius_diff,"pmid_afs_gauss_mean,radius_diff","(74, 120)",2,-0.08736040605345592
E_pfrac_CBM + pmid_afs_trig_std,"E_pfrac_CBM,pmid_afs_trig_std","(0, 78)",2,-0.08742033708591465
plane_angle_deg + pline_grdf_trig_std,"plane_angle_deg,pline_grdf_trig_std","(53, 62)",2,-0.08757548945311351
pline_plane_mean_Z + pstart_afs_bessel_mean,"pline_plane_mean_Z,pstart_afs_bessel_mean","(67, 96)",2,-0.08761152627979643
pmid_afs_gauss_std + radius_mean,"pmid_afs_gauss_std,radius_mean","(75, 121)",2,-0.08761881518696964
pline_grdf_trig_std + pline_plane_max_Z,"pline_grdf_trig_std,pline_plane_max_Z","(62, 65)",2,-0.08763619372776718
pline_grdf_bessel_std + pline_grdf_trig_std,"pline_grdf_bessel_std,pline_grdf_trig_std","(56, 62)",2,-0.08768974377355283
pstart_grdf_bessel_std + pstart_grdf_gauss_mean,"pstart_grdf_bessel_std,pstart_grdf_gauss_mean","(106, 108)",2,-0.08773247229745476
pline_grdf_gauss_max + pline_plane_sum_Z4,"pline_grdf_gauss_max,pline_plane_sum_Z4","(57, 69)",2,-0.08776397636006057
pend_afs_trig_mean + pmid_grdf_bessel_std,"pend_afs_trig_mean,pmid_grdf_bessel_std","(35, 81)",2,-0.08785659742092637
n_elements + pline_grdf_trig_max,"n_elements,pline_grdf_trig_max","(27, 60)",2,-0.08786130213108496
pline_grdf_bessel_std + pmid_afs_bessel_mean,"pline_grdf_bessel_std,pmid_afs_bessel_mean","(56, 71)",2,-0.08788210256213502
kend_frac_x + plane_angle_deg,"kend_frac_x,plane_angle_deg","(9, 53)",2,-0.08789524329079765
pline_plane_max_Z + pmid_plane_heavy_frac,"pline_plane_max_Z,pmid_plane_heavy_frac","(65, 89)",2,-0.08795992264887027
ehull + pmid_afs_gauss_std,"ehull,pmid_afs_gauss_std","(7, 75)",2,-0.08803178339764092
kend_frac_y + pstart_grdf_trig_mean,"kend_frac_y,pstart_grdf_trig_mean","(10, 111)",2,-0.08803379203656096
pline_grdf_gauss_mean + pline_plane_heavy_frac,"pline_grdf_gauss_mean,pline_plane_heavy_frac","(58, 64)",2,-0.08813429889568676
pmid_afs_gauss_max + pmid_afs_trig_std,"pmid_afs_gauss_max,pmid_afs_trig_std","(73, 78)",2,-0.08814533448298183
kmid_frac_x + pmid_afs_trig_mean,"kmid_frac_x,pmid_afs_trig_mean","(12, 77)",2,-0.08831647900960889
kstart_frac_y + pend_plane_heavy_frac,"kstart_frac_y,pend_plane_heavy_frac","(18, 47)",2,-0.08840058861017233
plane_angle_deg + pline_plane_mean_Z,"plane_angle_deg,pline_plane_mean_Z","(53, 67)",2,-0.08840482350684624
E_pfrac_VBM + pend_afs_trig_std,"E_pfrac_VBM,pend_afs_trig_std","(1, 36)",2,-0.08841397305560024
pline_grdf_trig_max + pline_grdf_trig_std,"pline_grdf_trig_max,pline_grdf_trig_std","(60, 62)",2,-0.08845962176257635
kinterior_degen + pmid_grdf_gauss_std,"kinterior_degen,pmid_grdf_gauss_std","(11, 84)",2,-0.08851215367738854
n_elements + pend_plane_heavy_frac,"n_elements,pend_plane_heavy_frac","(27, 47)",2,-0.0885337887886369
pmid_afs_gauss_mean + pmid_plane_mean_Z,"pmid_afs_gauss_mean,pmid_plane_mean_Z","(74, 92)",2,-0.08863272539494105
pend_afs_bessel_std + pend_grdf_gauss_mean,"pend_afs_bessel_std,pend_grdf_gauss_mean","(30, 41)",2,-0.08867130315232333
max_mass + pstart_grdf_bessel_std,"max_mass,pstart_grdf_bessel_std","(25, 106)",2,-0.08867270214380958
pmid_plane_max_mass + pstart_grdf_bessel_std,"pmid_plane_max_mass,pstart_grdf_bessel_std","(91, 106)",2,-0.08867270214380958
pend_plane_max_mass + pstart_grdf_bessel_std,"pend_plane_max_mass,pstart_grdf_bessel_std","(49, 106)",2,-0.08867270214380958
kinterior_degen + kstart_degen,"kinterior_degen,kstart_degen","(11, 16)",2,-0.08869094937952984
kend_frac_y + kstart_degen,"kend_frac_y,kstart_degen","(10, 16)",2,-0.0886946989238292
kstart_frac_x + pstart_afs_bessel_mean,"kstart_frac_x,pstart_afs_bessel_mean","(17, 96)",2,-0.08872429450725945
X_diff + pmid_afs_bessel_mean,"X_diff,pmid_afs_bessel_mean","(3, 71)",2,-0.0887827429319673
kend_frac_x + pend_grdf_bessel_std,"kend_frac_x,pend_grdf_bessel_std","(9, 39)",2,-0.08885824010603334
ehull + pmid_grdf_trig_mean,"ehull,pmid_grdf_trig_mean","(7, 86)",2,-0.08889925241659875
pend_plane_heavy_frac + pline_grdf_bessel_mean,"pend_plane_heavy_frac,pline_grdf_bessel_mean","(47, 55)",2,-0.08890050465230186
pline_grdf_trig_mean + pstart_grdf_gauss_mean,"pline_grdf_trig_mean,pstart_grdf_gauss_mean","(61, 108)",2,-0.08894100380837933
pmid_afs_gauss_mean + pmid_grdf_gauss_mean,"pmid_afs_gauss_mean,pmid_grdf_gauss_mean","(74, 83)",2,-0.08898851470091182
pline_grdf_bessel_mean + pline_grdf_bessel_std,"pline_grdf_bessel_mean,pline_grdf_bessel_std","(55, 56)",2,-0.0890761500403003
pend_plane_heavy_frac + pstart_afs_trig_std,"pend_plane_heavy_frac,pstart_afs_trig_std","(47, 103)",2,-0.08912501861913462
pmid_grdf_gauss_std + pstart_afs_gauss_std,"pmid_grdf_gauss_std,pstart_afs_gauss_std","(84, 100)",2,-0.08916325518005778
kend_frac_x + pline_plane_mean_mass,"kend_frac_x,pline_plane_mean_mass","(9, 68)",2,-0.08919515908313953
kend_frac_y + pline_grdf_gauss_mean,"kend_frac_y,pline_grdf_gauss_mean","(10, 58)",2,-0.08921755821594017
band_binary + kend_frac_x,"band_binary,kend_frac_x","(5, 9)",2,-0.08923506425295544
pline_grdf_gauss_mean + pline_n_atoms_on_plane,"pline_grdf_gauss_mean,pline_n_atoms_on_plane","(58, 63)",2,-0.08926009172370405
kend_frac_x + pmid_plane_heavy_frac,"kend_frac_x,pmid_plane_heavy_frac","(9, 89)",2,-0.08926549188047853
pmid_afs_gauss_mean + pmid_afs_trig_std,"pmid_afs_gauss_mean,pmid_afs_trig_std","(74, 78)",2,-0.0893082829879828
pmid_afs_bessel_std + pstart_grdf_trig_mean,"pmid_afs_bessel_std,pstart_grdf_trig_mean","(72, 111)",2,-0.08952763295058168
kmid_frac_y + kstart_frac_y,"kmid_frac_y,kstart_frac_y","(13, 18)",2,-0.08959315897436981
pmid_grdf_bessel_std + pstart_plane_mean_Z,"pmid_grdf_bessel_std,pstart_plane_mean_Z","(81, 117)",2,-0.08962538886123812
pline_grdf_bessel_max + pline_grdf_trig_mean,"pline_grdf_bessel_max,pline_grdf_trig_mean","(54, 61)",2,-0.08963179249376793
pstart_grdf_gauss_std + pstart_plane_max_Z,"pstart_grdf_gauss_std,pstart_plane_max_Z","(109, 115)",2,-0.08980781111036848
pline_grdf_gauss_mean + pline_grdf_gauss_std,"pline_grdf_gauss_mean,pline_grdf_gauss_std","(58, 59)",2,-0.08981712456310657
kend_degen + pend_afs_trig_std,"kend_degen,pend_afs_trig_std","(8, 36)",2,-0.08988398540669677
ktotal_weight + pstart_afs_bessel_mean,"ktotal_weight,pstart_afs_bessel_mean","(19, 96)",2,-0.08990076752418427
X_mean + pstart_grdf_trig_max,"X_mean,pstart_grdf_trig_max","(4, 110)",2,-0.09017895739082034
ktotal_weight + pline_n_atoms_on_plane,"ktotal_weight,pline_n_atoms_on_plane","(19, 63)",2,-0.09023714521544783
E_pfrac_CBM + pend_grdf_bessel_std,"E_pfrac_CBM,pend_grdf_bessel_std","(0, 39)",2,-0.09026044413318005
X_diff + pstart_afs_bessel_mean,"X_diff,pstart_afs_bessel_mean","(3, 96)",2,-0.09033545316145022
n_elements + pstart_grdf_trig_max,"n_elements,pstart_grdf_trig_max","(27, 110)",2,-0.09037148297629793
kmid_frac_y + pline_grdf_trig_max,"kmid_frac_y,pline_grdf_trig_max","(13, 60)",2,-0.09046025859125273
pline_grdf_bessel_max + pstart_afs_trig_std,"pline_grdf_bessel_max,pstart_afs_trig_std","(54, 103)",2,-0.09046899676486134
ktotal_weight + pline_plane_mean_Z,"ktotal_weight,pline_plane_mean_Z","(19, 67)",2,-0.09047386089467517
X_diff + pstart_grdf_trig_mean,"X_diff,pstart_grdf_trig_mean","(3, 111)",2,-0.09057807166567741
kpath_real_distance + pstart_grdf_trig_max,"kpath_real_distance,pstart_grdf_trig_max","(15, 110)",2,-0.09061667964825189
pline_plane_sum_Z4 + pmid_afs_bessel_mean,"pline_plane_sum_Z4,pmid_afs_bessel_mean","(69, 71)",2,-0.0907452255773256
kpath_real_distance + pmid_afs_gauss_mean,"kpath_real_distance,pmid_afs_gauss_mean","(15, 74)",2,-0.09076887229685604
pline_plane_heavy_frac + pmid_afs_trig_std,"pline_plane_heavy_frac,pmid_afs_trig_std","(64, 78)",2,-0.09094554905078425
ehull + pmid_grdf_gauss_std,"ehull,pmid_grdf_gauss_std","(7, 84)",2,-0.09097720458861742
kstart_frac_y + pmid_afs_bessel_mean,"kstart_frac_y,pmid_afs_bessel_mean","(18, 71)",2,-0.09099902173728155
pline_grdf_gauss_max + pline_plane_mean_mass,"pline_grdf_gauss_max,pline_plane_mean_mass","(57, 68)",2,-0.0910230505333011
n_elements + pstart_grdf_gauss_mean,"n_elements,pstart_grdf_gauss_mean","(27, 108)",2,-0.09113227793892949
E_pfrac_VBM + pstart_afs_trig_std,"E_pfrac_VBM,pstart_afs_trig_std","(1, 103)",2,-0.09113302666079919
pend_afs_gauss_mean + pstart_afs_bessel_mean,"pend_afs_gauss_mean,pstart_afs_bessel_mean","(32, 96)",2,-0.09115414467892344
kmid_frac_y + pline_grdf_gauss_std,"kmid_frac_y,pline_grdf_gauss_std","(13, 59)",2,-0.09116908442830671
kend_frac_x + pline_plane_max_mass,"kend_frac_x,pline_plane_max_mass","(9, 66)",2,-0.09117002158520433
pend_grdf_gauss_mean + pend_grdf_trig_mean,"pend_grdf_gauss_mean,pend_grdf_trig_mean","(41, 44)",2,-0.09121890000242408
kstart_degen + kvec_z,"kstart_degen,kvec_z","(16, 22)",2,-0.09123409313755448
n_elements + pline_plane_heavy_frac,"n_elements,pline_plane_heavy_frac","(27, 64)",2,-0.0912670431326088
kend_frac_y + pstart_plane_heavy_frac,"kend_frac_y,pstart_plane_heavy_frac","(10, 114)",2,-0.09128315636371262
pend_grdf_gauss_std + pmid_plane_heavy_frac,"pend_grdf_gauss_std,pmid_plane_heavy_frac","(42, 89)",2,-0.09139078054070855
pstart_grdf_trig_mean + pstart_plane_max_Z,"pstart_grdf_trig_mean,pstart_plane_max_Z","(111, 115)",2,-0.09139642494428886
pend_afs_trig_std + pstart_grdf_gauss_max,"pend_afs_trig_std,pstart_grdf_gauss_max","(36, 107)",2,-0.09140103900693904
kend_frac_x + pmid_grdf_gauss_max,"kend_frac_x,pmid_grdf_gauss_max","(9, 82)",2,-0.09141165338651039
pline_plane_max_mass + pstart_plane_heavy_frac,"pline_plane_max_mass,pstart_plane_heavy_frac","(66, 114)",2,-0.09141998039618085
pmid_afs_gauss_mean + pmid_plane_mean_mass,"pmid_afs_gauss_mean,pmid_plane_mean_mass","(74, 93)",2,-0.09142004686052962
pend_grdf_bessel_std + pstart_plane_sum_Z4,"pend_grdf_bessel_std,pstart_plane_sum_Z4","(39, 119)",2,-0.09142754760383678
pline_grdf_gauss_std + pstart_afs_bessel_mean,"pline_grdf_gauss_std,pstart_afs_bessel_mean","(59, 96)",2,-0.091470583184085
band_binary + pstart_afs_bessel_mean,"band_binary,pstart_afs_bessel_mean","(5, 96)",2,-0.0915636983200088
pline_plane_mean_mass + pstart_afs_bessel_mean,"pline_plane_mean_mass,pstart_afs_bessel_mean","(68, 96)",2,-0.09165231936875935
pstart_plane_heavy_frac + radius_diff,"pstart_plane_heavy_frac,radius_diff","(114, 120)",2,-0.0916896128735438
pline_grdf_trig_std + pmid_afs_gauss_std,"pline_grdf_trig_std,pmid_afs_gauss_std","(62, 75)",2,-0.09170904873636629
E_pfrac_VBM + pmid_afs_trig_mean,"E_pfrac_VBM,pmid_afs_trig_mean","(1, 77)",2,-0.09178332182785287
kend_frac_x + kstart_frac_y,"kend_frac_x,kstart_frac_y","(9, 18)",2,-0.09179372972853198
pend_afs_bessel_mean + pstart_afs_trig_std,"pend_afs_bessel_mean,pstart_afs_trig_std","(29, 103)",2,-0.0918077340673394
pend_afs_gauss_mean + sum_Z4,"pend_afs_gauss_mean,sum_Z4","(32, 122)",2,-0.09181344193105705
X_diff + pend_afs_bessel_mean,"X_diff,pend_afs_bessel_mean","(3, 29)",2,-0.09189617980513298
kstart_degen + pline_plane_max_mass,"kstart_degen,pline_plane_max_mass","(16, 66)",2,-0.09190456683822674
pend_grdf_gauss_std + pline_grdf_gauss_max,"pend_grdf_gauss_std,pline_grdf_gauss_max","(42, 57)",2,-0.09193344798154748
pstart_afs_gauss_mean + pstart_grdf_gauss_max,"pstart_afs_gauss_mean,pstart_grdf_gauss_max","(99, 107)",2,-0.09195508199215849
pend_afs_bessel_std + pend_afs_gauss_mean,"pend_afs_bessel_std,pend_afs_gauss_mean","(30, 32)",2,-0.0919910094129911
kend_frac_y + kinterior_degen,"kend_frac_y,kinterior_degen","(10, 11)",2,-0.09203665745373561
kpath_real_distance + pend_afs_gauss_std,"kpath_real_distance,pend_afs_gauss_std","(15, 33)",2,-0.09205946195627539
pend_afs_gauss_mean + radius_diff,"pend_afs_gauss_mean,radius_diff","(32, 120)",2,-0.09210087611254095
ktotal_weight + pline_grdf_trig_std,"ktotal_weight,pline_grdf_trig_std","(19, 62)",2,-0.09210100932171197
plane_angle_deg + pline_plane_mean_mass,"plane_angle_deg,pline_plane_mean_mass","(53, 68)",2,-0.09212568727505044
kinterior_degen + pline_n_atoms_on_plane,"kinterior_degen,pline_n_atoms_on_plane","(11, 63)",2,-0.09214683240398899
pend_grdf_trig_max + radius_mean,"pend_grdf_trig_max,radius_mean","(43, 121)",2,-0.0922227144135076
pline_grdf_bessel_max + pline_grdf_gauss_max,"pline_grdf_bessel_max,pline_grdf_gauss_max","(54, 57)",2,-0.09223733661577527
pend_afs_trig_std + pline_grdf_trig_max,"pend_afs_trig_std,pline_grdf_trig_max","(36, 60)",2,-0.09229016176064431
pline_grdf_bessel_mean + pmid_afs_bessel_mean,"pline_grdf_bessel_mean,pmid_afs_bessel_mean","(55, 71)",2,-0.09236658382499756
kstart_degen + pline_grdf_trig_max,"kstart_degen,pline_grdf_trig_max","(16, 60)",2,-0.09240404663313881
kmid_frac_y + pline_grdf_bessel_std,"kmid_frac_y,pline_grdf_bessel_std","(13, 56)",2,-0.09242972032417777
pend_grdf_bessel_std + pline_grdf_bessel_max,"pend_grdf_bessel_std,pline_grdf_bessel_max","(39, 54)",2,-0.0924634263445119
kstart_degen + pend_afs_gauss_std,"kstart_degen,pend_afs_gauss_std","(16, 33)",2,-0.09248744573613495
kinterior_degen + pline_plane_mean_Z,"kinterior_degen,pline_plane_mean_Z","(11, 67)",2,-0.09267563743736906
kpath_angle_deg + pmid_plane_heavy_frac,"kpath_angle_deg,pmid_plane_heavy_frac","(14, 89)",2,-0.09268049361958297
kstart_degen + pline_plane_mean_Z,"kstart_degen,pline_plane_mean_Z","(16, 67)",2,-0.09280901862355144
plane_angle_deg + pline_n_atoms_on_plane,"plane_angle_deg,pline_n_atoms_on_plane","(53, 63)",2,-0.09282005994654259
pline_plane_max_Z + pstart_plane_heavy_frac,"pline_plane_max_Z,pstart_plane_heavy_frac","(65, 114)",2,-0.09289554552966468
pend_plane_heavy_frac + radius_diff,"pend_plane_heavy_frac,radius_diff","(47, 120)",2,-0.09294887345861866
pend_afs_trig_std + pmid_grdf_trig_mean,"pend_afs_trig_std,pmid_grdf_trig_mean","(36, 86)",2,-0.09299676270042086
kend_degen + pstart_afs_trig_std,"kend_degen,pstart_afs_trig_std","(8, 103)",2,-0.09299896419695981
E_pfrac_VBM + pend_afs_gauss_std,"E_pfrac_VBM,pend_afs_gauss_std","(1, 33)",2,-0.09311317513070147
kend_degen + pline_grdf_bessel_max,"kend_degen,pline_grdf_bessel_max","(8, 54)",2,-0.09316626354181283
kpath_real_distance + pend_grdf_bessel_std,"kpath_real_distance,pend_grdf_bessel_std","(15, 39)",2,-0.0932416788590974
pend_plane_max_mass + pstart_grdf_trig_mean,"pend_plane_max_mass,pstart_grdf_trig_mean","(49, 111)",2,-0.09330911274115539
pmid_plane_max_mass + pstart_grdf_trig_mean,"pmid_plane_max_mass,pstart_grdf_trig_mean","(91, 111)",2,-0.09330911274115539
max_mass + pstart_grdf_trig_mean,"max_mass,pstart_grdf_trig_mean","(25, 111)",2,-0.09330911274115539
kend_degen + pstart_plane_heavy_frac,"kend_degen,pstart_plane_heavy_frac","(8, 114)",2,-0.09338467403717483
pmid_afs_gauss_max + pmid_grdf_gauss_mean,"pmid_afs_gauss_max,pmid_grdf_gauss_mean","(73, 83)",2,-0.09340113383937174
mean_Z + pstart_grdf_trig_max,"mean_Z,pstart_grdf_trig_max","(26, 110)",2,-0.09349072032017156
pmid_grdf_bessel_std + pstart_grdf_bessel_mean,"pmid_grdf_bessel_std,pstart_grdf_bessel_mean","(81, 105)",2,-0.09353876331907063
pline_grdf_bessel_mean + pline_grdf_gauss_std,"pline_grdf_bessel_mean,pline_grdf_gauss_std","(55, 59)",2,-0.09363226488985028
pmid_afs_gauss_std + pstart_plane_sum_Z4,"pmid_afs_gauss_std,pstart_plane_sum_Z4","(75, 119)",2,-0.09363467639326713
pend_afs_trig_std + pline_grdf_gauss_max,"pend_afs_trig_std,pline_grdf_gauss_max","(36, 57)",2,-0.09376956845027011
ktotal_weight + pline_plane_mean_mass,"ktotal_weight,pline_plane_mean_mass","(19, 68)",2,-0.09381453750583275
pline_grdf_trig_max + pmid_grdf_bessel_std,"pline_grdf_trig_max,pmid_grdf_bessel_std","(60, 81)",2,-0.09382863391022171
pend_afs_bessel_mean + pline_plane_max_Z,"pend_afs_bessel_mean,pline_plane_max_Z","(29, 65)",2,-0.09383364291772633
pmid_afs_gauss_mean + pstart_grdf_gauss_mean,"pmid_afs_gauss_mean,pstart_grdf_gauss_mean","(74, 108)",2,-0.09411097178174521
kinterior_degen + pline_plane_mean_mass,"kinterior_degen,pline_plane_mean_mass","(11, 68)",2,-0.09411612421826014
kpath_angle_deg + max_Z,"kpath_angle_deg,max_Z","(14, 23)",2,-0.09420082335997895
kpath_angle_deg + pstart_plane_max_Z,"kpath_angle_deg,pstart_plane_max_Z","(14, 115)",2,-0.09420082335997895
kpath_angle_deg + pmid_plane_max_Z,"kpath_angle_deg,pmid_plane_max_Z","(14, 90)",2,-0.09420082335997895
kpath_angle_deg + max_Z4,"kpath_angle_deg,max_Z4","(14, 24)",2,-0.09420082335997895
kpath_angle_deg + pend_plane_max_Z,"kpath_angle_deg,pend_plane_max_Z","(14, 48)",2,-0.09420082335997895
kvec_z + n_elements,"kvec_z,n_elements","(22, 27)",2,-0.09421942204169778
pend_afs_trig_std + pline_plane_mean_Z,"pend_afs_trig_std,pline_plane_mean_Z","(36, 67)",2,-0.09429368113631445
band_binary + plane_angle_deg,"band_binary,plane_angle_deg","(5, 53)",2,-0.09437046799135371
pend_afs_gauss_max + pstart_grdf_trig_mean,"pend_afs_gauss_max,pstart_grdf_trig_mean","(31, 111)",2,-0.09437605685301378
kmid_frac_x + kstart_frac_x,"kmid_frac_x,kstart_frac_x","(12, 17)",2,-0.09443484149194867
pline_grdf_gauss_max + pstart_afs_trig_std,"pline_grdf_gauss_max,pstart_afs_trig_std","(57, 103)",2,-0.09445695330554235
pline_plane_max_Z + pstart_afs_bessel_mean,"pline_plane_max_Z,pstart_afs_bessel_mean","(65, 96)",2,-0.09453607703833093
pmid_grdf_gauss_mean + pstart_grdf_trig_max,"pmid_grdf_gauss_mean,pstart_grdf_trig_max","(83, 110)",2,-0.094546960433795
pline_plane_sum_Z4 + pstart_afs_bessel_mean,"pline_plane_sum_Z4,pstart_afs_bessel_mean","(69, 96)",2,-0.09455578455332628
kmid_frac_y + pline_grdf_trig_mean,"kmid_frac_y,pline_grdf_trig_mean","(13, 61)",2,-0.09457024406363808
E_pfrac_VBM + pend_afs_gauss_mean,"E_pfrac_VBM,pend_afs_gauss_mean","(1, 32)",2,-0.0946488336006579
pend_grdf_gauss_max + pstart_grdf_trig_mean,"pend_grdf_gauss_max,pstart_grdf_trig_mean","(40, 111)",2,-0.09465969623708041
pend_grdf_gauss_std + pstart_afs_gauss_std,"pend_grdf_gauss_std,pstart_afs_gauss_std","(42, 100)",2,-0.0949158662135273
pmid_grdf_bessel_mean + pmid_grdf_trig_max,"pmid_grdf_bessel_mean,pmid_grdf_trig_max","(80, 85)",2,-0.09496017363101839
kend_frac_y + kstart_frac_x,"kend_frac_y,kstart_frac_x","(10, 17)",2,-0.09500442481119994
kstart_degen + pline_grdf_trig_mean,"kstart_degen,pline_grdf_trig_mean","(16, 61)",2,-0.09506376195155401
kstart_frac_x + pline_grdf_gauss_max,"kstart_frac_x,pline_grdf_gauss_max","(17, 57)",2,-0.0950689325642073
pstart_grdf_gauss_std + pstart_grdf_trig_mean,"pstart_grdf_gauss_std,pstart_grdf_trig_mean","(109, 111)",2,-0.09514038158929095
pline_grdf_bessel_max + pline_grdf_gauss_std,"pline_grdf_bessel_max,pline_grdf_gauss_std","(54, 59)",2,-0.09518244889592731
pline_grdf_gauss_std + pline_grdf_trig_std,"pline_grdf_gauss_std,pline_grdf_trig_std","(59, 62)",2,-0.09526402384229038
kstart_frac_y + pline_grdf_gauss_std,"kstart_frac_y,pline_grdf_gauss_std","(18, 59)",2,-0.09534199666572725
pstart_afs_bessel_mean + sum_Z4,"pstart_afs_bessel_mean,sum_Z4","(96, 122)",2,-0.09537694263858462
band_binary + kmid_frac_y,"band_binary,kmid_frac_y","(5, 13)",2,-0.09545127481640128
pend_afs_bessel_mean + pmid_plane_sum_Z4,"pend_afs_bessel_mean,pmid_plane_sum_Z4","(29, 94)",2,-0.09546335621161531
kinterior_degen + kmid_frac_x,"kinterior_degen,kmid_frac_x","(11, 12)",2,-0.0954984466942588
pend_afs_bessel_mean + pline_plane_max_mass,"pend_afs_bessel_mean,pline_plane_max_mass","(29, 66)",2,-0.09557859070867789
pend_afs_bessel_mean + pmid_grdf_gauss_std,"pend_afs_bessel_mean,pmid_grdf_gauss_std","(29, 84)",2,-0.09564758406019505
kstart_degen + ktotal_weight,"kstart_degen,ktotal_weight","(16, 19)",2,-0.09576697093359113
kmid_frac_y + pstart_afs_trig_std,"kmid_frac_y,pstart_afs_trig_std","(13, 103)",2,-0.09583630862722423
pline_plane_mean_Z + pmid_plane_heavy_frac,"pline_plane_mean_Z,pmid_plane_heavy_frac","(67, 89)",2,-0.09584676562175835
kmid_frac_y + pline_plane_mean_Z,"kmid_frac_y,pline_plane_mean_Z","(13, 67)",2,-0.09590910495222685
kinterior_degen + pline_grdf_trig_std,"kinterior_degen,pline_grdf_trig_std","(11, 62)",2,-0.09595388841449493
kinterior_degen + pend_grdf_gauss_std,"kinterior_degen,pend_grdf_gauss_std","(11, 42)",2,-0.09607283146064904
pline_grdf_gauss_mean + pline_plane_max_mass,"pline_grdf_gauss_mean,pline_plane_max_mass","(58, 66)",2,-0.0961171914238625
pline_grdf_bessel_mean + pline_grdf_trig_max,"pline_grdf_bessel_mean,pline_grdf_trig_max","(55, 60)",2,-0.0961263615797896
band_binary + pline_grdf_trig_std,"band_binary,pline_grdf_trig_std","(5, 62)",2,-0.09613345734112717
max_Z + pstart_grdf_bessel_std,"max_Z,pstart_grdf_bessel_std","(23, 106)",2,-0.0961655544809488
pmid_plane_max_Z + pstart_grdf_bessel_std,"pmid_plane_max_Z,pstart_grdf_bessel_std","(90, 106)",2,-0.0961655544809488
pend_plane_max_Z + pstart_grdf_bessel_std,"pend_plane_max_Z,pstart_grdf_bessel_std","(48, 106)",2,-0.0961655544809488
max_Z4 + pstart_grdf_bessel_std,"max_Z4,pstart_grdf_bessel_std","(24, 106)",2,-0.0961655544809488
kmid_frac_x + pmid_afs_gauss_std,"kmid_frac_x,pmid_afs_gauss_std","(12, 75)",2,-0.0962657192697155
kstart_frac_y + pline_grdf_bessel_std,"kstart_frac_y,pline_grdf_bessel_std","(18, 56)",2,-0.09627613095361913
kstart_degen + pline_plane_max_Z,"kstart_degen,pline_plane_max_Z","(16, 65)",2,-0.09635021348116238
pend_afs_bessel_mean + pmid_afs_trig_mean,"pend_afs_bessel_mean,pmid_afs_trig_mean","(29, 77)",2,-0.09638302171222038
pmid_plane_mean_mass + pstart_afs_bessel_mean,"pmid_plane_mean_mass,pstart_afs_bessel_mean","(93, 96)",2,-0.09643240672115364
pline_n_atoms_on_plane + pmid_afs_trig_std,"pline_n_atoms_on_plane,pmid_afs_trig_std","(63, 78)",2,-0.0964404457204097
pend_afs_bessel_mean + pline_plane_sum_Z4,"pend_afs_bessel_mean,pline_plane_sum_Z4","(29, 69)",2,-0.09651391495476877
pmid_grdf_trig_mean + pstart_afs_gauss_max,"pmid_grdf_trig_mean,pstart_afs_gauss_max","(86, 98)",2,-0.09670149088856288
pend_grdf_gauss_std + pstart_plane_heavy_frac,"pend_grdf_gauss_std,pstart_plane_heavy_frac","(42, 114)",2,-0.09671512997105566
kmid_frac_x + pline_grdf_gauss_mean,"kmid_frac_x,pline_grdf_gauss_mean","(12, 58)",2,-0.09673983975803628
mean_Z + pstart_grdf_trig_mean,"mean_Z,pstart_grdf_trig_mean","(26, 111)",2,-0.09684348603651269
kstart_frac_x + pstart_afs_trig_std,"kstart_frac_x,pstart_afs_trig_std","(17, 103)",2,-0.0968803205234067
ktotal_weight + kvec_x,"ktotal_weight,kvec_x","(19, 20)",2,-0.09688732671717575
kpath_angle_deg + pline_grdf_bessel_max,"kpath_angle_deg,pline_grdf_bessel_max","(14, 54)",2,-0.09696040197853413
E_pfrac_CBM + pmid_grdf_gauss_std,"E_pfrac_CBM,pmid_grdf_gauss_std","(0, 84)",2,-0.09699876665373483
n_elements + pline_grdf_trig_mean,"n_elements,pline_grdf_trig_mean","(27, 61)",2,-0.09708772137531349
pend_afs_trig_std + pend_grdf_gauss_max,"pend_afs_trig_std,pend_grdf_gauss_max","(36, 40)",2,-0.09710332470154108
kstart_degen + pline_plane_mean_mass,"kstart_degen,pline_plane_mean_mass","(16, 68)",2,-0.09711177107001653
pline_plane_max_mass + pstart_afs_trig_std,"pline_plane_max_mass,pstart_afs_trig_std","(66, 103)",2,-0.09714776284808557
pline_plane_sum_Z4 + pstart_afs_trig_std,"pline_plane_sum_Z4,pstart_afs_trig_std","(69, 103)",2,-0.09722146185343972
kvec_z + pline_plane_sum_Z4,"kvec_z,pline_plane_sum_Z4","(22, 69)",2,-0.0972406107467132
pend_afs_bessel_mean + pline_grdf_bessel_mean,"pend_afs_bessel_mean,pline_grdf_bessel_mean","(29, 55)",2,-0.09725022567848407
pmid_afs_gauss_std + pmid_plane_mean_Z,"pmid_afs_gauss_std,pmid_plane_mean_Z","(75, 92)",2,-0.09725893981976877
kstart_frac_y + pline_n_atoms_on_plane,"kstart_frac_y,pline_n_atoms_on_plane","(18, 63)",2,-0.097392636849055
kmid_frac_y + pline_plane_mean_mass,"kmid_frac_y,pline_plane_mean_mass","(13, 68)",2,-0.09743114969196132
kend_frac_x + pline_plane_max_Z,"kend_frac_x,pline_plane_max_Z","(9, 65)",2,-0.09744271191859868
kmid_frac_x + kstart_frac_y,"kmid_frac_x,kstart_frac_y","(12, 18)",2,-0.09746816279210417
kend_frac_x + n_elements,"kend_frac_x,n_elements","(9, 27)",2,-0.0975602148377337
kmid_frac_x + ktotal_weight,"kmid_frac_x,ktotal_weight","(12, 19)",2,-0.09784328698485893
kend_frac_y + pline_grdf_bessel_max,"kend_frac_y,pline_grdf_bessel_max","(10, 54)",2,-0.09784429259265995
pmid_afs_bessel_mean + pstart_afs_gauss_std,"pmid_afs_bessel_mean,pstart_afs_gauss_std","(71, 100)",2,-0.09796298229518788
pend_grdf_gauss_mean + pmid_grdf_gauss_std,"pend_grdf_gauss_mean,pmid_grdf_gauss_std","(41, 84)",2,-0.09798620894470086
pline_grdf_bessel_max + pstart_afs_bessel_mean,"pline_grdf_bessel_max,pstart_afs_bessel_mean","(54, 96)",2,-0.09798942653975196
mean_Z + pstart_afs_gauss_mean,"mean_Z,pstart_afs_gauss_mean","(26, 99)",2,-0.09801953927237043
kend_frac_x + pstart_plane_heavy_frac,"kend_frac_x,pstart_plane_heavy_frac","(9, 114)",2,-0.09806212085181457
pline_plane_heavy_frac + pstart_afs_gauss_mean,"pline_plane_heavy_frac,pstart_afs_gauss_mean","(64, 99)",2,-0.09828074680806068
E_pfrac_CBM + pend_afs_bessel_mean,"E_pfrac_CBM,pend_afs_bessel_mean","(0, 29)",2,-0.09839083205152559
pend_grdf_bessel_std + pline_grdf_gauss_mean,"pend_grdf_bessel_std,pline_grdf_gauss_mean","(39, 58)",2,-0.09860399867814065
pend_afs_gauss_std + pmid_grdf_bessel_std,"pend_afs_gauss_std,pmid_grdf_bessel_std","(33, 81)",2,-0.09873184782519481
pmid_afs_trig_mean + pstart_grdf_gauss_std,"pmid_afs_trig_mean,pstart_grdf_gauss_std","(77, 109)",2,-0.09875442997671373
pend_grdf_trig_mean + pstart_grdf_trig_mean,"pend_grdf_trig_mean,pstart_grdf_trig_mean","(44, 111)",2,-0.09876319959682996
band_binary + pline_plane_max_mass,"band_binary,pline_plane_max_mass","(5, 66)",2,-0.09878148278604035
pend_afs_gauss_mean + pmid_afs_trig_std,"pend_afs_gauss_mean,pmid_afs_trig_std","(32, 78)",2,-0.09879701681878894
pline_grdf_gauss_max + pmid_afs_gauss_std,"pline_grdf_gauss_max,pmid_afs_gauss_std","(57, 75)",2,-0.09888267149673431
pmid_grdf_bessel_std + pmid_grdf_gauss_std,"pmid_grdf_bessel_std,pmid_grdf_gauss_std","(81, 84)",2,-0.0989772683386819
band_binary + pmid_afs_trig_mean,"band_binary,pmid_afs_trig_mean","(5, 77)",2,-0.0991811264429447
E_pfrac_VBM + pstart_grdf_gauss_std,"E_pfrac_VBM,pstart_grdf_gauss_std","(1, 109)",2,-0.09918595255465683
kstart_frac_y + pend_afs_trig_std,"kstart_frac_y,pend_afs_trig_std","(18, 36)",2,-0.09921754496028583
pend_grdf_gauss_std + pmid_afs_gauss_mean,"pend_grdf_gauss_std,pmid_afs_gauss_mean","(42, 74)",2,-0.09927477934938582
pend_grdf_bessel_std + pline_plane_heavy_frac,"pend_grdf_bessel_std,pline_plane_heavy_frac","(39, 64)",2,-0.0993288847997077
pend_afs_bessel_mean + pline_plane_mean_Z,"pend_afs_bessel_mean,pline_plane_mean_Z","(29, 67)",2,-0.09946197446058828
kstart_frac_y + pmid_plane_heavy_frac,"kstart_frac_y,pmid_plane_heavy_frac","(18, 89)",2,-0.09946826286375524
kend_frac_y + pline_plane_sum_Z4,"kend_frac_y,pline_plane_sum_Z4","(10, 69)",2,-0.0996012345563541
n_elements + pend_afs_bessel_mean,"n_elements,pend_afs_bessel_mean","(27, 29)",2,-0.09963209549094705
max_Z4 + pend_grdf_bessel_std,"max_Z4,pend_grdf_bessel_std","(24, 39)",2,-0.09967253231386122
max_Z + pend_grdf_bessel_std,"max_Z,pend_grdf_bessel_std","(23, 39)",2,-0.09967253231386122
kinterior_degen + pline_plane_max_mass,"kinterior_degen,pline_plane_max_mass","(11, 66)",2,-0.0997190953982732
pline_grdf_bessel_std + pstart_afs_bessel_mean,"pline_grdf_bessel_std,pstart_afs_bessel_mean","(56, 96)",2,-0.09972286226499194
n_elements + pmid_grdf_gauss_max,"n_elements,pmid_grdf_gauss_max","(27, 82)",2,-0.09988023804733041
kstart_frac_y + pmid_afs_trig_std,"kstart_frac_y,pmid_afs_trig_std","(18, 78)",2,-0.09990507033176474
kvec_z + pend_grdf_bessel_std,"kvec_z,pend_grdf_bessel_std","(22, 39)",2,-0.09995826796943748
pline_grdf_trig_mean + pmid_afs_trig_std,"pline_grdf_trig_mean,pmid_afs_trig_std","(61, 78)",2,-0.09999483593137148
pend_afs_gauss_mean + pmid_grdf_gauss_std,"pend_afs_gauss_mean,pmid_grdf_gauss_std","(32, 84)",2,-0.10003712305908956
pend_grdf_bessel_std + pmid_grdf_gauss_std,"pend_grdf_bessel_std,pmid_grdf_gauss_std","(39, 84)",2,-0.10003952797779445
X_mean + pend_afs_trig_std,"X_mean,pend_afs_trig_std","(4, 36)",2,-0.10006544508712963
kend_frac_y + ktotal_weight,"kend_frac_y,ktotal_weight","(10, 19)",2,-0.10018843062882435
X_mean + pmid_afs_trig_std,"X_mean,pmid_afs_trig_std","(4, 78)",2,-0.10022395646568008
pline_grdf_trig_std + pmid_afs_trig_std,"pline_grdf_trig_std,pmid_afs_trig_std","(62, 78)",2,-0.10022936096093353
pline_grdf_bessel_mean + pline_grdf_trig_mean,"pline_grdf_bessel_mean,pline_grdf_trig_mean","(55, 61)",2,-0.1004761756164381
X_mean + pmid_afs_bessel_mean,"X_mean,pmid_afs_bessel_mean","(4, 71)",2,-0.10049683524362171
pline_grdf_gauss_std + pmid_afs_bessel_mean,"pline_grdf_gauss_std,pmid_afs_bessel_mean","(59, 71)",2,-0.10059303550378865
ktotal_weight + pline_plane_max_mass,"ktotal_weight,pline_plane_max_mass","(19, 66)",2,-0.10060523934839413
kvec_x + pmid_afs_trig_std,"kvec_x,pmid_afs_trig_std","(20, 78)",2,-0.10060802692301336
max_Z + pstart_grdf_trig_mean,"max_Z,pstart_grdf_trig_mean","(23, 111)",2,-0.10065919604566154
pend_plane_max_Z + pstart_grdf_trig_mean,"pend_plane_max_Z,pstart_grdf_trig_mean","(48, 111)",2,-0.10065919604566154
max_Z4 + pstart_grdf_trig_mean,"max_Z4,pstart_grdf_trig_mean","(24, 111)",2,-0.10065919604566154
pmid_plane_max_Z + pstart_grdf_trig_mean,"pmid_plane_max_Z,pstart_grdf_trig_mean","(90, 111)",2,-0.10065919604566154
kinterior_degen + pline_grdf_gauss_mean,"kinterior_degen,pline_grdf_gauss_mean","(11, 58)",2,-0.10069415188369339
kstart_degen + pstart_afs_bessel_mean,"kstart_degen,pstart_afs_bessel_mean","(16, 96)",2,-0.10088255215676334
kstart_frac_x + pline_plane_heavy_frac,"kstart_frac_x,pline_plane_heavy_frac","(17, 64)",2,-0.10097893459314829
kend_frac_x + pmid_afs_trig_mean,"kend_frac_x,pmid_afs_trig_mean","(9, 77)",2,-0.100999156840339
max_Z4 + pstart_afs_gauss_std,"max_Z4,pstart_afs_gauss_std","(24, 100)",2,-0.10107591605001309
max_Z + pstart_afs_gauss_std,"max_Z,pstart_afs_gauss_std","(23, 100)",2,-0.10107591605001309
pend_plane_max_Z + pstart_afs_gauss_std,"pend_plane_max_Z,pstart_afs_gauss_std","(48, 100)",2,-0.10107591605001309
pmid_plane_max_Z + pstart_afs_gauss_std,"pmid_plane_max_Z,pstart_afs_gauss_std","(90, 100)",2,-0.10107591605001309
kpath_angle_deg + pline_grdf_bessel_mean,"kpath_angle_deg,pline_grdf_bessel_mean","(14, 55)",2,-0.10109823190250848
kpath_angle_deg + pmid_plane_max_mass,"kpath_angle_deg,pmid_plane_max_mass","(14, 91)",2,-0.1011807230962248
kpath_angle_deg + max_mass,"kpath_angle_deg,max_mass","(14, 25)",2,-0.1011807230962248
kpath_angle_deg + pend_plane_max_mass,"kpath_angle_deg,pend_plane_max_mass","(14, 49)",2,-0.1011807230962248
kpath_angle_deg + pstart_plane_max_mass,"kpath_angle_deg,pstart_plane_max_mass","(14, 116)",2,-0.1011807230962248
ehull + pmid_grdf_gauss_max,"ehull,pmid_grdf_gauss_max","(7, 82)",2,-0.10138053509326286
ktotal_weight + pmid_grdf_gauss_std,"ktotal_weight,pmid_grdf_gauss_std","(19, 84)",2,-0.10141132707907854
kstart_degen + pline_n_atoms_on_plane,"kstart_degen,pline_n_atoms_on_plane","(16, 63)",2,-0.10142546296411623
pmid_afs_bessel_mean + sum_Z4,"pmid_afs_bessel_mean,sum_Z4","(71, 122)",2,-0.10152471955602364
kstart_frac_x + pend_afs_trig_std,"kstart_frac_x,pend_afs_trig_std","(17, 36)",2,-0.10154958479872433
E_pfrac_relevant + bandgap,"E_pfrac_relevant,bandgap","(2, 6)",2,-0.10158733172066288
ktotal_weight + pend_grdf_gauss_std,"ktotal_weight,pend_grdf_gauss_std","(19, 42)",2,-0.10159709886859039
pmid_afs_trig_std + pmid_grdf_trig_mean,"pmid_afs_trig_std,pmid_grdf_trig_mean","(78, 86)",2,-0.10163144253367407
pmid_grdf_bessel_mean + pmid_grdf_trig_mean,"pmid_grdf_bessel_mean,pmid_grdf_trig_mean","(80, 86)",2,-0.10164934335830444
pmid_grdf_trig_mean + pstart_afs_bessel_std,"pmid_grdf_trig_mean,pstart_afs_bessel_std","(86, 97)",2,-0.10165960585969451
kinterior_degen + plane_angle_deg,"kinterior_degen,plane_angle_deg","(11, 53)",2,-0.10168925830587802
pend_afs_bessel_mean + pend_plane_sum_Z4,"pend_afs_bessel_mean,pend_plane_sum_Z4","(29, 52)",2,-0.10176200150348898
E_pfrac_CBM + pmid_afs_bessel_mean,"E_pfrac_CBM,pmid_afs_bessel_mean","(0, 71)",2,-0.10186438651322638
kpath_angle_deg + pstart_afs_gauss_mean,"kpath_angle_deg,pstart_afs_gauss_mean","(14, 99)",2,-0.10192646224059836
kstart_frac_y + pend_afs_gauss_std,"kstart_frac_y,pend_afs_gauss_std","(18, 33)",2,-0.10203044264979935
kmid_frac_y + pline_n_atoms_on_plane,"kmid_frac_y,pline_n_atoms_on_plane","(13, 63)",2,-0.10203460964515729
pmid_afs_gauss_std + pstart_plane_mean_Z,"pmid_afs_gauss_std,pstart_plane_mean_Z","(75, 117)",2,-0.1021860126824992
pmid_afs_trig_mean + pmid_afs_trig_std,"pmid_afs_trig_mean,pmid_afs_trig_std","(77, 78)",2,-0.10232388487343953
pmid_afs_bessel_std + pstart_afs_bessel_mean,"pmid_afs_bessel_std,pstart_afs_bessel_mean","(72, 96)",2,-0.10232736443511563
pend_afs_gauss_std + pstart_grdf_gauss_std,"pend_afs_gauss_std,pstart_grdf_gauss_std","(33, 109)",2,-0.10250385950428646
pmid_grdf_bessel_std + pstart_plane_heavy_frac,"pmid_grdf_bessel_std,pstart_plane_heavy_frac","(81, 114)",2,-0.10257899101210748
kmid_frac_y + pline_grdf_trig_std,"kmid_frac_y,pline_grdf_trig_std","(13, 62)",2,-0.10265113532567319
E_pfrac_CBM + pstart_afs_bessel_std,"E_pfrac_CBM,pstart_afs_bessel_std","(0, 97)",2,-0.10266147318930594
kvec_x + pmid_afs_gauss_std,"kvec_x,pmid_afs_gauss_std","(20, 75)",2,-0.10266787436751432
pmid_afs_trig_std + pstart_plane_max_mass,"pmid_afs_trig_std,pstart_plane_max_mass","(78, 116)",2,-0.1027416580692088
pmid_afs_trig_std + pmid_plane_max_mass,"pmid_afs_trig_std,pmid_plane_max_mass","(78, 91)",2,-0.1027416580692088
kinterior_degen + kvec_x,"kinterior_degen,kvec_x","(11, 20)",2,-0.10278348354036404
pline_grdf_gauss_mean + pline_grdf_trig_std,"pline_grdf_gauss_mean,pline_grdf_trig_std","(58, 62)",2,-0.1028123459971076
kend_frac_x + pline_grdf_gauss_mean,"kend_frac_x,pline_grdf_gauss_mean","(9, 58)",2,-0.10285589735634051
ktotal_weight + plane_angle_deg,"ktotal_weight,plane_angle_deg","(19, 53)",2,-0.10286045516717637
pend_afs_gauss_mean + pend_afs_trig_std,"pend_afs_gauss_mean,pend_afs_trig_std","(32, 36)",2,-0.10286833165684853
n_elements + pend_afs_trig_std,"n_elements,pend_afs_trig_std","(27, 36)",2,-0.10292189195958963
pline_plane_mean_mass + pmid_grdf_gauss_max,"pline_plane_mean_mass,pmid_grdf_gauss_max","(68, 82)",2,-0.10292247777041112
kinterior_degen + pend_plane_heavy_frac,"kinterior_degen,pend_plane_heavy_frac","(11, 47)",2,-0.10293906270441211
pend_afs_bessel_mean + pline_plane_mean_mass,"pend_afs_bessel_mean,pline_plane_mean_mass","(29, 68)",2,-0.10299663470588209
kstart_frac_y + pend_afs_bessel_mean,"kstart_frac_y,pend_afs_bessel_mean","(18, 29)",2,-0.10301179026666189
E_pfrac_CBM + pmid_afs_gauss_std,"E_pfrac_CBM,pmid_afs_gauss_std","(0, 75)",2,-0.10306630487156199
kstart_frac_x + pline_grdf_trig_max,"kstart_frac_x,pline_grdf_trig_max","(17, 60)",2,-0.10310235999286836
kinterior_degen + pstart_afs_trig_std,"kinterior_degen,pstart_afs_trig_std","(11, 103)",2,-0.10333163703569807
X_mean + pmid_grdf_gauss_std,"X_mean,pmid_grdf_gauss_std","(4, 84)",2,-0.1035584575079185
pline_plane_max_mass + pmid_afs_gauss_std,"pline_plane_max_mass,pmid_afs_gauss_std","(66, 75)",2,-0.10363724664986178
kend_degen + max_Z4,"kend_degen,max_Z4","(8, 24)",2,-0.10369512073246553
kend_degen + max_Z,"kend_degen,max_Z","(8, 23)",2,-0.10369512073246553
kend_degen + pmid_plane_max_Z,"kend_degen,pmid_plane_max_Z","(8, 90)",2,-0.10369512073246553
kend_degen + pstart_plane_max_Z,"kend_degen,pstart_plane_max_Z","(8, 115)",2,-0.10369512073246553
kend_degen + pend_plane_max_Z,"kend_degen,pend_plane_max_Z","(8, 48)",2,-0.10369512073246553
pline_plane_heavy_frac + pline_plane_sum_Z4,"pline_plane_heavy_frac,pline_plane_sum_Z4","(64, 69)",2,-0.10369797490515972
kvec_y + pend_grdf_trig_max,"kvec_y,pend_grdf_trig_max","(21, 43)",2,-0.1036983754522756
n_elements + pline_n_atoms_on_plane,"n_elements,pline_n_atoms_on_plane","(27, 63)",2,-0.10370950207049734
pmid_afs_gauss_mean + pstart_afs_bessel_mean,"pmid_afs_gauss_mean,pstart_afs_bessel_mean","(74, 96)",2,-0.10378779010429114
kvec_x + pmid_grdf_trig_std,"kvec_x,pmid_grdf_trig_std","(20, 87)",2,-0.1037944858529061
kmid_frac_y + pend_afs_trig_std,"kmid_frac_y,pend_afs_trig_std","(13, 36)",2,-0.10393159273068656
pend_afs_gauss_std + pstart_plane_mean_Z,"pend_afs_gauss_std,pstart_plane_mean_Z","(33, 117)",2,-0.10399814280317361
pline_grdf_gauss_mean + pline_plane_max_Z,"pline_grdf_gauss_mean,pline_plane_max_Z","(58, 65)",2,-0.10400046651208021
kinterior_degen + pline_plane_max_Z,"kinterior_degen,pline_plane_max_Z","(11, 65)",2,-0.10418570432751269
plane_angle_deg + pline_plane_max_mass,"plane_angle_deg,pline_plane_max_mass","(53, 66)",2,-0.1041884091769717
pend_afs_trig_std + pline_grdf_bessel_max,"pend_afs_trig_std,pline_grdf_bessel_max","(36, 54)",2,-0.10420504546274287
E_pfrac_CBM + pend_afs_bessel_max,"E_pfrac_CBM,pend_afs_bessel_max","(0, 28)",2,-0.10423348907430452
ktotal_weight + pline_grdf_gauss_mean,"ktotal_weight,pline_grdf_gauss_mean","(19, 58)",2,-0.10424519053670005
ktotal_weight + pline_plane_max_Z,"ktotal_weight,pline_plane_max_Z","(19, 65)",2,-0.10432257694392744
pstart_afs_trig_max + pstart_grdf_trig_mean,"pstart_afs_trig_max,pstart_grdf_trig_mean","(101, 111)",2,-0.10451410413448133
pmid_grdf_bessel_std + pmid_grdf_trig_std,"pmid_grdf_bessel_std,pmid_grdf_trig_std","(81, 87)",2,-0.10464571925947971
pend_grdf_gauss_mean + pstart_afs_bessel_mean,"pend_grdf_gauss_mean,pstart_afs_bessel_mean","(41, 96)",2,-0.1047008461189977
kstart_degen + pmid_plane_heavy_frac,"kstart_degen,pmid_plane_heavy_frac","(16, 89)",2,-0.10471884447243376
kstart_degen + plane_angle_deg,"kstart_degen,plane_angle_deg","(16, 53)",2,-0.10471933800379
kstart_degen + pline_grdf_bessel_std,"kstart_degen,pline_grdf_bessel_std","(16, 56)",2,-0.10476895810148909
kstart_degen + pstart_afs_trig_std,"kstart_degen,pstart_afs_trig_std","(16, 103)",2,-0.10485415554404298
kinterior_degen + pend_afs_gauss_mean,"kinterior_degen,pend_afs_gauss_mean","(11, 32)",2,-0.10497657919305561
band_binary + pline_plane_max_Z,"band_binary,pline_plane_max_Z","(5, 65)",2,-0.10506736879642634
pline_grdf_bessel_mean + pstart_afs_trig_std,"pline_grdf_bessel_mean,pstart_afs_trig_std","(55, 103)",2,-0.1050719744446735
X_mean + pend_grdf_bessel_std,"X_mean,pend_grdf_bessel_std","(4, 39)",2,-0.10519212670478065
pline_n_atoms_on_plane + pline_plane_sum_Z4,"pline_n_atoms_on_plane,pline_plane_sum_Z4","(63, 69)",2,-0.10519616967465129
kmid_frac_y + pmid_plane_heavy_frac,"kmid_frac_y,pmid_plane_heavy_frac","(13, 89)",2,-0.10523370586084095
n_elements + pstart_afs_trig_std,"n_elements,pstart_afs_trig_std","(27, 103)",2,-0.10523575772655942
kstart_frac_x + kvec_z,"kstart_frac_x,kvec_z","(17, 22)",2,-0.10524347298229737
pmid_afs_gauss_max + pstart_grdf_trig_mean,"pmid_afs_gauss_max,pstart_grdf_trig_mean","(73, 111)",2,-0.10525076999179975
band_binary + pline_plane_mean_Z,"band_binary,pline_plane_mean_Z","(5, 67)",2,-0.10528823599176826
pstart_afs_gauss_std + pstart_grdf_gauss_mean,"pstart_afs_gauss_std,pstart_grdf_gauss_mean","(100, 108)",2,-0.10530418057934059
pmid_grdf_bessel_std + pmid_plane_heavy_frac,"pmid_grdf_bessel_std,pmid_plane_heavy_frac","(81, 89)",2,-0.10531384899106988
pmid_afs_trig_std + pstart_plane_mean_mass,"pmid_afs_trig_std,pstart_plane_mean_mass","(78, 118)",2,-0.10532729851899303
pend_plane_heavy_frac + pline_grdf_bessel_max,"pend_plane_heavy_frac,pline_grdf_bessel_max","(47, 54)",2,-0.1053622052948672
pmid_grdf_trig_std + pstart_grdf_gauss_max,"pmid_grdf_trig_std,pstart_grdf_gauss_max","(87, 107)",2,-0.1053645893318417
kend_frac_x + kstart_degen,"kend_frac_x,kstart_degen","(9, 16)",2,-0.10541030112962438
pline_n_atoms_on_plane + pmid_afs_gauss_std,"pline_n_atoms_on_plane,pmid_afs_gauss_std","(63, 75)",2,-0.10556459679351413
pline_plane_max_Z + pline_plane_max_mass,"pline_plane_max_Z,pline_plane_max_mass","(65, 66)",2,-0.10556717347214947
pmid_grdf_gauss_std + pstart_grdf_trig_std,"pmid_grdf_gauss_std,pstart_grdf_trig_std","(84, 112)",2,-0.10561044374323628
pend_afs_bessel_mean + pstart_plane_sum_Z4,"pend_afs_bessel_mean,pstart_plane_sum_Z4","(29, 119)",2,-0.10567188876334381
n_elements + pline_grdf_trig_std,"n_elements,pline_grdf_trig_std","(27, 62)",2,-0.10580353340270607
E_pfrac_CBM + pstart_afs_bessel_mean,"E_pfrac_CBM,pstart_afs_bessel_mean","(0, 96)",2,-0.10582891031992854
E_pfrac_relevant + pstart_grdf_bessel_mean,"E_pfrac_relevant,pstart_grdf_bessel_mean","(2, 105)",2,-0.10592704548312448
pend_afs_trig_std + pmid_afs_gauss_max,"pend_afs_trig_std,pmid_afs_gauss_max","(36, 73)",2,-0.10595027746217459
pmid_grdf_gauss_max + pmid_grdf_trig_std,"pmid_grdf_gauss_max,pmid_grdf_trig_std","(82, 87)",2,-0.10595616556573803
pline_grdf_trig_std + pline_plane_sum_Z4,"pline_grdf_trig_std,pline_plane_sum_Z4","(62, 69)",2,-0.1060980255661887
pend_afs_gauss_max + pmid_afs_trig_std,"pend_afs_gauss_max,pmid_afs_trig_std","(31, 78)",2,-0.10610471045157824
pend_afs_gauss_std + pend_plane_sum_Z4,"pend_afs_gauss_std,pend_plane_sum_Z4","(33, 52)",2,-0.10614775827927092
pmid_plane_heavy_frac + radius_diff,"pmid_plane_heavy_frac,radius_diff","(89, 120)",2,-0.10627901194727803
pline_plane_max_Z + pstart_afs_trig_std,"pline_plane_max_Z,pstart_afs_trig_std","(65, 103)",2,-0.1063609833455226
pend_afs_trig_std + pline_plane_mean_mass,"pend_afs_trig_std,pline_plane_mean_mass","(36, 68)",2,-0.10638148731184169
kinterior_degen + n_elements,"kinterior_degen,n_elements","(11, 27)",2,-0.10648564280177623
pline_grdf_gauss_mean + pline_plane_mean_Z,"pline_grdf_gauss_mean,pline_plane_mean_Z","(58, 67)",2,-0.10650670307489638
pmid_grdf_bessel_std + pstart_afs_gauss_mean,"pmid_grdf_bessel_std,pstart_afs_gauss_mean","(81, 99)",2,-0.10653269125686089
pstart_afs_gauss_max + pstart_grdf_trig_max,"pstart_afs_gauss_max,pstart_grdf_trig_max","(98, 110)",2,-0.10654897125468332
pend_grdf_bessel_std + pstart_plane_mean_Z,"pend_grdf_bessel_std,pstart_plane_mean_Z","(39, 117)",2,-0.10660437195304692
pend_plane_mean_Z + pmid_afs_gauss_std,"pend_plane_mean_Z,pmid_afs_gauss_std","(50, 75)",2,-0.10665981012556439
pmid_afs_gauss_std + pstart_afs_bessel_mean,"pmid_afs_gauss_std,pstart_afs_bessel_mean","(75, 96)",2,-0.10669823050784018
pmid_grdf_gauss_mean + pstart_afs_gauss_std,"pmid_grdf_gauss_mean,pstart_afs_gauss_std","(83, 100)",2,-0.10680530527110202
pline_grdf_gauss_std + pstart_afs_trig_std,"pline_grdf_gauss_std,pstart_afs_trig_std","(59, 103)",2,-0.1068379468601719
pend_grdf_gauss_mean + pstart_afs_trig_std,"pend_grdf_gauss_mean,pstart_afs_trig_std","(41, 103)",2,-0.10689184798297247
kstart_frac_x + pmid_afs_gauss_std,"kstart_frac_x,pmid_afs_gauss_std","(17, 75)",2,-0.1068919907207005
kstart_frac_x + pline_grdf_bessel_std,"kstart_frac_x,pline_grdf_bessel_std","(17, 56)",2,-0.10693249086089536
pline_grdf_trig_std + pstart_afs_gauss_mean,"pline_grdf_trig_std,pstart_afs_gauss_mean","(62, 99)",2,-0.10693667335966292
n_elements + pstart_plane_heavy_frac,"n_elements,pstart_plane_heavy_frac","(27, 114)",2,-0.10698143875074881
pend_afs_trig_std + pline_grdf_bessel_std,"pend_afs_trig_std,pline_grdf_bessel_std","(36, 56)",2,-0.10700317204749957
pmid_afs_gauss_max + pmid_afs_gauss_std,"pmid_afs_gauss_max,pmid_afs_gauss_std","(73, 75)",2,-0.10700818881448859
band_binary + pline_grdf_gauss_mean,"band_binary,pline_grdf_gauss_mean","(5, 58)",2,-0.10717083307039663
pend_afs_bessel_mean + pstart_plane_mean_mass,"pend_afs_bessel_mean,pstart_plane_mean_mass","(29, 118)",2,-0.10717364201923066
pend_grdf_bessel_std + pstart_grdf_gauss_mean,"pend_grdf_bessel_std,pstart_grdf_gauss_mean","(39, 108)",2,-0.10725428922028062
pend_grdf_trig_std + pmid_afs_trig_std,"pend_grdf_trig_std,pmid_afs_trig_std","(45, 78)",2,-0.10734074928823152
pmid_afs_gauss_max + pmid_afs_gauss_mean,"pmid_afs_gauss_max,pmid_afs_gauss_mean","(73, 74)",2,-0.10743589170033943
kstart_frac_x + pline_grdf_gauss_std,"kstart_frac_x,pline_grdf_gauss_std","(17, 59)",2,-0.1075267509246017
kinterior_degen + ktotal_weight,"kinterior_degen,ktotal_weight","(11, 19)",2,-0.10754725368213511
pline_grdf_gauss_mean + pstart_afs_trig_std,"pline_grdf_gauss_mean,pstart_afs_trig_std","(58, 103)",2,-0.10755869299674592
kvec_x + pmid_afs_gauss_max,"kvec_x,pmid_afs_gauss_max","(20, 73)",2,-0.10758005390012078
kmid_frac_y + pline_plane_max_mass,"kmid_frac_y,pline_plane_max_mass","(13, 66)",2,-0.10758450640410296
n_elements + plane_angle_deg,"n_elements,plane_angle_deg","(27, 53)",2,-0.10761050813204517
X_mean + pstart_afs_bessel_mean,"X_mean,pstart_afs_bessel_mean","(4, 96)",2,-0.10762445468057069
kstart_degen + pline_grdf_gauss_std,"kstart_degen,pline_grdf_gauss_std","(16, 59)",2,-0.1076806287415932
kstart_degen + pend_afs_trig_std,"kstart_degen,pend_afs_trig_std","(16, 36)",2,-0.10768487540476299
pline_grdf_gauss_std + pmid_afs_gauss_std,"pline_grdf_gauss_std,pmid_afs_gauss_std","(59, 75)",2,-0.10768684337010943
pline_grdf_trig_max + pmid_afs_trig_std,"pline_grdf_trig_max,pmid_afs_trig_std","(60, 78)",2,-0.10774587921118343
kstart_frac_x + pline_grdf_trig_mean,"kstart_frac_x,pline_grdf_trig_mean","(17, 61)",2,-0.1077530372715502
kinterior_degen + kmid_frac_y,"kinterior_degen,kmid_frac_y","(11, 13)",2,-0.10775902893064009
X_diff + pstart_afs_trig_std,"X_diff,pstart_afs_trig_std","(3, 103)",2,-0.10781428007267099
pend_grdf_bessel_std + pline_grdf_gauss_max,"pend_grdf_bessel_std,pline_grdf_gauss_max","(39, 57)",2,-0.10783496895479612
kend_degen + pline_grdf_bessel_mean,"kend_degen,pline_grdf_bessel_mean","(8, 55)",2,-0.10785508276120251
kend_frac_x + pend_afs_gauss_std,"kend_frac_x,pend_afs_gauss_std","(9, 33)",2,-0.10787776458102605
pline_plane_max_mass + pline_plane_mean_Z,"pline_plane_max_mass,pline_plane_mean_Z","(66, 67)",2,-0.10795752642303344
kpath_angle_deg + pstart_plane_heavy_frac,"kpath_angle_deg,pstart_plane_heavy_frac","(14, 114)",2,-0.10797177037958394
kend_degen + pmid_afs_gauss_max,"kend_degen,pmid_afs_gauss_max","(8, 73)",2,-0.10799459359245574
pmid_afs_bessel_mean + radius_diff,"pmid_afs_bessel_mean,radius_diff","(71, 120)",2,-0.10802703022767542
pline_plane_heavy_frac + pstart_grdf_gauss_mean,"pline_plane_heavy_frac,pstart_grdf_gauss_mean","(64, 108)",2,-0.10805955689965523
n_elements + pmid_plane_heavy_frac,"n_elements,pmid_plane_heavy_frac","(27, 89)",2,-0.10810118768858024
X_mean + pstart_afs_trig_std,"X_mean,pstart_afs_trig_std","(4, 103)",2,-0.10810471973412468
pend_afs_gauss_mean + pstart_plane_mean_Z,"pend_afs_gauss_mean,pstart_plane_mean_Z","(32, 117)",2,-0.1081714358910684
pend_afs_trig_std + pline_grdf_bessel_mean,"pend_afs_trig_std,pline_grdf_bessel_mean","(36, 55)",2,-0.10819494403994415
kstart_frac_y + pline_grdf_trig_std,"kstart_frac_y,pline_grdf_trig_std","(18, 62)",2,-0.10831382226700566
pline_plane_heavy_frac + pmid_grdf_gauss_max,"pline_plane_heavy_frac,pmid_grdf_gauss_max","(64, 82)",2,-0.10833858937783983
E_pfrac_CBM + pmid_afs_bessel_max,"E_pfrac_CBM,pmid_afs_bessel_max","(0, 70)",2,-0.10841979750288291
kinterior_degen + kstart_frac_y,"kinterior_degen,kstart_frac_y","(11, 18)",2,-0.10849862719189818
kstart_degen + pstart_plane_heavy_frac,"kstart_degen,pstart_plane_heavy_frac","(16, 114)",2,-0.10853806183064871
kstart_frac_x + pend_afs_gauss_std,"kstart_frac_x,pend_afs_gauss_std","(17, 33)",2,-0.10856079971214505
kstart_degen + pmid_afs_gauss_std,"kstart_degen,pmid_afs_gauss_std","(16, 75)",2,-0.10858151370464594
kstart_degen + pline_grdf_gauss_mean,"kstart_degen,pline_grdf_gauss_mean","(16, 58)",2,-0.10867018336699194
pend_grdf_gauss_max + pmid_afs_trig_max,"pend_grdf_gauss_max,pmid_afs_trig_max","(40, 76)",2,-0.10877390987867282
pmid_afs_gauss_mean + pstart_grdf_bessel_std,"pmid_afs_gauss_mean,pstart_grdf_bessel_std","(74, 106)",2,-0.10878312152738615
pend_grdf_gauss_std + pstart_grdf_gauss_max,"pend_grdf_gauss_std,pstart_grdf_gauss_max","(42, 107)",2,-0.10882890385763669
pmid_afs_bessel_max + pstart_grdf_trig_mean,"pmid_afs_bessel_max,pstart_grdf_trig_mean","(70, 111)",2,-0.10885106416441474
pline_plane_max_mass + pstart_grdf_gauss_mean,"pline_plane_max_mass,pstart_grdf_gauss_mean","(66, 108)",2,-0.10894219486590744
pline_grdf_gauss_max + pline_grdf_gauss_mean,"pline_grdf_gauss_max,pline_grdf_gauss_mean","(57, 58)",2,-0.10916251787615634
n_elements + pline_plane_max_mass,"n_elements,pline_plane_max_mass","(27, 66)",2,-0.10921254199860278
kpath_real_distance + pend_grdf_gauss_std,"kpath_real_distance,pend_grdf_gauss_std","(15, 42)",2,-0.10924053470801173
kstart_frac_y + pstart_plane_heavy_frac,"kstart_frac_y,pstart_plane_heavy_frac","(18, 114)",2,-0.1093361258131961
bandgap + pmid_grdf_trig_mean,"bandgap,pmid_grdf_trig_mean","(6, 86)",2,-0.10937797035839136
kmid_frac_y + plane_angle_deg,"kmid_frac_y,plane_angle_deg","(13, 53)",2,-0.10938692092575213
pend_grdf_bessel_std + pmid_grdf_gauss_max,"pend_grdf_bessel_std,pmid_grdf_gauss_max","(39, 82)",2,-0.10939748232494224
pline_plane_mean_Z + pmid_afs_trig_mean,"pline_plane_mean_Z,pmid_afs_trig_mean","(67, 77)",2,-0.10941520639013513
kstart_frac_x + pmid_afs_trig_std,"kstart_frac_x,pmid_afs_trig_std","(17, 78)",2,-0.10947187156259615
kmid_frac_y + pline_grdf_gauss_mean,"kmid_frac_y,pline_grdf_gauss_mean","(13, 58)",2,-0.10949492023550308
band_binary + pstart_grdf_gauss_std,"band_binary,pstart_grdf_gauss_std","(5, 109)",2,-0.10956181393800021
pmid_grdf_bessel_max + pstart_grdf_trig_max,"pmid_grdf_bessel_max,pstart_grdf_trig_max","(79, 110)",2,-0.10957685209458692
kpath_real_distance + pstart_grdf_gauss_max,"kpath_real_distance,pstart_grdf_gauss_max","(15, 107)",2,-0.10993012173989077
pline_plane_mean_Z + pstart_plane_heavy_frac,"pline_plane_mean_Z,pstart_plane_heavy_frac","(67, 114)",2,-0.10993920970007769
pmid_grdf_gauss_mean + pmid_grdf_gauss_std,"pmid_grdf_gauss_mean,pmid_grdf_gauss_std","(83, 84)",2,-0.10999552661516036
pend_grdf_bessel_max + pstart_grdf_trig_mean,"pend_grdf_bessel_max,pstart_grdf_trig_mean","(37, 111)",2,-0.1100332214280925
pend_grdf_bessel_std + pstart_plane_mean_mass,"pend_grdf_bessel_std,pstart_plane_mean_mass","(39, 118)",2,-0.11006558938624222
pline_plane_mean_Z + pmid_afs_trig_std,"pline_plane_mean_Z,pmid_afs_trig_std","(67, 78)",2,-0.11008202375153753
pend_afs_bessel_mean + pstart_afs_gauss_mean,"pend_afs_bessel_mean,pstart_afs_gauss_mean","(29, 99)",2,-0.11008681973135363
pend_afs_gauss_std + pend_grdf_bessel_std,"pend_afs_gauss_std,pend_grdf_bessel_std","(33, 39)",2,-0.11009685443556205
pstart_grdf_bessel_std + sum_Z4,"pstart_grdf_bessel_std,sum_Z4","(106, 122)",2,-0.11017845851279524
band_binary + pmid_grdf_trig_std,"band_binary,pmid_grdf_trig_std","(5, 87)",2,-0.11026175467238439
pline_grdf_gauss_max + pmid_afs_trig_std,"pline_grdf_gauss_max,pmid_afs_trig_std","(57, 78)",2,-0.11028940154930862
kstart_frac_y + plane_angle_deg,"kstart_frac_y,plane_angle_deg","(18, 53)",2,-0.11035021553611524
pmid_grdf_gauss_max + pstart_grdf_bessel_std,"pmid_grdf_gauss_max,pstart_grdf_bessel_std","(82, 106)",2,-0.11035671086330676
kstart_degen + pend_grdf_bessel_std,"kstart_degen,pend_grdf_bessel_std","(16, 39)",2,-0.11042563558937368
plane_angle_deg + pmid_afs_trig_std,"plane_angle_deg,pmid_afs_trig_std","(53, 78)",2,-0.11066402127890843
pmid_grdf_trig_std + pstart_grdf_gauss_mean,"pmid_grdf_trig_std,pstart_grdf_gauss_mean","(87, 108)",2,-0.1106929585107809
pend_afs_gauss_max + pstart_afs_trig_std,"pend_afs_gauss_max,pstart_afs_trig_std","(31, 103)",2,-0.11086226533690029
pline_grdf_bessel_mean + pstart_afs_bessel_mean,"pline_grdf_bessel_mean,pstart_afs_bessel_mean","(55, 96)",2,-0.11092319876883247
pend_afs_trig_std + pline_plane_max_Z,"pend_afs_trig_std,pline_plane_max_Z","(36, 65)",2,-0.11106692520492592
pmid_afs_gauss_std + pmid_afs_trig_mean,"pmid_afs_gauss_std,pmid_afs_trig_mean","(75, 77)",2,-0.11107018340792196
pend_grdf_bessel_std + pend_grdf_gauss_max,"pend_grdf_bessel_std,pend_grdf_gauss_max","(39, 40)",2,-0.11111311002361128
plane_angle_deg + pline_plane_max_Z,"plane_angle_deg,pline_plane_max_Z","(53, 65)",2,-0.11127215599481263
pline_plane_mean_mass + pmid_afs_trig_std,"pline_plane_mean_mass,pmid_afs_trig_std","(68, 78)",2,-0.11129804142354023
pstart_grdf_bessel_std + pstart_grdf_trig_max,"pstart_grdf_bessel_std,pstart_grdf_trig_max","(106, 110)",2,-0.11134898662915012
pend_afs_gauss_std + pmid_plane_sum_Z4,"pend_afs_gauss_std,pmid_plane_sum_Z4","(33, 94)",2,-0.1113775012815021
pend_grdf_gauss_max + pmid_afs_bessel_std,"pend_grdf_gauss_max,pmid_afs_bessel_std","(40, 72)",2,-0.11148173534743747
pline_grdf_bessel_max + pline_grdf_trig_std,"pline_grdf_bessel_max,pline_grdf_trig_std","(54, 62)",2,-0.11148655182191172
pmid_afs_gauss_mean + pstart_plane_mean_mass,"pmid_afs_gauss_mean,pstart_plane_mean_mass","(74, 118)",2,-0.11162731025528391
kend_frac_x + pmid_afs_gauss_std,"kend_frac_x,pmid_afs_gauss_std","(9, 75)",2,-0.11175608159503898
kvec_x + pend_grdf_gauss_std,"kvec_x,pend_grdf_gauss_std","(20, 42)",2,-0.11176802619683832
kend_degen + kpath_real_distance,"kend_degen,kpath_real_distance","(8, 15)",2,-0.1117936552436565
pline_grdf_bessel_std + pmid_afs_gauss_std,"pline_grdf_bessel_std,pmid_afs_gauss_std","(56, 75)",2,-0.11183302432117928
pline_plane_max_mass + pstart_afs_gauss_mean,"pline_plane_max_mass,pstart_afs_gauss_mean","(66, 99)",2,-0.11187344326025297
band_binary + pline_plane_mean_mass,"band_binary,pline_plane_mean_mass","(5, 68)",2,-0.11192956390753943
pmid_afs_trig_std + pstart_grdf_bessel_mean,"pmid_afs_trig_std,pstart_grdf_bessel_mean","(78, 105)",2,-0.11197926472450519
ktotal_weight + pend_afs_gauss_mean,"ktotal_weight,pend_afs_gauss_mean","(19, 32)",2,-0.1120402579976224
pline_plane_sum_Z4 + pmid_afs_trig_mean,"pline_plane_sum_Z4,pmid_afs_trig_mean","(69, 77)",2,-0.11206121051721134
pline_plane_max_Z + pline_plane_mean_Z,"pline_plane_max_Z,pline_plane_mean_Z","(65, 67)",2,-0.11214310148845408
pend_afs_trig_std + pline_plane_max_mass,"pend_afs_trig_std,pline_plane_max_mass","(36, 66)",2,-0.11216291612918287
kstart_frac_y + pline_plane_max_mass,"kstart_frac_y,pline_plane_max_mass","(18, 66)",2,-0.11216771834808001
pend_grdf_gauss_std + pstart_afs_trig_max,"pend_grdf_gauss_std,pstart_afs_trig_max","(42, 101)",2,-0.11216932654791427
kmid_frac_y + pline_plane_max_Z,"kmid_frac_y,pline_plane_max_Z","(13, 65)",2,-0.11219894813862881
kmid_frac_x + pline_plane_sum_Z4,"kmid_frac_x,pline_plane_sum_Z4","(12, 69)",2,-0.11226116517886484
pline_plane_mean_Z + pmid_grdf_gauss_max,"pline_plane_mean_Z,pmid_grdf_gauss_max","(67, 82)",2,-0.11234855679099207
pend_afs_trig_std + pline_grdf_gauss_mean,"pend_afs_trig_std,pline_grdf_gauss_mean","(36, 58)",2,-0.11239116829584055
pend_afs_trig_std + pmid_plane_heavy_frac,"pend_afs_trig_std,pmid_plane_heavy_frac","(36, 89)",2,-0.11253736509609276
pend_grdf_bessel_std + pline_grdf_gauss_std,"pend_grdf_bessel_std,pline_grdf_gauss_std","(39, 59)",2,-0.11255533866041059
pend_grdf_trig_max + pmid_afs_bessel_max,"pend_grdf_trig_max,pmid_afs_bessel_max","(43, 70)",2,-0.11262811159176458
pline_plane_max_Z + pmid_afs_gauss_std,"pline_plane_max_Z,pmid_afs_gauss_std","(65, 75)",2,-0.11264176431541743
n_elements + pend_afs_gauss_std,"n_elements,pend_afs_gauss_std","(27, 33)",2,-0.11267357996812324
kend_degen + pend_plane_max_mass,"kend_degen,pend_plane_max_mass","(8, 49)",2,-0.11294570631526402
kend_degen + pmid_plane_max_mass,"kend_degen,pmid_plane_max_mass","(8, 91)",2,-0.11294570631526402
kend_degen + max_mass,"kend_degen,max_mass","(8, 25)",2,-0.11294570631526402
kend_degen + pstart_plane_max_mass,"kend_degen,pstart_plane_max_mass","(8, 116)",2,-0.11294570631526402
pend_grdf_gauss_std + pmid_grdf_gauss_std,"pend_grdf_gauss_std,pmid_grdf_gauss_std","(42, 84)",2,-0.11296669540368667
pstart_grdf_gauss_std + pstart_plane_max_mass,"pstart_grdf_gauss_std,pstart_plane_max_mass","(109, 116)",2,-0.11299665836714759
pend_plane_sum_Z4 + pmid_afs_gauss_std,"pend_plane_sum_Z4,pmid_afs_gauss_std","(52, 75)",2,-0.11325291473648766
mean_Z + pmid_grdf_gauss_std,"mean_Z,pmid_grdf_gauss_std","(26, 84)",2,-0.11325318732823422
X_mean + pmid_grdf_gauss_max,"X_mean,pmid_grdf_gauss_max","(4, 82)",2,-0.11333625219690706
pstart_grdf_bessel_max + pstart_grdf_trig_max,"pstart_grdf_bessel_max,pstart_grdf_trig_max","(104, 110)",2,-0.11342677982084695
kstart_frac_y + pstart_afs_bessel_mean,"kstart_frac_y,pstart_afs_bessel_mean","(18, 96)",2,-0.11343208242108904
pmid_afs_gauss_mean + pmid_afs_gauss_std,"pmid_afs_gauss_mean,pmid_afs_gauss_std","(74, 75)",2,-0.11344744102118598
pend_afs_trig_mean + pstart_afs_trig_std,"pend_afs_trig_mean,pstart_afs_trig_std","(35, 103)",2,-0.11345294436624057
pend_afs_trig_std + pline_plane_sum_Z4,"pend_afs_trig_std,pline_plane_sum_Z4","(36, 69)",2,-0.11357992439893312
pend_grdf_gauss_mean + pmid_afs_gauss_std,"pend_grdf_gauss_mean,pmid_afs_gauss_std","(41, 75)",2,-0.11362100411619816
pmid_afs_gauss_std + sum_Z4,"pmid_afs_gauss_std,sum_Z4","(75, 122)",2,-0.11363687318720997
pmid_grdf_gauss_std + sum_Z4,"pmid_grdf_gauss_std,sum_Z4","(84, 122)",2,-0.11365152505124912
E_pfrac_CBM + kpath_angle_deg,"E_pfrac_CBM,kpath_angle_deg","(0, 14)",2,-0.11375882209642522
pend_afs_gauss_mean + pend_grdf_gauss_std,"pend_afs_gauss_mean,pend_grdf_gauss_std","(32, 42)",2,-0.11386491135186805
kmid_frac_y + n_elements,"kmid_frac_y,n_elements","(13, 27)",2,-0.1139925091781008
pmid_afs_bessel_std + pmid_grdf_gauss_max,"pmid_afs_bessel_std,pmid_grdf_gauss_max","(72, 82)",2,-0.11401513795503408
pstart_grdf_trig_max + pstart_plane_mean_mass,"pstart_grdf_trig_max,pstart_plane_mean_mass","(110, 118)",2,-0.11412260876316364
kstart_frac_x + pline_n_atoms_on_plane,"kstart_frac_x,pline_n_atoms_on_plane","(17, 63)",2,-0.11417596259815002
pmid_afs_gauss_std + pstart_grdf_gauss_mean,"pmid_afs_gauss_std,pstart_grdf_gauss_mean","(75, 108)",2,-0.1141818729293916
kstart_degen + pmid_grdf_gauss_max,"kstart_degen,pmid_grdf_gauss_max","(16, 82)",2,-0.1141836601181752
pline_plane_heavy_frac + pmid_plane_heavy_frac,"pline_plane_heavy_frac,pmid_plane_heavy_frac","(64, 89)",2,-0.11419692950828453
ktotal_weight + pmid_grdf_bessel_std,"ktotal_weight,pmid_grdf_bessel_std","(19, 81)",2,-0.1142771480967705
pmid_grdf_trig_mean + pstart_grdf_trig_mean,"pmid_grdf_trig_mean,pstart_grdf_trig_mean","(86, 111)",2,-0.11444321609879986
band_binary + pend_afs_bessel_std,"band_binary,pend_afs_bessel_std","(5, 30)",2,-0.11444980278940353
pend_grdf_bessel_std + pmid_afs_trig_mean,"pend_grdf_bessel_std,pmid_afs_trig_mean","(39, 77)",2,-0.1144925750348896
pline_plane_mean_mass + pmid_afs_trig_mean,"pline_plane_mean_mass,pmid_afs_trig_mean","(68, 77)",2,-0.11451764814148138
ktotal_weight + pstart_afs_trig_std,"ktotal_weight,pstart_afs_trig_std","(19, 103)",2,-0.11454816452675523
pend_plane_max_mass + pstart_grdf_gauss_mean,"pend_plane_max_mass,pstart_grdf_gauss_mean","(49, 108)",2,-0.11458773270778444
max_mass + pstart_grdf_gauss_mean,"max_mass,pstart_grdf_gauss_mean","(25, 108)",2,-0.11458773270778444
pmid_plane_max_mass + pstart_grdf_gauss_mean,"pmid_plane_max_mass,pstart_grdf_gauss_mean","(91, 108)",2,-0.11458773270778444
pmid_afs_trig_std + pstart_plane_mean_Z,"pmid_afs_trig_std,pstart_plane_mean_Z","(78, 117)",2,-0.11463176729022637
kinterior_degen + pend_afs_trig_std,"kinterior_degen,pend_afs_trig_std","(11, 36)",2,-0.11470343872382027
max_mass + pstart_afs_gauss_mean,"max_mass,pstart_afs_gauss_mean","(25, 99)",2,-0.11480783591978697
pmid_plane_max_mass + pstart_afs_gauss_mean,"pmid_plane_max_mass,pstart_afs_gauss_mean","(91, 99)",2,-0.11480783591978697
pend_plane_max_mass + pstart_afs_gauss_mean,"pend_plane_max_mass,pstart_afs_gauss_mean","(49, 99)",2,-0.11480783591978697
pline_plane_heavy_frac + pmid_afs_trig_mean,"pline_plane_heavy_frac,pmid_afs_trig_mean","(64, 77)",2,-0.11480821103801848
kmid_frac_y + kstart_degen,"kmid_frac_y,kstart_degen","(13, 16)",2,-0.1148962228254169
pend_afs_bessel_mean + pend_afs_trig_max,"pend_afs_bessel_mean,pend_afs_trig_max","(29, 34)",2,-0.11500924268459627
pline_grdf_gauss_mean + pmid_afs_trig_std,"pline_grdf_gauss_mean,pmid_afs_trig_std","(58, 78)",2,-0.1150651112332721
kstart_frac_x + pend_plane_heavy_frac,"kstart_frac_x,pend_plane_heavy_frac","(17, 47)",2,-0.11522954133842536
pline_plane_max_mass + pline_plane_mean_mass,"pline_plane_max_mass,pline_plane_mean_mass","(66, 68)",2,-0.11524407541872442
pline_grdf_bessel_max + pline_n_atoms_on_plane,"pline_grdf_bessel_max,pline_n_atoms_on_plane","(54, 63)",2,-0.11526533808759556
pstart_grdf_gauss_mean + pstart_plane_max_mass,"pstart_grdf_gauss_mean,pstart_plane_max_mass","(108, 116)",2,-0.11530208943218448
pline_plane_sum_Z4 + pstart_afs_gauss_mean,"pline_plane_sum_Z4,pstart_afs_gauss_mean","(69, 99)",2,-0.11531086476656967
pend_afs_gauss_std + pend_plane_mean_Z,"pend_afs_gauss_std,pend_plane_mean_Z","(33, 50)",2,-0.11533574203046157
ktotal_weight + n_elements,"ktotal_weight,n_elements","(19, 27)",2,-0.1153361925763214
pline_n_atoms_on_plane + pstart_grdf_gauss_mean,"pline_n_atoms_on_plane,pstart_grdf_gauss_mean","(63, 108)",2,-0.11547808078332436
E_pfrac_VBM + pend_grdf_gauss_mean,"E_pfrac_VBM,pend_grdf_gauss_mean","(1, 41)",2,-0.115610827555469
pmid_afs_bessel_mean + pstart_afs_trig_std,"pmid_afs_bessel_mean,pstart_afs_trig_std","(71, 103)",2,-0.11564124794332394
ktotal_weight + pstart_grdf_trig_mean,"ktotal_weight,pstart_grdf_trig_mean","(19, 111)",2,-0.11565895044740152
pmid_grdf_bessel_std + pstart_grdf_bessel_max,"pmid_grdf_bessel_std,pstart_grdf_bessel_max","(81, 104)",2,-0.11571083370576345
pend_afs_gauss_std + pline_grdf_trig_std,"pend_afs_gauss_std,pline_grdf_trig_std","(33, 62)",2,-0.11576319849059932
pend_afs_gauss_std + pstart_plane_sum_Z4,"pend_afs_gauss_std,pstart_plane_sum_Z4","(33, 119)",2,-0.1157735658714385
pmid_afs_trig_mean + sum_Z4,"pmid_afs_trig_mean,sum_Z4","(77, 122)",2,-0.11584437917250581
bandgap + pmid_grdf_gauss_max,"bandgap,pmid_grdf_gauss_max","(6, 82)",2,-0.11590814607900775
pline_n_atoms_on_plane + pmid_plane_heavy_frac,"pline_n_atoms_on_plane,pmid_plane_heavy_frac","(63, 89)",2,-0.11597601816843632
pmid_grdf_gauss_std + pstart_grdf_gauss_mean,"pmid_grdf_gauss_std,pstart_grdf_gauss_mean","(84, 108)",2,-0.11603878854694687
pstart_afs_gauss_mean + pstart_plane_max_mass,"pstart_afs_gauss_mean,pstart_plane_max_mass","(99, 116)",2,-0.11608087871475359
mean_Z + pmid_afs_trig_mean,"mean_Z,pmid_afs_trig_mean","(26, 77)",2,-0.11609168890771973
kend_frac_x + pline_plane_sum_Z4,"kend_frac_x,pline_plane_sum_Z4","(9, 69)",2,-0.11610393283870876
n_elements + pline_plane_max_Z,"n_elements,pline_plane_max_Z","(27, 65)",2,-0.11623264198688868
pmid_afs_gauss_std + pmid_plane_sum_Z4,"pmid_afs_gauss_std,pmid_plane_sum_Z4","(75, 94)",2,-0.11627561248114478
pend_afs_trig_std + pmid_plane_max_mass,"pend_afs_trig_std,pmid_plane_max_mass","(36, 91)",2,-0.11637785598949364
pend_afs_trig_std + pstart_plane_max_mass,"pend_afs_trig_std,pstart_plane_max_mass","(36, 116)",2,-0.11637785598949364
pend_afs_trig_std + pend_plane_max_mass,"pend_afs_trig_std,pend_plane_max_mass","(36, 49)",2,-0.11637785598949364
ktotal_weight + pend_plane_heavy_frac,"ktotal_weight,pend_plane_heavy_frac","(19, 47)",2,-0.11642131105915232
pline_grdf_bessel_mean + pline_plane_heavy_frac,"pline_grdf_bessel_mean,pline_plane_heavy_frac","(55, 64)",2,-0.11643908548659392
kstart_frac_y + pline_plane_mean_Z,"kstart_frac_y,pline_plane_mean_Z","(18, 67)",2,-0.11647748275938011
pend_grdf_trig_mean + radius_mean,"pend_grdf_trig_mean,radius_mean","(44, 121)",2,-0.11649817882401496
E_pfrac_CBM + max_Z4,"E_pfrac_CBM,max_Z4","(0, 24)",2,-0.11654329261222536
E_pfrac_CBM + pstart_plane_max_Z,"E_pfrac_CBM,pstart_plane_max_Z","(0, 115)",2,-0.11654329261222536
E_pfrac_CBM + pmid_plane_max_Z,"E_pfrac_CBM,pmid_plane_max_Z","(0, 90)",2,-0.11654329261222536
E_pfrac_CBM + max_Z,"E_pfrac_CBM,max_Z","(0, 23)",2,-0.11654329261222536
E_pfrac_CBM + pend_plane_max_Z,"E_pfrac_CBM,pend_plane_max_Z","(0, 48)",2,-0.11654329261222536
pend_afs_bessel_std + pmid_grdf_gauss_max,"pend_afs_bessel_std,pmid_grdf_gauss_max","(30, 82)",2,-0.11659319460606232
n_elements + pmid_afs_gauss_std,"n_elements,pmid_afs_gauss_std","(27, 75)",2,-0.11660618672169235
pend_afs_gauss_mean + pmid_grdf_gauss_mean,"pend_afs_gauss_mean,pmid_grdf_gauss_mean","(32, 83)",2,-0.11666954560054055
pmid_afs_gauss_max + pstart_grdf_gauss_mean,"pmid_afs_gauss_max,pstart_grdf_gauss_mean","(73, 108)",2,-0.11670480185186267
E_pfrac_CBM + pline_grdf_trig_mean,"E_pfrac_CBM,pline_grdf_trig_mean","(0, 61)",2,-0.11677234659117144
pstart_afs_gauss_mean + pstart_plane_max_Z,"pstart_afs_gauss_mean,pstart_plane_max_Z","(99, 115)",2,-0.11678013689687398
pmid_afs_gauss_mean + pmid_grdf_gauss_std,"pmid_afs_gauss_mean,pmid_grdf_gauss_std","(74, 84)",2,-0.11684872324457599
pstart_plane_heavy_frac + pstart_plane_max_mass,"pstart_plane_heavy_frac,pstart_plane_max_mass","(114, 116)",2,-0.1171123884727882
pend_afs_gauss_mean + pmid_plane_heavy_frac,"pend_afs_gauss_mean,pmid_plane_heavy_frac","(32, 89)",2,-0.11714328965995702
kinterior_degen + pmid_grdf_gauss_max,"kinterior_degen,pmid_grdf_gauss_max","(11, 82)",2,-0.11721503930185066
pline_grdf_bessel_std + pstart_afs_trig_std,"pline_grdf_bessel_std,pstart_afs_trig_std","(56, 103)",2,-0.11730859752019618
kstart_frac_x + pline_plane_max_mass,"kstart_frac_x,pline_plane_max_mass","(17, 66)",2,-0.11734268395142702
kstart_frac_y + pmid_grdf_gauss_max,"kstart_frac_y,pmid_grdf_gauss_max","(18, 82)",2,-0.11740261650544473
pline_grdf_gauss_max + pstart_afs_gauss_mean,"pline_grdf_gauss_max,pstart_afs_gauss_mean","(57, 99)",2,-0.11741398790660504
pend_plane_mean_mass + pstart_afs_bessel_mean,"pend_plane_mean_mass,pstart_afs_bessel_mean","(51, 96)",2,-0.11748467350842957
pline_n_atoms_on_plane + pmid_grdf_gauss_max,"pline_n_atoms_on_plane,pmid_grdf_gauss_max","(63, 82)",2,-0.11756321618030738
pend_plane_max_mass + pstart_afs_gauss_std,"pend_plane_max_mass,pstart_afs_gauss_std","(49, 100)",2,-0.11759288708627932
max_mass + pstart_afs_gauss_std,"max_mass,pstart_afs_gauss_std","(25, 100)",2,-0.11759288708627932
pmid_plane_max_mass + pstart_afs_gauss_std,"pmid_plane_max_mass,pstart_afs_gauss_std","(91, 100)",2,-0.11759288708627932
kend_frac_x + pmid_afs_gauss_max,"kend_frac_x,pmid_afs_gauss_max","(9, 73)",2,-0.11759991654724844
pmid_plane_sum_Z4 + pstart_afs_bessel_mean,"pmid_plane_sum_Z4,pstart_afs_bessel_mean","(94, 96)",2,-0.1176445479890186
ktotal_weight + pmid_afs_trig_mean,"ktotal_weight,pmid_afs_trig_mean","(19, 77)",2,-0.11767240893105409
pmid_afs_gauss_max + sum_Z4,"pmid_afs_gauss_max,sum_Z4","(73, 122)",2,-0.11772627126475506
kstart_degen + pline_grdf_trig_std,"kstart_degen,pline_grdf_trig_std","(16, 62)",2,-0.11773519642913526
kstart_frac_y + ktotal_weight,"kstart_frac_y,ktotal_weight","(18, 19)",2,-0.11776778676184671
n_elements + pline_plane_mean_Z,"n_elements,pline_plane_mean_Z","(27, 67)",2,-0.1177748683583644
kinterior_degen + pstart_grdf_trig_mean,"kinterior_degen,pstart_grdf_trig_mean","(11, 111)",2,-0.1177907141090236
pend_grdf_trig_std + pmid_grdf_bessel_std,"pend_grdf_trig_std,pmid_grdf_bessel_std","(45, 81)",2,-0.11787963020000118
kend_degen + pstart_grdf_gauss_mean,"kend_degen,pstart_grdf_gauss_mean","(8, 108)",2,-0.11789058597357971
max_mass + pend_afs_trig_std,"max_mass,pend_afs_trig_std","(25, 36)",2,-0.11789442087436079
pline_plane_max_Z + pstart_grdf_gauss_mean,"pline_plane_max_Z,pstart_grdf_gauss_mean","(65, 108)",2,-0.1180046043911924
pend_plane_max_Z + pstart_grdf_gauss_std,"pend_plane_max_Z,pstart_grdf_gauss_std","(48, 109)",2,-0.11810636059366986
max_Z + pstart_grdf_gauss_std,"max_Z,pstart_grdf_gauss_std","(23, 109)",2,-0.11810636059366986
max_Z4 + pstart_grdf_gauss_std,"max_Z4,pstart_grdf_gauss_std","(24, 109)",2,-0.11810636059366986
pmid_plane_max_Z + pstart_grdf_gauss_std,"pmid_plane_max_Z,pstart_grdf_gauss_std","(90, 109)",2,-0.11810636059366986
band_binary + pend_grdf_trig_std,"band_binary,pend_grdf_trig_std","(5, 45)",2,-0.11836651008386498
ktotal_weight + pend_afs_trig_std,"ktotal_weight,pend_afs_trig_std","(19, 36)",2,-0.1183779061026731
kinterior_degen + pmid_afs_trig_std,"kinterior_degen,pmid_afs_trig_std","(11, 78)",2,-0.11849162473273038
pend_afs_trig_std + pmid_grdf_gauss_mean,"pend_afs_trig_std,pmid_grdf_gauss_mean","(36, 83)",2,-0.1184940340308884
kmid_frac_x + kpath_real_distance,"kmid_frac_x,kpath_real_distance","(12, 15)",2,-0.11849604532232398
kstart_frac_y + pend_grdf_bessel_std,"kstart_frac_y,pend_grdf_bessel_std","(18, 39)",2,-0.1185501327099651
pstart_afs_gauss_max + pstart_grdf_gauss_mean,"pstart_afs_gauss_max,pstart_grdf_gauss_mean","(98, 108)",2,-0.11861543615205947
kstart_frac_y + pline_plane_max_Z,"kstart_frac_y,pline_plane_max_Z","(18, 65)",2,-0.11875585182136934
plane_angle_deg + pmid_plane_heavy_frac,"plane_angle_deg,pmid_plane_heavy_frac","(53, 89)",2,-0.11880411596458271
band_binary + kstart_frac_y,"band_binary,kstart_frac_y","(5, 18)",2,-0.11885477162328217
kmid_frac_y + ktotal_weight,"kmid_frac_y,ktotal_weight","(13, 19)",2,-0.11886921007996198
plane_angle_deg + pline_grdf_gauss_mean,"plane_angle_deg,pline_grdf_gauss_mean","(53, 58)",2,-0.1189668421490975
pline_plane_max_mass + pmid_afs_trig_mean,"pline_plane_max_mass,pmid_afs_trig_mean","(66, 77)",2,-0.11903305159987716
bandgap + pend_afs_gauss_mean,"bandgap,pend_afs_gauss_mean","(6, 32)",2,-0.11906506617589474
pline_plane_mean_Z + pmid_afs_gauss_max,"pline_plane_mean_Z,pmid_afs_gauss_max","(67, 73)",2,-0.11907590010664
kstart_frac_x + pmid_afs_trig_mean,"kstart_frac_x,pmid_afs_trig_mean","(17, 77)",2,-0.119147969189404
pline_grdf_bessel_max + pmid_afs_trig_std,"pline_grdf_bessel_max,pmid_afs_trig_std","(54, 78)",2,-0.11926001647223941
kvec_z + pline_grdf_bessel_mean,"kvec_z,pline_grdf_bessel_mean","(22, 55)",2,-0.11953741587890847
pstart_afs_gauss_std + pstart_plane_max_mass,"pstart_afs_gauss_std,pstart_plane_max_mass","(100, 116)",2,-0.11957955923402334
kend_frac_y + pmid_afs_trig_mean,"kend_frac_y,pmid_afs_trig_mean","(10, 77)",2,-0.11960608518110985
kstart_frac_x + ktotal_weight,"kstart_frac_x,ktotal_weight","(17, 19)",2,-0.1196303510768679
plane_angle_deg + pmid_grdf_gauss_max,"plane_angle_deg,pmid_grdf_gauss_max","(53, 82)",2,-0.11967783704032331
pend_afs_gauss_std + sum_Z4,"pend_afs_gauss_std,sum_Z4","(33, 122)",2,-0.11977498228482994
pend_afs_bessel_std + pstart_afs_bessel_mean,"pend_afs_bessel_std,pstart_afs_bessel_mean","(30, 96)",2,-0.11991063640317072
plane_angle_deg + pmid_afs_trig_mean,"plane_angle_deg,pmid_afs_trig_mean","(53, 77)",2,-0.11994322365254402
pend_grdf_bessel_std + pline_plane_sum_Z4,"pend_grdf_bessel_std,pline_plane_sum_Z4","(39, 69)",2,-0.119985756041283
kstart_degen + pstart_afs_gauss_mean,"kstart_degen,pstart_afs_gauss_mean","(16, 99)",2,-0.12001134961471412
pline_n_atoms_on_plane + pstart_plane_heavy_frac,"pline_n_atoms_on_plane,pstart_plane_heavy_frac","(63, 114)",2,-0.12003544401740258
band_binary + pstart_afs_gauss_std,"band_binary,pstart_afs_gauss_std","(5, 100)",2,-0.12019458678224763
pline_plane_mean_mass + pmid_afs_gauss_max,"pline_plane_mean_mass,pmid_afs_gauss_max","(68, 73)",2,-0.12027771409199424
pstart_afs_bessel_mean + radius_diff,"pstart_afs_bessel_mean,radius_diff","(96, 120)",2,-0.12038211695513985
band_binary + n_elements,"band_binary,n_elements","(5, 27)",2,-0.12038328196248822
kinterior_degen + pmid_afs_trig_mean,"kinterior_degen,pmid_afs_trig_mean","(11, 77)",2,-0.12038861904252826
pline_grdf_bessel_mean + pline_grdf_gauss_mean,"pline_grdf_bessel_mean,pline_grdf_gauss_mean","(55, 58)",2,-0.12042679189438885
pend_afs_gauss_mean + pstart_grdf_gauss_mean,"pend_afs_gauss_mean,pstart_grdf_gauss_mean","(32, 108)",2,-0.12044351928083219
pline_plane_max_Z + pline_plane_mean_mass,"pline_plane_max_Z,pline_plane_mean_mass","(65, 68)",2,-0.12044681444546286
pend_afs_trig_mean + pmid_afs_trig_std,"pend_afs_trig_mean,pmid_afs_trig_std","(35, 78)",2,-0.12045919754273988
pline_plane_sum_Z4 + pmid_grdf_gauss_max,"pline_plane_sum_Z4,pmid_grdf_gauss_max","(69, 82)",2,-0.12061331062949705
pline_grdf_gauss_mean + pline_plane_sum_Z4,"pline_grdf_gauss_mean,pline_plane_sum_Z4","(58, 69)",2,-0.12080242596484611
pstart_afs_bessel_mean + pstart_grdf_bessel_std,"pstart_afs_bessel_mean,pstart_grdf_bessel_std","(96, 106)",2,-0.12091947066093296
band_binary + kstart_degen,"band_binary,kstart_degen","(5, 16)",2,-0.12098510083113276
max_Z4 + pstart_afs_gauss_mean,"max_Z4,pstart_afs_gauss_mean","(24, 99)",2,-0.12117618568114738
pend_plane_max_Z + pstart_afs_gauss_mean,"pend_plane_max_Z,pstart_afs_gauss_mean","(48, 99)",2,-0.12117618568114738
max_Z + pstart_afs_gauss_mean,"max_Z,pstart_afs_gauss_mean","(23, 99)",2,-0.12117618568114738
pmid_plane_max_Z + pstart_afs_gauss_mean,"pmid_plane_max_Z,pstart_afs_gauss_mean","(90, 99)",2,-0.12117618568114738
pend_afs_gauss_std + pmid_afs_trig_mean,"pend_afs_gauss_std,pmid_afs_trig_mean","(33, 77)",2,-0.12118362324562934
kend_degen + pmid_afs_trig_std,"kend_degen,pmid_afs_trig_std","(8, 78)",2,-0.12120159168506432
pline_grdf_gauss_max + pmid_afs_gauss_max,"pline_grdf_gauss_max,pmid_afs_gauss_max","(57, 73)",2,-0.12149524661366067
pend_afs_bessel_mean + pstart_grdf_bessel_mean,"pend_afs_bessel_mean,pstart_grdf_bessel_mean","(29, 105)",2,-0.12151880800622653
kpath_real_distance + kvec_z,"kpath_real_distance,kvec_z","(15, 22)",2,-0.12162688012534409
pend_plane_mean_Z + pmid_grdf_bessel_std,"pend_plane_mean_Z,pmid_grdf_bessel_std","(50, 81)",2,-0.12172391203491588
pmid_grdf_bessel_std + pstart_afs_trig_std,"pmid_grdf_bessel_std,pstart_afs_trig_std","(81, 103)",2,-0.12183985237966381
kend_frac_y + pstart_grdf_gauss_max,"kend_frac_y,pstart_grdf_gauss_max","(10, 107)",2,-0.12192071217351383
pmid_afs_trig_std + pstart_grdf_bessel_max,"pmid_afs_trig_std,pstart_grdf_bessel_max","(78, 104)",2,-0.12193693664248265
pend_afs_gauss_std + pstart_grdf_gauss_mean,"pend_afs_gauss_std,pstart_grdf_gauss_mean","(33, 108)",2,-0.1220612161429494
pmid_afs_gauss_max + pstart_plane_max_mass,"pmid_afs_gauss_max,pstart_plane_max_mass","(73, 116)",2,-0.12214248251870403
pmid_afs_gauss_max + pmid_plane_max_mass,"pmid_afs_gauss_max,pmid_plane_max_mass","(73, 91)",2,-0.12214248251870403
max_Z + pend_afs_trig_std,"max_Z,pend_afs_trig_std","(23, 36)",2,-0.1222599854836212
max_Z4 + pend_afs_trig_std,"max_Z4,pend_afs_trig_std","(24, 36)",2,-0.1222599854836212
pmid_afs_trig_std + pstart_plane_max_Z,"pmid_afs_trig_std,pstart_plane_max_Z","(78, 115)",2,-0.12232125547057345
pmid_afs_trig_std + pmid_plane_max_Z,"pmid_afs_trig_std,pmid_plane_max_Z","(78, 90)",2,-0.12232125547057345
pmid_grdf_trig_mean + radius_mean,"pmid_grdf_trig_mean,radius_mean","(86, 121)",2,-0.12235466929448155
pend_afs_trig_std + pmid_plane_max_Z,"pend_afs_trig_std,pmid_plane_max_Z","(36, 90)",2,-0.12236964335554848
pend_afs_trig_std + pstart_plane_max_Z,"pend_afs_trig_std,pstart_plane_max_Z","(36, 115)",2,-0.12236964335554848
pend_afs_trig_std + pend_plane_max_Z,"pend_afs_trig_std,pend_plane_max_Z","(36, 48)",2,-0.12236964335554848
pend_plane_heavy_frac + pmid_plane_heavy_frac,"pend_plane_heavy_frac,pmid_plane_heavy_frac","(47, 89)",2,-0.12241225674992802
pend_plane_mean_Z + pstart_afs_gauss_mean,"pend_plane_mean_Z,pstart_afs_gauss_mean","(50, 99)",2,-0.12242143843997721
pline_grdf_gauss_max + pmid_plane_heavy_frac,"pline_grdf_gauss_max,pmid_plane_heavy_frac","(57, 89)",2,-0.12242182786330084
pline_n_atoms_on_plane + pmid_afs_trig_mean,"pline_n_atoms_on_plane,pmid_afs_trig_mean","(63, 77)",2,-0.12249172189871942
pend_grdf_bessel_std + pline_grdf_trig_std,"pend_grdf_bessel_std,pline_grdf_trig_std","(39, 62)",2,-0.1225053704839624
pend_afs_bessel_mean + pend_afs_trig_std,"pend_afs_bessel_mean,pend_afs_trig_std","(29, 36)",2,-0.12253533551845575
max_mass + pmid_afs_trig_std,"max_mass,pmid_afs_trig_std","(25, 78)",2,-0.12256682923432463
pend_plane_max_mass + pmid_afs_trig_std,"pend_plane_max_mass,pmid_afs_trig_std","(49, 78)",2,-0.12256682923432463
n_elements + pline_grdf_gauss_mean,"n_elements,pline_grdf_gauss_mean","(27, 58)",2,-0.12258128199467708
kpath_real_distance + pline_grdf_trig_max,"kpath_real_distance,pline_grdf_trig_max","(15, 60)",2,-0.12258658294298748
kvec_z + pstart_afs_gauss_mean,"kvec_z,pstart_afs_gauss_mean","(22, 99)",2,-0.1226526047413508
pend_n_atoms_on_plane + pmid_afs_trig_mean,"pend_n_atoms_on_plane,pmid_afs_trig_mean","(46, 77)",2,-0.1226836100165281
pend_grdf_bessel_mean + pend_grdf_trig_max,"pend_grdf_bessel_mean,pend_grdf_trig_max","(38, 43)",2,-0.12270918531361422
kinterior_degen + kstart_frac_x,"kinterior_degen,kstart_frac_x","(11, 17)",2,-0.12278236195605499
pline_grdf_trig_std + pmid_afs_trig_mean,"pline_grdf_trig_std,pmid_afs_trig_mean","(62, 77)",2,-0.12278303288813892
kvec_z + pstart_grdf_gauss_mean,"kvec_z,pstart_grdf_gauss_mean","(22, 108)",2,-0.12292684154357691
pline_plane_max_Z + pstart_afs_gauss_mean,"pline_plane_max_Z,pstart_afs_gauss_mean","(65, 99)",2,-0.12295079598869511
pline_grdf_bessel_mean + pline_grdf_trig_std,"pline_grdf_bessel_mean,pline_grdf_trig_std","(55, 62)",2,-0.12295363989160099
pend_grdf_gauss_max + pstart_grdf_trig_std,"pend_grdf_gauss_max,pstart_grdf_trig_std","(40, 112)",2,-0.12295494048194773
ehull + pend_grdf_trig_max,"ehull,pend_grdf_trig_max","(7, 43)",2,-0.12297715325938793
kpath_real_distance + pline_grdf_trig_mean,"kpath_real_distance,pline_grdf_trig_mean","(15, 61)",2,-0.12304449768641564
kinterior_degen + pmid_plane_heavy_frac,"kinterior_degen,pmid_plane_heavy_frac","(11, 89)",2,-0.12306796412215301
pline_grdf_bessel_mean + pline_n_atoms_on_plane,"pline_grdf_bessel_mean,pline_n_atoms_on_plane","(55, 63)",2,-0.12324896525686893
pline_grdf_gauss_mean + pline_plane_mean_mass,"pline_grdf_gauss_mean,pline_plane_mean_mass","(58, 68)",2,-0.12329222361880851
pline_grdf_trig_max + pmid_afs_gauss_std,"pline_grdf_trig_max,pmid_afs_gauss_std","(60, 75)",2,-0.1233542852284705
kstart_frac_x + pline_plane_max_Z,"kstart_frac_x,pline_plane_max_Z","(17, 65)",2,-0.12336327863255665
kpath_real_distance + pend_afs_gauss_mean,"kpath_real_distance,pend_afs_gauss_mean","(15, 32)",2,-0.12337302267757637
kstart_frac_y + pline_plane_mean_mass,"kstart_frac_y,pline_plane_mean_mass","(18, 68)",2,-0.12341647836317857
pmid_grdf_bessel_max + pmid_grdf_bessel_std,"pmid_grdf_bessel_max,pmid_grdf_bessel_std","(79, 81)",2,-0.1234332210221645
pend_afs_gauss_std + plane_angle_deg,"pend_afs_gauss_std,plane_angle_deg","(33, 53)",2,-0.12344619260231642
pline_plane_mean_Z + pmid_afs_gauss_std,"pline_plane_mean_Z,pmid_afs_gauss_std","(67, 75)",2,-0.12354354020805866
pmid_plane_max_Z + pstart_grdf_gauss_mean,"pmid_plane_max_Z,pstart_grdf_gauss_mean","(90, 108)",2,-0.12356358781338725
pend_plane_max_Z + pstart_grdf_gauss_mean,"pend_plane_max_Z,pstart_grdf_gauss_mean","(48, 108)",2,-0.12356358781338725
max_Z4 + pstart_grdf_gauss_mean,"max_Z4,pstart_grdf_gauss_mean","(24, 108)",2,-0.12356358781338725
max_Z + pstart_grdf_gauss_mean,"max_Z,pstart_grdf_gauss_mean","(23, 108)",2,-0.12356358781338725
pstart_grdf_gauss_mean + pstart_plane_max_Z,"pstart_grdf_gauss_mean,pstart_plane_max_Z","(108, 115)",2,-0.1236406417412631
kend_frac_y + pline_grdf_bessel_mean,"kend_frac_y,pline_grdf_bessel_mean","(10, 55)",2,-0.12365914431240532
pend_afs_trig_mean + pmid_grdf_trig_std,"pend_afs_trig_mean,pmid_grdf_trig_std","(35, 87)",2,-0.12366537491815097
plane_angle_deg + pmid_afs_gauss_std,"plane_angle_deg,pmid_afs_gauss_std","(53, 75)",2,-0.12368125422099052
band_binary + pend_n_atoms_on_plane,"band_binary,pend_n_atoms_on_plane","(5, 46)",2,-0.12374893974412773
E_pfrac_CBM + pline_grdf_trig_max,"E_pfrac_CBM,pline_grdf_trig_max","(0, 60)",2,-0.12376077684707196
pend_afs_gauss_max + pend_afs_trig_std,"pend_afs_gauss_max,pend_afs_trig_std","(31, 36)",2,-0.12386624052209894
pend_grdf_bessel_std + radius_diff,"pend_grdf_bessel_std,radius_diff","(39, 120)",2,-0.12393217528246112
band_binary + pmid_grdf_gauss_mean,"band_binary,pmid_grdf_gauss_mean","(5, 83)",2,-0.1240375751044754
pend_grdf_bessel_std + pline_plane_max_mass,"pend_grdf_bessel_std,pline_plane_max_mass","(39, 66)",2,-0.12406551383342057
kvec_z + pstart_grdf_gauss_max,"kvec_z,pstart_grdf_gauss_max","(22, 107)",2,-0.12411225128036336
pline_grdf_trig_std + pstart_grdf_trig_mean,"pline_grdf_trig_std,pstart_grdf_trig_mean","(62, 111)",2,-0.12411846461108408
kend_degen + pstart_grdf_gauss_max,"kend_degen,pstart_grdf_gauss_max","(8, 107)",2,-0.12412530586252786
kpath_angle_deg + pstart_grdf_gauss_std,"kpath_angle_deg,pstart_grdf_gauss_std","(14, 109)",2,-0.12431198870033204
plane_angle_deg + pstart_plane_heavy_frac,"plane_angle_deg,pstart_plane_heavy_frac","(53, 114)",2,-0.12453312727058279
pend_grdf_bessel_std + pline_plane_max_Z,"pend_grdf_bessel_std,pline_plane_max_Z","(39, 65)",2,-0.12454884486796862
pline_plane_mean_mass + pmid_plane_heavy_frac,"pline_plane_mean_mass,pmid_plane_heavy_frac","(68, 89)",2,-0.12461217954274455
kinterior_degen + pline_plane_sum_Z4,"kinterior_degen,pline_plane_sum_Z4","(11, 69)",2,-0.1246480790568135
pmid_afs_bessel_std + pstart_plane_heavy_frac,"pmid_afs_bessel_std,pstart_plane_heavy_frac","(72, 114)",2,-0.12467364358504049
kend_degen + pstart_afs_gauss_mean,"kend_degen,pstart_afs_gauss_mean","(8, 99)",2,-0.12476392389383764
n_elements + pstart_afs_bessel_mean,"n_elements,pstart_afs_bessel_mean","(27, 96)",2,-0.12484531923276969
pstart_afs_trig_std + pstart_plane_heavy_frac,"pstart_afs_trig_std,pstart_plane_heavy_frac","(103, 114)",2,-0.1248978818939154
kpath_angle_deg + pmid_grdf_trig_std,"kpath_angle_deg,pmid_grdf_trig_std","(14, 87)",2,-0.1248980815137088
pline_grdf_trig_mean + pmid_afs_gauss_std,"pline_grdf_trig_mean,pmid_afs_gauss_std","(61, 75)",2,-0.12498238327456779
kmid_frac_x + pend_plane_heavy_frac,"kmid_frac_x,pend_plane_heavy_frac","(12, 47)",2,-0.12507807622242342
pend_grdf_bessel_std + pline_grdf_trig_mean,"pend_grdf_bessel_std,pline_grdf_trig_mean","(39, 61)",2,-0.12511244568168994
kvec_x + pend_afs_gauss_std,"kvec_x,pend_afs_gauss_std","(20, 33)",2,-0.125145016894234
n_elements + pmid_afs_trig_std,"n_elements,pmid_afs_trig_std","(27, 78)",2,-0.12514525065074017
n_elements + pline_plane_mean_mass,"n_elements,pline_plane_mean_mass","(27, 68)",2,-0.12520606999629993
pline_grdf_trig_std + pmid_plane_heavy_frac,"pline_grdf_trig_std,pmid_plane_heavy_frac","(62, 89)",2,-0.12522741928420614
pend_afs_gauss_std + pline_plane_max_mass,"pend_afs_gauss_std,pline_plane_max_mass","(33, 66)",2,-0.12523703811904865
kend_degen + pend_afs_trig_mean,"kend_degen,pend_afs_trig_mean","(8, 35)",2,-0.12536736415035968
pend_afs_gauss_std + pline_grdf_gauss_max,"pend_afs_gauss_std,pline_grdf_gauss_max","(33, 57)",2,-0.12540412451357433
pmid_afs_bessel_mean + pmid_plane_sum_Z4,"pmid_afs_bessel_mean,pmid_plane_sum_Z4","(71, 94)",2,-0.12547483940130863
kvec_z + pline_grdf_bessel_max,"kvec_z,pline_grdf_bessel_max","(22, 54)",2,-0.12549872493322917
pmid_afs_trig_std + pstart_afs_gauss_mean,"pmid_afs_trig_std,pstart_afs_gauss_mean","(78, 99)",2,-0.12552921665351457
kmid_frac_y + pstart_plane_heavy_frac,"kmid_frac_y,pstart_plane_heavy_frac","(13, 114)",2,-0.12553407093508653
E_pfrac_CBM + pend_grdf_gauss_std,"E_pfrac_CBM,pend_grdf_gauss_std","(0, 42)",2,-0.12572109887624658
kpath_real_distance + pline_grdf_gauss_max,"kpath_real_distance,pline_grdf_gauss_max","(15, 57)",2,-0.12582136488862383
kstart_degen + kstart_frac_y,"kstart_degen,kstart_frac_y","(16, 18)",2,-0.1258592169726906
pmid_grdf_trig_std + pstart_afs_trig_std,"pmid_grdf_trig_std,pstart_afs_trig_std","(87, 103)",2,-0.12588078519997975
pstart_afs_gauss_mean + pstart_plane_mean_Z,"pstart_afs_gauss_mean,pstart_plane_mean_Z","(99, 117)",2,-0.12588516879684755
kend_frac_y + pend_grdf_bessel_std,"kend_frac_y,pend_grdf_bessel_std","(10, 39)",2,-0.12591376994040435
pline_grdf_bessel_max + pline_plane_mean_Z,"pline_grdf_bessel_max,pline_plane_mean_Z","(54, 67)",2,-0.12592559700653955
pmid_afs_bessel_mean + pstart_plane_mean_mass,"pmid_afs_bessel_mean,pstart_plane_mean_mass","(71, 118)",2,-0.125930310469601
kend_frac_x + pstart_grdf_trig_mean,"kend_frac_x,pstart_grdf_trig_mean","(9, 111)",2,-0.12605092809143537
pend_afs_trig_std + pstart_grdf_bessel_mean,"pend_afs_trig_std,pstart_grdf_bessel_mean","(36, 105)",2,-0.12606910901059468
kmid_frac_x + pend_afs_gauss_std,"kmid_frac_x,pend_afs_gauss_std","(12, 33)",2,-0.12609492188021146
pend_afs_gauss_max + pline_plane_max_mass,"pend_afs_gauss_max,pline_plane_max_mass","(31, 66)",2,-0.12611066524831313
pend_afs_gauss_std + pend_grdf_gauss_mean,"pend_afs_gauss_std,pend_grdf_gauss_mean","(33, 41)",2,-0.12613701632167332
pline_grdf_bessel_max + pmid_afs_gauss_std,"pline_grdf_bessel_max,pmid_afs_gauss_std","(54, 75)",2,-0.12627266693325814
pmid_afs_trig_std + pstart_afs_trig_std,"pmid_afs_trig_std,pstart_afs_trig_std","(78, 103)",2,-0.12632556008193901
kend_frac_x + pline_grdf_bessel_max,"kend_frac_x,pline_grdf_bessel_max","(9, 54)",2,-0.12647659989931972
pmid_plane_heavy_frac + pstart_afs_gauss_mean,"pmid_plane_heavy_frac,pstart_afs_gauss_mean","(89, 99)",2,-0.12648125096142893
pline_grdf_trig_mean + pstart_afs_gauss_mean,"pline_grdf_trig_mean,pstart_afs_gauss_mean","(61, 99)",2,-0.1265233957557995
kend_frac_y + pmid_afs_gauss_std,"kend_frac_y,pmid_afs_gauss_std","(10, 75)",2,-0.12653396058340705
pmid_plane_mean_Z + pstart_afs_gauss_mean,"pmid_plane_mean_Z,pstart_afs_gauss_mean","(92, 99)",2,-0.1265435346124743
ktotal_weight + pmid_grdf_gauss_max,"ktotal_weight,pmid_grdf_gauss_max","(19, 82)",2,-0.12677799222598635
plane_angle_deg + pstart_afs_gauss_mean,"plane_angle_deg,pstart_afs_gauss_mean","(53, 99)",2,-0.12678449073499531
pmid_afs_trig_std + pmid_plane_mean_mass,"pmid_afs_trig_std,pmid_plane_mean_mass","(78, 93)",2,-0.1267931176359426
pend_afs_trig_std + pline_grdf_gauss_std,"pend_afs_trig_std,pline_grdf_gauss_std","(36, 59)",2,-0.12681103493325047
pend_plane_heavy_frac + pmid_plane_max_mass,"pend_plane_heavy_frac,pmid_plane_max_mass","(47, 91)",2,-0.12685239891518457
pend_plane_heavy_frac + pstart_plane_max_mass,"pend_plane_heavy_frac,pstart_plane_max_mass","(47, 116)",2,-0.12685239891518457
pend_plane_heavy_frac + pend_plane_max_mass,"pend_plane_heavy_frac,pend_plane_max_mass","(47, 49)",2,-0.12685239891518457
pline_plane_mean_Z + pline_plane_mean_mass,"pline_plane_mean_Z,pline_plane_mean_mass","(67, 68)",2,-0.126903816657909
pend_grdf_bessel_std + pstart_grdf_gauss_max,"pend_grdf_bessel_std,pstart_grdf_gauss_max","(39, 107)",2,-0.12692888501587007
pline_grdf_bessel_std + pstart_grdf_trig_mean,"pline_grdf_bessel_std,pstart_grdf_trig_mean","(56, 111)",2,-0.12702173356334093
kstart_frac_x + plane_angle_deg,"kstart_frac_x,plane_angle_deg","(17, 53)",2,-0.12711247161221328
ktotal_weight + pline_plane_sum_Z4,"ktotal_weight,pline_plane_sum_Z4","(19, 69)",2,-0.1271289639986205
kstart_frac_x + pline_plane_mean_Z,"kstart_frac_x,pline_plane_mean_Z","(17, 67)",2,-0.12717018690914234
pend_grdf_bessel_std + pline_plane_mean_mass,"pend_grdf_bessel_std,pline_plane_mean_mass","(39, 68)",2,-0.12718105726934528
pend_grdf_gauss_std + pmid_grdf_bessel_std,"pend_grdf_gauss_std,pmid_grdf_bessel_std","(42, 81)",2,-0.1272284240576233
pend_plane_heavy_frac + pstart_afs_gauss_mean,"pend_plane_heavy_frac,pstart_afs_gauss_mean","(47, 99)",2,-0.12724675739039712
pline_plane_sum_Z4 + pmid_afs_trig_std,"pline_plane_sum_Z4,pmid_afs_trig_std","(69, 78)",2,-0.12726343364346704
pline_grdf_bessel_max + pline_plane_heavy_frac,"pline_grdf_bessel_max,pline_plane_heavy_frac","(54, 64)",2,-0.1273261874866333
pend_grdf_bessel_std + pline_plane_mean_Z,"pend_grdf_bessel_std,pline_plane_mean_Z","(39, 67)",2,-0.1273571164168332
pstart_afs_bessel_mean + pstart_grdf_bessel_mean,"pstart_afs_bessel_mean,pstart_grdf_bessel_mean","(96, 105)",2,-0.12748805966385107
pend_afs_bessel_mean + pstart_afs_gauss_max,"pend_afs_bessel_mean,pstart_afs_gauss_max","(29, 98)",2,-0.12749896974555336
kpath_angle_deg + pmid_grdf_gauss_max,"kpath_angle_deg,pmid_grdf_gauss_max","(14, 82)",2,-0.12758401213327675
max_mass + pend_plane_heavy_frac,"max_mass,pend_plane_heavy_frac","(25, 47)",2,-0.1276022326645907
pline_plane_max_mass + pmid_afs_trig_std,"pline_plane_max_mass,pmid_afs_trig_std","(66, 78)",2,-0.12764356441623498
kpath_angle_deg + pstart_afs_bessel_std,"kpath_angle_deg,pstart_afs_bessel_std","(14, 97)",2,-0.12764973313104486
pmid_grdf_bessel_std + pmid_plane_mean_Z,"pmid_grdf_bessel_std,pmid_plane_mean_Z","(81, 92)",2,-0.1276561308297319
pline_grdf_bessel_std + pmid_plane_heavy_frac,"pline_grdf_bessel_std,pmid_plane_heavy_frac","(56, 89)",2,-0.1276927377472184
kmid_frac_x + pmid_grdf_gauss_max,"kmid_frac_x,pmid_grdf_gauss_max","(12, 82)",2,-0.12769281814109731
pend_grdf_bessel_max + pend_grdf_bessel_std,"pend_grdf_bessel_max,pend_grdf_bessel_std","(37, 39)",2,-0.1277204846577576
pline_grdf_bessel_mean + pmid_grdf_gauss_max,"pline_grdf_bessel_mean,pmid_grdf_gauss_max","(55, 82)",2,-0.12774605167179326
E_pfrac_CBM + pstart_afs_bessel_max,"E_pfrac_CBM,pstart_afs_bessel_max","(0, 95)",2,-0.1277566860605676
pend_afs_gauss_mean + pstart_grdf_bessel_std,"pend_afs_gauss_mean,pstart_grdf_bessel_std","(32, 106)",2,-0.12779209334906658
pend_plane_max_mass + pstart_grdf_gauss_std,"pend_plane_max_mass,pstart_grdf_gauss_std","(49, 109)",2,-0.12780884203169043
pmid_plane_max_mass + pstart_grdf_gauss_std,"pmid_plane_max_mass,pstart_grdf_gauss_std","(91, 109)",2,-0.12780884203169043
max_mass + pstart_grdf_gauss_std,"max_mass,pstart_grdf_gauss_std","(25, 109)",2,-0.12780884203169043
pmid_afs_bessel_mean + pmid_grdf_bessel_max,"pmid_afs_bessel_mean,pmid_grdf_bessel_max","(71, 79)",2,-0.12802006856837206
pend_afs_bessel_mean + pmid_afs_bessel_mean,"pend_afs_bessel_mean,pmid_afs_bessel_mean","(29, 71)",2,-0.1281071558933024
pline_plane_max_Z + pline_plane_sum_Z4,"pline_plane_max_Z,pline_plane_sum_Z4","(65, 69)",2,-0.12815102851497992
pmid_afs_trig_mean + pstart_afs_gauss_std,"pmid_afs_trig_mean,pstart_afs_gauss_std","(77, 100)",2,-0.12823160238897896
pline_grdf_gauss_max + sum_Z4,"pline_grdf_gauss_max,sum_Z4","(57, 122)",2,-0.1283246009113092
pstart_afs_gauss_std + pstart_grdf_gauss_std,"pstart_afs_gauss_std,pstart_grdf_gauss_std","(100, 109)",2,-0.12840228473376386
pend_grdf_bessel_std + pline_grdf_bessel_std,"pend_grdf_bessel_std,pline_grdf_bessel_std","(39, 56)",2,-0.1284075412664466
pline_grdf_gauss_max + pstart_plane_heavy_frac,"pline_grdf_gauss_max,pstart_plane_heavy_frac","(57, 114)",2,-0.1284263162742357
pmid_grdf_gauss_max + pstart_grdf_gauss_mean,"pmid_grdf_gauss_max,pstart_grdf_gauss_mean","(82, 108)",2,-0.12844431916386148
pmid_grdf_gauss_std + pstart_grdf_bessel_mean,"pmid_grdf_gauss_std,pstart_grdf_bessel_mean","(84, 105)",2,-0.12851890270454994
pend_plane_max_mass + pmid_afs_gauss_max,"pend_plane_max_mass,pmid_afs_gauss_max","(49, 73)",2,-0.12863682001026983
max_mass + pmid_afs_gauss_max,"max_mass,pmid_afs_gauss_max","(25, 73)",2,-0.12863682001026983
pmid_afs_gauss_std + pstart_grdf_gauss_std,"pmid_afs_gauss_std,pstart_grdf_gauss_std","(75, 109)",2,-0.12865444000439388
pend_afs_trig_std + pmid_afs_trig_mean,"pend_afs_trig_std,pmid_afs_trig_mean","(36, 77)",2,-0.1286622443893316
pend_plane_max_Z + pmid_afs_trig_std,"pend_plane_max_Z,pmid_afs_trig_std","(48, 78)",2,-0.1286830603578157
max_Z + pmid_afs_trig_std,"max_Z,pmid_afs_trig_std","(23, 78)",2,-0.1286830603578157
max_Z4 + pmid_afs_trig_std,"max_Z4,pmid_afs_trig_std","(24, 78)",2,-0.1286830603578157
pmid_afs_bessel_std + pmid_plane_heavy_frac,"pmid_afs_bessel_std,pmid_plane_heavy_frac","(72, 89)",2,-0.1288108237330074
pmid_grdf_gauss_mean + pstart_grdf_trig_mean,"pmid_grdf_gauss_mean,pstart_grdf_trig_mean","(83, 111)",2,-0.12886091749271084
pend_afs_bessel_mean + sum_Z4,"pend_afs_bessel_mean,sum_Z4","(29, 122)",2,-0.1289535395367985
kstart_degen + n_elements,"kstart_degen,n_elements","(16, 27)",2,-0.1289632858337596
pend_afs_gauss_std + pline_plane_sum_Z4,"pend_afs_gauss_std,pline_plane_sum_Z4","(33, 69)",2,-0.12899386136865407
kstart_frac_y + pline_grdf_gauss_mean,"kstart_frac_y,pline_grdf_gauss_mean","(18, 58)",2,-0.12900938055812455
pmid_afs_gauss_mean + pmid_afs_trig_mean,"pmid_afs_gauss_mean,pmid_afs_trig_mean","(74, 77)",2,-0.12902291890969056
kvec_z + sum_Z4,"kvec_z,sum_Z4","(22, 122)",2,-0.12913701470792432
pstart_afs_bessel_mean + pstart_grdf_bessel_max,"pstart_afs_bessel_mean,pstart_grdf_bessel_max","(96, 104)",2,-0.12916367099722872
pmid_afs_gauss_max + pstart_afs_gauss_std,"pmid_afs_gauss_max,pstart_afs_gauss_std","(73, 100)",2,-0.12924943148571938
E_pfrac_VBM + kvec_x,"E_pfrac_VBM,kvec_x","(1, 20)",2,-0.12930300442927103
pmid_afs_bessel_mean + pmid_grdf_gauss_std,"pmid_afs_bessel_mean,pmid_grdf_gauss_std","(71, 84)",2,-0.12937051065613375
pstart_plane_heavy_frac + pstart_plane_max_Z,"pstart_plane_heavy_frac,pstart_plane_max_Z","(114, 115)",2,-0.12940788814337856
pend_grdf_bessel_std + pmid_afs_gauss_std,"pend_grdf_bessel_std,pmid_afs_gauss_std","(39, 75)",2,-0.12941608620537834
E_pfrac_relevant + pstart_plane_mean_Z,"E_pfrac_relevant,pstart_plane_mean_Z","(2, 117)",2,-0.12942127405709478
pline_grdf_bessel_mean + pmid_afs_trig_std,"pline_grdf_bessel_mean,pmid_afs_trig_std","(55, 78)",2,-0.12951790147262632
pline_grdf_gauss_max + pmid_grdf_gauss_max,"pline_grdf_gauss_max,pmid_grdf_gauss_max","(57, 82)",2,-0.1295345620804442
kstart_frac_x + pline_grdf_trig_std,"kstart_frac_x,pline_grdf_trig_std","(17, 62)",2,-0.129607540810612
kpath_real_distance + pline_grdf_bessel_std,"kpath_real_distance,pline_grdf_bessel_std","(15, 56)",2,-0.12963026097107633
kinterior_degen + pmid_grdf_bessel_std,"kinterior_degen,pmid_grdf_bessel_std","(11, 81)",2,-0.12976173973160426
kstart_frac_x + pend_grdf_bessel_std,"kstart_frac_x,pend_grdf_bessel_std","(17, 39)",2,-0.12989022799905525
kpath_angle_deg + pend_afs_bessel_std,"kpath_angle_deg,pend_afs_bessel_std","(14, 30)",2,-0.12991195664394717
pend_afs_gauss_mean + pmid_afs_trig_mean,"pend_afs_gauss_mean,pmid_afs_trig_mean","(32, 77)",2,-0.12993140305316161
pend_afs_bessel_std + pstart_grdf_trig_mean,"pend_afs_bessel_std,pstart_grdf_trig_mean","(30, 111)",2,-0.13000322858394794
pmid_afs_trig_mean + pmid_grdf_bessel_std,"pmid_afs_trig_mean,pmid_grdf_bessel_std","(77, 81)",2,-0.13005313799230292
n_elements + pend_grdf_bessel_std,"n_elements,pend_grdf_bessel_std","(27, 39)",2,-0.13006615838370258
pend_grdf_trig_std + pstart_grdf_trig_mean,"pend_grdf_trig_std,pstart_grdf_trig_mean","(45, 111)",2,-0.13007112280683855
pend_afs_gauss_std + pline_plane_mean_mass,"pend_afs_gauss_std,pline_plane_mean_mass","(33, 68)",2,-0.13016040246052216
pline_grdf_bessel_max + pline_grdf_gauss_mean,"pline_grdf_bessel_max,pline_grdf_gauss_mean","(54, 58)",2,-0.13027416512287496
E_pfrac_VBM + pstart_afs_gauss_max,"E_pfrac_VBM,pstart_afs_gauss_max","(1, 98)",2,-0.13028121292350248
kpath_real_distance + pmid_afs_trig_mean,"kpath_real_distance,pmid_afs_trig_mean","(15, 77)",2,-0.13032235548381516
pmid_plane_heavy_frac + pstart_plane_max_mass,"pmid_plane_heavy_frac,pstart_plane_max_mass","(89, 116)",2,-0.13032380602846091
pmid_plane_heavy_frac + pmid_plane_max_mass,"pmid_plane_heavy_frac,pmid_plane_max_mass","(89, 91)",2,-0.13032380602846091
pstart_afs_gauss_std + pstart_plane_max_Z,"pstart_afs_gauss_std,pstart_plane_max_Z","(100, 115)",2,-0.13035375047503814
pend_plane_heavy_frac + pmid_afs_bessel_std,"pend_plane_heavy_frac,pmid_afs_bessel_std","(47, 72)",2,-0.13063647908434506
kend_frac_x + pstart_afs_gauss_mean,"kend_frac_x,pstart_afs_gauss_mean","(9, 99)",2,-0.13064380119921454
pend_afs_gauss_std + pline_plane_max_Z,"pend_afs_gauss_std,pline_plane_max_Z","(33, 65)",2,-0.1306516316958094
pline_plane_heavy_frac + pstart_plane_heavy_frac,"pline_plane_heavy_frac,pstart_plane_heavy_frac","(64, 114)",2,-0.13082369288541082
kmid_frac_y + pmid_afs_trig_std,"kmid_frac_y,pmid_afs_trig_std","(13, 78)",2,-0.13082444019342393
kstart_degen + pmid_afs_trig_mean,"kstart_degen,pmid_afs_trig_mean","(16, 77)",2,-0.13090241662875865
kmid_frac_x + pline_grdf_bessel_max,"kmid_frac_x,pline_grdf_bessel_max","(12, 54)",2,-0.13092920563854157
pend_afs_bessel_std + pstart_plane_heavy_frac,"pend_afs_bessel_std,pstart_plane_heavy_frac","(30, 114)",2,-0.13094456906079074
pline_grdf_bessel_mean + pmid_afs_gauss_std,"pline_grdf_bessel_mean,pmid_afs_gauss_std","(55, 75)",2,-0.13100356643720165
pend_afs_trig_mean + pstart_grdf_gauss_mean,"pend_afs_trig_mean,pstart_grdf_gauss_mean","(35, 108)",2,-0.13103637554261052
kmid_frac_y + pline_grdf_bessel_max,"kmid_frac_y,pline_grdf_bessel_max","(13, 54)",2,-0.1310365601436848
E_pfrac_relevant + pstart_plane_mean_mass,"E_pfrac_relevant,pstart_plane_mean_mass","(2, 118)",2,-0.13109803592952596
pend_afs_bessel_std + pend_plane_heavy_frac,"pend_afs_bessel_std,pend_plane_heavy_frac","(30, 47)",2,-0.13109879688393514
pline_plane_max_mass + pmid_grdf_gauss_max,"pline_plane_max_mass,pmid_grdf_gauss_max","(66, 82)",2,-0.13112808089606826
pend_plane_sum_Z4 + pmid_afs_bessel_mean,"pend_plane_sum_Z4,pmid_afs_bessel_mean","(52, 71)",2,-0.13112938895607115
pstart_afs_bessel_mean + pstart_afs_gauss_std,"pstart_afs_bessel_mean,pstart_afs_gauss_std","(96, 100)",2,-0.1311568277236086
pstart_grdf_trig_mean + pstart_grdf_trig_std,"pstart_grdf_trig_mean,pstart_grdf_trig_std","(111, 112)",2,-0.13115823155503117
kstart_degen + pmid_afs_trig_std,"kstart_degen,pmid_afs_trig_std","(16, 78)",2,-0.1312796885693683
kinterior_degen + pline_grdf_bessel_max,"kinterior_degen,pline_grdf_bessel_max","(11, 54)",2,-0.1312943085867874
pend_afs_trig_max + pmid_grdf_gauss_std,"pend_afs_trig_max,pmid_grdf_gauss_std","(34, 84)",2,-0.13138041769241054
pmid_afs_bessel_mean + pstart_grdf_bessel_mean,"pmid_afs_bessel_mean,pstart_grdf_bessel_mean","(71, 105)",2,-0.13142869745939106
mean_Z + pend_afs_trig_std,"mean_Z,pend_afs_trig_std","(26, 36)",2,-0.13146381747406735
X_diff + pmid_grdf_gauss_std,"X_diff,pmid_grdf_gauss_std","(3, 84)",2,-0.1314968794357239
kvec_y + pmid_grdf_trig_mean,"kvec_y,pmid_grdf_trig_mean","(21, 86)",2,-0.13155308724415854
pend_afs_trig_mean + pmid_grdf_gauss_mean,"pend_afs_trig_mean,pmid_grdf_gauss_mean","(35, 83)",2,-0.1315589212227778
pline_plane_max_mass + pline_plane_sum_Z4,"pline_plane_max_mass,pline_plane_sum_Z4","(66, 69)",2,-0.13163021466472097
kend_degen + pmid_afs_gauss_std,"kend_degen,pmid_afs_gauss_std","(8, 75)",2,-0.131859106001355
pend_grdf_bessel_mean + pend_grdf_trig_mean,"pend_grdf_bessel_mean,pend_grdf_trig_mean","(38, 44)",2,-0.1318730768080198
pline_grdf_trig_mean + sum_Z4,"pline_grdf_trig_mean,sum_Z4","(61, 122)",2,-0.13190256597948222
kmid_frac_y + pline_plane_sum_Z4,"kmid_frac_y,pline_plane_sum_Z4","(13, 69)",2,-0.131919706794414
pline_plane_max_Z + pmid_afs_trig_std,"pline_plane_max_Z,pmid_afs_trig_std","(65, 78)",2,-0.13204000328537485
pline_grdf_bessel_max + pline_plane_mean_mass,"pline_grdf_bessel_max,pline_plane_mean_mass","(54, 68)",2,-0.1320529263354125
kstart_frac_y + pmid_afs_trig_mean,"kstart_frac_y,pmid_afs_trig_mean","(18, 77)",2,-0.13207807307358121
pmid_afs_trig_std + pmid_grdf_trig_std,"pmid_afs_trig_std,pmid_grdf_trig_std","(78, 87)",2,-0.132262715951258
pend_afs_trig_std + pend_grdf_trig_std,"pend_afs_trig_std,pend_grdf_trig_std","(36, 45)",2,-0.1323511130105795
pend_grdf_bessel_std + pend_grdf_gauss_std,"pend_grdf_bessel_std,pend_grdf_gauss_std","(39, 42)",2,-0.13236277020955042
kpath_angle_deg + pend_afs_gauss_std,"kpath_angle_deg,pend_afs_gauss_std","(14, 33)",2,-0.13236830899485386
ehull + pmid_afs_gauss_mean,"ehull,pmid_afs_gauss_mean","(7, 74)",2,-0.13247945721752696
kmid_frac_y + pmid_grdf_gauss_max,"kmid_frac_y,pmid_grdf_gauss_max","(13, 82)",2,-0.13259009930751858
kstart_degen + pline_plane_sum_Z4,"kstart_degen,pline_plane_sum_Z4","(16, 69)",2,-0.13262887680049765
pline_grdf_trig_std + pmid_grdf_gauss_max,"pline_grdf_trig_std,pmid_grdf_gauss_max","(62, 82)",2,-0.1326689991108869
X_mean + pmid_afs_gauss_mean,"X_mean,pmid_afs_gauss_mean","(4, 74)",2,-0.13268305757820825
pend_grdf_gauss_std + pstart_grdf_trig_std,"pend_grdf_gauss_std,pstart_grdf_trig_std","(42, 112)",2,-0.1327159742961318
E_pfrac_VBM + kinterior_degen,"E_pfrac_VBM,kinterior_degen","(1, 11)",2,-0.13274124062303588
kstart_frac_y + pmid_afs_gauss_std,"kstart_frac_y,pmid_afs_gauss_std","(18, 75)",2,-0.13282563892327856
pline_plane_sum_Z4 + pmid_plane_heavy_frac,"pline_plane_sum_Z4,pmid_plane_heavy_frac","(69, 89)",2,-0.13289751535996483
pend_grdf_bessel_std + pstart_afs_gauss_mean,"pend_grdf_bessel_std,pstart_afs_gauss_mean","(39, 99)",2,-0.132898831865245
pend_grdf_trig_std + pstart_afs_trig_std,"pend_grdf_trig_std,pstart_afs_trig_std","(45, 103)",2,-0.13302027575533854
pstart_afs_trig_max + pstart_grdf_trig_max,"pstart_afs_trig_max,pstart_grdf_trig_max","(101, 110)",2,-0.13302827669851208
band_binary + pend_afs_trig_mean,"band_binary,pend_afs_trig_mean","(5, 35)",2,-0.13317599874595396
pline_grdf_bessel_std + pmid_afs_trig_std,"pline_grdf_bessel_std,pmid_afs_trig_std","(56, 78)",2,-0.1331845558520201
pend_grdf_trig_max + pstart_grdf_bessel_mean,"pend_grdf_trig_max,pstart_grdf_bessel_mean","(43, 105)",2,-0.13324346285054248
pend_grdf_trig_std + pmid_grdf_gauss_max,"pend_grdf_trig_std,pmid_grdf_gauss_max","(45, 82)",2,-0.13332252517224968
pmid_plane_heavy_frac + sum_Z4,"pmid_plane_heavy_frac,sum_Z4","(89, 122)",2,-0.13342578224180596
pmid_grdf_gauss_mean + pstart_afs_bessel_std,"pmid_grdf_gauss_mean,pstart_afs_bessel_std","(83, 97)",2,-0.1334471848117312
n_elements + pend_grdf_gauss_max,"n_elements,pend_grdf_gauss_max","(27, 40)",2,-0.13350368985474106
pend_plane_heavy_frac + sum_Z4,"pend_plane_heavy_frac,sum_Z4","(47, 122)",2,-0.1335411562532874
kend_degen + radius_diff,"kend_degen,radius_diff","(8, 120)",2,-0.13366283015989316
pend_afs_bessel_mean + radius_diff,"pend_afs_bessel_mean,radius_diff","(29, 120)",2,-0.1336632435996658
band_binary + kstart_frac_x,"band_binary,kstart_frac_x","(5, 17)",2,-0.13368479827976573
pline_grdf_bessel_max + pstart_afs_gauss_mean,"pline_grdf_bessel_max,pstart_afs_gauss_mean","(54, 99)",2,-0.13370148001641854
E_pfrac_VBM + kend_frac_y,"E_pfrac_VBM,kend_frac_y","(1, 10)",2,-0.13371607209790798
pend_grdf_bessel_std + pmid_plane_mean_mass,"pend_grdf_bessel_std,pmid_plane_mean_mass","(39, 93)",2,-0.13372857998807336
E_pfrac_CBM + pstart_plane_max_mass,"E_pfrac_CBM,pstart_plane_max_mass","(0, 116)",2,-0.1338718139096594
E_pfrac_CBM + max_mass,"E_pfrac_CBM,max_mass","(0, 25)",2,-0.1338718139096594
E_pfrac_CBM + pend_plane_max_mass,"E_pfrac_CBM,pend_plane_max_mass","(0, 49)",2,-0.1338718139096594
E_pfrac_CBM + pmid_plane_max_mass,"E_pfrac_CBM,pmid_plane_max_mass","(0, 91)",2,-0.1338718139096594
pstart_afs_trig_max + pstart_grdf_gauss_max,"pstart_afs_trig_max,pstart_grdf_gauss_max","(101, 107)",2,-0.13389186201489683
ktotal_weight + pline_grdf_bessel_max,"ktotal_weight,pline_grdf_bessel_max","(19, 54)",2,-0.13391476588363935
pmid_plane_max_mass + pstart_plane_heavy_frac,"pmid_plane_max_mass,pstart_plane_heavy_frac","(91, 114)",2,-0.13392751213605045
max_mass + pstart_plane_heavy_frac,"max_mass,pstart_plane_heavy_frac","(25, 114)",2,-0.13392751213605045
pend_plane_max_mass + pstart_plane_heavy_frac,"pend_plane_max_mass,pstart_plane_heavy_frac","(49, 114)",2,-0.13392751213605045
band_binary + pmid_afs_bessel_std,"band_binary,pmid_afs_bessel_std","(5, 72)",2,-0.13392957110660084
E_pfrac_VBM + pend_afs_bessel_max,"E_pfrac_VBM,pend_afs_bessel_max","(1, 28)",2,-0.13397140817810688
pend_plane_sum_Z4 + pstart_afs_bessel_mean,"pend_plane_sum_Z4,pstart_afs_bessel_mean","(52, 96)",2,-0.1341752146220827
pmid_afs_gauss_max + pmid_grdf_gauss_std,"pmid_afs_gauss_max,pmid_grdf_gauss_std","(73, 84)",2,-0.13424499660660874
band_binary + pstart_afs_gauss_max,"band_binary,pstart_afs_gauss_max","(5, 98)",2,-0.13430193506517918
kvec_x + pmid_afs_gauss_mean,"kvec_x,pmid_afs_gauss_mean","(20, 74)",2,-0.13436128788615714
pstart_grdf_gauss_mean + radius_diff,"pstart_grdf_gauss_mean,radius_diff","(108, 120)",2,-0.13438864412032495
pend_afs_gauss_std + pline_plane_mean_Z,"pend_afs_gauss_std,pline_plane_mean_Z","(33, 67)",2,-0.13440893383599647
pline_plane_mean_Z + pstart_grdf_gauss_mean,"pline_plane_mean_Z,pstart_grdf_gauss_mean","(67, 108)",2,-0.1344112064213839
kvec_z + pend_grdf_gauss_max,"kvec_z,pend_grdf_gauss_max","(22, 40)",2,-0.13441828592273591
pend_afs_gauss_std + pline_grdf_trig_mean,"pend_afs_gauss_std,pline_grdf_trig_mean","(33, 61)",2,-0.13444058667836817
pend_afs_trig_std + pstart_afs_gauss_mean,"pend_afs_trig_std,pstart_afs_gauss_mean","(36, 99)",2,-0.13444946301184274
pmid_afs_bessel_mean + pstart_plane_sum_Z4,"pmid_afs_bessel_mean,pstart_plane_sum_Z4","(71, 119)",2,-0.1346047756011778
X_diff + pmid_grdf_bessel_std,"X_diff,pmid_grdf_bessel_std","(3, 81)",2,-0.13477215155442382
E_pfrac_relevant + pmid_plane_mean_mass,"E_pfrac_relevant,pmid_plane_mean_mass","(2, 93)",2,-0.13478335287557777
pmid_grdf_gauss_std + pstart_afs_bessel_mean,"pmid_grdf_gauss_std,pstart_afs_bessel_mean","(84, 96)",2,-0.13487457514518844
E_pfrac_VBM + pline_grdf_trig_std,"E_pfrac_VBM,pline_grdf_trig_std","(1, 62)",2,-0.1349797678217151
pstart_afs_bessel_max + pstart_grdf_trig_mean,"pstart_afs_bessel_max,pstart_grdf_trig_mean","(95, 111)",2,-0.135050278971578
pstart_afs_trig_std + pstart_grdf_bessel_mean,"pstart_afs_trig_std,pstart_grdf_bessel_mean","(103, 105)",2,-0.13506558118587367
pline_grdf_gauss_std + pmid_afs_trig_std,"pline_grdf_gauss_std,pmid_afs_trig_std","(59, 78)",2,-0.1350734086316359
pend_grdf_gauss_mean + pstart_afs_gauss_std,"pend_grdf_gauss_mean,pstart_afs_gauss_std","(41, 100)",2,-0.13511894526330143
pstart_afs_trig_max + pstart_plane_max_Z,"pstart_afs_trig_max,pstart_plane_max_Z","(101, 115)",2,-0.1351998250703717
pend_afs_gauss_std + pmid_afs_gauss_max,"pend_afs_gauss_std,pmid_afs_gauss_max","(33, 73)",2,-0.1352688257662439
pline_grdf_gauss_std + pmid_plane_heavy_frac,"pline_grdf_gauss_std,pmid_plane_heavy_frac","(59, 89)",2,-0.1352849767603212
kstart_frac_y + n_elements,"kstart_frac_y,n_elements","(18, 27)",2,-0.13529597718552727
plane_angle_deg + pline_plane_sum_Z4,"plane_angle_deg,pline_plane_sum_Z4","(53, 69)",2,-0.13535693614490493
pline_plane_heavy_frac + pmid_afs_gauss_max,"pline_plane_heavy_frac,pmid_afs_gauss_max","(64, 73)",2,-0.135384706349087
pline_plane_mean_mass + pmid_afs_gauss_std,"pline_plane_mean_mass,pmid_afs_gauss_std","(68, 75)",2,-0.13552978218947137
pend_afs_gauss_max + pmid_afs_gauss_std,"pend_afs_gauss_max,pmid_afs_gauss_std","(31, 75)",2,-0.13559855761001738
kstart_frac_y + pstart_afs_gauss_mean,"kstart_frac_y,pstart_afs_gauss_mean","(18, 99)",2,-0.13560128273220345
pend_plane_max_mass + pline_grdf_gauss_max,"pend_plane_max_mass,pline_grdf_gauss_max","(49, 57)",2,-0.13561755804306877
max_mass + pline_grdf_gauss_max,"max_mass,pline_grdf_gauss_max","(25, 57)",2,-0.13561755804306877
ktotal_weight + pmid_plane_heavy_frac,"ktotal_weight,pmid_plane_heavy_frac","(19, 89)",2,-0.13576521636611025
pmid_afs_gauss_mean + pstart_plane_heavy_frac,"pmid_afs_gauss_mean,pstart_plane_heavy_frac","(74, 114)",2,-0.1358174275381514
pline_grdf_trig_mean + pmid_grdf_gauss_max,"pline_grdf_trig_mean,pmid_grdf_gauss_max","(61, 82)",2,-0.1359028502121202
kend_frac_y + pend_afs_gauss_std,"kend_frac_y,pend_afs_gauss_std","(10, 33)",2,-0.13592177039622066
pline_grdf_trig_max + pmid_plane_heavy_frac,"pline_grdf_trig_max,pmid_plane_heavy_frac","(60, 89)",2,-0.1359357066114508
kinterior_degen + pstart_grdf_gauss_mean,"kinterior_degen,pstart_grdf_gauss_mean","(11, 108)",2,-0.13596457640099407
pmid_grdf_bessel_max + pmid_grdf_trig_std,"pmid_grdf_bessel_max,pmid_grdf_trig_std","(79, 87)",2,-0.13601479469363337
kstart_frac_x + pmid_plane_heavy_frac,"kstart_frac_x,pmid_plane_heavy_frac","(17, 89)",2,-0.13601481926461892
kend_frac_y + pend_grdf_gauss_max,"kend_frac_y,pend_grdf_gauss_max","(10, 40)",2,-0.13601630620354188
kvec_y + pend_grdf_trig_mean,"kvec_y,pend_grdf_trig_mean","(21, 44)",2,-0.13602637250393815
pend_grdf_trig_std + pstart_grdf_gauss_std,"pend_grdf_trig_std,pstart_grdf_gauss_std","(45, 109)",2,-0.1360577818965149
kmid_frac_x + pend_grdf_bessel_std,"kmid_frac_x,pend_grdf_bessel_std","(12, 39)",2,-0.13607238855264447
pend_grdf_bessel_std + plane_angle_deg,"pend_grdf_bessel_std,plane_angle_deg","(39, 53)",2,-0.13620805141545161
kend_frac_y + kpath_real_distance,"kend_frac_y,kpath_real_distance","(10, 15)",2,-0.13670589606027372
pend_grdf_bessel_std + pmid_grdf_trig_std,"pend_grdf_bessel_std,pmid_grdf_trig_std","(39, 87)",2,-0.13671309568291296
pend_afs_trig_std + pend_grdf_bessel_std,"pend_afs_trig_std,pend_grdf_bessel_std","(36, 39)",2,-0.13671909632201062
pend_grdf_bessel_std + pstart_grdf_bessel_mean,"pend_grdf_bessel_std,pstart_grdf_bessel_mean","(39, 105)",2,-0.13677715388148587
pend_grdf_bessel_std + pline_grdf_trig_max,"pend_grdf_bessel_std,pline_grdf_trig_max","(39, 60)",2,-0.13679203434562298
mean_Z + pstart_afs_gauss_std,"mean_Z,pstart_afs_gauss_std","(26, 100)",2,-0.1368561227083607
kinterior_degen + pend_grdf_gauss_max,"kinterior_degen,pend_grdf_gauss_max","(11, 40)",2,-0.13689793038424697
kstart_frac_x + pline_plane_mean_mass,"kstart_frac_x,pline_plane_mean_mass","(17, 68)",2,-0.1369276550040594
pend_grdf_bessel_std + pmid_afs_trig_std,"pend_grdf_bessel_std,pmid_afs_trig_std","(39, 78)",2,-0.1369959109334816
kpath_angle_deg + pmid_afs_gauss_max,"kpath_angle_deg,pmid_afs_gauss_max","(14, 73)",2,-0.13699841456593026
pline_grdf_gauss_mean + pmid_afs_trig_mean,"pline_grdf_gauss_mean,pmid_afs_trig_mean","(58, 77)",2,-0.13712585075199615
kmid_frac_y + kstart_frac_x,"kmid_frac_y,kstart_frac_x","(13, 17)",2,-0.13713676830268848
pline_grdf_gauss_std + pstart_afs_gauss_mean,"pline_grdf_gauss_std,pstart_afs_gauss_mean","(59, 99)",2,-0.13719786068582093
kmid_frac_y + pmid_afs_trig_mean,"kmid_frac_y,pmid_afs_trig_mean","(13, 77)",2,-0.13720017940494125
pend_afs_gauss_std + pline_grdf_gauss_mean,"pend_afs_gauss_std,pline_grdf_gauss_mean","(33, 58)",2,-0.13742735734297828
pline_grdf_trig_std + pstart_plane_heavy_frac,"pline_grdf_trig_std,pstart_plane_heavy_frac","(62, 114)",2,-0.13744280092653596
pend_afs_trig_mean + pmid_afs_gauss_std,"pend_afs_trig_mean,pmid_afs_gauss_std","(35, 75)",2,-0.1374521618347501
kend_frac_x + pstart_grdf_gauss_max,"kend_frac_x,pstart_grdf_gauss_max","(9, 107)",2,-0.13746245451306613
pstart_grdf_trig_mean + pstart_plane_sum_Z4,"pstart_grdf_trig_mean,pstart_plane_sum_Z4","(111, 119)",2,-0.1375074673299525
pend_afs_gauss_max + pline_plane_max_Z,"pend_afs_gauss_max,pline_plane_max_Z","(31, 65)",2,-0.13755759769546064
pend_grdf_gauss_max + pstart_grdf_gauss_mean,"pend_grdf_gauss_max,pstart_grdf_gauss_mean","(40, 108)",2,-0.13757155516817632
pline_grdf_gauss_mean + pmid_grdf_gauss_max,"pline_grdf_gauss_mean,pmid_grdf_gauss_max","(58, 82)",2,-0.13760095977667228
pline_grdf_bessel_mean + pmid_plane_heavy_frac,"pline_grdf_bessel_mean,pmid_plane_heavy_frac","(55, 89)",2,-0.13764744162163015
kend_frac_x + pend_grdf_gauss_max,"kend_frac_x,pend_grdf_gauss_max","(9, 40)",2,-0.13787904874289286
pline_grdf_bessel_std + sum_Z4,"pline_grdf_bessel_std,sum_Z4","(56, 122)",2,-0.13790102919352498
bandgap + pend_grdf_gauss_max,"bandgap,pend_grdf_gauss_max","(6, 40)",2,-0.13798418951720756
pend_afs_trig_max + pmid_grdf_gauss_max,"pend_afs_trig_max,pmid_grdf_gauss_max","(34, 82)",2,-0.13799758978626508
pmid_grdf_gauss_max + sum_Z4,"pmid_grdf_gauss_max,sum_Z4","(82, 122)",2,-0.13800015685845882
pmid_grdf_gauss_std + pstart_grdf_bessel_std,"pmid_grdf_gauss_std,pstart_grdf_bessel_std","(84, 106)",2,-0.1381815924081233
pline_grdf_gauss_mean + pmid_afs_gauss_max,"pline_grdf_gauss_mean,pmid_afs_gauss_max","(58, 73)",2,-0.13819137606246612
pmid_grdf_trig_max + pstart_afs_trig_mean,"pmid_grdf_trig_max,pstart_afs_trig_mean","(85, 102)",2,-0.13831179498878013
pend_afs_gauss_mean + pmid_afs_gauss_std,"pend_afs_gauss_mean,pmid_afs_gauss_std","(32, 75)",2,-0.13833231660241752
pline_grdf_bessel_std + pmid_afs_gauss_max,"pline_grdf_bessel_std,pmid_afs_gauss_max","(56, 73)",2,-0.13853030845724346
kpath_real_distance + pstart_afs_gauss_std,"kpath_real_distance,pstart_afs_gauss_std","(15, 100)",2,-0.13876570805573168
pend_plane_heavy_frac + pstart_plane_max_Z,"pend_plane_heavy_frac,pstart_plane_max_Z","(47, 115)",2,-0.13882823802658248
pend_plane_heavy_frac + pend_plane_max_Z,"pend_plane_heavy_frac,pend_plane_max_Z","(47, 48)",2,-0.13882823802658248
pend_plane_heavy_frac + pmid_plane_max_Z,"pend_plane_heavy_frac,pmid_plane_max_Z","(47, 90)",2,-0.13882823802658248
pline_grdf_gauss_mean + sum_Z4,"pline_grdf_gauss_mean,sum_Z4","(58, 122)",2,-0.13896757446579763
pline_grdf_gauss_mean + pmid_afs_gauss_std,"pline_grdf_gauss_mean,pmid_afs_gauss_std","(58, 75)",2,-0.13906346712592732
E_pfrac_VBM + pmid_afs_gauss_max,"E_pfrac_VBM,pmid_afs_gauss_max","(1, 73)",2,-0.13908508864219934
pend_afs_trig_std + pstart_afs_trig_max,"pend_afs_trig_std,pstart_afs_trig_max","(36, 101)",2,-0.13912290543009626
pline_grdf_trig_max + pstart_afs_gauss_mean,"pline_grdf_trig_max,pstart_afs_gauss_mean","(60, 99)",2,-0.1392023435273666
kvec_z + pmid_afs_trig_mean,"kvec_z,pmid_afs_trig_mean","(22, 77)",2,-0.13921966693281096
pline_plane_max_Z + pmid_afs_trig_mean,"pline_plane_max_Z,pmid_afs_trig_mean","(65, 77)",2,-0.13928791383439748
pend_afs_gauss_max + pmid_grdf_gauss_std,"pend_afs_gauss_max,pmid_grdf_gauss_std","(31, 84)",2,-0.13930106023346658
kstart_degen + pline_grdf_bessel_max,"kstart_degen,pline_grdf_bessel_max","(16, 54)",2,-0.13931036179160028
pline_plane_heavy_frac + pstart_grdf_trig_mean,"pline_plane_heavy_frac,pstart_grdf_trig_mean","(64, 111)",2,-0.1393531322432812
pline_plane_mean_mass + pstart_grdf_trig_mean,"pline_plane_mean_mass,pstart_grdf_trig_mean","(68, 111)",2,-0.13935411040207532
pline_plane_max_Z + pmid_grdf_gauss_max,"pline_plane_max_Z,pmid_grdf_gauss_max","(65, 82)",2,-0.1393623031101267
kmid_frac_x + pstart_plane_heavy_frac,"kmid_frac_x,pstart_plane_heavy_frac","(12, 114)",2,-0.13940472043559426
ktotal_weight + pstart_grdf_gauss_mean,"ktotal_weight,pstart_grdf_gauss_mean","(19, 108)",2,-0.13950398877086484
kend_degen + pstart_grdf_trig_mean,"kend_degen,pstart_grdf_trig_mean","(8, 111)",2,-0.13951460260264298
pend_afs_bessel_std + pmid_afs_bessel_mean,"pend_afs_bessel_std,pmid_afs_bessel_mean","(30, 71)",2,-0.1395989674740501
pline_plane_mean_mass + pstart_plane_heavy_frac,"pline_plane_mean_mass,pstart_plane_heavy_frac","(68, 114)",2,-0.13960946276459166
mean_Z + pstart_afs_trig_max,"mean_Z,pstart_afs_trig_max","(26, 101)",2,-0.13964172695460103
kmid_frac_y + pend_afs_gauss_std,"kmid_frac_y,pend_afs_gauss_std","(13, 33)",2,-0.1396510966038728
pline_grdf_bessel_std + pstart_plane_max_mass,"pline_grdf_bessel_std,pstart_plane_max_mass","(56, 116)",2,-0.13969163351867733
pline_grdf_bessel_std + pmid_plane_max_mass,"pline_grdf_bessel_std,pmid_plane_max_mass","(56, 91)",2,-0.13969163351867733
plane_angle_deg + pline_grdf_bessel_max,"plane_angle_deg,pline_grdf_bessel_max","(53, 54)",2,-0.1397011990268388
pstart_plane_heavy_frac + sum_Z4,"pstart_plane_heavy_frac,sum_Z4","(114, 122)",2,-0.13973324825459674
pend_grdf_trig_mean + pmid_grdf_bessel_mean,"pend_grdf_trig_mean,pmid_grdf_bessel_mean","(44, 80)",2,-0.13977551070861052
pend_afs_gauss_mean + pmid_plane_mean_Z,"pend_afs_gauss_mean,pmid_plane_mean_Z","(32, 92)",2,-0.1398496281838838
pmid_grdf_bessel_std + pstart_afs_gauss_std,"pmid_grdf_bessel_std,pstart_afs_gauss_std","(81, 100)",2,-0.14004949691263552
kmid_frac_x + pend_afs_trig_mean,"kmid_frac_x,pend_afs_trig_mean","(12, 35)",2,-0.14008205019207642
pline_grdf_trig_mean + pmid_plane_heavy_frac,"pline_grdf_trig_mean,pmid_plane_heavy_frac","(61, 89)",2,-0.1401365130148772
kmid_frac_x + pmid_plane_heavy_frac,"kmid_frac_x,pmid_plane_heavy_frac","(12, 89)",2,-0.1401789889697362
kinterior_degen + pstart_plane_heavy_frac,"kinterior_degen,pstart_plane_heavy_frac","(11, 114)",2,-0.1402146395425694
pend_grdf_bessel_std + pline_grdf_bessel_mean,"pend_grdf_bessel_std,pline_grdf_bessel_mean","(39, 55)",2,-0.14041324877002334
max_Z4 + pmid_afs_gauss_max,"max_Z4,pmid_afs_gauss_max","(24, 73)",2,-0.14047211601800963
max_Z + pmid_afs_gauss_max,"max_Z,pmid_afs_gauss_max","(23, 73)",2,-0.14047211601800963
pend_plane_max_Z + pmid_afs_gauss_max,"pend_plane_max_Z,pmid_afs_gauss_max","(48, 73)",2,-0.14047211601800963
pend_afs_gauss_std + pline_grdf_bessel_std,"pend_afs_gauss_std,pline_grdf_bessel_std","(33, 56)",2,-0.14050333825051772
pline_grdf_bessel_std + pstart_plane_max_Z,"pline_grdf_bessel_std,pstart_plane_max_Z","(56, 115)",2,-0.1405226279832364
pline_grdf_bessel_std + pmid_plane_max_Z,"pline_grdf_bessel_std,pmid_plane_max_Z","(56, 90)",2,-0.1405226279832364
pmid_grdf_trig_std + pstart_grdf_gauss_std,"pmid_grdf_trig_std,pstart_grdf_gauss_std","(87, 109)",2,-0.14055628484675572
kpath_real_distance + pline_plane_heavy_frac,"kpath_real_distance,pline_plane_heavy_frac","(15, 64)",2,-0.14077905558035414
pend_afs_trig_max + pline_grdf_gauss_max,"pend_afs_trig_max,pline_grdf_gauss_max","(34, 57)",2,-0.14080357513059039
pend_afs_bessel_std + pend_grdf_gauss_max,"pend_afs_bessel_std,pend_grdf_gauss_max","(30, 40)",2,-0.14086197170406506
pend_plane_heavy_frac + pstart_plane_heavy_frac,"pend_plane_heavy_frac,pstart_plane_heavy_frac","(47, 114)",2,-0.14090295907915387
kmid_frac_x + pline_grdf_bessel_mean,"kmid_frac_x,pline_grdf_bessel_mean","(12, 55)",2,-0.14098855404328853
kpath_angle_deg + pmid_afs_bessel_std,"kpath_angle_deg,pmid_afs_bessel_std","(14, 72)",2,-0.1409903999788463
pend_afs_trig_std + pstart_plane_mean_Z,"pend_afs_trig_std,pstart_plane_mean_Z","(36, 117)",2,-0.14102067997552556
pend_afs_trig_mean + pstart_afs_gauss_std,"pend_afs_trig_mean,pstart_afs_gauss_std","(35, 100)",2,-0.14103917639281013
band_binary + pend_afs_trig_max,"band_binary,pend_afs_trig_max","(5, 34)",2,-0.14112680283696735
n_elements + pmid_afs_trig_mean,"n_elements,pmid_afs_trig_mean","(27, 77)",2,-0.14121545930644577
E_pfrac_VBM + pmid_afs_trig_max,"E_pfrac_VBM,pmid_afs_trig_max","(1, 76)",2,-0.1412261487993005
E_pfrac_CBM + pline_plane_heavy_frac,"E_pfrac_CBM,pline_plane_heavy_frac","(0, 64)",2,-0.14123370697459398
pstart_grdf_trig_max + pstart_plane_sum_Z4,"pstart_grdf_trig_max,pstart_plane_sum_Z4","(110, 119)",2,-0.1412973098393985
pend_afs_bessel_std + pmid_afs_gauss_std,"pend_afs_bessel_std,pmid_afs_gauss_std","(30, 75)",2,-0.14140811037615073
pmid_plane_heavy_frac + pstart_plane_heavy_frac,"pmid_plane_heavy_frac,pstart_plane_heavy_frac","(89, 114)",2,-0.14149441372809843
pstart_afs_gauss_max + pstart_plane_mean_mass,"pstart_afs_gauss_max,pstart_plane_mean_mass","(98, 118)",2,-0.14153187682844562
pstart_afs_bessel_std + pstart_grdf_trig_mean,"pstart_afs_bessel_std,pstart_grdf_trig_mean","(97, 111)",2,-0.14160203153944848
pend_afs_trig_max + pend_grdf_gauss_std,"pend_afs_trig_max,pend_grdf_gauss_std","(34, 42)",2,-0.14161598999604375
pline_plane_sum_Z4 + pmid_afs_gauss_std,"pline_plane_sum_Z4,pmid_afs_gauss_std","(69, 75)",2,-0.14165185162716437
pstart_grdf_bessel_mean + pstart_grdf_trig_mean,"pstart_grdf_bessel_mean,pstart_grdf_trig_mean","(105, 111)",2,-0.141790301678417
E_pfrac_VBM + kmid_frac_y,"E_pfrac_VBM,kmid_frac_y","(1, 13)",2,-0.1418394758465817
pline_grdf_bessel_mean + pline_plane_mean_Z,"pline_grdf_bessel_mean,pline_plane_mean_Z","(55, 67)",2,-0.14185084830909306
bandgap + pend_grdf_trig_mean,"bandgap,pend_grdf_trig_mean","(6, 44)",2,-0.1419253554513566
pline_grdf_bessel_std + pstart_afs_gauss_mean,"pline_grdf_bessel_std,pstart_afs_gauss_mean","(56, 99)",2,-0.14194455362246008
kvec_x + pend_plane_heavy_frac,"kvec_x,pend_plane_heavy_frac","(20, 47)",2,-0.1419466409121616
pend_plane_max_mass + pmid_grdf_gauss_max,"pend_plane_max_mass,pmid_grdf_gauss_max","(49, 82)",2,-0.14210517004838671
max_mass + pmid_grdf_gauss_max,"max_mass,pmid_grdf_gauss_max","(25, 82)",2,-0.14210517004838671
kpath_angle_deg + radius_diff,"kpath_angle_deg,radius_diff","(14, 120)",2,-0.1421392393390613
kend_frac_x + pline_grdf_bessel_mean,"kend_frac_x,pline_grdf_bessel_mean","(9, 55)",2,-0.14214288245829917
pline_grdf_bessel_max + pline_grdf_bessel_mean,"pline_grdf_bessel_max,pline_grdf_bessel_mean","(54, 55)",2,-0.142181434755077
pend_afs_bessel_mean + pmid_afs_bessel_std,"pend_afs_bessel_mean,pmid_afs_bessel_std","(29, 72)",2,-0.1423242990918209
pend_plane_max_Z + pline_grdf_bessel_std,"pend_plane_max_Z,pline_grdf_bessel_std","(48, 56)",2,-0.1423563283773606
max_Z4 + pline_grdf_bessel_std,"max_Z4,pline_grdf_bessel_std","(24, 56)",2,-0.1423563283773606
max_Z + pline_grdf_bessel_std,"max_Z,pline_grdf_bessel_std","(23, 56)",2,-0.1423563283773606
mean_Z + pend_plane_heavy_frac,"mean_Z,pend_plane_heavy_frac","(26, 47)",2,-0.142495782141556
pstart_afs_bessel_max + pstart_afs_gauss_std,"pstart_afs_bessel_max,pstart_afs_gauss_std","(95, 100)",2,-0.14252788963741855
E_pfrac_VBM + ktotal_weight,"E_pfrac_VBM,ktotal_weight","(1, 19)",2,-0.14253708704238544
kend_frac_y + pstart_afs_gauss_mean,"kend_frac_y,pstart_afs_gauss_mean","(10, 99)",2,-0.14258169146910307
pstart_afs_gauss_mean + sum_Z4,"pstart_afs_gauss_mean,sum_Z4","(99, 122)",2,-0.14264739875529822
ehull + pend_grdf_gauss_max,"ehull,pend_grdf_gauss_max","(7, 40)",2,-0.14267203400540046
pline_grdf_bessel_std + pmid_afs_trig_mean,"pline_grdf_bessel_std,pmid_afs_trig_mean","(56, 77)",2,-0.14288067407733943
kend_frac_y + pstart_grdf_gauss_std,"kend_frac_y,pstart_grdf_gauss_std","(10, 109)",2,-0.1429233295238719
max_mass + pmid_plane_heavy_frac,"max_mass,pmid_plane_heavy_frac","(25, 89)",2,-0.14295612772974037
pend_plane_max_mass + pmid_plane_heavy_frac,"pend_plane_max_mass,pmid_plane_heavy_frac","(49, 89)",2,-0.14295612772974037
pend_afs_gauss_std + pline_grdf_trig_max,"pend_afs_gauss_std,pline_grdf_trig_max","(33, 60)",2,-0.14296705049459538
pline_grdf_trig_max + sum_Z4,"pline_grdf_trig_max,sum_Z4","(60, 122)",2,-0.1429878060783196
pmid_afs_gauss_std + pmid_grdf_bessel_std,"pmid_afs_gauss_std,pmid_grdf_bessel_std","(75, 81)",2,-0.14299294388447903
pend_afs_gauss_std + pline_grdf_gauss_std,"pend_afs_gauss_std,pline_grdf_gauss_std","(33, 59)",2,-0.14316993662546212
pmid_afs_bessel_mean + pmid_plane_mean_mass,"pmid_afs_bessel_mean,pmid_plane_mean_mass","(71, 93)",2,-0.1431712484321831
kvec_z + pstart_grdf_gauss_std,"kvec_z,pstart_grdf_gauss_std","(22, 109)",2,-0.1432284551818278
pend_grdf_trig_std + pstart_grdf_gauss_max,"pend_grdf_trig_std,pstart_grdf_gauss_max","(45, 107)",2,-0.14323642368251227
pend_plane_max_mass + pline_grdf_bessel_std,"pend_plane_max_mass,pline_grdf_bessel_std","(49, 56)",2,-0.1433084366601239
max_mass + pline_grdf_bessel_std,"max_mass,pline_grdf_bessel_std","(25, 56)",2,-0.1433084366601239
pline_grdf_bessel_max + pmid_plane_heavy_frac,"pline_grdf_bessel_max,pmid_plane_heavy_frac","(54, 89)",2,-0.14339517678207675
pend_afs_gauss_max + pline_plane_mean_Z,"pend_afs_gauss_max,pline_plane_mean_Z","(31, 67)",2,-0.14346658000317775
pstart_afs_gauss_mean + pstart_afs_trig_std,"pstart_afs_gauss_mean,pstart_afs_trig_std","(99, 103)",2,-0.14352157987585712
ktotal_weight + pmid_afs_trig_std,"ktotal_weight,pmid_afs_trig_std","(19, 78)",2,-0.14359054378676567
pend_afs_trig_std + pstart_afs_trig_std,"pend_afs_trig_std,pstart_afs_trig_std","(36, 103)",2,-0.14365460212420217
pmid_afs_trig_mean + pmid_grdf_trig_std,"pmid_afs_trig_mean,pmid_grdf_trig_std","(77, 87)",2,-0.1436592542686562
kstart_frac_x + pline_grdf_gauss_mean,"kstart_frac_x,pline_grdf_gauss_mean","(17, 58)",2,-0.14377036505505314
pend_afs_trig_mean + pend_grdf_gauss_max,"pend_afs_trig_mean,pend_grdf_gauss_max","(35, 40)",2,-0.14384797409483435
pend_afs_bessel_max + pstart_grdf_trig_max,"pend_afs_bessel_max,pstart_grdf_trig_max","(28, 110)",2,-0.14388291568639555
n_elements + pstart_grdf_gauss_max,"n_elements,pstart_grdf_gauss_max","(27, 107)",2,-0.1438924101689601
pend_grdf_bessel_std + pline_n_atoms_on_plane,"pend_grdf_bessel_std,pline_n_atoms_on_plane","(39, 63)",2,-0.1439220771707867
E_pfrac_relevant + pmid_plane_mean_Z,"E_pfrac_relevant,pmid_plane_mean_Z","(2, 92)",2,-0.14394837887276818
pend_afs_gauss_max + pline_grdf_gauss_max,"pend_afs_gauss_max,pline_grdf_gauss_max","(31, 57)",2,-0.14399636831131096
pline_grdf_gauss_max + pmid_plane_max_mass,"pline_grdf_gauss_max,pmid_plane_max_mass","(57, 91)",2,-0.1439987586383101
pline_grdf_gauss_max + pstart_plane_max_mass,"pline_grdf_gauss_max,pstart_plane_max_mass","(57, 116)",2,-0.1439987586383101
pmid_afs_trig_std + radius_diff,"pmid_afs_trig_std,radius_diff","(78, 120)",2,-0.14400744936254267
pline_plane_heavy_frac + sum_Z4,"pline_plane_heavy_frac,sum_Z4","(64, 122)",2,-0.14402667208934503
pend_afs_trig_mean + sum_Z4,"pend_afs_trig_mean,sum_Z4","(35, 122)",2,-0.14410104122000597
pmid_grdf_bessel_std + pstart_grdf_trig_std,"pmid_grdf_bessel_std,pstart_grdf_trig_std","(81, 112)",2,-0.14414374035363894
pmid_afs_bessel_mean + pmid_afs_bessel_std,"pmid_afs_bessel_mean,pmid_afs_bessel_std","(71, 72)",2,-0.14415380712305081
pend_afs_trig_std + pmid_grdf_bessel_std,"pend_afs_trig_std,pmid_grdf_bessel_std","(36, 81)",2,-0.14428818036589658
mean_Z + pmid_afs_trig_std,"mean_Z,pmid_afs_trig_std","(26, 78)",2,-0.14447631373008568
pline_grdf_trig_max + pstart_plane_heavy_frac,"pline_grdf_trig_max,pstart_plane_heavy_frac","(60, 114)",2,-0.1445462653476119
pend_afs_bessel_std + pend_grdf_gauss_std,"pend_afs_bessel_std,pend_grdf_gauss_std","(30, 42)",2,-0.144630816339294
pend_afs_bessel_std + pstart_grdf_gauss_max,"pend_afs_bessel_std,pstart_grdf_gauss_max","(30, 107)",2,-0.1446403029482381
pline_plane_sum_Z4 + pstart_plane_heavy_frac,"pline_plane_sum_Z4,pstart_plane_heavy_frac","(69, 114)",2,-0.14464902200384272
kstart_frac_x + pmid_grdf_gauss_max,"kstart_frac_x,pmid_grdf_gauss_max","(17, 82)",2,-0.1446495689451558
pline_grdf_bessel_std + pstart_plane_heavy_frac,"pline_grdf_bessel_std,pstart_plane_heavy_frac","(56, 114)",2,-0.14466717592073286
kmid_frac_y + pend_grdf_bessel_std,"kmid_frac_y,pend_grdf_bessel_std","(13, 39)",2,-0.14470749239946404
pend_afs_bessel_max + pmid_afs_gauss_std,"pend_afs_bessel_max,pmid_afs_gauss_std","(28, 75)",2,-0.14479549309831727
ehull + pmid_afs_trig_max,"ehull,pmid_afs_trig_max","(7, 76)",2,-0.14485879012140035
pend_grdf_gauss_std + pmid_afs_gauss_max,"pend_grdf_gauss_std,pmid_afs_gauss_max","(42, 73)",2,-0.1448710781670393
pend_afs_trig_std + pmid_grdf_gauss_std,"pend_afs_trig_std,pmid_grdf_gauss_std","(36, 84)",2,-0.14489186848043162
pend_afs_bessel_std + pmid_grdf_gauss_std,"pend_afs_bessel_std,pmid_grdf_gauss_std","(30, 84)",2,-0.14490509912392804
kstart_frac_x + n_elements,"kstart_frac_x,n_elements","(17, 27)",2,-0.14496948393444783
pend_grdf_bessel_std + pmid_grdf_bessel_std,"pend_grdf_bessel_std,pmid_grdf_bessel_std","(39, 81)",2,-0.14505206748561017
pend_afs_trig_std + pstart_grdf_bessel_max,"pend_afs_trig_std,pstart_grdf_bessel_max","(36, 104)",2,-0.14510244926009253
pend_afs_gauss_mean + pstart_plane_mean_mass,"pend_afs_gauss_mean,pstart_plane_mean_mass","(32, 118)",2,-0.14512037761337032
pline_grdf_trig_std + pmid_afs_gauss_max,"pline_grdf_trig_std,pmid_afs_gauss_max","(62, 73)",2,-0.14520693149077446
kend_degen + pend_afs_gauss_std,"kend_degen,pend_afs_gauss_std","(8, 33)",2,-0.1452326285230344
pstart_grdf_trig_mean + pstart_plane_heavy_frac,"pstart_grdf_trig_mean,pstart_plane_heavy_frac","(111, 114)",2,-0.1453369750997145
pend_afs_trig_max + pstart_afs_trig_std,"pend_afs_trig_max,pstart_afs_trig_std","(34, 103)",2,-0.14536415432121164
max_Z4 + pend_plane_heavy_frac,"max_Z4,pend_plane_heavy_frac","(24, 47)",2,-0.14540421536423634
max_Z + pend_plane_heavy_frac,"max_Z,pend_plane_heavy_frac","(23, 47)",2,-0.14540421536423634
pmid_plane_max_Z + pstart_afs_trig_max,"pmid_plane_max_Z,pstart_afs_trig_max","(90, 101)",2,-0.14543165558516344
max_Z + pstart_afs_trig_max,"max_Z,pstart_afs_trig_max","(23, 101)",2,-0.14543165558516344
pend_plane_max_Z + pstart_afs_trig_max,"pend_plane_max_Z,pstart_afs_trig_max","(48, 101)",2,-0.14543165558516344
max_Z4 + pstart_afs_trig_max,"max_Z4,pstart_afs_trig_max","(24, 101)",2,-0.14543165558516344
kpath_real_distance + pline_grdf_gauss_std,"kpath_real_distance,pline_grdf_gauss_std","(15, 59)",2,-0.1455200237907762
pmid_afs_gauss_max + pmid_plane_max_Z,"pmid_afs_gauss_max,pmid_plane_max_Z","(73, 90)",2,-0.14566105489252196
pmid_afs_gauss_max + pstart_plane_max_Z,"pmid_afs_gauss_max,pstart_plane_max_Z","(73, 115)",2,-0.14566105489252196
pstart_afs_bessel_mean + pstart_plane_mean_Z,"pstart_afs_bessel_mean,pstart_plane_mean_Z","(96, 117)",2,-0.1457590517834868
pmid_afs_gauss_mean + pstart_grdf_bessel_mean,"pmid_afs_gauss_mean,pstart_grdf_bessel_mean","(74, 105)",2,-0.14585809445166348
E_pfrac_VBM + pstart_plane_heavy_frac,"E_pfrac_VBM,pstart_plane_heavy_frac","(1, 114)",2,-0.14586116762772014
pend_afs_gauss_mean + pstart_plane_heavy_frac,"pend_afs_gauss_mean,pstart_plane_heavy_frac","(32, 114)",2,-0.14587186275939087
mean_Z + pstart_plane_heavy_frac,"mean_Z,pstart_plane_heavy_frac","(26, 114)",2,-0.1459836113848525
ehull + pmid_grdf_bessel_std,"ehull,pmid_grdf_bessel_std","(7, 81)",2,-0.1460401697586428
pend_afs_gauss_max + pend_grdf_gauss_std,"pend_afs_gauss_max,pend_grdf_gauss_std","(31, 42)",2,-0.14614747582128668
pend_afs_trig_std + pmid_grdf_trig_std,"pend_afs_trig_std,pmid_grdf_trig_std","(36, 87)",2,-0.14617696200352426
kend_degen + pmid_grdf_trig_std,"kend_degen,pmid_grdf_trig_std","(8, 87)",2,-0.14624419632153066
pend_grdf_bessel_std + pstart_afs_trig_std,"pend_grdf_bessel_std,pstart_afs_trig_std","(39, 103)",2,-0.14629348993977834
band_binary + pstart_grdf_bessel_std,"band_binary,pstart_grdf_bessel_std","(5, 106)",2,-0.1463219936805518
band_binary + pline_plane_sum_Z4,"band_binary,pline_plane_sum_Z4","(5, 69)",2,-0.14635305248395802
kvec_x + pstart_afs_gauss_mean,"kvec_x,pstart_afs_gauss_mean","(20, 99)",2,-0.146365632767824
kvec_z + pstart_afs_gauss_std,"kvec_z,pstart_afs_gauss_std","(22, 100)",2,-0.1464010806120321
pend_afs_bessel_std + pmid_plane_heavy_frac,"pend_afs_bessel_std,pmid_plane_heavy_frac","(30, 89)",2,-0.1465307690304226
kstart_frac_y + pend_grdf_gauss_max,"kstart_frac_y,pend_grdf_gauss_max","(18, 40)",2,-0.1465611881552257
pline_plane_mean_Z + pstart_grdf_trig_mean,"pline_plane_mean_Z,pstart_grdf_trig_mean","(67, 111)",2,-0.146640130772044
pend_grdf_bessel_std + pend_grdf_gauss_mean,"pend_grdf_bessel_std,pend_grdf_gauss_mean","(39, 41)",2,-0.1466402633693385
pmid_plane_heavy_frac + pstart_plane_max_Z,"pmid_plane_heavy_frac,pstart_plane_max_Z","(89, 115)",2,-0.14674222323000183
pmid_plane_heavy_frac + pmid_plane_max_Z,"pmid_plane_heavy_frac,pmid_plane_max_Z","(89, 90)",2,-0.14674222323000183
pend_afs_trig_mean + pline_plane_mean_mass,"pend_afs_trig_mean,pline_plane_mean_mass","(35, 68)",2,-0.14674234142487394
pstart_grdf_bessel_max + pstart_grdf_trig_mean,"pstart_grdf_bessel_max,pstart_grdf_trig_mean","(104, 111)",2,-0.14677141633443297
kmid_frac_y + pstart_grdf_gauss_mean,"kmid_frac_y,pstart_grdf_gauss_mean","(13, 108)",2,-0.1468541670030144
pend_grdf_bessel_std + pstart_plane_heavy_frac,"pend_grdf_bessel_std,pstart_plane_heavy_frac","(39, 114)",2,-0.14691496582842042
pend_afs_gauss_max + pline_plane_mean_mass,"pend_afs_gauss_max,pline_plane_mean_mass","(31, 68)",2,-0.1469935318028437
pend_afs_gauss_std + pmid_grdf_gauss_mean,"pend_afs_gauss_std,pmid_grdf_gauss_mean","(33, 83)",2,-0.14706975377596854
ehull + pstart_grdf_gauss_std,"ehull,pstart_grdf_gauss_std","(7, 109)",2,-0.14708476108060844
kend_frac_y + pmid_afs_gauss_max,"kend_frac_y,pmid_afs_gauss_max","(10, 73)",2,-0.14709860164839578
pline_grdf_gauss_std + pstart_plane_heavy_frac,"pline_grdf_gauss_std,pstart_plane_heavy_frac","(59, 114)",2,-0.1471196039435391
kpath_angle_deg + pend_afs_trig_mean,"kpath_angle_deg,pend_afs_trig_mean","(14, 35)",2,-0.14718377558648865
pmid_plane_heavy_frac + pstart_afs_bessel_std,"pmid_plane_heavy_frac,pstart_afs_bessel_std","(89, 97)",2,-0.14722065681597657
kstart_frac_x + kstart_frac_y,"kstart_frac_x,kstart_frac_y","(17, 18)",2,-0.14732706912502502
pend_plane_max_Z + pline_grdf_gauss_max,"pend_plane_max_Z,pline_grdf_gauss_max","(48, 57)",2,-0.14736328398427462
max_Z4 + pline_grdf_gauss_max,"max_Z4,pline_grdf_gauss_max","(24, 57)",2,-0.14736328398427462
max_Z + pline_grdf_gauss_max,"max_Z,pline_grdf_gauss_max","(23, 57)",2,-0.14736328398427462
pline_grdf_gauss_std + pstart_grdf_trig_mean,"pline_grdf_gauss_std,pstart_grdf_trig_mean","(59, 111)",2,-0.14743464799149142
pline_plane_max_Z + pmid_afs_gauss_max,"pline_plane_max_Z,pmid_afs_gauss_max","(65, 73)",2,-0.1474490182359302
pend_afs_bessel_mean + pmid_grdf_bessel_max,"pend_afs_bessel_mean,pmid_grdf_bessel_max","(29, 79)",2,-0.1475307408249634
mean_Z + pend_grdf_gauss_std,"mean_Z,pend_grdf_gauss_std","(26, 42)",2,-0.1475502684791427
pline_grdf_bessel_mean + pline_plane_mean_mass,"pline_grdf_bessel_mean,pline_plane_mean_mass","(55, 68)",2,-0.1476516811538756
pmid_plane_mean_mass + pstart_grdf_trig_mean,"pmid_plane_mean_mass,pstart_grdf_trig_mean","(93, 111)",2,-0.1477232446046663
pend_afs_gauss_std + pline_grdf_bessel_max,"pend_afs_gauss_std,pline_grdf_bessel_max","(33, 54)",2,-0.1477681686225186
kvec_x + pend_afs_gauss_mean,"kvec_x,pend_afs_gauss_mean","(20, 32)",2,-0.14783097241552104
pend_afs_trig_std + pstart_grdf_trig_mean,"pend_afs_trig_std,pstart_grdf_trig_mean","(36, 111)",2,-0.14783704601203934
pline_plane_max_mass + pmid_afs_gauss_max,"pline_plane_max_mass,pmid_afs_gauss_max","(66, 73)",2,-0.14789372653585312
pline_grdf_gauss_std + sum_Z4,"pline_grdf_gauss_std,sum_Z4","(59, 122)",2,-0.147907679692375
kstart_frac_x + pstart_afs_gauss_mean,"kstart_frac_x,pstart_afs_gauss_mean","(17, 99)",2,-0.14794464810700542
pmid_grdf_gauss_max + pstart_grdf_bessel_mean,"pmid_grdf_gauss_max,pstart_grdf_bessel_mean","(82, 105)",2,-0.147949915672208
pend_plane_max_mass + pstart_afs_trig_max,"pend_plane_max_mass,pstart_afs_trig_max","(49, 101)",2,-0.14802789179377215
pmid_plane_max_mass + pstart_afs_trig_max,"pmid_plane_max_mass,pstart_afs_trig_max","(91, 101)",2,-0.14802789179377215
max_mass + pstart_afs_trig_max,"max_mass,pstart_afs_trig_max","(25, 101)",2,-0.14802789179377215
pstart_afs_gauss_max + pstart_plane_mean_Z,"pstart_afs_gauss_max,pstart_plane_mean_Z","(98, 117)",2,-0.14804920584160136
pmid_afs_trig_mean + pstart_plane_sum_Z4,"pmid_afs_trig_mean,pstart_plane_sum_Z4","(77, 119)",2,-0.1480589884427515
pend_grdf_bessel_std + pstart_afs_gauss_std,"pend_grdf_bessel_std,pstart_afs_gauss_std","(39, 100)",2,-0.14806019777934093
pend_grdf_gauss_std + sum_Z4,"pend_grdf_gauss_std,sum_Z4","(42, 122)",2,-0.14812954311398002
pend_plane_heavy_frac + pstart_afs_bessel_std,"pend_plane_heavy_frac,pstart_afs_bessel_std","(47, 97)",2,-0.14813089263555113
ehull + pend_afs_gauss_std,"ehull,pend_afs_gauss_std","(7, 33)",2,-0.1481461350882141
pline_grdf_bessel_mean + pline_plane_max_mass,"pline_grdf_bessel_mean,pline_plane_max_mass","(55, 66)",2,-0.14815417651738724
kinterior_degen + pend_afs_gauss_std,"kinterior_degen,pend_afs_gauss_std","(11, 33)",2,-0.1481551644995066
pmid_afs_trig_std + pmid_grdf_bessel_std,"pmid_afs_trig_std,pmid_grdf_bessel_std","(78, 81)",2,-0.14818822701811624
pend_afs_gauss_std + radius_diff,"pend_afs_gauss_std,radius_diff","(33, 120)",2,-0.1482117665786223
pline_plane_mean_mass + pstart_grdf_gauss_mean,"pline_plane_mean_mass,pstart_grdf_gauss_mean","(68, 108)",2,-0.14822889349162732
kend_frac_y + pstart_grdf_gauss_mean,"kend_frac_y,pstart_grdf_gauss_mean","(10, 108)",2,-0.14847110892905177
pend_plane_mean_mass + pmid_afs_gauss_std,"pend_plane_mean_mass,pmid_afs_gauss_std","(51, 75)",2,-0.14849792942377057
pline_grdf_trig_mean + pstart_plane_heavy_frac,"pline_grdf_trig_mean,pstart_plane_heavy_frac","(61, 114)",2,-0.14851183292298445
max_mass + pmid_grdf_gauss_mean,"max_mass,pmid_grdf_gauss_mean","(25, 83)",2,-0.14860944915392985
pend_plane_max_mass + pmid_grdf_gauss_mean,"pend_plane_max_mass,pmid_grdf_gauss_mean","(49, 83)",2,-0.14860944915392985
kpath_angle_deg + pstart_plane_mean_Z,"kpath_angle_deg,pstart_plane_mean_Z","(14, 117)",2,-0.14861024590121483
pend_afs_trig_mean + pend_plane_heavy_frac,"pend_afs_trig_mean,pend_plane_heavy_frac","(35, 47)",2,-0.14861407722108771
pline_grdf_gauss_mean + pstart_afs_gauss_mean,"pline_grdf_gauss_mean,pstart_afs_gauss_mean","(58, 99)",2,-0.14864821687282176
kinterior_degen + pend_afs_trig_mean,"kinterior_degen,pend_afs_trig_mean","(11, 35)",2,-0.14866883180548723
pmid_grdf_gauss_mean + pmid_grdf_trig_std,"pmid_grdf_gauss_mean,pmid_grdf_trig_std","(83, 87)",2,-0.14867077193513395
pline_grdf_trig_max + pmid_grdf_gauss_max,"pline_grdf_trig_max,pmid_grdf_gauss_max","(60, 82)",2,-0.14870285633371746
pline_plane_mean_Z + pline_plane_sum_Z4,"pline_plane_mean_Z,pline_plane_sum_Z4","(67, 69)",2,-0.14890601963790348
kstart_frac_x + pstart_plane_heavy_frac,"kstart_frac_x,pstart_plane_heavy_frac","(17, 114)",2,-0.14891703332629547
ktotal_weight + pstart_plane_heavy_frac,"ktotal_weight,pstart_plane_heavy_frac","(19, 114)",2,-0.14897703878414786
kpath_real_distance + pline_n_atoms_on_plane,"kpath_real_distance,pline_n_atoms_on_plane","(15, 63)",2,-0.1490033420915296
pend_afs_gauss_std + pmid_afs_gauss_mean,"pend_afs_gauss_std,pmid_afs_gauss_mean","(33, 74)",2,-0.14906360201790486
pline_grdf_bessel_std + pmid_grdf_gauss_max,"pline_grdf_bessel_std,pmid_grdf_gauss_max","(56, 82)",2,-0.14922718348212047
E_pfrac_VBM + pstart_afs_bessel_max,"E_pfrac_VBM,pstart_afs_bessel_max","(1, 95)",2,-0.14929420411464228
kend_frac_x + pend_afs_gauss_max,"kend_frac_x,pend_afs_gauss_max","(9, 31)",2,-0.1493011283346869
pend_afs_gauss_mean + pmid_plane_mean_mass,"pend_afs_gauss_mean,pmid_plane_mean_mass","(32, 93)",2,-0.1493828033807505
kend_frac_x + pstart_grdf_gauss_std,"kend_frac_x,pstart_grdf_gauss_std","(9, 109)",2,-0.14942347333091274
pmid_afs_trig_max + pstart_grdf_gauss_max,"pmid_afs_trig_max,pstart_grdf_gauss_max","(76, 107)",2,-0.14942816262343678
pend_afs_gauss_max + pend_afs_gauss_std,"pend_afs_gauss_max,pend_afs_gauss_std","(31, 33)",2,-0.1494762519809323
kstart_degen + kstart_frac_x,"kstart_degen,kstart_frac_x","(16, 17)",2,-0.14948525734933646
n_elements + pline_plane_sum_Z4,"n_elements,pline_plane_sum_Z4","(27, 69)",2,-0.1495356089921291
pstart_afs_gauss_std + pstart_plane_sum_Z4,"pstart_afs_gauss_std,pstart_plane_sum_Z4","(100, 119)",2,-0.14957120149414055
pend_grdf_bessel_std + pmid_plane_mean_Z,"pend_grdf_bessel_std,pmid_plane_mean_Z","(39, 92)",2,-0.14957958673513078
kpath_real_distance + pstart_grdf_gauss_mean,"kpath_real_distance,pstart_grdf_gauss_mean","(15, 108)",2,-0.14959252933208145
pmid_afs_trig_std + pmid_plane_mean_Z,"pmid_afs_trig_std,pmid_plane_mean_Z","(78, 92)",2,-0.1496454015183254
pmid_afs_trig_max + pmid_plane_max_Z,"pmid_afs_trig_max,pmid_plane_max_Z","(76, 90)",2,-0.14964910496887446
pmid_afs_trig_max + pstart_plane_max_Z,"pmid_afs_trig_max,pstart_plane_max_Z","(76, 115)",2,-0.14964910496887446
pstart_afs_bessel_std + pstart_grdf_trig_max,"pstart_afs_bessel_std,pstart_grdf_trig_max","(97, 110)",2,-0.14973693167214733
kvec_x + pstart_afs_gauss_std,"kvec_x,pstart_afs_gauss_std","(20, 100)",2,-0.15002011198834336
mean_Z + pend_grdf_trig_std,"mean_Z,pend_grdf_trig_std","(26, 45)",2,-0.1500549547216608
pmid_afs_gauss_max + pmid_afs_trig_mean,"pmid_afs_gauss_max,pmid_afs_trig_mean","(73, 77)",2,-0.15007220344892397
kpath_real_distance + pline_plane_max_mass,"kpath_real_distance,pline_plane_max_mass","(15, 66)",2,-0.150121313825331
pline_grdf_gauss_max + pmid_afs_trig_mean,"pline_grdf_gauss_max,pmid_afs_trig_mean","(57, 77)",2,-0.15013400246126274
max_Z4 + pmid_grdf_gauss_mean,"max_Z4,pmid_grdf_gauss_mean","(24, 83)",2,-0.150147268443998
max_Z + pmid_grdf_gauss_mean,"max_Z,pmid_grdf_gauss_mean","(23, 83)",2,-0.150147268443998
pend_plane_max_Z + pmid_grdf_gauss_mean,"pend_plane_max_Z,pmid_grdf_gauss_mean","(48, 83)",2,-0.150147268443998
kvec_y + pstart_afs_trig_std,"kvec_y,pstart_afs_trig_std","(21, 103)",2,-0.15018658546688468
pmid_afs_gauss_mean + pstart_afs_bessel_std,"pmid_afs_gauss_mean,pstart_afs_bessel_std","(74, 97)",2,-0.15037410224012898
mean_Z + pmid_afs_gauss_max,"mean_Z,pmid_afs_gauss_max","(26, 73)",2,-0.1503768515571589
pend_grdf_bessel_std + pend_plane_mean_mass,"pend_grdf_bessel_std,pend_plane_mean_mass","(39, 51)",2,-0.15040719261715932
pline_grdf_gauss_max + pstart_grdf_gauss_mean,"pline_grdf_gauss_max,pstart_grdf_gauss_mean","(57, 108)",2,-0.15041714790475275
pend_afs_bessel_mean + pmid_plane_mean_mass,"pend_afs_bessel_mean,pmid_plane_mean_mass","(29, 93)",2,-0.15044215948976997
E_pfrac_CBM + kpath_real_distance,"E_pfrac_CBM,kpath_real_distance","(0, 15)",2,-0.1506061115847162
pend_afs_trig_std + radius_diff,"pend_afs_trig_std,radius_diff","(36, 120)",2,-0.150644162157822
pline_grdf_bessel_max + pmid_afs_gauss_max,"pline_grdf_bessel_max,pmid_afs_gauss_max","(54, 73)",2,-0.15064771632618587
pline_grdf_gauss_std + pmid_grdf_gauss_max,"pline_grdf_gauss_std,pmid_grdf_gauss_max","(59, 82)",2,-0.15064918524700924
pmid_grdf_gauss_max + pstart_plane_max_mass,"pmid_grdf_gauss_max,pstart_plane_max_mass","(82, 116)",2,-0.1506794538344493
pmid_grdf_gauss_max + pmid_plane_max_mass,"pmid_grdf_gauss_max,pmid_plane_max_mass","(82, 91)",2,-0.1506794538344493
kstart_frac_y + pstart_grdf_gauss_mean,"kstart_frac_y,pstart_grdf_gauss_mean","(18, 108)",2,-0.150718407731503
pend_afs_trig_std + pstart_afs_gauss_max,"pend_afs_trig_std,pstart_afs_gauss_max","(36, 98)",2,-0.15078334223138365
kend_frac_x + pstart_grdf_bessel_std,"kend_frac_x,pstart_grdf_bessel_std","(9, 106)",2,-0.15083844111036765
E_pfrac_CBM + pend_afs_gauss_std,"E_pfrac_CBM,pend_afs_gauss_std","(0, 33)",2,-0.1508404722087019
pline_plane_heavy_frac + pstart_afs_gauss_std,"pline_plane_heavy_frac,pstart_afs_gauss_std","(64, 100)",2,-0.15084924259178958
pend_afs_gauss_mean + pend_afs_trig_mean,"pend_afs_gauss_mean,pend_afs_trig_mean","(32, 35)",2,-0.1508759278491734
pmid_grdf_gauss_std + pstart_afs_trig_std,"pmid_grdf_gauss_std,pstart_afs_trig_std","(84, 103)",2,-0.15089786522916035
pstart_afs_trig_max + pstart_plane_max_mass,"pstart_afs_trig_max,pstart_plane_max_mass","(101, 116)",2,-0.1510027301966928
pline_grdf_bessel_max + pstart_plane_heavy_frac,"pline_grdf_bessel_max,pstart_plane_heavy_frac","(54, 114)",2,-0.15102487448457355
ktotal_weight + pend_grdf_gauss_max,"ktotal_weight,pend_grdf_gauss_max","(19, 40)",2,-0.1511557838851219
pmid_afs_bessel_max + pstart_grdf_trig_max,"pmid_afs_bessel_max,pstart_grdf_trig_max","(70, 110)",2,-0.151260292344956
pend_afs_gauss_max + pmid_afs_trig_mean,"pend_afs_gauss_max,pmid_afs_trig_mean","(31, 77)",2,-0.15131316587975
pstart_afs_trig_std + radius_diff,"pstart_afs_trig_std,radius_diff","(103, 120)",2,-0.15137849083416197
mean_Z + pmid_grdf_trig_std,"mean_Z,pmid_grdf_trig_std","(26, 87)",2,-0.15141371851330868
pend_afs_trig_mean + pline_plane_max_Z,"pend_afs_trig_mean,pline_plane_max_Z","(35, 65)",2,-0.15144876442844674
pmid_afs_bessel_std + pstart_grdf_gauss_max,"pmid_afs_bessel_std,pstart_grdf_gauss_max","(72, 107)",2,-0.15148700310499488
kend_frac_y + pend_afs_bessel_std,"kend_frac_y,pend_afs_bessel_std","(10, 30)",2,-0.15154319632887256
pend_afs_gauss_max + sum_Z4,"pend_afs_gauss_max,sum_Z4","(31, 122)",2,-0.1515472839371857
kmid_frac_y + pstart_afs_gauss_mean,"kmid_frac_y,pstart_afs_gauss_mean","(13, 99)",2,-0.151573557991719
X_mean + pend_afs_gauss_mean,"X_mean,pend_afs_gauss_mean","(4, 32)",2,-0.15160128457094266
pline_grdf_bessel_max + pline_plane_sum_Z4,"pline_grdf_bessel_max,pline_plane_sum_Z4","(54, 69)",2,-0.15160676958705602
pstart_afs_gauss_mean + pstart_plane_mean_mass,"pstart_afs_gauss_mean,pstart_plane_mean_mass","(99, 118)",2,-0.15161395425802643
pline_plane_sum_Z4 + pmid_afs_gauss_max,"pline_plane_sum_Z4,pmid_afs_gauss_max","(69, 73)",2,-0.15161865395364313
pend_afs_trig_std + pstart_plane_mean_mass,"pend_afs_trig_std,pstart_plane_mean_mass","(36, 118)",2,-0.15164898484918554
max_mass + pstart_afs_gauss_max,"max_mass,pstart_afs_gauss_max","(25, 98)",2,-0.15167211318482118
pmid_plane_max_mass + pstart_afs_gauss_max,"pmid_plane_max_mass,pstart_afs_gauss_max","(91, 98)",2,-0.15167211318482118
pend_plane_max_mass + pstart_afs_gauss_max,"pend_plane_max_mass,pstart_afs_gauss_max","(49, 98)",2,-0.15167211318482118
kpath_real_distance + pend_plane_heavy_frac,"kpath_real_distance,pend_plane_heavy_frac","(15, 47)",2,-0.1517423298593076
plane_angle_deg + pline_grdf_bessel_mean,"plane_angle_deg,pline_grdf_bessel_mean","(53, 55)",2,-0.15182275932837888
pmid_afs_bessel_mean + pstart_grdf_bessel_max,"pmid_afs_bessel_mean,pstart_grdf_bessel_max","(71, 104)",2,-0.1518705628718732
pend_afs_trig_max + pend_plane_max_Z,"pend_afs_trig_max,pend_plane_max_Z","(34, 48)",2,-0.15188087334125203
pend_afs_trig_max + pmid_plane_max_Z,"pend_afs_trig_max,pmid_plane_max_Z","(34, 90)",2,-0.15188087334125203
pend_afs_trig_max + pstart_plane_max_Z,"pend_afs_trig_max,pstart_plane_max_Z","(34, 115)",2,-0.15188087334125203
pend_grdf_gauss_mean + pmid_afs_trig_std,"pend_grdf_gauss_mean,pmid_afs_trig_std","(41, 78)",2,-0.15191326297723262
E_pfrac_CBM + mean_Z,"E_pfrac_CBM,mean_Z","(0, 26)",2,-0.15196865002273455
pmid_plane_mean_mass + pstart_afs_gauss_mean,"pmid_plane_mean_mass,pstart_afs_gauss_mean","(93, 99)",2,-0.15207670638882587
pend_afs_trig_std + pmid_plane_mean_mass,"pend_afs_trig_std,pmid_plane_mean_mass","(36, 93)",2,-0.15208868272465598
kpath_angle_deg + sum_Z4,"kpath_angle_deg,sum_Z4","(14, 122)",2,-0.1521274729159726
kvec_x + pend_grdf_trig_std,"kvec_x,pend_grdf_trig_std","(20, 45)",2,-0.15215659690714958
max_mass + radius_diff,"max_mass,radius_diff","(25, 120)",2,-0.15226927434009604
pmid_plane_max_mass + radius_diff,"pmid_plane_max_mass,radius_diff","(91, 120)",2,-0.15226927434009604
pstart_plane_max_mass + radius_diff,"pstart_plane_max_mass,radius_diff","(116, 120)",2,-0.15226927434009604
pend_plane_max_mass + radius_diff,"pend_plane_max_mass,radius_diff","(49, 120)",2,-0.15226927434009604
ktotal_weight + pend_afs_trig_mean,"ktotal_weight,pend_afs_trig_mean","(19, 35)",2,-0.15228098810428065
pmid_afs_trig_std + pstart_afs_bessel_mean,"pmid_afs_trig_std,pstart_afs_bessel_mean","(78, 96)",2,-0.15233674161121388
pline_grdf_gauss_max + pstart_plane_max_Z,"pline_grdf_gauss_max,pstart_plane_max_Z","(57, 115)",2,-0.15241807630320958
pline_grdf_gauss_max + pmid_plane_max_Z,"pline_grdf_gauss_max,pmid_plane_max_Z","(57, 90)",2,-0.15241807630320958
pend_afs_gauss_mean + pmid_afs_gauss_mean,"pend_afs_gauss_mean,pmid_afs_gauss_mean","(32, 74)",2,-0.15243896305331867
pend_plane_mean_mass + pmid_afs_bessel_mean,"pend_plane_mean_mass,pmid_afs_bessel_mean","(51, 71)",2,-0.15249190683346953
pstart_grdf_trig_max + radius_mean,"pstart_grdf_trig_max,radius_mean","(110, 121)",2,-0.15249920954222257
kvec_x + pmid_grdf_gauss_max,"kvec_x,pmid_grdf_gauss_max","(20, 82)",2,-0.1525159859318125
kend_frac_x + pend_afs_trig_mean,"kend_frac_x,pend_afs_trig_mean","(9, 35)",2,-0.15257324702494446
pline_grdf_gauss_max + pstart_afs_gauss_std,"pline_grdf_gauss_max,pstart_afs_gauss_std","(57, 100)",2,-0.15262166211994233
pend_plane_mean_Z + pmid_afs_bessel_mean,"pend_plane_mean_Z,pmid_afs_bessel_mean","(50, 71)",2,-0.15269021422908868
kend_degen + pend_grdf_trig_std,"kend_degen,pend_grdf_trig_std","(8, 45)",2,-0.1526912749321414
pline_n_atoms_on_plane + pstart_afs_gauss_mean,"pline_n_atoms_on_plane,pstart_afs_gauss_mean","(63, 99)",2,-0.15272036041597942
pend_plane_mean_Z + pmid_afs_trig_std,"pend_plane_mean_Z,pmid_afs_trig_std","(50, 78)",2,-0.15281592669251387
X_diff + pmid_afs_trig_mean,"X_diff,pmid_afs_trig_mean","(3, 77)",2,-0.152825373982665
pline_grdf_bessel_max + pmid_afs_trig_mean,"pline_grdf_bessel_max,pmid_afs_trig_mean","(54, 77)",2,-0.15309013864047466
pend_afs_trig_mean + pline_plane_mean_Z,"pend_afs_trig_mean,pline_plane_mean_Z","(35, 67)",2,-0.15310252964097487
pmid_grdf_gauss_mean + pstart_afs_gauss_max,"pmid_grdf_gauss_mean,pstart_afs_gauss_max","(83, 98)",2,-0.153119539364331
E_pfrac_VBM + bandgap,"E_pfrac_VBM,bandgap","(1, 6)",2,-0.15314237217839302
pend_plane_max_mass + pline_grdf_trig_max,"pend_plane_max_mass,pline_grdf_trig_max","(49, 60)",2,-0.1532386611397099
max_mass + pline_grdf_trig_max,"max_mass,pline_grdf_trig_max","(25, 60)",2,-0.1532386611397099
pline_grdf_gauss_mean + pstart_grdf_trig_mean,"pline_grdf_gauss_mean,pstart_grdf_trig_mean","(58, 111)",2,-0.15335071706706377
kmid_frac_x + sum_Z4,"kmid_frac_x,sum_Z4","(12, 122)",2,-0.1534862186469677
pstart_afs_trig_std + pstart_grdf_bessel_max,"pstart_afs_trig_std,pstart_grdf_bessel_max","(103, 104)",2,-0.15358983365333254
pend_grdf_gauss_max + pline_plane_mean_Z,"pend_grdf_gauss_max,pline_plane_mean_Z","(40, 67)",2,-0.15384668196591905
pline_grdf_bessel_mean + pstart_plane_heavy_frac,"pline_grdf_bessel_mean,pstart_plane_heavy_frac","(55, 114)",2,-0.15388948840533329
pend_plane_heavy_frac + pmid_grdf_trig_std,"pend_plane_heavy_frac,pmid_grdf_trig_std","(47, 87)",2,-0.15401885046470784
pmid_afs_gauss_max + pstart_plane_mean_Z,"pmid_afs_gauss_max,pstart_plane_mean_Z","(73, 117)",2,-0.15404479206354232
pline_grdf_gauss_max + radius_diff,"pline_grdf_gauss_max,radius_diff","(57, 120)",2,-0.15408949375440228
kend_degen + pend_afs_gauss_max,"kend_degen,pend_afs_gauss_max","(8, 31)",2,-0.15412804017086806
pstart_afs_gauss_max + sum_Z4,"pstart_afs_gauss_max,sum_Z4","(98, 122)",2,-0.15426415850332303
pmid_afs_trig_std + pstart_grdf_trig_mean,"pmid_afs_trig_std,pstart_grdf_trig_mean","(78, 111)",2,-0.15431399731041712
pend_afs_trig_mean + pstart_grdf_trig_std,"pend_afs_trig_mean,pstart_grdf_trig_std","(35, 112)",2,-0.15432618766101514
pend_plane_max_Z + pline_grdf_gauss_std,"pend_plane_max_Z,pline_grdf_gauss_std","(48, 59)",2,-0.15435795482836653
max_Z + pline_grdf_gauss_std,"max_Z,pline_grdf_gauss_std","(23, 59)",2,-0.15435795482836653
max_Z4 + pline_grdf_gauss_std,"max_Z4,pline_grdf_gauss_std","(24, 59)",2,-0.15435795482836653
pmid_plane_max_Z + pstart_plane_heavy_frac,"pmid_plane_max_Z,pstart_plane_heavy_frac","(90, 114)",2,-0.15442317412831577
max_Z4 + pstart_plane_heavy_frac,"max_Z4,pstart_plane_heavy_frac","(24, 114)",2,-0.15442317412831577
max_Z + pstart_plane_heavy_frac,"max_Z,pstart_plane_heavy_frac","(23, 114)",2,-0.15442317412831577
pend_plane_max_Z + pstart_plane_heavy_frac,"pend_plane_max_Z,pstart_plane_heavy_frac","(48, 114)",2,-0.15442317412831577
kend_frac_y + kvec_x,"kend_frac_y,kvec_x","(10, 20)",2,-0.15443477096161756
pend_afs_gauss_std + pline_plane_heavy_frac,"pend_afs_gauss_std,pline_plane_heavy_frac","(33, 64)",2,-0.15454268994773332
pmid_afs_bessel_std + pmid_grdf_gauss_std,"pmid_afs_bessel_std,pmid_grdf_gauss_std","(72, 84)",2,-0.15457692525768874
kend_frac_x + pend_afs_bessel_std,"kend_frac_x,pend_afs_bessel_std","(9, 30)",2,-0.154598106806345
kinterior_degen + pline_grdf_bessel_mean,"kinterior_degen,pline_grdf_bessel_mean","(11, 55)",2,-0.1546678138937088
pstart_grdf_bessel_std + pstart_grdf_gauss_max,"pstart_grdf_bessel_std,pstart_grdf_gauss_max","(106, 107)",2,-0.15470801800140138
kend_degen + pmid_grdf_gauss_mean,"kend_degen,pmid_grdf_gauss_mean","(8, 83)",2,-0.15474327442076935
pend_afs_gauss_max + pline_grdf_gauss_mean,"pend_afs_gauss_max,pline_grdf_gauss_mean","(31, 58)",2,-0.1547696939299888
pline_grdf_gauss_std + pmid_afs_gauss_max,"pline_grdf_gauss_std,pmid_afs_gauss_max","(59, 73)",2,-0.15478253268553924
pline_n_atoms_on_plane + pmid_plane_max_mass,"pline_n_atoms_on_plane,pmid_plane_max_mass","(63, 91)",2,-0.15478910956683115
pline_n_atoms_on_plane + pstart_plane_max_mass,"pline_n_atoms_on_plane,pstart_plane_max_mass","(63, 116)",2,-0.15478910956683115
pmid_afs_gauss_max + pmid_grdf_bessel_std,"pmid_afs_gauss_max,pmid_grdf_bessel_std","(73, 81)",2,-0.15480144537085583
kstart_degen + pstart_afs_gauss_std,"kstart_degen,pstart_afs_gauss_std","(16, 100)",2,-0.15485155191144578
pend_afs_trig_mean + pline_grdf_trig_std,"pend_afs_trig_mean,pline_grdf_trig_std","(35, 62)",2,-0.1548558011936524
E_pfrac_VBM + pend_n_atoms_on_plane,"E_pfrac_VBM,pend_n_atoms_on_plane","(1, 46)",2,-0.15488508129132977
kvec_x + kvec_z,"kvec_x,kvec_z","(20, 22)",2,-0.15507531086999288
kpath_real_distance + pline_plane_mean_Z,"kpath_real_distance,pline_plane_mean_Z","(15, 67)",2,-0.15510625003099437
pend_afs_bessel_mean + pend_grdf_gauss_std,"pend_afs_bessel_mean,pend_grdf_gauss_std","(29, 42)",2,-0.15519225871579395
pline_grdf_gauss_max + pstart_grdf_trig_mean,"pline_grdf_gauss_max,pstart_grdf_trig_mean","(57, 111)",2,-0.15524378615965057
kend_frac_y + pmid_afs_bessel_std,"kend_frac_y,pmid_afs_bessel_std","(10, 72)",2,-0.15527206706074462
pend_plane_max_mass + pline_grdf_gauss_std,"pend_plane_max_mass,pline_grdf_gauss_std","(49, 59)",2,-0.1553297674918564
max_mass + pline_grdf_gauss_std,"max_mass,pline_grdf_gauss_std","(25, 59)",2,-0.1553297674918564
pmid_grdf_trig_std + pmid_plane_heavy_frac,"pmid_grdf_trig_std,pmid_plane_heavy_frac","(87, 89)",2,-0.15537992835604408
plane_angle_deg + pstart_grdf_gauss_mean,"plane_angle_deg,pstart_grdf_gauss_mean","(53, 108)",2,-0.15543827898754298
X_diff + pmid_afs_gauss_mean,"X_diff,pmid_afs_gauss_mean","(3, 74)",2,-0.15545713883012618
kend_degen + sum_Z4,"kend_degen,sum_Z4","(8, 122)",2,-0.15560024206633877
kstart_frac_y + pline_plane_sum_Z4,"kstart_frac_y,pline_plane_sum_Z4","(18, 69)",2,-0.15563259414592848
band_binary + pline_grdf_bessel_mean,"band_binary,pline_grdf_bessel_mean","(5, 55)",2,-0.15570598423485987
pline_plane_mean_Z + sum_Z4,"pline_plane_mean_Z,sum_Z4","(67, 122)",2,-0.1557452040496326
kend_degen + kvec_x,"kend_degen,kvec_x","(8, 20)",2,-0.1558455922120299
band_binary + pline_grdf_bessel_max,"band_binary,pline_grdf_bessel_max","(5, 54)",2,-0.15592848669741788
kend_frac_x + kpath_real_distance,"kend_frac_x,kpath_real_distance","(9, 15)",2,-0.15596006933894987
pline_grdf_bessel_max + pmid_grdf_gauss_max,"pline_grdf_bessel_max,pmid_grdf_gauss_max","(54, 82)",2,-0.15601403857723758
pline_grdf_trig_mean + pmid_afs_trig_mean,"pline_grdf_trig_mean,pmid_afs_trig_mean","(61, 77)",2,-0.156037469476693
pend_afs_bessel_mean + pstart_afs_trig_max,"pend_afs_bessel_mean,pstart_afs_trig_max","(29, 101)",2,-0.15612496255550096
pend_plane_mean_Z + pstart_grdf_trig_mean,"pend_plane_mean_Z,pstart_grdf_trig_mean","(50, 111)",2,-0.15617116466140687
pend_plane_mean_Z + pmid_afs_trig_mean,"pend_plane_mean_Z,pmid_afs_trig_mean","(50, 77)",2,-0.156177237217561
ehull + pend_grdf_bessel_std,"ehull,pend_grdf_bessel_std","(7, 39)",2,-0.15621382857329508
pline_n_atoms_on_plane + sum_Z4,"pline_n_atoms_on_plane,sum_Z4","(63, 122)",2,-0.15621550261064782
E_pfrac_CBM + pstart_grdf_bessel_std,"E_pfrac_CBM,pstart_grdf_bessel_std","(0, 106)",2,-0.15623494670735277
pend_plane_max_mass + pline_plane_max_mass,"pend_plane_max_mass,pline_plane_max_mass","(49, 66)",2,-0.15629962886882737
max_mass + pline_plane_max_mass,"max_mass,pline_plane_max_mass","(25, 66)",2,-0.15629962886882737
pline_grdf_bessel_std + pstart_grdf_gauss_mean,"pline_grdf_bessel_std,pstart_grdf_gauss_mean","(56, 108)",2,-0.15637402802983236
kmid_frac_y + pline_grdf_bessel_mean,"kmid_frac_y,pline_grdf_bessel_mean","(13, 55)",2,-0.1564407543913326
E_pfrac_VBM + pstart_afs_gauss_mean,"E_pfrac_VBM,pstart_afs_gauss_mean","(1, 99)",2,-0.15650812493436395
kend_degen + pend_afs_bessel_std,"kend_degen,pend_afs_bessel_std","(8, 30)",2,-0.15654213486840876
pend_afs_gauss_std + pline_n_atoms_on_plane,"pend_afs_gauss_std,pline_n_atoms_on_plane","(33, 63)",2,-0.15656931720318498
mean_Z + pmid_plane_heavy_frac,"mean_Z,pmid_plane_heavy_frac","(26, 89)",2,-0.1566404361463964
pmid_afs_trig_max + pmid_plane_max_mass,"pmid_afs_trig_max,pmid_plane_max_mass","(76, 91)",2,-0.15665360024438846
pmid_afs_trig_max + pstart_plane_max_mass,"pmid_afs_trig_max,pstart_plane_max_mass","(76, 116)",2,-0.15665360024438846
pend_grdf_gauss_std + pmid_grdf_gauss_mean,"pend_grdf_gauss_std,pmid_grdf_gauss_mean","(42, 83)",2,-0.1567552208208421
max_mass + pend_grdf_gauss_max,"max_mass,pend_grdf_gauss_max","(25, 40)",2,-0.15676556472137734
pend_plane_max_mass + pline_plane_max_Z,"pend_plane_max_mass,pline_plane_max_Z","(49, 65)",2,-0.15676752952741127
max_mass + pline_plane_max_Z,"max_mass,pline_plane_max_Z","(25, 65)",2,-0.15676752952741127
max_mass + pline_n_atoms_on_plane,"max_mass,pline_n_atoms_on_plane","(25, 63)",2,-0.15679907217515415
pend_plane_max_mass + pline_n_atoms_on_plane,"pend_plane_max_mass,pline_n_atoms_on_plane","(49, 63)",2,-0.15679907217515415
pline_plane_mean_Z + pstart_grdf_gauss_std,"pline_plane_mean_Z,pstart_grdf_gauss_std","(67, 109)",2,-0.15680204413370227
pend_afs_trig_mean + pline_plane_max_mass,"pend_afs_trig_mean,pline_plane_max_mass","(35, 66)",2,-0.15694077491553954
pend_grdf_gauss_std + pmid_afs_bessel_std,"pend_grdf_gauss_std,pmid_afs_bessel_std","(42, 72)",2,-0.1569471718319204
pstart_grdf_trig_max + radius_diff,"pstart_grdf_trig_max,radius_diff","(110, 120)",2,-0.157129047813923
n_elements + pstart_afs_gauss_mean,"n_elements,pstart_afs_gauss_mean","(27, 99)",2,-0.1573102643824711
pend_plane_heavy_frac + pmid_afs_gauss_max,"pend_plane_heavy_frac,pmid_afs_gauss_max","(47, 73)",2,-0.15731606909148285
max_mass + pline_plane_heavy_frac,"max_mass,pline_plane_heavy_frac","(25, 64)",2,-0.1573547084939858
pend_plane_max_mass + pline_plane_heavy_frac,"pend_plane_max_mass,pline_plane_heavy_frac","(49, 64)",2,-0.1573547084939858
pline_grdf_gauss_std + pmid_plane_max_mass,"pline_grdf_gauss_std,pmid_plane_max_mass","(59, 91)",2,-0.15741456413579707
pline_grdf_gauss_std + pstart_plane_max_mass,"pline_grdf_gauss_std,pstart_plane_max_mass","(59, 116)",2,-0.15741456413579707
kvec_z + pstart_grdf_trig_mean,"kvec_z,pstart_grdf_trig_mean","(22, 111)",2,-0.1574196105332774
kpath_angle_deg + pstart_grdf_trig_std,"kpath_angle_deg,pstart_grdf_trig_std","(14, 112)",2,-0.1575327034914866
kpath_real_distance + pstart_plane_heavy_frac,"kpath_real_distance,pstart_plane_heavy_frac","(15, 114)",2,-0.15753930265365376
pline_grdf_bessel_max + pline_plane_max_mass,"pline_grdf_bessel_max,pline_plane_max_mass","(54, 66)",2,-0.15758106083129814
pline_grdf_bessel_mean + pmid_afs_trig_mean,"pline_grdf_bessel_mean,pmid_afs_trig_mean","(55, 77)",2,-0.157610609882853
kstart_degen + pend_grdf_gauss_max,"kstart_degen,pend_grdf_gauss_max","(16, 40)",2,-0.15762905976913816
kstart_frac_x + pmid_afs_gauss_max,"kstart_frac_x,pmid_afs_gauss_max","(17, 73)",2,-0.1576762850916804
pend_plane_sum_Z4 + pstart_grdf_trig_max,"pend_plane_sum_Z4,pstart_grdf_trig_max","(52, 110)",2,-0.1577284576034667
pend_grdf_gauss_mean + pend_grdf_gauss_std,"pend_grdf_gauss_mean,pend_grdf_gauss_std","(41, 42)",2,-0.15785603689650418
pline_plane_heavy_frac + pmid_plane_max_mass,"pline_plane_heavy_frac,pmid_plane_max_mass","(64, 91)",2,-0.15787429297771335
pline_plane_heavy_frac + pstart_plane_max_mass,"pline_plane_heavy_frac,pstart_plane_max_mass","(64, 116)",2,-0.15787429297771335
max_mass + pline_grdf_trig_mean,"max_mass,pline_grdf_trig_mean","(25, 61)",2,-0.15791850973378002
pend_plane_max_mass + pline_grdf_trig_mean,"pend_plane_max_mass,pline_grdf_trig_mean","(49, 61)",2,-0.15791850973378002
pline_plane_max_mass + pstart_grdf_trig_mean,"pline_plane_max_mass,pstart_grdf_trig_mean","(66, 111)",2,-0.15804887525029726
pend_grdf_gauss_max + pline_n_atoms_on_plane,"pend_grdf_gauss_max,pline_n_atoms_on_plane","(40, 63)",2,-0.15807143100234144
pend_afs_trig_std + sum_Z4,"pend_afs_trig_std,sum_Z4","(36, 122)",2,-0.1580817623534994
ktotal_weight + pline_grdf_bessel_mean,"ktotal_weight,pline_grdf_bessel_mean","(19, 55)",2,-0.15820137317842972
pline_plane_mean_Z + pstart_grdf_bessel_std,"pline_plane_mean_Z,pstart_grdf_bessel_std","(67, 106)",2,-0.15856222723891195
pmid_grdf_gauss_max + pstart_grdf_trig_std,"pmid_grdf_gauss_max,pstart_grdf_trig_std","(82, 112)",2,-0.15857545532128545
pline_plane_mean_mass + pline_plane_sum_Z4,"pline_plane_mean_mass,pline_plane_sum_Z4","(68, 69)",2,-0.15861493777858798
pend_plane_mean_Z + pstart_grdf_trig_max,"pend_plane_mean_Z,pstart_grdf_trig_max","(50, 110)",2,-0.15864885834717166
pend_grdf_bessel_max + pend_grdf_trig_std,"pend_grdf_bessel_max,pend_grdf_trig_std","(37, 45)",2,-0.1587239472425007
pend_afs_bessel_mean + pmid_afs_trig_std,"pend_afs_bessel_mean,pmid_afs_trig_std","(29, 78)",2,-0.15874577558765007
pmid_plane_mean_mass + pstart_afs_gauss_max,"pmid_plane_mean_mass,pstart_afs_gauss_max","(93, 98)",2,-0.1587730537260533
pend_afs_trig_mean + pline_plane_heavy_frac,"pend_afs_trig_mean,pline_plane_heavy_frac","(35, 64)",2,-0.15881209904545934
pend_grdf_gauss_max + pline_plane_heavy_frac,"pend_grdf_gauss_max,pline_plane_heavy_frac","(40, 64)",2,-0.15888608122741912
pend_grdf_gauss_max + plane_angle_deg,"pend_grdf_gauss_max,plane_angle_deg","(40, 53)",2,-0.15890175108373833
pmid_afs_trig_mean + pmid_plane_mean_mass,"pmid_afs_trig_mean,pmid_plane_mean_mass","(77, 93)",2,-0.15894127267316263
pstart_afs_trig_max + pstart_grdf_gauss_std,"pstart_afs_trig_max,pstart_grdf_gauss_std","(101, 109)",2,-0.1589458088450024
pline_grdf_bessel_max + pstart_grdf_gauss_mean,"pline_grdf_bessel_max,pstart_grdf_gauss_mean","(54, 108)",2,-0.15897426904088974
pmid_afs_bessel_max + pmid_afs_gauss_std,"pmid_afs_bessel_max,pmid_afs_gauss_std","(70, 75)",2,-0.15900071761602924
ehull + pmid_grdf_gauss_mean,"ehull,pmid_grdf_gauss_mean","(7, 83)",2,-0.15906297431639288
pmid_afs_bessel_mean + pstart_afs_bessel_mean,"pmid_afs_bessel_mean,pstart_afs_bessel_mean","(71, 96)",2,-0.15909354098112255
pend_afs_bessel_std + pline_plane_heavy_frac,"pend_afs_bessel_std,pline_plane_heavy_frac","(30, 64)",2,-0.1591074121807458
pstart_grdf_bessel_std + pstart_plane_sum_Z4,"pstart_grdf_bessel_std,pstart_plane_sum_Z4","(106, 119)",2,-0.15912731929451535
pend_plane_heavy_frac + pmid_afs_gauss_std,"pend_plane_heavy_frac,pmid_afs_gauss_std","(47, 75)",2,-0.1591984754114339
kend_frac_x + pstart_afs_gauss_std,"kend_frac_x,pstart_afs_gauss_std","(9, 100)",2,-0.15921896693595702
pline_grdf_gauss_std + pstart_plane_max_Z,"pline_grdf_gauss_std,pstart_plane_max_Z","(59, 115)",2,-0.15936898810933103
pline_grdf_gauss_std + pmid_plane_max_Z,"pline_grdf_gauss_std,pmid_plane_max_Z","(59, 90)",2,-0.15936898810933103
pmid_afs_bessel_std + pmid_afs_gauss_std,"pmid_afs_bessel_std,pmid_afs_gauss_std","(72, 75)",2,-0.15957950877000548
kvec_z + pmid_afs_gauss_max,"kvec_z,pmid_afs_gauss_max","(22, 73)",2,-0.15974232841733177
pline_grdf_bessel_mean + pstart_grdf_gauss_max,"pline_grdf_bessel_mean,pstart_grdf_gauss_max","(55, 107)",2,-0.1597471358244125
E_pfrac_VBM + pline_grdf_bessel_std,"E_pfrac_VBM,pline_grdf_bessel_std","(1, 56)",2,-0.15976044852126167
pend_grdf_gauss_std + pstart_plane_mean_Z,"pend_grdf_gauss_std,pstart_plane_mean_Z","(42, 117)",2,-0.15977697628887466
pmid_grdf_bessel_max + pstart_grdf_trig_mean,"pmid_grdf_bessel_max,pstart_grdf_trig_mean","(79, 111)",2,-0.1597961492816425
kend_frac_x + sum_Z4,"kend_frac_x,sum_Z4","(9, 122)",2,-0.15980471762563128
pend_afs_trig_max + pline_plane_max_mass,"pend_afs_trig_max,pline_plane_max_mass","(34, 66)",2,-0.1599039198242643
pline_n_atoms_on_plane + pstart_grdf_trig_mean,"pline_n_atoms_on_plane,pstart_grdf_trig_mean","(63, 111)",2,-0.15992803148449886
kend_frac_x + pend_plane_max_mass,"kend_frac_x,pend_plane_max_mass","(9, 49)",2,-0.1599826130253473
kend_frac_x + pmid_plane_max_mass,"kend_frac_x,pmid_plane_max_mass","(9, 91)",2,-0.1599826130253473
kend_frac_x + pstart_plane_max_mass,"kend_frac_x,pstart_plane_max_mass","(9, 116)",2,-0.1599826130253473
kend_frac_x + max_mass,"kend_frac_x,max_mass","(9, 25)",2,-0.1599826130253473
pend_grdf_gauss_max + pline_plane_max_Z,"pend_grdf_gauss_max,pline_plane_max_Z","(40, 65)",2,-0.16005759892350452
kmid_frac_x + pmid_afs_gauss_max,"kmid_frac_x,pmid_afs_gauss_max","(12, 73)",2,-0.1601891494724541
pstart_grdf_gauss_mean + pstart_grdf_trig_std,"pstart_grdf_gauss_mean,pstart_grdf_trig_std","(108, 112)",2,-0.1601919957326805
pend_afs_gauss_mean + pmid_afs_bessel_std,"pend_afs_gauss_mean,pmid_afs_bessel_std","(32, 72)",2,-0.16019672059623782
kmid_frac_y + kvec_x,"kmid_frac_y,kvec_x","(13, 20)",2,-0.16028155045655929
pline_grdf_gauss_std + pstart_grdf_gauss_mean,"pline_grdf_gauss_std,pstart_grdf_gauss_mean","(59, 108)",2,-0.1602968232633068
E_pfrac_CBM + pline_n_atoms_on_plane,"E_pfrac_CBM,pline_n_atoms_on_plane","(0, 63)",2,-0.16041616658334765
pend_plane_mean_mass + pmid_afs_trig_std,"pend_plane_mean_mass,pmid_afs_trig_std","(51, 78)",2,-0.16044040790020975
kstart_degen + pline_grdf_bessel_mean,"kstart_degen,pline_grdf_bessel_mean","(16, 55)",2,-0.16046489734198827
pend_afs_gauss_max + pstart_plane_max_mass,"pend_afs_gauss_max,pstart_plane_max_mass","(31, 116)",2,-0.16050474627718606
pend_afs_gauss_max + pmid_plane_max_mass,"pend_afs_gauss_max,pmid_plane_max_mass","(31, 91)",2,-0.16050474627718606
pend_afs_gauss_max + pend_plane_max_mass,"pend_afs_gauss_max,pend_plane_max_mass","(31, 49)",2,-0.16050474627718606
plane_angle_deg + pstart_grdf_trig_mean,"plane_angle_deg,pstart_grdf_trig_mean","(53, 111)",2,-0.16052288391095051
pend_plane_mean_mass + pmid_afs_trig_mean,"pend_plane_mean_mass,pmid_afs_trig_mean","(51, 77)",2,-0.16053235875908747
kend_frac_x + max_Z,"kend_frac_x,max_Z","(9, 23)",2,-0.16066471133420912
kend_frac_x + pstart_plane_max_Z,"kend_frac_x,pstart_plane_max_Z","(9, 115)",2,-0.16066471133420912
kend_frac_x + max_Z4,"kend_frac_x,max_Z4","(9, 24)",2,-0.16066471133420912
kend_frac_x + pend_plane_max_Z,"kend_frac_x,pend_plane_max_Z","(9, 48)",2,-0.16066471133420912
kend_frac_x + pmid_plane_max_Z,"kend_frac_x,pmid_plane_max_Z","(9, 90)",2,-0.16066471133420912
pend_afs_gauss_mean + pend_plane_mean_Z,"pend_afs_gauss_mean,pend_plane_mean_Z","(32, 50)",2,-0.16071427179124506
kvec_x + pend_afs_trig_mean,"kvec_x,pend_afs_trig_mean","(20, 35)",2,-0.1607790295981346
E_pfrac_relevant + pstart_afs_trig_mean,"E_pfrac_relevant,pstart_afs_trig_mean","(2, 102)",2,-0.16081043057731734
pend_plane_mean_mass + pstart_afs_gauss_mean,"pend_plane_mean_mass,pstart_afs_gauss_mean","(51, 99)",2,-0.16082961517606073
kmid_frac_y + pmid_afs_gauss_std,"kmid_frac_y,pmid_afs_gauss_std","(13, 75)",2,-0.1609359886411108
plane_angle_deg + pstart_grdf_gauss_max,"plane_angle_deg,pstart_grdf_gauss_max","(53, 107)",2,-0.16094478874463164
pend_afs_gauss_max + pline_plane_heavy_frac,"pend_afs_gauss_max,pline_plane_heavy_frac","(31, 64)",2,-0.16096999449132585
pend_afs_trig_std + pend_grdf_gauss_std,"pend_afs_trig_std,pend_grdf_gauss_std","(36, 42)",2,-0.16098673346647002
kvec_z + pstart_plane_max_mass,"kvec_z,pstart_plane_max_mass","(22, 116)",2,-0.16102518854684772
kvec_z + pend_plane_max_mass,"kvec_z,pend_plane_max_mass","(22, 49)",2,-0.16102518854684772
kvec_z + pmid_plane_max_mass,"kvec_z,pmid_plane_max_mass","(22, 91)",2,-0.16102518854684772
kvec_z + max_mass,"kvec_z,max_mass","(22, 25)",2,-0.16102518854684772
pline_grdf_bessel_mean + pline_plane_max_Z,"pline_grdf_bessel_mean,pline_plane_max_Z","(55, 65)",2,-0.16113254869370988
plane_angle_deg + pmid_afs_gauss_max,"plane_angle_deg,pmid_afs_gauss_max","(53, 73)",2,-0.16114075702547567
band_binary + sum_Z4,"band_binary,sum_Z4","(5, 122)",2,-0.16118780027788288
pline_plane_mean_mass + sum_Z4,"pline_plane_mean_mass,sum_Z4","(68, 122)",2,-0.1612369744746745
pmid_plane_sum_Z4 + pstart_grdf_trig_max,"pmid_plane_sum_Z4,pstart_grdf_trig_max","(94, 110)",2,-0.16126889966251656
kend_frac_x + pmid_afs_bessel_std,"kend_frac_x,pmid_afs_bessel_std","(9, 72)",2,-0.16126927714142458
kend_degen + pstart_afs_gauss_max,"kend_degen,pstart_afs_gauss_max","(8, 98)",2,-0.16129135644451834
mean_Z + pstart_afs_bessel_mean,"mean_Z,pstart_afs_bessel_mean","(26, 96)",2,-0.16131338220958846
kpath_angle_deg + kvec_x,"kpath_angle_deg,kvec_x","(14, 20)",2,-0.16138584270870895
kvec_z + max_Z,"kvec_z,max_Z","(22, 23)",2,-0.1614791884944578
kvec_z + pmid_plane_max_Z,"kvec_z,pmid_plane_max_Z","(22, 90)",2,-0.1614791884944578
kvec_z + pend_plane_max_Z,"kvec_z,pend_plane_max_Z","(22, 48)",2,-0.1614791884944578
kvec_z + pstart_plane_max_Z,"kvec_z,pstart_plane_max_Z","(22, 115)",2,-0.1614791884944578
kvec_z + max_Z4,"kvec_z,max_Z4","(22, 24)",2,-0.1614791884944578
ehull + pend_grdf_trig_mean,"ehull,pend_grdf_trig_mean","(7, 44)",2,-0.16160523411396435
pend_grdf_bessel_std + pend_plane_heavy_frac,"pend_grdf_bessel_std,pend_plane_heavy_frac","(39, 47)",2,-0.16166234530133133
pstart_afs_gauss_max + pstart_plane_max_mass,"pstart_afs_gauss_max,pstart_plane_max_mass","(98, 116)",2,-0.16181745679325243
pend_plane_mean_Z + pmid_grdf_gauss_std,"pend_plane_mean_Z,pmid_grdf_gauss_std","(50, 84)",2,-0.16198355433321862
kvec_y + pmid_grdf_bessel_std,"kvec_y,pmid_grdf_bessel_std","(21, 81)",2,-0.16201521558082707
kvec_z + pend_afs_bessel_std,"kvec_z,pend_afs_bessel_std","(22, 30)",2,-0.16203125947380184
pline_plane_mean_Z + pstart_afs_gauss_max,"pline_plane_mean_Z,pstart_afs_gauss_max","(67, 98)",2,-0.16203740326131433
band_binary + pstart_grdf_trig_std,"band_binary,pstart_grdf_trig_std","(5, 112)",2,-0.16206151426691726
kend_frac_y + pmid_plane_max_mass,"kend_frac_y,pmid_plane_max_mass","(10, 91)",2,-0.16207250551922275
kend_frac_y + pstart_plane_max_mass,"kend_frac_y,pstart_plane_max_mass","(10, 116)",2,-0.16207250551922275
kend_frac_y + max_mass,"kend_frac_y,max_mass","(10, 25)",2,-0.16207250551922275
kend_frac_y + pend_plane_max_mass,"kend_frac_y,pend_plane_max_mass","(10, 49)",2,-0.16207250551922275
kpath_real_distance + pmid_plane_heavy_frac,"kpath_real_distance,pmid_plane_heavy_frac","(15, 89)",2,-0.16234867355760813
pend_plane_max_mass + pline_plane_mean_mass,"pend_plane_max_mass,pline_plane_mean_mass","(49, 68)",2,-0.16236852297798038
max_mass + pline_plane_mean_mass,"max_mass,pline_plane_mean_mass","(25, 68)",2,-0.16236852297798038
n_elements + pline_grdf_bessel_max,"n_elements,pline_grdf_bessel_max","(27, 54)",2,-0.162416468921383
kstart_frac_y + pstart_grdf_gauss_max,"kstart_frac_y,pstart_grdf_gauss_max","(18, 107)",2,-0.1624166424447307
kvec_x + pstart_afs_bessel_std,"kvec_x,pstart_afs_bessel_std","(20, 97)",2,-0.1625178232446328
pline_n_atoms_on_plane + pstart_plane_max_Z,"pline_n_atoms_on_plane,pstart_plane_max_Z","(63, 115)",2,-0.16260483540082565
pline_n_atoms_on_plane + pmid_plane_max_Z,"pline_n_atoms_on_plane,pmid_plane_max_Z","(63, 90)",2,-0.16260483540082565
pline_n_atoms_on_plane + pmid_afs_gauss_max,"pline_n_atoms_on_plane,pmid_afs_gauss_max","(63, 73)",2,-0.16263480498738941
pline_grdf_bessel_std + pmid_grdf_trig_std,"pline_grdf_bessel_std,pmid_grdf_trig_std","(56, 87)",2,-0.16266703919716458
pend_grdf_gauss_max + pline_plane_mean_mass,"pend_grdf_gauss_max,pline_plane_mean_mass","(40, 68)",2,-0.16267099703947296
pline_grdf_gauss_max + pstart_afs_trig_max,"pline_grdf_gauss_max,pstart_afs_trig_max","(57, 101)",2,-0.162754977058663
pend_afs_bessel_std + pend_afs_gauss_std,"pend_afs_bessel_std,pend_afs_gauss_std","(30, 33)",2,-0.16275981927565433
max_mass + pline_plane_mean_Z,"max_mass,pline_plane_mean_Z","(25, 67)",2,-0.16285273193697333
pend_plane_max_mass + pline_plane_mean_Z,"pend_plane_max_mass,pline_plane_mean_Z","(49, 67)",2,-0.16285273193697333
pend_afs_bessel_mean + pend_afs_bessel_std,"pend_afs_bessel_mean,pend_afs_bessel_std","(29, 30)",2,-0.16286799192441728
pline_grdf_gauss_max + pmid_grdf_trig_std,"pline_grdf_gauss_max,pmid_grdf_trig_std","(57, 87)",2,-0.16293202297911344
kend_frac_x + pstart_grdf_gauss_mean,"kend_frac_x,pstart_grdf_gauss_mean","(9, 108)",2,-0.16295848542402833
pend_grdf_gauss_max + sum_Z4,"pend_grdf_gauss_max,sum_Z4","(40, 122)",2,-0.16309506556850606
kend_frac_y + sum_Z4,"kend_frac_y,sum_Z4","(10, 122)",2,-0.163102572543237
pline_grdf_trig_max + pstart_plane_max_mass,"pline_grdf_trig_max,pstart_plane_max_mass","(60, 116)",2,-0.16313768134502385
pline_grdf_trig_max + pmid_plane_max_mass,"pline_grdf_trig_max,pmid_plane_max_mass","(60, 91)",2,-0.16313768134502385
mean_Z + pstart_grdf_bessel_std,"mean_Z,pstart_grdf_bessel_std","(26, 106)",2,-0.1631584125496072
pend_grdf_bessel_std + pstart_grdf_bessel_max,"pend_grdf_bessel_std,pstart_grdf_bessel_max","(39, 104)",2,-0.16316487715342665
mean_Z + pmid_afs_trig_max,"mean_Z,pmid_afs_trig_max","(26, 76)",2,-0.1632222713865244
kend_frac_y + max_Z4,"kend_frac_y,max_Z4","(10, 24)",2,-0.16327815153640912
kend_frac_y + pstart_plane_max_Z,"kend_frac_y,pstart_plane_max_Z","(10, 115)",2,-0.16327815153640912
kend_frac_y + pmid_plane_max_Z,"kend_frac_y,pmid_plane_max_Z","(10, 90)",2,-0.16327815153640912
kend_frac_y + max_Z,"kend_frac_y,max_Z","(10, 23)",2,-0.16327815153640912
kend_frac_y + pend_plane_max_Z,"kend_frac_y,pend_plane_max_Z","(10, 48)",2,-0.16327815153640912
bandgap + pstart_afs_trig_std,"bandgap,pstart_afs_trig_std","(6, 103)",2,-0.1632890049253113
X_mean + pend_grdf_gauss_std,"X_mean,pend_grdf_gauss_std","(4, 42)",2,-0.16329199023545465
pmid_afs_gauss_max + pmid_plane_heavy_frac,"pmid_afs_gauss_max,pmid_plane_heavy_frac","(73, 89)",2,-0.16334244632085512
bandgap + pmid_grdf_bessel_std,"bandgap,pmid_grdf_bessel_std","(6, 81)",2,-0.1633600767686552
pend_grdf_gauss_max + pstart_afs_bessel_std,"pend_grdf_gauss_max,pstart_afs_bessel_std","(40, 97)",2,-0.16336071873543742
kpath_real_distance + pend_afs_bessel_std,"kpath_real_distance,pend_afs_bessel_std","(15, 30)",2,-0.16341548593852087
pend_grdf_trig_max + pstart_afs_trig_mean,"pend_grdf_trig_max,pstart_afs_trig_mean","(43, 102)",2,-0.16350603714641737
n_elements + pmid_afs_gauss_max,"n_elements,pmid_afs_gauss_max","(27, 73)",2,-0.16352699545314048
pend_plane_mean_mass + pstart_grdf_trig_mean,"pend_plane_mean_mass,pstart_grdf_trig_mean","(51, 111)",2,-0.1635449593699627
pline_grdf_trig_mean + pmid_plane_max_mass,"pline_grdf_trig_mean,pmid_plane_max_mass","(61, 91)",2,-0.16359826395426663
pline_grdf_trig_mean + pstart_plane_max_mass,"pline_grdf_trig_mean,pstart_plane_max_mass","(61, 116)",2,-0.16359826395426663
pline_grdf_trig_mean + pstart_grdf_trig_mean,"pline_grdf_trig_mean,pstart_grdf_trig_mean","(61, 111)",2,-0.16364971462960184
pline_plane_max_mass + pstart_plane_max_mass,"pline_plane_max_mass,pstart_plane_max_mass","(66, 116)",2,-0.1638651031628582
pline_plane_max_mass + pmid_plane_max_mass,"pline_plane_max_mass,pmid_plane_max_mass","(66, 91)",2,-0.1638651031628582
pend_afs_trig_max + pline_plane_mean_Z,"pend_afs_trig_max,pline_plane_mean_Z","(34, 67)",2,-0.16387987676011195
pline_grdf_bessel_max + pline_plane_max_Z,"pline_grdf_bessel_max,pline_plane_max_Z","(54, 65)",2,-0.16390952057539318
pend_plane_max_Z + pline_grdf_trig_max,"pend_plane_max_Z,pline_grdf_trig_max","(48, 60)",2,-0.16392717648301527
max_Z4 + pline_grdf_trig_max,"max_Z4,pline_grdf_trig_max","(24, 60)",2,-0.16392717648301527
max_Z + pline_grdf_trig_max,"max_Z,pline_grdf_trig_max","(23, 60)",2,-0.16392717648301527
pend_plane_max_Z + pline_plane_max_mass,"pend_plane_max_Z,pline_plane_max_mass","(48, 66)",2,-0.16394070371335306
max_Z + pline_plane_max_mass,"max_Z,pline_plane_max_mass","(23, 66)",2,-0.16394070371335306
max_Z4 + pline_plane_max_mass,"max_Z4,pline_plane_max_mass","(24, 66)",2,-0.16394070371335306
pend_afs_trig_std + pstart_grdf_trig_std,"pend_afs_trig_std,pstart_grdf_trig_std","(36, 112)",2,-0.16402101237406605
n_elements + pline_grdf_bessel_mean,"n_elements,pline_grdf_bessel_mean","(27, 55)",2,-0.16402761558651105
pline_plane_max_mass + sum_Z4,"pline_plane_max_mass,sum_Z4","(66, 122)",2,-0.16405418074839623
E_pfrac_VBM + pline_grdf_gauss_std,"E_pfrac_VBM,pline_grdf_gauss_std","(1, 59)",2,-0.1640548620362072
pend_plane_max_Z + pline_n_atoms_on_plane,"pend_plane_max_Z,pline_n_atoms_on_plane","(48, 63)",2,-0.1640883226716804
max_Z4 + pline_n_atoms_on_plane,"max_Z4,pline_n_atoms_on_plane","(24, 63)",2,-0.1640883226716804
max_Z + pline_n_atoms_on_plane,"max_Z,pline_n_atoms_on_plane","(23, 63)",2,-0.1640883226716804
kpath_real_distance + pline_plane_max_Z,"kpath_real_distance,pline_plane_max_Z","(15, 65)",2,-0.16412678481946943
kpath_angle_deg + pstart_afs_gauss_max,"kpath_angle_deg,pstart_afs_gauss_max","(14, 98)",2,-0.16415381857936637
pend_grdf_gauss_std + pstart_afs_trig_std,"pend_grdf_gauss_std,pstart_afs_trig_std","(42, 103)",2,-0.16416990912032217
pmid_afs_bessel_mean + pmid_plane_mean_Z,"pmid_afs_bessel_mean,pmid_plane_mean_Z","(71, 92)",2,-0.16419491118265941
pend_grdf_gauss_std + pstart_grdf_bessel_std,"pend_grdf_gauss_std,pstart_grdf_bessel_std","(42, 106)",2,-0.16424148880483758
pline_grdf_gauss_mean + pmid_plane_heavy_frac,"pline_grdf_gauss_mean,pmid_plane_heavy_frac","(58, 89)",2,-0.16432022284966613
band_binary + pmid_afs_trig_max,"band_binary,pmid_afs_trig_max","(5, 76)",2,-0.16435134477510333
pend_afs_gauss_std + pstart_plane_mean_mass,"pend_afs_gauss_std,pstart_plane_mean_mass","(33, 118)",2,-0.1645091881716419
mean_Z + pend_afs_trig_mean,"mean_Z,pend_afs_trig_mean","(26, 35)",2,-0.16451734687133357
pend_grdf_gauss_std + pstart_afs_bessel_std,"pend_grdf_gauss_std,pstart_afs_bessel_std","(42, 97)",2,-0.164620563827995
max_Z + pmid_plane_heavy_frac,"max_Z,pmid_plane_heavy_frac","(23, 89)",2,-0.1646286295518485
pend_plane_max_Z + pmid_plane_heavy_frac,"pend_plane_max_Z,pmid_plane_heavy_frac","(48, 89)",2,-0.1646286295518485
max_Z4 + pmid_plane_heavy_frac,"max_Z4,pmid_plane_heavy_frac","(24, 89)",2,-0.1646286295518485
pstart_grdf_gauss_max + pstart_grdf_trig_mean,"pstart_grdf_gauss_max,pstart_grdf_trig_mean","(107, 111)",2,-0.16467962127438782
mean_Z + pmid_afs_bessel_mean,"mean_Z,pmid_afs_bessel_mean","(26, 71)",2,-0.1647301738911054
pline_grdf_gauss_max + pstart_grdf_gauss_std,"pline_grdf_gauss_max,pstart_grdf_gauss_std","(57, 109)",2,-0.16476493447878904
pend_plane_sum_Z4 + pmid_afs_gauss_mean,"pend_plane_sum_Z4,pmid_afs_gauss_mean","(52, 74)",2,-0.1647878455504619
n_elements + pstart_grdf_gauss_std,"n_elements,pstart_grdf_gauss_std","(27, 109)",2,-0.164909288688659
pend_grdf_bessel_max + pmid_afs_trig_std,"pend_grdf_bessel_max,pmid_afs_trig_std","(37, 78)",2,-0.16492840378120968
pline_grdf_trig_std + pstart_afs_gauss_std,"pline_grdf_trig_std,pstart_afs_gauss_std","(62, 100)",2,-0.16494676175885964
pline_grdf_bessel_mean + pline_plane_sum_Z4,"pline_grdf_bessel_mean,pline_plane_sum_Z4","(55, 69)",2,-0.16497931263738597
pline_grdf_gauss_mean + pstart_grdf_bessel_std,"pline_grdf_gauss_mean,pstart_grdf_bessel_std","(58, 106)",2,-0.16499840564657134
kinterior_degen + pmid_afs_gauss_std,"kinterior_degen,pmid_afs_gauss_std","(11, 75)",2,-0.16501392558856634
pend_plane_max_mass + pmid_afs_trig_max,"pend_plane_max_mass,pmid_afs_trig_max","(49, 76)",2,-0.1650179673055729
max_mass + pmid_afs_trig_max,"max_mass,pmid_afs_trig_max","(25, 76)",2,-0.1650179673055729
kstart_degen + sum_Z4,"kstart_degen,sum_Z4","(16, 122)",2,-0.16507973570406143
E_pfrac_CBM + pstart_afs_gauss_std,"E_pfrac_CBM,pstart_afs_gauss_std","(0, 100)",2,-0.16515287863707434
E_pfrac_VBM + sum_Z4,"E_pfrac_VBM,sum_Z4","(1, 122)",2,-0.1652046111201634
pend_afs_trig_max + pline_plane_max_Z,"pend_afs_trig_max,pline_plane_max_Z","(34, 65)",2,-0.1652355331281826
kstart_degen + pstart_grdf_gauss_max,"kstart_degen,pstart_grdf_gauss_max","(16, 107)",2,-0.16524859567470335
pend_afs_bessel_std + pmid_grdf_bessel_std,"pend_afs_bessel_std,pmid_grdf_bessel_std","(30, 81)",2,-0.1652497915907871
pend_afs_bessel_max + pend_afs_gauss_std,"pend_afs_bessel_max,pend_afs_gauss_std","(28, 33)",2,-0.16525973011196177
pmid_afs_trig_std + pmid_grdf_bessel_mean,"pmid_afs_trig_std,pmid_grdf_bessel_mean","(78, 80)",2,-0.16538105894068683
kvec_y + pstart_grdf_trig_max,"kvec_y,pstart_grdf_trig_max","(21, 110)",2,-0.1653821389500893
pline_grdf_gauss_max + pstart_grdf_gauss_max,"pline_grdf_gauss_max,pstart_grdf_gauss_max","(57, 107)",2,-0.16545359178444308
pline_plane_max_Z + pstart_plane_max_mass,"pline_plane_max_Z,pstart_plane_max_mass","(65, 116)",2,-0.16547412179008594
pline_plane_max_Z + pmid_plane_max_mass,"pline_plane_max_Z,pmid_plane_max_mass","(65, 91)",2,-0.16547412179008594
kpath_angle_deg + pstart_afs_gauss_std,"kpath_angle_deg,pstart_afs_gauss_std","(14, 100)",2,-0.16550151966665186
pline_plane_max_Z + pstart_grdf_trig_mean,"pline_plane_max_Z,pstart_grdf_trig_mean","(65, 111)",2,-0.1655099721402875
pend_afs_trig_std + pstart_plane_heavy_frac,"pend_afs_trig_std,pstart_plane_heavy_frac","(36, 114)",2,-0.1656743355581086
pend_n_atoms_on_plane + pmid_afs_bessel_mean,"pend_n_atoms_on_plane,pmid_afs_bessel_mean","(46, 71)",2,-0.165716555707266
E_pfrac_CBM + kend_degen,"E_pfrac_CBM,kend_degen","(0, 8)",2,-0.16572168481040458
pend_plane_mean_Z + pstart_afs_bessel_mean,"pend_plane_mean_Z,pstart_afs_bessel_mean","(50, 96)",2,-0.16576975136591465
pmid_afs_gauss_max + pmid_grdf_trig_std,"pmid_afs_gauss_max,pmid_grdf_trig_std","(73, 87)",2,-0.16579985185886192
pmid_afs_bessel_mean + pstart_afs_gauss_mean,"pmid_afs_bessel_mean,pstart_afs_gauss_mean","(71, 99)",2,-0.16583355436506977
kvec_z + pstart_afs_trig_max,"kvec_z,pstart_afs_trig_max","(22, 101)",2,-0.16583703808177605
pend_grdf_bessel_std + pmid_plane_heavy_frac,"pend_grdf_bessel_std,pmid_plane_heavy_frac","(39, 89)",2,-0.16590490193053337
kstart_frac_x + pline_plane_sum_Z4,"kstart_frac_x,pline_plane_sum_Z4","(17, 69)",2,-0.16593365508085653
E_pfrac_VBM + pstart_plane_sum_Z4,"E_pfrac_VBM,pstart_plane_sum_Z4","(1, 119)",2,-0.16599704177654678
E_pfrac_VBM + pmid_n_atoms_on_plane,"E_pfrac_VBM,pmid_n_atoms_on_plane","(1, 88)",2,-0.1660105224041281
pend_afs_trig_mean + pline_plane_sum_Z4,"pend_afs_trig_mean,pline_plane_sum_Z4","(35, 69)",2,-0.1660506177308059
pmid_afs_bessel_std + pmid_plane_sum_Z4,"pmid_afs_bessel_std,pmid_plane_sum_Z4","(72, 94)",2,-0.16619927957173558
pstart_grdf_bessel_max + pstart_grdf_bessel_std,"pstart_grdf_bessel_max,pstart_grdf_bessel_std","(104, 106)",2,-0.1662544885356343
pline_n_atoms_on_plane + pstart_grdf_gauss_max,"pline_n_atoms_on_plane,pstart_grdf_gauss_max","(63, 107)",2,-0.16631743092201684
kend_frac_x + pstart_afs_gauss_max,"kend_frac_x,pstart_afs_gauss_max","(9, 98)",2,-0.16631936339236267
pstart_grdf_bessel_std + pstart_grdf_trig_mean,"pstart_grdf_bessel_std,pstart_grdf_trig_mean","(106, 111)",2,-0.1663456002935358
pend_grdf_gauss_std + pstart_afs_bessel_mean,"pend_grdf_gauss_std,pstart_afs_bessel_mean","(42, 96)",2,-0.16641696739230535
kend_frac_y + pstart_grdf_bessel_std,"kend_frac_y,pstart_grdf_bessel_std","(10, 106)",2,-0.16642582443393442
pend_afs_gauss_max + pline_plane_sum_Z4,"pend_afs_gauss_max,pline_plane_sum_Z4","(31, 69)",2,-0.1664313340911518
pend_plane_max_Z + pstart_afs_gauss_max,"pend_plane_max_Z,pstart_afs_gauss_max","(48, 98)",2,-0.16643572590878736
max_Z4 + pstart_afs_gauss_max,"max_Z4,pstart_afs_gauss_max","(24, 98)",2,-0.16643572590878736
pmid_plane_max_Z + pstart_afs_gauss_max,"pmid_plane_max_Z,pstart_afs_gauss_max","(90, 98)",2,-0.16643572590878736
max_Z + pstart_afs_gauss_max,"max_Z,pstart_afs_gauss_max","(23, 98)",2,-0.16643572590878736
kvec_x + pline_grdf_trig_max,"kvec_x,pline_grdf_trig_max","(20, 60)",2,-0.16643583929929479
max_Z + pline_plane_max_Z,"max_Z,pline_plane_max_Z","(23, 65)",2,-0.16649234484642803
max_Z4 + pline_plane_max_Z,"max_Z4,pline_plane_max_Z","(24, 65)",2,-0.16649234484642803
pend_plane_max_Z + pline_plane_max_Z,"pend_plane_max_Z,pline_plane_max_Z","(48, 65)",2,-0.16649234484642803
pend_afs_trig_max + pmid_plane_max_mass,"pend_afs_trig_max,pmid_plane_max_mass","(34, 91)",2,-0.1665734131837224
pend_afs_trig_max + pend_plane_max_mass,"pend_afs_trig_max,pend_plane_max_mass","(34, 49)",2,-0.1665734131837224
pend_afs_trig_max + pstart_plane_max_mass,"pend_afs_trig_max,pstart_plane_max_mass","(34, 116)",2,-0.1665734131837224
pline_plane_heavy_frac + pstart_grdf_gauss_max,"pline_plane_heavy_frac,pstart_grdf_gauss_max","(64, 107)",2,-0.16658480203314477
pend_afs_bessel_mean + pend_n_atoms_on_plane,"pend_afs_bessel_mean,pend_n_atoms_on_plane","(29, 46)",2,-0.16662106525993897
kmid_frac_y + kpath_real_distance,"kmid_frac_y,kpath_real_distance","(13, 15)",2,-0.16664647977933203
pline_plane_mean_mass + pstart_grdf_gauss_std,"pline_plane_mean_mass,pstart_grdf_gauss_std","(68, 109)",2,-0.16667970989255204
kvec_x + pstart_grdf_bessel_std,"kvec_x,pstart_grdf_bessel_std","(20, 106)",2,-0.16669624963708754
pend_afs_gauss_max + pmid_plane_max_Z,"pend_afs_gauss_max,pmid_plane_max_Z","(31, 90)",2,-0.1666966041316454
pend_afs_gauss_max + pend_plane_max_Z,"pend_afs_gauss_max,pend_plane_max_Z","(31, 48)",2,-0.1666966041316454
pend_afs_gauss_max + pstart_plane_max_Z,"pend_afs_gauss_max,pstart_plane_max_Z","(31, 115)",2,-0.1666966041316454
pstart_afs_bessel_std + pstart_plane_heavy_frac,"pstart_afs_bessel_std,pstart_plane_heavy_frac","(97, 114)",2,-0.16672176310246584
kpath_angle_deg + mean_Z,"kpath_angle_deg,mean_Z","(14, 26)",2,-0.16673326277140715
kend_frac_x + pmid_grdf_trig_std,"kend_frac_x,pmid_grdf_trig_std","(9, 87)",2,-0.16682931989782446
pstart_afs_gauss_max + pstart_plane_max_Z,"pstart_afs_gauss_max,pstart_plane_max_Z","(98, 115)",2,-0.16694642288508016
pend_afs_trig_max + pend_grdf_gauss_max,"pend_afs_trig_max,pend_grdf_gauss_max","(34, 40)",2,-0.1669919326452839
pend_afs_bessel_max + pstart_afs_gauss_std,"pend_afs_bessel_max,pstart_afs_gauss_std","(28, 100)",2,-0.16711765714282384
kinterior_degen + pstart_grdf_gauss_max,"kinterior_degen,pstart_grdf_gauss_max","(11, 107)",2,-0.167189190510531
pline_grdf_trig_std + pstart_grdf_gauss_max,"pline_grdf_trig_std,pstart_grdf_gauss_max","(62, 107)",2,-0.16722458253238498
pstart_afs_gauss_max + pstart_grdf_trig_mean,"pstart_afs_gauss_max,pstart_grdf_trig_mean","(98, 111)",2,-0.16723196558031272
E_pfrac_relevant + pend_plane_mean_mass,"E_pfrac_relevant,pend_plane_mean_mass","(2, 51)",2,-0.16725537696638962
pend_grdf_bessel_max + pstart_afs_trig_std,"pend_grdf_bessel_max,pstart_afs_trig_std","(37, 103)",2,-0.16733139450075682
pmid_afs_gauss_mean + pstart_grdf_bessel_max,"pmid_afs_gauss_mean,pstart_grdf_bessel_max","(74, 104)",2,-0.16733257280184718
mean_Z + pstart_afs_gauss_max,"mean_Z,pstart_afs_gauss_max","(26, 98)",2,-0.16735393464027376
kpath_angle_deg + pstart_grdf_bessel_std,"kpath_angle_deg,pstart_grdf_bessel_std","(14, 106)",2,-0.16743098639181225
pend_plane_heavy_frac + pstart_afs_gauss_max,"pend_plane_heavy_frac,pstart_afs_gauss_max","(47, 98)",2,-0.1674314581545228
pend_afs_trig_max + pmid_afs_bessel_mean,"pend_afs_trig_max,pmid_afs_bessel_mean","(34, 71)",2,-0.16747219756116344
pend_plane_max_Z + pline_grdf_trig_mean,"pend_plane_max_Z,pline_grdf_trig_mean","(48, 61)",2,-0.16750969094709084
max_Z + pline_grdf_trig_mean,"max_Z,pline_grdf_trig_mean","(23, 61)",2,-0.16750969094709084
max_Z4 + pline_grdf_trig_mean,"max_Z4,pline_grdf_trig_mean","(24, 61)",2,-0.16750969094709084
pend_afs_gauss_max + pend_afs_gauss_mean,"pend_afs_gauss_max,pend_afs_gauss_mean","(31, 32)",2,-0.1675370835336296
mean_Z + pstart_afs_trig_std,"mean_Z,pstart_afs_trig_std","(26, 103)",2,-0.16754220860504407
pline_grdf_trig_std + sum_Z4,"pline_grdf_trig_std,sum_Z4","(62, 122)",2,-0.16790836626071654
kmid_frac_x + pstart_afs_gauss_std,"kmid_frac_x,pstart_afs_gauss_std","(12, 100)",2,-0.16804041643529194
pline_plane_mean_mass + pstart_grdf_bessel_std,"pline_plane_mean_mass,pstart_grdf_bessel_std","(68, 106)",2,-0.16814838872271237
pend_afs_trig_mean + pmid_afs_gauss_max,"pend_afs_trig_mean,pmid_afs_gauss_max","(35, 73)",2,-0.16815908545840436
kvec_x + pend_afs_bessel_std,"kvec_x,pend_afs_bessel_std","(20, 30)",2,-0.16833337071635837
kvec_x + pend_afs_gauss_max,"kvec_x,pend_afs_gauss_max","(20, 31)",2,-0.1683380477845779
pend_n_atoms_on_plane + pmid_grdf_bessel_std,"pend_n_atoms_on_plane,pmid_grdf_bessel_std","(46, 81)",2,-0.1683652749019454
kpath_real_distance + pline_grdf_trig_std,"kpath_real_distance,pline_grdf_trig_std","(15, 62)",2,-0.1683791345841501
pend_afs_trig_mean + pmid_afs_trig_mean,"pend_afs_trig_mean,pmid_afs_trig_mean","(35, 77)",2,-0.16839636385056017
pline_plane_mean_Z + pstart_grdf_gauss_max,"pline_plane_mean_Z,pstart_grdf_gauss_max","(67, 107)",2,-0.16842131531011767
pmid_afs_gauss_std + pstart_afs_bessel_max,"pmid_afs_gauss_std,pstart_afs_bessel_max","(75, 95)",2,-0.16847499161902216
kinterior_degen + kpath_real_distance,"kinterior_degen,kpath_real_distance","(11, 15)",2,-0.1684845207580759
kstart_frac_x + pend_grdf_gauss_max,"kstart_frac_x,pend_grdf_gauss_max","(17, 40)",2,-0.16852879015114502
E_pfrac_CBM + pstart_plane_sum_Z4,"E_pfrac_CBM,pstart_plane_sum_Z4","(0, 119)",2,-0.16855962032950633
E_pfrac_CBM + n_elements,"E_pfrac_CBM,n_elements","(0, 27)",2,-0.16857145832587617
pend_grdf_trig_max + pmid_grdf_bessel_mean,"pend_grdf_trig_max,pmid_grdf_bessel_mean","(43, 80)",2,-0.1686457354131779
pmid_afs_trig_std + sum_Z4,"pmid_afs_trig_std,sum_Z4","(78, 122)",2,-0.16865495515451243
pend_n_atoms_on_plane + pmid_grdf_gauss_std,"pend_n_atoms_on_plane,pmid_grdf_gauss_std","(46, 84)",2,-0.16868111748002676
pend_grdf_bessel_std + pend_plane_mean_Z,"pend_grdf_bessel_std,pend_plane_mean_Z","(39, 50)",2,-0.16868501998681945
max_Z4 + pmid_afs_trig_max,"max_Z4,pmid_afs_trig_max","(24, 76)",2,-0.16883734461145414
max_Z + pmid_afs_trig_max,"max_Z,pmid_afs_trig_max","(23, 76)",2,-0.16883734461145414
pend_plane_max_Z + pmid_afs_trig_max,"pend_plane_max_Z,pmid_afs_trig_max","(48, 76)",2,-0.16883734461145414
pmid_plane_mean_Z + pstart_grdf_trig_max,"pmid_plane_mean_Z,pstart_grdf_trig_max","(92, 110)",2,-0.16885591329960623
kstart_frac_y + pline_grdf_bessel_max,"kstart_frac_y,pline_grdf_bessel_max","(18, 54)",2,-0.16886062839887447
pend_afs_trig_std + pmid_plane_mean_Z,"pend_afs_trig_std,pmid_plane_mean_Z","(36, 92)",2,-0.16889883150012058
kend_degen + pstart_grdf_bessel_std,"kend_degen,pstart_grdf_bessel_std","(8, 106)",2,-0.16895907578182956
ehull + sum_Z4,"ehull,sum_Z4","(7, 122)",2,-0.16904296855260842
kstart_frac_y + pmid_afs_gauss_max,"kstart_frac_y,pmid_afs_gauss_max","(18, 73)",2,-0.1691116766085609
kstart_frac_x + pend_afs_trig_mean,"kstart_frac_x,pend_afs_trig_mean","(17, 35)",2,-0.16913584743402924
plane_angle_deg + sum_Z4,"plane_angle_deg,sum_Z4","(53, 122)",2,-0.169150300838942
bandgap + pstart_afs_gauss_mean,"bandgap,pstart_afs_gauss_mean","(6, 99)",2,-0.16923357145946133
pline_grdf_gauss_std + pmid_grdf_trig_std,"pline_grdf_gauss_std,pmid_grdf_trig_std","(59, 87)",2,-0.16928038067604168
pline_plane_max_Z + sum_Z4,"pline_plane_max_Z,sum_Z4","(65, 122)",2,-0.16936098408452133
pmid_plane_mean_Z + pstart_afs_bessel_mean,"pmid_plane_mean_Z,pstart_afs_bessel_mean","(92, 96)",2,-0.1693636248574221
pend_afs_trig_std + pstart_afs_bessel_mean,"pend_afs_trig_std,pstart_afs_bessel_mean","(36, 96)",2,-0.1693706765768595
pend_afs_gauss_std + pline_grdf_bessel_mean,"pend_afs_gauss_std,pline_grdf_bessel_mean","(33, 55)",2,-0.16939996880261493
pend_afs_gauss_std + pstart_afs_bessel_max,"pend_afs_gauss_std,pstart_afs_bessel_max","(33, 95)",2,-0.16942864337669644
pend_afs_trig_max + pline_grdf_bessel_std,"pend_afs_trig_max,pline_grdf_bessel_std","(34, 56)",2,-0.16947574443252073
pline_plane_mean_mass + pstart_afs_gauss_max,"pline_plane_mean_mass,pstart_afs_gauss_max","(68, 98)",2,-0.1695196123925319
kmid_frac_x + pend_plane_max_mass,"kmid_frac_x,pend_plane_max_mass","(12, 49)",2,-0.1695215825276994
kmid_frac_x + max_mass,"kmid_frac_x,max_mass","(12, 25)",2,-0.1695215825276994
kmid_frac_x + pstart_plane_max_mass,"kmid_frac_x,pstart_plane_max_mass","(12, 116)",2,-0.1695215825276994
kmid_frac_x + pmid_plane_max_mass,"kmid_frac_x,pmid_plane_max_mass","(12, 91)",2,-0.1695215825276994
kstart_frac_y + pline_grdf_bessel_mean,"kstart_frac_y,pline_grdf_bessel_mean","(18, 55)",2,-0.16957285420656412
E_pfrac_relevant + pend_plane_mean_Z,"E_pfrac_relevant,pend_plane_mean_Z","(2, 50)",2,-0.16959862109863172
pline_grdf_trig_mean + pmid_plane_max_Z,"pline_grdf_trig_mean,pmid_plane_max_Z","(61, 90)",2,-0.1696676869830987
pline_grdf_trig_mean + pstart_plane_max_Z,"pline_grdf_trig_mean,pstart_plane_max_Z","(61, 115)",2,-0.1696676869830987
X_diff + pend_afs_trig_std,"X_diff,pend_afs_trig_std","(3, 36)",2,-0.169695235443919
E_pfrac_VBM + pstart_plane_max_mass,"E_pfrac_VBM,pstart_plane_max_mass","(1, 116)",2,-0.16981633294120257
E_pfrac_VBM + max_mass,"E_pfrac_VBM,max_mass","(1, 25)",2,-0.16981633294120257
E_pfrac_VBM + pend_plane_max_mass,"E_pfrac_VBM,pend_plane_max_mass","(1, 49)",2,-0.16981633294120257
E_pfrac_VBM + pmid_plane_max_mass,"E_pfrac_VBM,pmid_plane_max_mass","(1, 91)",2,-0.16981633294120257
pend_afs_bessel_mean + pstart_grdf_bessel_max,"pend_afs_bessel_mean,pstart_grdf_bessel_max","(29, 104)",2,-0.1698424532391889
ktotal_weight + pmid_afs_gauss_max,"ktotal_weight,pmid_afs_gauss_max","(19, 73)",2,-0.16999560735149732
kstart_degen + pstart_grdf_gauss_mean,"kstart_degen,pstart_grdf_gauss_mean","(16, 108)",2,-0.1700159302528589
pline_grdf_trig_std + pstart_grdf_gauss_mean,"pline_grdf_trig_std,pstart_grdf_gauss_mean","(62, 108)",2,-0.17014827867131704
pmid_plane_sum_Z4 + pstart_afs_gauss_std,"pmid_plane_sum_Z4,pstart_afs_gauss_std","(94, 100)",2,-0.1701707190002445
pline_plane_mean_mass + pstart_plane_max_mass,"pline_plane_mean_mass,pstart_plane_max_mass","(68, 116)",2,-0.17017524266919337
pline_plane_mean_mass + pmid_plane_max_mass,"pline_plane_mean_mass,pmid_plane_max_mass","(68, 91)",2,-0.17017524266919337
kmid_frac_y + pend_grdf_gauss_max,"kmid_frac_y,pend_grdf_gauss_max","(13, 40)",2,-0.1702284994980397
pend_afs_trig_mean + pend_grdf_bessel_std,"pend_afs_trig_mean,pend_grdf_bessel_std","(35, 39)",2,-0.17023933548797637
n_elements + pmid_grdf_gauss_mean,"n_elements,pmid_grdf_gauss_mean","(27, 83)",2,-0.17039479301294017
kmid_frac_y + pstart_grdf_gauss_max,"kmid_frac_y,pstart_grdf_gauss_max","(13, 107)",2,-0.17046888280842404
pline_plane_heavy_frac + pstart_grdf_gauss_std,"pline_plane_heavy_frac,pstart_grdf_gauss_std","(64, 109)",2,-0.17060938231003492
pend_plane_sum_Z4 + pmid_grdf_gauss_std,"pend_plane_sum_Z4,pmid_grdf_gauss_std","(52, 84)",2,-0.17067743368746613
pline_grdf_trig_max + pstart_grdf_trig_mean,"pline_grdf_trig_max,pstart_grdf_trig_mean","(60, 111)",2,-0.17076700306692089
pend_afs_bessel_std + pmid_plane_sum_Z4,"pend_afs_bessel_std,pmid_plane_sum_Z4","(30, 94)",2,-0.17077587313368947
pmid_grdf_gauss_std + pstart_afs_trig_mean,"pmid_grdf_gauss_std,pstart_afs_trig_mean","(84, 102)",2,-0.17080224617787437
pmid_afs_gauss_max + pmid_plane_mean_mass,"pmid_afs_gauss_max,pmid_plane_mean_mass","(73, 93)",2,-0.17082048837795344
pline_grdf_bessel_mean + pstart_grdf_gauss_mean,"pline_grdf_bessel_mean,pstart_grdf_gauss_mean","(55, 108)",2,-0.1708320002112098
pmid_grdf_gauss_mean + pstart_grdf_bessel_std,"pmid_grdf_gauss_mean,pstart_grdf_bessel_std","(83, 106)",2,-0.17085659767343114
pmid_afs_bessel_std + pmid_grdf_bessel_std,"pmid_afs_bessel_std,pmid_grdf_bessel_std","(72, 81)",2,-0.17092327850918332
E_pfrac_VBM + pline_grdf_gauss_max,"E_pfrac_VBM,pline_grdf_gauss_max","(1, 57)",2,-0.1709431354050232
pstart_plane_heavy_frac + pstart_plane_mean_Z,"pstart_plane_heavy_frac,pstart_plane_mean_Z","(114, 117)",2,-0.17094550603572095
pend_grdf_bessel_std + pmid_grdf_gauss_mean,"pend_grdf_bessel_std,pmid_grdf_gauss_mean","(39, 83)",2,-0.17096413225332138
pmid_afs_bessel_std + pmid_afs_gauss_max,"pmid_afs_bessel_std,pmid_afs_gauss_max","(72, 73)",2,-0.1709715173157808
pstart_afs_bessel_std + pstart_afs_gauss_mean,"pstart_afs_bessel_std,pstart_afs_gauss_mean","(97, 99)",2,-0.17108728734235842
pmid_grdf_gauss_max + pmid_plane_max_Z,"pmid_grdf_gauss_max,pmid_plane_max_Z","(82, 90)",2,-0.17117197626907185
pmid_grdf_gauss_max + pstart_plane_max_Z,"pmid_grdf_gauss_max,pstart_plane_max_Z","(82, 115)",2,-0.17117197626907185
max_Z + pline_plane_heavy_frac,"max_Z,pline_plane_heavy_frac","(23, 64)",2,-0.17128745486390967
pend_plane_max_Z + pline_plane_heavy_frac,"pend_plane_max_Z,pline_plane_heavy_frac","(48, 64)",2,-0.17128745486390967
max_Z4 + pline_plane_heavy_frac,"max_Z4,pline_plane_heavy_frac","(24, 64)",2,-0.17128745486390967
n_elements + pstart_afs_gauss_std,"n_elements,pstart_afs_gauss_std","(27, 100)",2,-0.17131120493446458
pstart_grdf_gauss_max + pstart_plane_max_mass,"pstart_grdf_gauss_max,pstart_plane_max_mass","(107, 116)",2,-0.1713233061724464
kvec_z + pmid_grdf_trig_std,"kvec_z,pmid_grdf_trig_std","(22, 87)",2,-0.17135208908298347
pline_plane_heavy_frac + pstart_plane_max_Z,"pline_plane_heavy_frac,pstart_plane_max_Z","(64, 115)",2,-0.17144964967025292
pline_plane_heavy_frac + pmid_plane_max_Z,"pline_plane_heavy_frac,pmid_plane_max_Z","(64, 90)",2,-0.17144964967025292
pline_grdf_gauss_mean + pstart_grdf_gauss_std,"pline_grdf_gauss_mean,pstart_grdf_gauss_std","(58, 109)",2,-0.17145088614413329
kend_degen + pmid_afs_bessel_std,"kend_degen,pmid_afs_bessel_std","(8, 72)",2,-0.17145088934618302
pend_plane_heavy_frac + pstart_grdf_gauss_std,"pend_plane_heavy_frac,pstart_grdf_gauss_std","(47, 109)",2,-0.17164401783197072
pstart_grdf_trig_mean + pstart_plane_mean_mass,"pstart_grdf_trig_mean,pstart_plane_mean_mass","(111, 118)",2,-0.1716460787840806
pline_plane_max_Z + pstart_plane_max_Z,"pline_plane_max_Z,pstart_plane_max_Z","(65, 115)",2,-0.17165687794457693
pline_plane_max_Z + pmid_plane_max_Z,"pline_plane_max_Z,pmid_plane_max_Z","(65, 90)",2,-0.17165687794457693
pmid_plane_max_mass + pstart_grdf_gauss_max,"pmid_plane_max_mass,pstart_grdf_gauss_max","(91, 107)",2,-0.17166527660388187
max_mass + pstart_grdf_gauss_max,"max_mass,pstart_grdf_gauss_max","(25, 107)",2,-0.17166527660388187
pend_plane_max_mass + pstart_grdf_gauss_max,"pend_plane_max_mass,pstart_grdf_gauss_max","(49, 107)",2,-0.17166527660388187
pline_grdf_gauss_std + pmid_afs_trig_mean,"pline_grdf_gauss_std,pmid_afs_trig_mean","(59, 77)",2,-0.17168060676042604
pend_afs_gauss_max + pmid_afs_gauss_mean,"pend_afs_gauss_max,pmid_afs_gauss_mean","(31, 74)",2,-0.17170797707437577
pline_plane_mean_Z + pstart_plane_max_mass,"pline_plane_mean_Z,pstart_plane_max_mass","(67, 116)",2,-0.17174915105588975
pline_plane_mean_Z + pmid_plane_max_mass,"pline_plane_mean_Z,pmid_plane_max_mass","(67, 91)",2,-0.17174915105588975
pmid_grdf_bessel_std + pstart_afs_trig_max,"pmid_grdf_bessel_std,pstart_afs_trig_max","(81, 101)",2,-0.17175807934049145
ehull + pstart_grdf_gauss_max,"ehull,pstart_grdf_gauss_max","(7, 107)",2,-0.17185961062278843
pmid_grdf_trig_std + pstart_plane_heavy_frac,"pmid_grdf_trig_std,pstart_plane_heavy_frac","(87, 114)",2,-0.17186410076867967
E_pfrac_VBM + pline_grdf_trig_max,"E_pfrac_VBM,pline_grdf_trig_max","(1, 60)",2,-0.1718651197091277
pstart_grdf_gauss_std + pstart_grdf_trig_std,"pstart_grdf_gauss_std,pstart_grdf_trig_std","(109, 112)",2,-0.1718713051723302
pmid_afs_gauss_max + pstart_plane_mean_mass,"pmid_afs_gauss_max,pstart_plane_mean_mass","(73, 118)",2,-0.17195090503686714
pend_afs_trig_mean + plane_angle_deg,"pend_afs_trig_mean,plane_angle_deg","(35, 53)",2,-0.17201049520873615
pline_grdf_trig_std + pstart_plane_max_mass,"pline_grdf_trig_std,pstart_plane_max_mass","(62, 116)",2,-0.17214688918716634
pline_grdf_trig_std + pmid_plane_max_mass,"pline_grdf_trig_std,pmid_plane_max_mass","(62, 91)",2,-0.17214688918716634
kvec_x + pstart_grdf_trig_std,"kvec_x,pstart_grdf_trig_std","(20, 112)",2,-0.17218093534384893
pline_grdf_trig_max + pstart_plane_max_Z,"pline_grdf_trig_max,pstart_plane_max_Z","(60, 115)",2,-0.1722399587445211
pline_grdf_trig_max + pmid_plane_max_Z,"pline_grdf_trig_max,pmid_plane_max_Z","(60, 90)",2,-0.1722399587445211
E_pfrac_VBM + kend_degen,"E_pfrac_VBM,kend_degen","(1, 8)",2,-0.17225964764749
pmid_grdf_trig_std + radius_diff,"pmid_grdf_trig_std,radius_diff","(87, 120)",2,-0.17226257988469665
plane_angle_deg + pstart_grdf_gauss_std,"plane_angle_deg,pstart_grdf_gauss_std","(53, 109)",2,-0.1722652846992349
pmid_afs_bessel_mean + pstart_plane_mean_Z,"pmid_afs_bessel_mean,pstart_plane_mean_Z","(71, 117)",2,-0.17228031112439637
pend_grdf_bessel_mean + pmid_grdf_trig_mean,"pend_grdf_bessel_mean,pmid_grdf_trig_mean","(38, 86)",2,-0.17232911460144268
E_pfrac_VBM + pend_afs_gauss_max,"E_pfrac_VBM,pend_afs_gauss_max","(1, 31)",2,-0.17238512849573778
pend_afs_gauss_max + pline_grdf_trig_std,"pend_afs_gauss_max,pline_grdf_trig_std","(31, 62)",2,-0.1724379422347354
max_mass + pline_grdf_trig_std,"max_mass,pline_grdf_trig_std","(25, 62)",2,-0.1724635695875628
pend_plane_max_mass + pline_grdf_trig_std,"pend_plane_max_mass,pline_grdf_trig_std","(49, 62)",2,-0.1724635695875628
max_Z + pmid_grdf_gauss_max,"max_Z,pmid_grdf_gauss_max","(23, 82)",2,-0.17250136028637478
pend_plane_max_Z + pmid_grdf_gauss_max,"pend_plane_max_Z,pmid_grdf_gauss_max","(48, 82)",2,-0.17250136028637478
max_Z4 + pmid_grdf_gauss_max,"max_Z4,pmid_grdf_gauss_max","(24, 82)",2,-0.17250136028637478
kend_degen + pstart_afs_gauss_std,"kend_degen,pstart_afs_gauss_std","(8, 100)",2,-0.17258216121377432
ktotal_weight + pmid_afs_gauss_std,"ktotal_weight,pmid_afs_gauss_std","(19, 75)",2,-0.17259761341254176
pend_afs_trig_std + pend_plane_mean_mass,"pend_afs_trig_std,pend_plane_mean_mass","(36, 51)",2,-0.17261339387688973
pend_afs_trig_max + pline_grdf_gauss_mean,"pend_afs_trig_max,pline_grdf_gauss_mean","(34, 58)",2,-0.17263008606577593
kmid_frac_x + max_Z4,"kmid_frac_x,max_Z4","(12, 24)",2,-0.17263920538961008
kmid_frac_x + pmid_plane_max_Z,"kmid_frac_x,pmid_plane_max_Z","(12, 90)",2,-0.17263920538961008
kmid_frac_x + pend_plane_max_Z,"kmid_frac_x,pend_plane_max_Z","(12, 48)",2,-0.17263920538961008
kmid_frac_x + pstart_plane_max_Z,"kmid_frac_x,pstart_plane_max_Z","(12, 115)",2,-0.17263920538961008
kmid_frac_x + max_Z,"kmid_frac_x,max_Z","(12, 23)",2,-0.17263920538961008
pline_plane_max_mass + pstart_plane_max_Z,"pline_plane_max_mass,pstart_plane_max_Z","(66, 115)",2,-0.17264492048586647
pline_plane_max_mass + pmid_plane_max_Z,"pline_plane_max_mass,pmid_plane_max_Z","(66, 90)",2,-0.17264492048586647
X_diff + kend_degen,"X_diff,kend_degen","(3, 8)",2,-0.17266752963479798
kmid_frac_x + pstart_afs_gauss_mean,"kmid_frac_x,pstart_afs_gauss_mean","(12, 99)",2,-0.17267404129705163
kinterior_degen + pstart_afs_gauss_mean,"kinterior_degen,pstart_afs_gauss_mean","(11, 99)",2,-0.1726987213494461
pend_grdf_gauss_max + pline_grdf_trig_mean,"pend_grdf_gauss_max,pline_grdf_trig_mean","(40, 61)",2,-0.17270147896798893
pmid_plane_heavy_frac + pstart_afs_gauss_max,"pmid_plane_heavy_frac,pstart_afs_gauss_max","(89, 98)",2,-0.1727014947939913
pmid_afs_gauss_std + pstart_afs_gauss_max,"pmid_afs_gauss_std,pstart_afs_gauss_max","(75, 98)",2,-0.17273459217381254
pline_grdf_gauss_mean + pstart_grdf_gauss_mean,"pline_grdf_gauss_mean,pstart_grdf_gauss_mean","(58, 108)",2,-0.1728581381620948
pline_grdf_trig_max + pmid_afs_trig_mean,"pline_grdf_trig_max,pmid_afs_trig_mean","(60, 77)",2,-0.17285966873738773
pline_plane_sum_Z4 + sum_Z4,"pline_plane_sum_Z4,sum_Z4","(69, 122)",2,-0.17292863270828568
pend_afs_trig_std + pend_grdf_bessel_max,"pend_afs_trig_std,pend_grdf_bessel_max","(36, 37)",2,-0.17293522501799108
pstart_grdf_trig_max + pstart_grdf_trig_mean,"pstart_grdf_trig_max,pstart_grdf_trig_mean","(110, 111)",2,-0.1729957613302017
max_Z + pline_plane_mean_Z,"max_Z,pline_plane_mean_Z","(23, 67)",2,-0.17308392208911785
max_Z4 + pline_plane_mean_Z,"max_Z4,pline_plane_mean_Z","(24, 67)",2,-0.17308392208911785
pend_plane_max_Z + pline_plane_mean_Z,"pend_plane_max_Z,pline_plane_mean_Z","(48, 67)",2,-0.17308392208911785
pline_plane_mean_mass + pstart_grdf_gauss_max,"pline_plane_mean_mass,pstart_grdf_gauss_max","(68, 107)",2,-0.1731113795018037
kstart_frac_y + pstart_grdf_gauss_std,"kstart_frac_y,pstart_grdf_gauss_std","(18, 109)",2,-0.17312532289506888
pline_grdf_bessel_mean + pstart_afs_gauss_mean,"pline_grdf_bessel_mean,pstart_afs_gauss_mean","(55, 99)",2,-0.17316390286867506
pline_plane_max_mass + radius_diff,"pline_plane_max_mass,radius_diff","(66, 120)",2,-0.17322266890954335
kend_frac_x + kvec_x,"kend_frac_x,kvec_x","(9, 20)",2,-0.1732546561727806
kpath_real_distance + pline_plane_mean_mass,"kpath_real_distance,pline_plane_mean_mass","(15, 68)",2,-0.17328820397594055
mean_Z + pend_afs_bessel_std,"mean_Z,pend_afs_bessel_std","(26, 30)",2,-0.17330231225353473
pend_afs_trig_mean + pstart_afs_gauss_max,"pend_afs_trig_mean,pstart_afs_gauss_max","(35, 98)",2,-0.17336651268942363
kvec_z + pmid_afs_bessel_std,"kvec_z,pmid_afs_bessel_std","(22, 72)",2,-0.17348922712140466
pline_grdf_trig_max + pstart_grdf_gauss_max,"pline_grdf_trig_max,pstart_grdf_gauss_max","(60, 107)",2,-0.17350239928952785
plane_angle_deg + pstart_plane_max_mass,"plane_angle_deg,pstart_plane_max_mass","(53, 116)",2,-0.17351978596989548
plane_angle_deg + pmid_plane_max_mass,"plane_angle_deg,pmid_plane_max_mass","(53, 91)",2,-0.17351978596989548
pend_afs_gauss_std + pmid_plane_mean_mass,"pend_afs_gauss_std,pmid_plane_mean_mass","(33, 93)",2,-0.17354430864880105
pend_grdf_gauss_max + pline_grdf_bessel_mean,"pend_grdf_gauss_max,pline_grdf_bessel_mean","(40, 55)",2,-0.17355251671210786
pend_afs_gauss_max + pmid_grdf_trig_std,"pend_afs_gauss_max,pmid_grdf_trig_std","(31, 87)",2,-0.17357660526757507
E_pfrac_VBM + pline_grdf_trig_mean,"E_pfrac_VBM,pline_grdf_trig_mean","(1, 61)",2,-0.17364100310829467
pmid_afs_trig_mean + pstart_afs_gauss_max,"pmid_afs_trig_mean,pstart_afs_gauss_max","(77, 98)",2,-0.17369685340652427
pmid_afs_gauss_mean + radius_mean,"pmid_afs_gauss_mean,radius_mean","(74, 121)",2,-0.17370654977052996
pend_grdf_gauss_max + pline_grdf_trig_max,"pend_grdf_gauss_max,pline_grdf_trig_max","(40, 60)",2,-0.17371573534028836
bandgap + pstart_grdf_trig_mean,"bandgap,pstart_grdf_trig_mean","(6, 111)",2,-0.17380430668627933
pend_afs_bessel_mean + pend_grdf_bessel_max,"pend_afs_bessel_mean,pend_grdf_bessel_max","(29, 37)",2,-0.17419629690637764
pmid_afs_trig_std + pstart_grdf_trig_std,"pmid_afs_trig_std,pstart_grdf_trig_std","(78, 112)",2,-0.1742382179188786
pmid_grdf_bessel_mean + pmid_grdf_gauss_max,"pmid_grdf_bessel_mean,pmid_grdf_gauss_max","(80, 82)",2,-0.17424997118097446
max_Z4 + pmid_afs_trig_mean,"max_Z4,pmid_afs_trig_mean","(24, 77)",2,-0.17426420479998558
pend_plane_max_Z + pmid_afs_trig_mean,"pend_plane_max_Z,pmid_afs_trig_mean","(48, 77)",2,-0.17426420479998558
max_Z + pmid_afs_trig_mean,"max_Z,pmid_afs_trig_mean","(23, 77)",2,-0.17426420479998558
E_pfrac_VBM + pstart_plane_max_Z,"E_pfrac_VBM,pstart_plane_max_Z","(1, 115)",2,-0.1742699914424537
E_pfrac_VBM + pmid_plane_max_Z,"E_pfrac_VBM,pmid_plane_max_Z","(1, 90)",2,-0.1742699914424537
E_pfrac_VBM + max_Z4,"E_pfrac_VBM,max_Z4","(1, 24)",2,-0.1742699914424537
E_pfrac_VBM + pend_plane_max_Z,"E_pfrac_VBM,pend_plane_max_Z","(1, 48)",2,-0.1742699914424537
E_pfrac_VBM + max_Z,"E_pfrac_VBM,max_Z","(1, 23)",2,-0.1742699914424537
pend_n_atoms_on_plane + pmid_plane_max_Z,"pend_n_atoms_on_plane,pmid_plane_max_Z","(46, 90)",2,-0.17432807864434044
pend_n_atoms_on_plane + pstart_plane_max_Z,"pend_n_atoms_on_plane,pstart_plane_max_Z","(46, 115)",2,-0.17432807864434044
pend_n_atoms_on_plane + pend_plane_max_Z,"pend_n_atoms_on_plane,pend_plane_max_Z","(46, 48)",2,-0.17432807864434044
pend_afs_gauss_mean + pstart_grdf_bessel_mean,"pend_afs_gauss_mean,pstart_grdf_bessel_mean","(32, 105)",2,-0.17434425686588262
pline_grdf_trig_max + pmid_afs_gauss_max,"pline_grdf_trig_max,pmid_afs_gauss_max","(60, 73)",2,-0.17456382058931114
pline_plane_sum_Z4 + pstart_grdf_trig_mean,"pline_plane_sum_Z4,pstart_grdf_trig_mean","(69, 111)",2,-0.1746294315607113
pline_grdf_bessel_std + radius_diff,"pline_grdf_bessel_std,radius_diff","(56, 120)",2,-0.17466584822140818
pmid_grdf_gauss_mean + pmid_plane_max_mass,"pmid_grdf_gauss_mean,pmid_plane_max_mass","(83, 91)",2,-0.17471314098114984
pmid_grdf_gauss_mean + pstart_plane_max_mass,"pmid_grdf_gauss_mean,pstart_plane_max_mass","(83, 116)",2,-0.17471314098114984
max_mass + pline_plane_sum_Z4,"max_mass,pline_plane_sum_Z4","(25, 69)",2,-0.17476410716853424
pend_plane_max_mass + pline_plane_sum_Z4,"pend_plane_max_mass,pline_plane_sum_Z4","(49, 69)",2,-0.17476410716853424
pend_plane_heavy_frac + pstart_afs_bessel_max,"pend_plane_heavy_frac,pstart_afs_bessel_max","(47, 95)",2,-0.17482787217172885
pend_afs_bessel_mean + pstart_plane_mean_Z,"pend_afs_bessel_mean,pstart_plane_mean_Z","(29, 117)",2,-0.17494308733181105
pend_afs_trig_mean + pmid_plane_heavy_frac,"pend_afs_trig_mean,pmid_plane_heavy_frac","(35, 89)",2,-0.1750344440648103
pmid_grdf_trig_std + pstart_plane_sum_Z4,"pmid_grdf_trig_std,pstart_plane_sum_Z4","(87, 119)",2,-0.17506779383506804
mean_Z + pend_afs_bessel_mean,"mean_Z,pend_afs_bessel_mean","(26, 29)",2,-0.17516601844298363
pline_grdf_bessel_mean + pmid_afs_gauss_max,"pline_grdf_bessel_mean,pmid_afs_gauss_max","(55, 73)",2,-0.17528699971348163
max_mass + plane_angle_deg,"max_mass,plane_angle_deg","(25, 53)",2,-0.17538922785646296
pend_plane_max_mass + plane_angle_deg,"pend_plane_max_mass,plane_angle_deg","(49, 53)",2,-0.17538922785646296
kinterior_degen + pstart_plane_max_mass,"kinterior_degen,pstart_plane_max_mass","(11, 116)",2,-0.17549720179342249
kinterior_degen + pmid_plane_max_mass,"kinterior_degen,pmid_plane_max_mass","(11, 91)",2,-0.17549720179342249
kinterior_degen + max_mass,"kinterior_degen,max_mass","(11, 25)",2,-0.17549720179342249
kinterior_degen + pend_plane_max_mass,"kinterior_degen,pend_plane_max_mass","(11, 49)",2,-0.17549720179342249
pend_grdf_bessel_max + pmid_grdf_trig_std,"pend_grdf_bessel_max,pmid_grdf_trig_std","(37, 87)",2,-0.17553983654460106
pend_afs_trig_std + pstart_plane_sum_Z4,"pend_afs_trig_std,pstart_plane_sum_Z4","(36, 119)",2,-0.1755763043361861
kstart_degen + pmid_afs_gauss_max,"kstart_degen,pmid_afs_gauss_max","(16, 73)",2,-0.17567552393578625
E_pfrac_CBM + ktotal_weight,"E_pfrac_CBM,ktotal_weight","(0, 19)",2,-0.17570280554619608
kinterior_degen + pend_afs_bessel_std,"kinterior_degen,pend_afs_bessel_std","(11, 30)",2,-0.17575337877288197
pend_afs_bessel_std + pend_plane_sum_Z4,"pend_afs_bessel_std,pend_plane_sum_Z4","(30, 52)",2,-0.1757568321728762
pend_n_atoms_on_plane + pmid_grdf_gauss_max,"pend_n_atoms_on_plane,pmid_grdf_gauss_max","(46, 82)",2,-0.17576344246831724
pline_grdf_trig_mean + pmid_afs_gauss_max,"pline_grdf_trig_mean,pmid_afs_gauss_max","(61, 73)",2,-0.17584662406644097
kstart_frac_y + sum_Z4,"kstart_frac_y,sum_Z4","(18, 122)",2,-0.17586783686001956
pline_grdf_gauss_max + pstart_afs_gauss_max,"pline_grdf_gauss_max,pstart_afs_gauss_max","(57, 98)",2,-0.1759036692287877
E_pfrac_VBM + pend_plane_heavy_frac,"E_pfrac_VBM,pend_plane_heavy_frac","(1, 47)",2,-0.17591106650992158
pmid_afs_bessel_mean + pstart_afs_trig_max,"pmid_afs_bessel_mean,pstart_afs_trig_max","(71, 101)",2,-0.17591994591199123
pend_grdf_gauss_max + pline_grdf_bessel_std,"pend_grdf_gauss_max,pline_grdf_bessel_std","(40, 56)",2,-0.17593444617688464
pend_afs_trig_mean + pend_grdf_trig_std,"pend_afs_trig_mean,pend_grdf_trig_std","(35, 45)",2,-0.176103325745367
E_pfrac_relevant + kvec_y,"E_pfrac_relevant,kvec_y","(2, 21)",2,-0.17611190551601127
ktotal_weight + pstart_afs_gauss_mean,"ktotal_weight,pstart_afs_gauss_mean","(19, 99)",2,-0.17615905565336165
kstart_frac_x + pstart_grdf_trig_mean,"kstart_frac_x,pstart_grdf_trig_mean","(17, 111)",2,-0.17616522360828596
pmid_plane_mean_Z + pstart_grdf_trig_mean,"pmid_plane_mean_Z,pstart_grdf_trig_mean","(92, 111)",2,-0.17618184696505185
pend_afs_bessel_max + pend_afs_bessel_mean,"pend_afs_bessel_max,pend_afs_bessel_mean","(28, 29)",2,-0.17619193800951213
pend_afs_bessel_std + pstart_afs_gauss_mean,"pend_afs_bessel_std,pstart_afs_gauss_mean","(30, 99)",2,-0.1762096966427255
ehull + pstart_afs_bessel_mean,"ehull,pstart_afs_bessel_mean","(7, 96)",2,-0.17637273280860974
pmid_grdf_gauss_std + pstart_afs_bessel_std,"pmid_grdf_gauss_std,pstart_afs_bessel_std","(84, 97)",2,-0.17644652873370376
pend_plane_sum_Z4 + pstart_grdf_trig_mean,"pend_plane_sum_Z4,pstart_grdf_trig_mean","(52, 111)",2,-0.17644693441879697
pend_grdf_gauss_mean + pmid_afs_trig_mean,"pend_grdf_gauss_mean,pmid_afs_trig_mean","(41, 77)",2,-0.17654056632156584
ktotal_weight + pend_afs_gauss_std,"ktotal_weight,pend_afs_gauss_std","(19, 33)",2,-0.17658687858808322
pend_grdf_bessel_std + pstart_afs_trig_max,"pend_grdf_bessel_std,pstart_afs_trig_max","(39, 101)",2,-0.17659617256747628
kvec_x + pline_grdf_trig_mean,"kvec_x,pline_grdf_trig_mean","(20, 61)",2,-0.17660696272910492
E_pfrac_VBM + pline_grdf_bessel_mean,"E_pfrac_VBM,pline_grdf_bessel_mean","(1, 55)",2,-0.1766120475232636
pmid_afs_trig_mean + pstart_plane_mean_mass,"pmid_afs_trig_mean,pstart_plane_mean_mass","(77, 118)",2,-0.1767880343455531
max_Z4 + pline_plane_mean_mass,"max_Z4,pline_plane_mean_mass","(24, 68)",2,-0.1767925482613636
max_Z + pline_plane_mean_mass,"max_Z,pline_plane_mean_mass","(23, 68)",2,-0.1767925482613636
pend_plane_max_Z + pline_plane_mean_mass,"pend_plane_max_Z,pline_plane_mean_mass","(48, 68)",2,-0.1767925482613636
pend_afs_gauss_std + pend_afs_trig_mean,"pend_afs_gauss_std,pend_afs_trig_mean","(33, 35)",2,-0.17684754390642352
E_pfrac_CBM + pend_n_atoms_on_plane,"E_pfrac_CBM,pend_n_atoms_on_plane","(0, 46)",2,-0.1768770716775246
max_mass + pend_afs_gauss_max,"max_mass,pend_afs_gauss_max","(25, 31)",2,-0.17702624417636376
pend_afs_trig_mean + pline_grdf_gauss_max,"pend_afs_trig_mean,pline_grdf_gauss_max","(35, 57)",2,-0.17705014637639294
pline_plane_heavy_frac + radius_diff,"pline_plane_heavy_frac,radius_diff","(64, 120)",2,-0.17717417880667374
ktotal_weight + pstart_plane_max_mass,"ktotal_weight,pstart_plane_max_mass","(19, 116)",2,-0.1772144475050461
ktotal_weight + pmid_plane_max_mass,"ktotal_weight,pmid_plane_max_mass","(19, 91)",2,-0.1772144475050461
ktotal_weight + pend_plane_max_mass,"ktotal_weight,pend_plane_max_mass","(19, 49)",2,-0.1772144475050461
ktotal_weight + max_mass,"ktotal_weight,max_mass","(19, 25)",2,-0.1772144475050461
kstart_frac_x + pstart_afs_gauss_std,"kstart_frac_x,pstart_afs_gauss_std","(17, 100)",2,-0.177339542065375
pstart_grdf_gauss_max + pstart_grdf_gauss_mean,"pstart_grdf_gauss_max,pstart_grdf_gauss_mean","(107, 108)",2,-0.17742199859850638
pend_afs_bessel_mean + pstart_afs_bessel_mean,"pend_afs_bessel_mean,pstart_afs_bessel_mean","(29, 96)",2,-0.17748257076359125
kinterior_degen + sum_Z4,"kinterior_degen,sum_Z4","(11, 122)",2,-0.1775710307842246
pend_afs_trig_mean + pstart_plane_heavy_frac,"pend_afs_trig_mean,pstart_plane_heavy_frac","(35, 114)",2,-0.17758109256267898
pend_afs_trig_mean + pstart_grdf_bessel_std,"pend_afs_trig_mean,pstart_grdf_bessel_std","(35, 106)",2,-0.17763435385576148
pend_n_atoms_on_plane + pend_plane_max_mass,"pend_n_atoms_on_plane,pend_plane_max_mass","(46, 49)",2,-0.17774502038011522
pend_n_atoms_on_plane + pmid_plane_max_mass,"pend_n_atoms_on_plane,pmid_plane_max_mass","(46, 91)",2,-0.17774502038011522
pend_n_atoms_on_plane + pstart_plane_max_mass,"pend_n_atoms_on_plane,pstart_plane_max_mass","(46, 116)",2,-0.17774502038011522
E_pfrac_VBM + pmid_plane_sum_Z4,"E_pfrac_VBM,pmid_plane_sum_Z4","(1, 94)",2,-0.17780902398196438
pline_grdf_bessel_mean + pstart_grdf_trig_mean,"pline_grdf_bessel_mean,pstart_grdf_trig_mean","(55, 111)",2,-0.17783548650443828
pmid_afs_trig_std + pstart_plane_sum_Z4,"pmid_afs_trig_std,pstart_plane_sum_Z4","(78, 119)",2,-0.17786690431622265
pend_plane_heavy_frac + pstart_grdf_bessel_std,"pend_plane_heavy_frac,pstart_grdf_bessel_std","(47, 106)",2,-0.17787312447435996
kstart_degen + pend_afs_trig_mean,"kstart_degen,pend_afs_trig_mean","(16, 35)",2,-0.1778995125059039
pline_plane_sum_Z4 + pstart_grdf_gauss_mean,"pline_plane_sum_Z4,pstart_grdf_gauss_mean","(69, 108)",2,-0.17790071418070058
pend_afs_trig_std + pend_plane_mean_Z,"pend_afs_trig_std,pend_plane_mean_Z","(36, 50)",2,-0.17810682422585758
band_binary + kpath_real_distance,"band_binary,kpath_real_distance","(5, 15)",2,-0.17811697485319403
kmid_frac_x + pstart_grdf_gauss_std,"kmid_frac_x,pstart_grdf_gauss_std","(12, 109)",2,-0.1781972198417373
pline_grdf_gauss_mean + pstart_plane_heavy_frac,"pline_grdf_gauss_mean,pstart_plane_heavy_frac","(58, 114)",2,-0.17821298880239939
pstart_afs_trig_mean + pstart_grdf_gauss_mean,"pstart_afs_trig_mean,pstart_grdf_gauss_mean","(102, 108)",2,-0.17832303590981508
pline_plane_max_mass + pstart_afs_trig_max,"pline_plane_max_mass,pstart_afs_trig_max","(66, 101)",2,-0.17832627871493073
kend_frac_x + pstart_afs_bessel_std,"kend_frac_x,pstart_afs_bessel_std","(9, 97)",2,-0.1784732193818623
X_mean + pmid_afs_trig_mean,"X_mean,pmid_afs_trig_mean","(4, 77)",2,-0.17848879259810063
pline_grdf_bessel_std + pmid_afs_bessel_std,"pline_grdf_bessel_std,pmid_afs_bessel_std","(56, 72)",2,-0.17849387492118246
kstart_frac_y + pend_afs_trig_mean,"kstart_frac_y,pend_afs_trig_mean","(18, 35)",2,-0.17852954008148886
pend_grdf_bessel_std + pend_grdf_trig_std,"pend_grdf_bessel_std,pend_grdf_trig_std","(39, 45)",2,-0.17855074882980781
pmid_plane_sum_Z4 + pstart_grdf_trig_mean,"pmid_plane_sum_Z4,pstart_grdf_trig_mean","(94, 111)",2,-0.17859599543566043
pend_grdf_gauss_std + pstart_grdf_gauss_mean,"pend_grdf_gauss_std,pstart_grdf_gauss_mean","(42, 108)",2,-0.17861215341132322
kpath_real_distance + kstart_degen,"kpath_real_distance,kstart_degen","(15, 16)",2,-0.17863232319666328
pmid_plane_heavy_frac + pstart_grdf_gauss_std,"pmid_plane_heavy_frac,pstart_grdf_gauss_std","(89, 109)",2,-0.1787509765011313
pend_n_atoms_on_plane + pstart_afs_trig_std,"pend_n_atoms_on_plane,pstart_afs_trig_std","(46, 103)",2,-0.17882195913003174
pmid_afs_gauss_mean + pmid_grdf_trig_std,"pmid_afs_gauss_mean,pmid_grdf_trig_std","(74, 87)",2,-0.1789142442593851
pline_grdf_trig_mean + pstart_grdf_gauss_max,"pline_grdf_trig_mean,pstart_grdf_gauss_max","(61, 107)",2,-0.1789825631476827
pend_afs_gauss_mean + pmid_afs_gauss_max,"pend_afs_gauss_mean,pmid_afs_gauss_max","(32, 73)",2,-0.17898623118557114
kpath_real_distance + pmid_grdf_trig_std,"kpath_real_distance,pmid_grdf_trig_std","(15, 87)",2,-0.17901451868336177
pline_grdf_gauss_mean + pstart_grdf_gauss_max,"pline_grdf_gauss_mean,pstart_grdf_gauss_max","(58, 107)",2,-0.17909771847369155
pend_grdf_trig_std + pmid_afs_gauss_std,"pend_grdf_trig_std,pmid_afs_gauss_std","(45, 75)",2,-0.17910252008606692
kmid_frac_y + pend_afs_bessel_std,"kmid_frac_y,pend_afs_bessel_std","(13, 30)",2,-0.1791288224616024
pstart_afs_gauss_std + sum_Z4,"pstart_afs_gauss_std,sum_Z4","(100, 122)",2,-0.179202717627923
max_mass + pline_grdf_gauss_mean,"max_mass,pline_grdf_gauss_mean","(25, 58)",2,-0.17922116778220057
pend_plane_max_mass + pline_grdf_gauss_mean,"pend_plane_max_mass,pline_grdf_gauss_mean","(49, 58)",2,-0.17922116778220057
pend_plane_mean_mass + pstart_afs_gauss_max,"pend_plane_mean_mass,pstart_afs_gauss_max","(51, 98)",2,-0.17939317356356124
pmid_grdf_gauss_std + pstart_plane_sum_Z4,"pmid_grdf_gauss_std,pstart_plane_sum_Z4","(84, 119)",2,-0.17943369275680277
kvec_z + pmid_n_atoms_on_plane,"kvec_z,pmid_n_atoms_on_plane","(22, 88)",2,-0.17944593266790151
pmid_afs_trig_std + pmid_grdf_gauss_std,"pmid_afs_trig_std,pmid_grdf_gauss_std","(78, 84)",2,-0.17947115376361383
pmid_afs_trig_max + pstart_plane_mean_Z,"pmid_afs_trig_max,pstart_plane_mean_Z","(76, 117)",2,-0.17949920939491645
pmid_afs_trig_mean + pmid_plane_mean_Z,"pmid_afs_trig_mean,pmid_plane_mean_Z","(77, 92)",2,-0.1795800172494328
max_Z + radius_diff,"max_Z,radius_diff","(23, 120)",2,-0.17958590946192446
max_Z4 + radius_diff,"max_Z4,radius_diff","(24, 120)",2,-0.17958590946192446
pend_plane_max_Z + radius_diff,"pend_plane_max_Z,radius_diff","(48, 120)",2,-0.17958590946192446
pmid_plane_max_Z + radius_diff,"pmid_plane_max_Z,radius_diff","(90, 120)",2,-0.17958590946192446
pstart_plane_max_Z + radius_diff,"pstart_plane_max_Z,radius_diff","(115, 120)",2,-0.17958590946192446
pmid_afs_trig_mean + pstart_grdf_trig_std,"pmid_afs_trig_mean,pstart_grdf_trig_std","(77, 112)",2,-0.17959955930972563
kmid_frac_x + pend_grdf_gauss_max,"kmid_frac_x,pend_grdf_gauss_max","(12, 40)",2,-0.17967377182217587
n_elements + pend_afs_trig_mean,"n_elements,pend_afs_trig_mean","(27, 35)",2,-0.1797232737505971
pstart_plane_max_mass + sum_Z4,"pstart_plane_max_mass,sum_Z4","(116, 122)",2,-0.1798273243511154
max_mass + sum_Z4,"max_mass,sum_Z4","(25, 122)",2,-0.1798273243511154
pend_plane_max_mass + sum_Z4,"pend_plane_max_mass,sum_Z4","(49, 122)",2,-0.1798273243511154
pmid_plane_max_mass + sum_Z4,"pmid_plane_max_mass,sum_Z4","(91, 122)",2,-0.1798273243511154
pend_afs_gauss_max + pline_grdf_bessel_std,"pend_afs_gauss_max,pline_grdf_bessel_std","(31, 56)",2,-0.17985720620812257
pend_afs_gauss_mean + pend_plane_mean_mass,"pend_afs_gauss_mean,pend_plane_mean_mass","(32, 51)",2,-0.17988350573017053
pstart_afs_gauss_max + pstart_afs_gauss_std,"pstart_afs_gauss_max,pstart_afs_gauss_std","(98, 100)",2,-0.1799111110205076
E_pfrac_VBM + X_diff,"E_pfrac_VBM,X_diff","(1, 3)",2,-0.17993263666945403
kvec_x + max_Z4,"kvec_x,max_Z4","(20, 24)",2,-0.1800772454271468
kvec_x + pend_plane_max_Z,"kvec_x,pend_plane_max_Z","(20, 48)",2,-0.1800772454271468
kvec_x + max_Z,"kvec_x,max_Z","(20, 23)",2,-0.1800772454271468
kvec_x + pmid_plane_max_Z,"kvec_x,pmid_plane_max_Z","(20, 90)",2,-0.1800772454271468
kvec_x + pstart_plane_max_Z,"kvec_x,pstart_plane_max_Z","(20, 115)",2,-0.1800772454271468
pmid_afs_trig_mean + pmid_plane_sum_Z4,"pmid_afs_trig_mean,pmid_plane_sum_Z4","(77, 94)",2,-0.18012874572028972
pline_grdf_trig_std + pstart_grdf_gauss_std,"pline_grdf_trig_std,pstart_grdf_gauss_std","(62, 109)",2,-0.1801316001721183
ktotal_weight + mean_Z,"ktotal_weight,mean_Z","(19, 26)",2,-0.18018075373911707
kpath_angle_deg + pend_grdf_gauss_max,"kpath_angle_deg,pend_grdf_gauss_max","(14, 40)",2,-0.18019578955416393
pend_grdf_gauss_std + pmid_afs_bessel_mean,"pend_grdf_gauss_std,pmid_afs_bessel_mean","(42, 71)",2,-0.18020948326093084
pline_plane_max_mass + pstart_grdf_gauss_max,"pline_plane_max_mass,pstart_grdf_gauss_max","(66, 107)",2,-0.18022621393395527
kpath_real_distance + ktotal_weight,"kpath_real_distance,ktotal_weight","(15, 19)",2,-0.18028599101344978
kend_frac_x + pend_grdf_trig_std,"kend_frac_x,pend_grdf_trig_std","(9, 45)",2,-0.1805136021484183
kpath_real_distance + plane_angle_deg,"kpath_real_distance,plane_angle_deg","(15, 53)",2,-0.180534265812534
kvec_x + pmid_plane_heavy_frac,"kvec_x,pmid_plane_heavy_frac","(20, 89)",2,-0.1806156749323446
band_binary + pstart_afs_trig_max,"band_binary,pstart_afs_trig_max","(5, 101)",2,-0.1806344681981653
pmid_afs_gauss_mean + pstart_plane_sum_Z4,"pmid_afs_gauss_mean,pstart_plane_sum_Z4","(74, 119)",2,-0.18071447496764304
pend_afs_bessel_std + pline_grdf_trig_std,"pend_afs_bessel_std,pline_grdf_trig_std","(30, 62)",2,-0.18075268238838182
max_Z + pline_plane_sum_Z4,"max_Z,pline_plane_sum_Z4","(23, 69)",2,-0.18080100282857361
max_Z4 + pline_plane_sum_Z4,"max_Z4,pline_plane_sum_Z4","(24, 69)",2,-0.18080100282857361
pend_plane_max_Z + pline_plane_sum_Z4,"pend_plane_max_Z,pline_plane_sum_Z4","(48, 69)",2,-0.18080100282857361
kpath_real_distance + pmid_afs_bessel_std,"kpath_real_distance,pmid_afs_bessel_std","(15, 72)",2,-0.1808603362722656
pline_grdf_gauss_mean + pmid_plane_max_mass,"pline_grdf_gauss_mean,pmid_plane_max_mass","(58, 91)",2,-0.18087010341657134
pline_grdf_gauss_mean + pstart_plane_max_mass,"pline_grdf_gauss_mean,pstart_plane_max_mass","(58, 116)",2,-0.18087010341657134
kinterior_degen + mean_Z,"kinterior_degen,mean_Z","(11, 26)",2,-0.18087187564824342
plane_angle_deg + pstart_plane_max_Z,"plane_angle_deg,pstart_plane_max_Z","(53, 115)",2,-0.18088226328278204
plane_angle_deg + pmid_plane_max_Z,"plane_angle_deg,pmid_plane_max_Z","(53, 90)",2,-0.18088226328278204
kstart_frac_y + pend_afs_bessel_std,"kstart_frac_y,pend_afs_bessel_std","(18, 30)",2,-0.18089281255750528
kstart_degen + pend_afs_bessel_std,"kstart_degen,pend_afs_bessel_std","(16, 30)",2,-0.18093227886812296
pend_grdf_gauss_std + pstart_grdf_bessel_mean,"pend_grdf_gauss_std,pstart_grdf_bessel_mean","(42, 105)",2,-0.1809537019514353
pmid_grdf_gauss_max + pmid_plane_heavy_frac,"pmid_grdf_gauss_max,pmid_plane_heavy_frac","(82, 89)",2,-0.18095701992562646
pmid_plane_heavy_frac + pstart_afs_bessel_max,"pmid_plane_heavy_frac,pstart_afs_bessel_max","(89, 95)",2,-0.1810015657579877
kstart_frac_x + pstart_grdf_gauss_max,"kstart_frac_x,pstart_grdf_gauss_max","(17, 107)",2,-0.1810483723026505
pmid_afs_bessel_mean + pmid_afs_trig_std,"pmid_afs_bessel_mean,pmid_afs_trig_std","(71, 78)",2,-0.18108918624282272
pend_plane_sum_Z4 + pmid_afs_trig_mean,"pend_plane_sum_Z4,pmid_afs_trig_mean","(52, 77)",2,-0.1811030981435495
pend_afs_gauss_max + pline_grdf_bessel_max,"pend_afs_gauss_max,pline_grdf_bessel_max","(31, 54)",2,-0.18120105838962994
bandgap + pmid_afs_trig_mean,"bandgap,pmid_afs_trig_mean","(6, 77)",2,-0.18123080596805408
mean_Z + pend_afs_gauss_max,"mean_Z,pend_afs_gauss_max","(26, 31)",2,-0.18125124921775765
pline_grdf_bessel_max + pstart_grdf_gauss_max,"pline_grdf_bessel_max,pstart_grdf_gauss_max","(54, 107)",2,-0.18129895461502307
pend_grdf_bessel_max + pmid_afs_bessel_mean,"pend_grdf_bessel_max,pmid_afs_bessel_mean","(37, 71)",2,-0.18131247857857796
plane_angle_deg + pstart_afs_gauss_std,"plane_angle_deg,pstart_afs_gauss_std","(53, 100)",2,-0.18135247922015824
pline_plane_max_Z + pstart_afs_trig_max,"pline_plane_max_Z,pstart_afs_trig_max","(65, 101)",2,-0.1813539398065188
pline_plane_sum_Z4 + pstart_plane_max_mass,"pline_plane_sum_Z4,pstart_plane_max_mass","(69, 116)",2,-0.1814412439325673
pline_plane_sum_Z4 + pmid_plane_max_mass,"pline_plane_sum_Z4,pmid_plane_max_mass","(69, 91)",2,-0.1814412439325673
mean_Z + pend_n_atoms_on_plane,"mean_Z,pend_n_atoms_on_plane","(26, 46)",2,-0.18151298768456187
pmid_afs_bessel_std + pstart_afs_gauss_mean,"pmid_afs_bessel_std,pstart_afs_gauss_mean","(72, 99)",2,-0.18155232961791717
kvec_x + pline_plane_heavy_frac,"kvec_x,pline_plane_heavy_frac","(20, 64)",2,-0.18157656106829728
E_pfrac_VBM + pmid_afs_bessel_max,"E_pfrac_VBM,pmid_afs_bessel_max","(1, 70)",2,-0.18169936948342963
pline_plane_max_mass + pmid_afs_bessel_std,"pline_plane_max_mass,pmid_afs_bessel_std","(66, 72)",2,-0.18170099232068931
pline_plane_sum_Z4 + pstart_grdf_gauss_max,"pline_plane_sum_Z4,pstart_grdf_gauss_max","(69, 107)",2,-0.1817168217157053
pend_afs_bessel_mean + pend_plane_mean_mass,"pend_afs_bessel_mean,pend_plane_mean_mass","(29, 51)",2,-0.18178805977876059
kpath_angle_deg + pstart_grdf_gauss_max,"kpath_angle_deg,pstart_grdf_gauss_max","(14, 107)",2,-0.18182115051876482
E_pfrac_CBM + kinterior_degen,"E_pfrac_CBM,kinterior_degen","(0, 11)",2,-0.182038638787501
pline_n_atoms_on_plane + radius_diff,"pline_n_atoms_on_plane,radius_diff","(63, 120)",2,-0.18204749564108522
pline_grdf_trig_mean + radius_diff,"pline_grdf_trig_mean,radius_diff","(61, 120)",2,-0.182093505343411
pend_grdf_gauss_mean + pstart_grdf_trig_max,"pend_grdf_gauss_mean,pstart_grdf_trig_max","(41, 110)",2,-0.18213798320414373
pline_grdf_gauss_std + pmid_afs_bessel_std,"pline_grdf_gauss_std,pmid_afs_bessel_std","(59, 72)",2,-0.18217454287192197
pend_grdf_bessel_std + pstart_afs_gauss_max,"pend_grdf_bessel_std,pstart_afs_gauss_max","(39, 98)",2,-0.18221830840103373
pend_afs_trig_max + pline_plane_mean_mass,"pend_afs_trig_max,pline_plane_mean_mass","(34, 68)",2,-0.18225890259515962
pstart_afs_trig_max + sum_Z4,"pstart_afs_trig_max,sum_Z4","(101, 122)",2,-0.18226581837884367
ktotal_weight + pend_afs_bessel_std,"ktotal_weight,pend_afs_bessel_std","(19, 30)",2,-0.18229061573876854
pline_grdf_gauss_std + radius_diff,"pline_grdf_gauss_std,radius_diff","(59, 120)",2,-0.18230677810500048
pend_grdf_gauss_max + pline_plane_max_mass,"pend_grdf_gauss_max,pline_plane_max_mass","(40, 66)",2,-0.182341147681372
pend_afs_bessel_std + pmid_afs_gauss_max,"pend_afs_bessel_std,pmid_afs_gauss_max","(30, 73)",2,-0.1823458386639838
pend_afs_bessel_std + pline_grdf_gauss_max,"pend_afs_bessel_std,pline_grdf_gauss_max","(30, 57)",2,-0.18235872970768469
pmid_grdf_trig_std + pstart_grdf_bessel_max,"pmid_grdf_trig_std,pstart_grdf_bessel_max","(87, 104)",2,-0.18238098027412203
pend_grdf_gauss_max + pend_grdf_trig_std,"pend_grdf_gauss_max,pend_grdf_trig_std","(40, 45)",2,-0.18238607520631236
pend_grdf_trig_std + pstart_grdf_gauss_mean,"pend_grdf_trig_std,pstart_grdf_gauss_mean","(45, 108)",2,-0.18239367763891132
max_Z + pline_grdf_trig_std,"max_Z,pline_grdf_trig_std","(23, 62)",2,-0.1824019921815319
pend_plane_max_Z + pline_grdf_trig_std,"pend_plane_max_Z,pline_grdf_trig_std","(48, 62)",2,-0.1824019921815319
max_Z4 + pline_grdf_trig_std,"max_Z4,pline_grdf_trig_std","(24, 62)",2,-0.1824019921815319
kvec_x + pmid_afs_bessel_std,"kvec_x,pmid_afs_bessel_std","(20, 72)",2,-0.18240539564741914
pmid_grdf_gauss_max + pmid_grdf_gauss_mean,"pmid_grdf_gauss_max,pmid_grdf_gauss_mean","(82, 83)",2,-0.1825362795573586
pend_grdf_trig_std + pmid_afs_trig_mean,"pend_grdf_trig_std,pmid_afs_trig_mean","(45, 77)",2,-0.18257112014267654
pline_grdf_trig_mean + pstart_afs_gauss_std,"pline_grdf_trig_mean,pstart_afs_gauss_std","(61, 100)",2,-0.18262571012222886
pline_grdf_trig_max + radius_diff,"pline_grdf_trig_max,radius_diff","(60, 120)",2,-0.18264147555987328
pend_plane_sum_Z4 + pstart_afs_gauss_std,"pend_plane_sum_Z4,pstart_afs_gauss_std","(52, 100)",2,-0.1827030872938626
kend_frac_y + pend_afs_trig_mean,"kend_frac_y,pend_afs_trig_mean","(10, 35)",2,-0.18272032667966936
pend_grdf_gauss_max + pend_plane_max_mass,"pend_grdf_gauss_max,pend_plane_max_mass","(40, 49)",2,-0.18282240614588044
pend_grdf_gauss_max + pstart_plane_max_mass,"pend_grdf_gauss_max,pstart_plane_max_mass","(40, 116)",2,-0.18282240614588044
pend_grdf_gauss_max + pmid_plane_max_mass,"pend_grdf_gauss_max,pmid_plane_max_mass","(40, 91)",2,-0.18282240614588044
ehull + kpath_angle_deg,"ehull,kpath_angle_deg","(7, 14)",2,-0.18286695730257124
pend_grdf_gauss_mean + pstart_afs_gauss_mean,"pend_grdf_gauss_mean,pstart_afs_gauss_mean","(41, 99)",2,-0.18286918858510742
kend_frac_y + pend_afs_gauss_max,"kend_frac_y,pend_afs_gauss_max","(10, 31)",2,-0.18289784069499146
pend_afs_trig_mean + pline_grdf_bessel_mean,"pend_afs_trig_mean,pline_grdf_bessel_mean","(35, 55)",2,-0.18295072474888757
pend_afs_bessel_mean + pmid_plane_mean_Z,"pend_afs_bessel_mean,pmid_plane_mean_Z","(29, 92)",2,-0.182969206827671
max_mass + pstart_plane_max_mass,"max_mass,pstart_plane_max_mass","(25, 116)",2,-0.1830274049797199
pend_plane_max_mass + pmid_plane_max_mass,"pend_plane_max_mass,pmid_plane_max_mass","(49, 91)",2,-0.1830274049797199
pmid_plane_max_mass + pstart_plane_max_mass,"pmid_plane_max_mass,pstart_plane_max_mass","(91, 116)",2,-0.1830274049797199
max_mass + pmid_plane_max_mass,"max_mass,pmid_plane_max_mass","(25, 91)",2,-0.1830274049797199
pend_plane_max_mass + pstart_plane_max_mass,"pend_plane_max_mass,pstart_plane_max_mass","(49, 116)",2,-0.1830274049797199
max_mass + pend_plane_max_mass,"max_mass,pend_plane_max_mass","(25, 49)",2,-0.1830274049797199
pmid_afs_bessel_max + pstart_grdf_gauss_mean,"pmid_afs_bessel_max,pstart_grdf_gauss_mean","(70, 108)",2,-0.18306504683597863
kstart_frac_x + pstart_grdf_gauss_mean,"kstart_frac_x,pstart_grdf_gauss_mean","(17, 108)",2,-0.18312304129634485
pend_grdf_bessel_std + pstart_grdf_trig_std,"pend_grdf_bessel_std,pstart_grdf_trig_std","(39, 112)",2,-0.18314201425409565
pline_plane_heavy_frac + pmid_afs_bessel_std,"pline_plane_heavy_frac,pmid_afs_bessel_std","(64, 72)",2,-0.18318707995388359
pmid_plane_heavy_frac + pstart_grdf_bessel_std,"pmid_plane_heavy_frac,pstart_grdf_bessel_std","(89, 106)",2,-0.18328419775071667
pend_grdf_gauss_max + pline_grdf_gauss_mean,"pend_grdf_gauss_max,pline_grdf_gauss_mean","(40, 58)",2,-0.18330680100186522
E_pfrac_CBM + kstart_degen,"E_pfrac_CBM,kstart_degen","(0, 16)",2,-0.18341982700729717
kpath_real_distance + pstart_grdf_bessel_std,"kpath_real_distance,pstart_grdf_bessel_std","(15, 106)",2,-0.18343392581649554
E_pfrac_CBM + pstart_afs_trig_max,"E_pfrac_CBM,pstart_afs_trig_max","(0, 101)",2,-0.1834471871865749
kmid_frac_y + pstart_grdf_trig_mean,"kmid_frac_y,pstart_grdf_trig_mean","(13, 111)",2,-0.18346677935887548
E_pfrac_VBM + pline_n_atoms_on_plane,"E_pfrac_VBM,pline_n_atoms_on_plane","(1, 63)",2,-0.18349460497912512
pline_plane_sum_Z4 + pstart_afs_trig_max,"pline_plane_sum_Z4,pstart_afs_trig_max","(69, 101)",2,-0.18350316197798838
pline_grdf_trig_std + pmid_plane_max_Z,"pline_grdf_trig_std,pmid_plane_max_Z","(62, 90)",2,-0.18358520609117787
pline_grdf_trig_std + pstart_plane_max_Z,"pline_grdf_trig_std,pstart_plane_max_Z","(62, 115)",2,-0.18358520609117787
pmid_afs_trig_std + pmid_grdf_bessel_max,"pmid_afs_trig_std,pmid_grdf_bessel_max","(78, 79)",2,-0.18363265773359155
max_Z4 + plane_angle_deg,"max_Z4,plane_angle_deg","(24, 53)",2,-0.18370365325430724
pend_plane_max_Z + plane_angle_deg,"pend_plane_max_Z,plane_angle_deg","(48, 53)",2,-0.18370365325430724
max_Z + plane_angle_deg,"max_Z,plane_angle_deg","(23, 53)",2,-0.18370365325430724
pend_afs_bessel_max + pstart_grdf_gauss_mean,"pend_afs_bessel_max,pstart_grdf_gauss_mean","(28, 108)",2,-0.18374840170225354
pstart_afs_gauss_mean + pstart_grdf_gauss_mean,"pstart_afs_gauss_mean,pstart_grdf_gauss_mean","(99, 108)",2,-0.1837756217984249
pend_afs_trig_std + pend_plane_sum_Z4,"pend_afs_trig_std,pend_plane_sum_Z4","(36, 52)",2,-0.18384949960095667
pend_grdf_gauss_max + pline_plane_sum_Z4,"pend_grdf_gauss_max,pline_plane_sum_Z4","(40, 69)",2,-0.1838733928710151
pend_grdf_trig_std + pmid_afs_gauss_mean,"pend_grdf_trig_std,pmid_afs_gauss_mean","(45, 74)",2,-0.1838889274026586
pstart_afs_trig_std + pstart_plane_sum_Z4,"pstart_afs_trig_std,pstart_plane_sum_Z4","(103, 119)",2,-0.1839304783436892
X_diff + kend_frac_y,"X_diff,kend_frac_y","(3, 10)",2,-0.18406240062997456
max_Z + pend_grdf_gauss_max,"max_Z,pend_grdf_gauss_max","(23, 40)",2,-0.18410377400750794
max_Z4 + pend_grdf_gauss_max,"max_Z4,pend_grdf_gauss_max","(24, 40)",2,-0.18410377400750794
E_pfrac_CBM + kmid_frac_y,"E_pfrac_CBM,kmid_frac_y","(0, 13)",2,-0.1841220648675257
pline_grdf_bessel_std + pstart_grdf_gauss_max,"pline_grdf_bessel_std,pstart_grdf_gauss_max","(56, 107)",2,-0.18412729315448778
pmid_afs_trig_mean + pstart_grdf_bessel_max,"pmid_afs_trig_mean,pstart_grdf_bessel_max","(77, 104)",2,-0.1841695782364979
bandgap + pend_afs_gauss_std,"bandgap,pend_afs_gauss_std","(6, 33)",2,-0.18431997676355438
kvec_x + pmid_plane_max_mass,"kvec_x,pmid_plane_max_mass","(20, 91)",2,-0.1843201168016425
kvec_x + max_mass,"kvec_x,max_mass","(20, 25)",2,-0.1843201168016425
kvec_x + pend_plane_max_mass,"kvec_x,pend_plane_max_mass","(20, 49)",2,-0.1843201168016425
kvec_x + pstart_plane_max_mass,"kvec_x,pstart_plane_max_mass","(20, 116)",2,-0.1843201168016425
pstart_afs_bessel_max + pstart_plane_heavy_frac,"pstart_afs_bessel_max,pstart_plane_heavy_frac","(95, 114)",2,-0.18432973908806785
pline_plane_max_mass + pstart_afs_gauss_std,"pline_plane_max_mass,pstart_afs_gauss_std","(66, 100)",2,-0.18437812635219303
pend_afs_gauss_mean + pend_afs_gauss_std,"pend_afs_gauss_mean,pend_afs_gauss_std","(32, 33)",2,-0.18442268346990806
pline_grdf_trig_max + pstart_grdf_gauss_std,"pline_grdf_trig_max,pstart_grdf_gauss_std","(60, 109)",2,-0.18443659282794253
max_Z + pend_afs_gauss_max,"max_Z,pend_afs_gauss_max","(23, 31)",2,-0.184507314377859
max_Z4 + pend_afs_gauss_max,"max_Z4,pend_afs_gauss_max","(24, 31)",2,-0.184507314377859
pend_afs_bessel_mean + pend_plane_mean_Z,"pend_afs_bessel_mean,pend_plane_mean_Z","(29, 50)",2,-0.18452062835696964
pline_grdf_bessel_std + pstart_grdf_bessel_std,"pline_grdf_bessel_std,pstart_grdf_bessel_std","(56, 106)",2,-0.1846046284660486
kmid_frac_x + pend_afs_gauss_max,"kmid_frac_x,pend_afs_gauss_max","(12, 31)",2,-0.18465933811431998
pstart_afs_gauss_mean + pstart_plane_heavy_frac,"pstart_afs_gauss_mean,pstart_plane_heavy_frac","(99, 114)",2,-0.1846609480022264
pline_grdf_gauss_mean + pmid_grdf_trig_std,"pline_grdf_gauss_mean,pmid_grdf_trig_std","(58, 87)",2,-0.18469146062824313
E_pfrac_VBM + pend_plane_sum_Z4,"E_pfrac_VBM,pend_plane_sum_Z4","(1, 52)",2,-0.184714517506057
pline_grdf_gauss_mean + pstart_afs_gauss_max,"pline_grdf_gauss_mean,pstart_afs_gauss_max","(58, 98)",2,-0.18471734432574596
pend_grdf_trig_std + pend_plane_heavy_frac,"pend_grdf_trig_std,pend_plane_heavy_frac","(45, 47)",2,-0.18472714277109215
pline_plane_sum_Z4 + pstart_grdf_gauss_std,"pline_plane_sum_Z4,pstart_grdf_gauss_std","(69, 109)",2,-0.18480826012640766
pline_plane_mean_mass + pstart_plane_max_Z,"pline_plane_mean_mass,pstart_plane_max_Z","(68, 115)",2,-0.18482563374686056
pline_plane_mean_mass + pmid_plane_max_Z,"pline_plane_mean_mass,pmid_plane_max_Z","(68, 90)",2,-0.18482563374686056
pline_grdf_bessel_std + pstart_afs_gauss_std,"pline_grdf_bessel_std,pstart_afs_gauss_std","(56, 100)",2,-0.1848443045310843
pend_afs_trig_mean + pline_n_atoms_on_plane,"pend_afs_trig_mean,pline_n_atoms_on_plane","(35, 63)",2,-0.18489974847179966
pline_plane_mean_Z + pstart_plane_max_Z,"pline_plane_mean_Z,pstart_plane_max_Z","(67, 115)",2,-0.1849482935470262
pline_plane_mean_Z + pmid_plane_max_Z,"pline_plane_mean_Z,pmid_plane_max_Z","(67, 90)",2,-0.1849482935470262
X_mean + pmid_afs_gauss_std,"X_mean,pmid_afs_gauss_std","(4, 75)",2,-0.18496526774020167
pstart_plane_max_Z + sum_Z4,"pstart_plane_max_Z,sum_Z4","(115, 122)",2,-0.18513319761103295
pmid_plane_max_Z + sum_Z4,"pmid_plane_max_Z,sum_Z4","(90, 122)",2,-0.18513319761103295
max_Z + sum_Z4,"max_Z,sum_Z4","(23, 122)",2,-0.18513319761103295
max_Z4 + sum_Z4,"max_Z4,sum_Z4","(24, 122)",2,-0.18513319761103295
pend_plane_max_Z + sum_Z4,"pend_plane_max_Z,sum_Z4","(48, 122)",2,-0.18513319761103295
pstart_afs_gauss_std + pstart_plane_mean_Z,"pstart_afs_gauss_std,pstart_plane_mean_Z","(100, 117)",2,-0.18518979176568975
pline_plane_sum_Z4 + pstart_grdf_bessel_std,"pline_plane_sum_Z4,pstart_grdf_bessel_std","(69, 106)",2,-0.18523394927944586
kpath_real_distance + pstart_grdf_trig_mean,"kpath_real_distance,pstart_grdf_trig_mean","(15, 111)",2,-0.18526594176979158
pend_afs_gauss_max + plane_angle_deg,"pend_afs_gauss_max,plane_angle_deg","(31, 53)",2,-0.1853121435878703
pmid_grdf_bessel_std + pstart_grdf_bessel_std,"pmid_grdf_bessel_std,pstart_grdf_bessel_std","(81, 106)",2,-0.18543453116446584
kpath_real_distance + pline_grdf_gauss_mean,"kpath_real_distance,pline_grdf_gauss_mean","(15, 58)",2,-0.18547994218640593
kvec_z + radius_diff,"kvec_z,radius_diff","(22, 120)",2,-0.18551177653862352
pend_afs_bessel_std + pline_grdf_bessel_std,"pend_afs_bessel_std,pline_grdf_bessel_std","(30, 56)",2,-0.18554346869361404
pmid_grdf_gauss_mean + pmid_plane_max_Z,"pmid_grdf_gauss_mean,pmid_plane_max_Z","(83, 90)",2,-0.18557254492639622
pmid_grdf_gauss_mean + pstart_plane_max_Z,"pmid_grdf_gauss_mean,pstart_plane_max_Z","(83, 115)",2,-0.18557254492639622
pend_grdf_trig_std + pline_grdf_gauss_max,"pend_grdf_trig_std,pline_grdf_gauss_max","(45, 57)",2,-0.1856033146861505
X_diff + pstart_plane_max_Z,"X_diff,pstart_plane_max_Z","(3, 115)",2,-0.18577603631839995
X_diff + max_Z,"X_diff,max_Z","(3, 23)",2,-0.18577603631839995
X_diff + pmid_plane_max_Z,"X_diff,pmid_plane_max_Z","(3, 90)",2,-0.18577603631839995
X_diff + pend_plane_max_Z,"X_diff,pend_plane_max_Z","(3, 48)",2,-0.18577603631839995
X_diff + max_Z4,"X_diff,max_Z4","(3, 24)",2,-0.18577603631839995
kmid_frac_y + pend_afs_trig_mean,"kmid_frac_y,pend_afs_trig_mean","(13, 35)",2,-0.18581062327005696
kstart_frac_x + pline_grdf_bessel_mean,"kstart_frac_x,pline_grdf_bessel_mean","(17, 55)",2,-0.18585210040996303
pline_n_atoms_on_plane + pstart_grdf_gauss_std,"pline_n_atoms_on_plane,pstart_grdf_gauss_std","(63, 109)",2,-0.18585771355942643
kmid_frac_y + pend_afs_gauss_max,"kmid_frac_y,pend_afs_gauss_max","(13, 31)",2,-0.18585970620550035
pend_grdf_gauss_max + pline_grdf_gauss_std,"pend_grdf_gauss_max,pline_grdf_gauss_std","(40, 59)",2,-0.1858973369029241
pline_grdf_gauss_mean + radius_diff,"pline_grdf_gauss_mean,radius_diff","(58, 120)",2,-0.18591951514117944
pend_plane_heavy_frac + pmid_grdf_gauss_max,"pend_plane_heavy_frac,pmid_grdf_gauss_max","(47, 82)",2,-0.18592596178062804
pline_grdf_bessel_max + pstart_grdf_gauss_std,"pline_grdf_bessel_max,pstart_grdf_gauss_std","(54, 109)",2,-0.1859262211241509
kstart_frac_x + sum_Z4,"kstart_frac_x,sum_Z4","(17, 122)",2,-0.1859819459530871
mean_Z + pend_afs_trig_max,"mean_Z,pend_afs_trig_max","(26, 34)",2,-0.18599380665236273
pline_grdf_gauss_mean + pmid_afs_bessel_std,"pline_grdf_gauss_mean,pmid_afs_bessel_std","(58, 72)",2,-0.1859955487731799
kvec_x + pline_n_atoms_on_plane,"kvec_x,pline_n_atoms_on_plane","(20, 63)",2,-0.1860199958256749
pline_grdf_gauss_std + pstart_grdf_gauss_max,"pline_grdf_gauss_std,pstart_grdf_gauss_max","(59, 107)",2,-0.18603864392235417
ktotal_weight + pstart_grdf_gauss_max,"ktotal_weight,pstart_grdf_gauss_max","(19, 107)",2,-0.18607759823911538
pline_grdf_trig_mean + pstart_grdf_gauss_std,"pline_grdf_trig_mean,pstart_grdf_gauss_std","(61, 109)",2,-0.18617658189137223
E_pfrac_CBM + pmid_grdf_trig_std,"E_pfrac_CBM,pmid_grdf_trig_std","(0, 87)",2,-0.18621334341042145
pend_grdf_gauss_max + pstart_grdf_gauss_std,"pend_grdf_gauss_max,pstart_grdf_gauss_std","(40, 109)",2,-0.1862423083938945
X_mean + pend_grdf_gauss_max,"X_mean,pend_grdf_gauss_max","(4, 40)",2,-0.18631148318399432
pend_grdf_gauss_mean + pmid_grdf_trig_std,"pend_grdf_gauss_mean,pmid_grdf_trig_std","(41, 87)",2,-0.18635912425318635
pend_grdf_gauss_max + pline_grdf_trig_std,"pend_grdf_gauss_max,pline_grdf_trig_std","(40, 62)",2,-0.18637881676985854
kend_frac_x + pstart_afs_trig_max,"kend_frac_x,pstart_afs_trig_max","(9, 101)",2,-0.1863805047834397
kmid_frac_y + pmid_afs_gauss_max,"kmid_frac_y,pmid_afs_gauss_max","(13, 73)",2,-0.18639872939193697
kstart_degen + pmid_grdf_trig_std,"kstart_degen,pmid_grdf_trig_std","(16, 87)",2,-0.1864077370472908
pmid_grdf_gauss_std + pmid_plane_sum_Z4,"pmid_grdf_gauss_std,pmid_plane_sum_Z4","(84, 94)",2,-0.18645976910579026
pline_grdf_gauss_max + pstart_grdf_bessel_std,"pline_grdf_gauss_max,pstart_grdf_bessel_std","(57, 106)",2,-0.18660730740740944
kinterior_degen + pmid_afs_bessel_std,"kinterior_degen,pmid_afs_bessel_std","(11, 72)",2,-0.1866927995194802
pline_plane_max_Z + pmid_afs_bessel_std,"pline_plane_max_Z,pmid_afs_bessel_std","(65, 72)",2,-0.18669333485592696
kinterior_degen + pmid_afs_gauss_max,"kinterior_degen,pmid_afs_gauss_max","(11, 73)",2,-0.18671064167417398
pline_plane_max_Z + pstart_grdf_gauss_max,"pline_plane_max_Z,pstart_grdf_gauss_max","(65, 107)",2,-0.18673180341936607
pend_grdf_trig_std + pstart_plane_sum_Z4,"pend_grdf_trig_std,pstart_plane_sum_Z4","(45, 119)",2,-0.1867536206221611
kpath_angle_deg + pstart_afs_trig_max,"kpath_angle_deg,pstart_afs_trig_max","(14, 101)",2,-0.1868040403526679
pend_grdf_bessel_std + pmid_afs_gauss_max,"pend_grdf_bessel_std,pmid_afs_gauss_max","(39, 73)",2,-0.18683015012065157
kstart_degen + pmid_plane_max_mass,"kstart_degen,pmid_plane_max_mass","(16, 91)",2,-0.18684597989355772
kstart_degen + pstart_plane_max_mass,"kstart_degen,pstart_plane_max_mass","(16, 116)",2,-0.18684597989355772
kstart_degen + max_mass,"kstart_degen,max_mass","(16, 25)",2,-0.18684597989355772
kstart_degen + pend_plane_max_mass,"kstart_degen,pend_plane_max_mass","(16, 49)",2,-0.18684597989355772
pline_plane_max_Z + radius_diff,"pline_plane_max_Z,radius_diff","(65, 120)",2,-0.18691557857241717
pend_afs_trig_std + pmid_afs_bessel_mean,"pend_afs_trig_std,pmid_afs_bessel_mean","(36, 71)",2,-0.18693682193671046
pend_afs_bessel_std + pend_grdf_bessel_std,"pend_afs_bessel_std,pend_grdf_bessel_std","(30, 39)",2,-0.1869668453802149
X_diff + pend_plane_max_mass,"X_diff,pend_plane_max_mass","(3, 49)",2,-0.18700632713588924
X_diff + pstart_plane_max_mass,"X_diff,pstart_plane_max_mass","(3, 116)",2,-0.18700632713588924
X_diff + max_mass,"X_diff,max_mass","(3, 25)",2,-0.18700632713588924
X_diff + pmid_plane_max_mass,"X_diff,pmid_plane_max_mass","(3, 91)",2,-0.18700632713588924
pmid_afs_trig_mean + pstart_plane_max_Z,"pmid_afs_trig_mean,pstart_plane_max_Z","(77, 115)",2,-0.18700685158873478
pmid_afs_trig_mean + pmid_plane_max_Z,"pmid_afs_trig_mean,pmid_plane_max_Z","(77, 90)",2,-0.18700685158873478
pmid_afs_trig_max + radius_mean,"pmid_afs_trig_max,radius_mean","(76, 121)",2,-0.18715121596204715
kvec_y + pend_afs_trig_std,"kvec_y,pend_afs_trig_std","(21, 36)",2,-0.18719881910775693
kpath_angle_deg + pmid_plane_mean_Z,"kpath_angle_deg,pmid_plane_mean_Z","(14, 92)",2,-0.18729889913799677
pstart_grdf_trig_mean + pstart_plane_mean_Z,"pstart_grdf_trig_mean,pstart_plane_mean_Z","(111, 117)",2,-0.18733749863517296
kvec_y + pmid_grdf_gauss_std,"kvec_y,pmid_grdf_gauss_std","(21, 84)",2,-0.18736899206153987
max_Z + pend_n_atoms_on_plane,"max_Z,pend_n_atoms_on_plane","(23, 46)",2,-0.18741890970567404
max_Z4 + pend_n_atoms_on_plane,"max_Z4,pend_n_atoms_on_plane","(24, 46)",2,-0.18741890970567404
pmid_afs_gauss_std + pstart_plane_mean_mass,"pmid_afs_gauss_std,pstart_plane_mean_mass","(75, 118)",2,-0.18742219073907762
pstart_afs_bessel_max + pstart_afs_bessel_mean,"pstart_afs_bessel_max,pstart_afs_bessel_mean","(95, 96)",2,-0.1874321210427222
pmid_grdf_gauss_std + pstart_plane_mean_Z,"pmid_grdf_gauss_std,pstart_plane_mean_Z","(84, 117)",2,-0.1875157497898909
pend_grdf_gauss_std + pstart_grdf_gauss_std,"pend_grdf_gauss_std,pstart_grdf_gauss_std","(42, 109)",2,-0.1875375805173471
pline_grdf_gauss_max + pmid_afs_trig_max,"pline_grdf_gauss_max,pmid_afs_trig_max","(57, 76)",2,-0.187570719614554
X_mean + pend_afs_trig_mean,"X_mean,pend_afs_trig_mean","(4, 35)",2,-0.1875923013277192
pline_grdf_gauss_mean + pstart_afs_trig_max,"pline_grdf_gauss_mean,pstart_afs_trig_max","(58, 101)",2,-0.1876702934026168
kend_degen + pstart_grdf_gauss_std,"kend_degen,pstart_grdf_gauss_std","(8, 109)",2,-0.18772750725088097
pend_afs_trig_max + pline_plane_sum_Z4,"pend_afs_trig_max,pline_plane_sum_Z4","(34, 69)",2,-0.18777103822813415
pend_plane_mean_Z + pmid_grdf_gauss_max,"pend_plane_mean_Z,pmid_grdf_gauss_max","(50, 82)",2,-0.18781549813744539
pline_grdf_gauss_std + pstart_afs_gauss_std,"pline_grdf_gauss_std,pstart_afs_gauss_std","(59, 100)",2,-0.18785852288235153
kstart_frac_x + pstart_grdf_gauss_std,"kstart_frac_x,pstart_grdf_gauss_std","(17, 109)",2,-0.18796577637713296
pend_plane_max_Z + pline_grdf_gauss_mean,"pend_plane_max_Z,pline_grdf_gauss_mean","(48, 58)",2,-0.18796705431620814
max_Z4 + pline_grdf_gauss_mean,"max_Z4,pline_grdf_gauss_mean","(24, 58)",2,-0.18796705431620814
max_Z + pline_grdf_gauss_mean,"max_Z,pline_grdf_gauss_mean","(23, 58)",2,-0.18796705431620814
E_pfrac_VBM + pend_afs_trig_mean,"E_pfrac_VBM,pend_afs_trig_mean","(1, 35)",2,-0.18802722023465424
kinterior_degen + max_Z4,"kinterior_degen,max_Z4","(11, 24)",2,-0.18804979832235097
kinterior_degen + pend_plane_max_Z,"kinterior_degen,pend_plane_max_Z","(11, 48)",2,-0.18804979832235097
kinterior_degen + pstart_plane_max_Z,"kinterior_degen,pstart_plane_max_Z","(11, 115)",2,-0.18804979832235097
kinterior_degen + max_Z,"kinterior_degen,max_Z","(11, 23)",2,-0.18804979832235097
kinterior_degen + pmid_plane_max_Z,"kinterior_degen,pmid_plane_max_Z","(11, 90)",2,-0.18804979832235097
pend_grdf_gauss_std + pmid_plane_mean_Z,"pend_grdf_gauss_std,pmid_plane_mean_Z","(42, 92)",2,-0.18818398915951387
E_pfrac_VBM + kstart_degen,"E_pfrac_VBM,kstart_degen","(1, 16)",2,-0.18823794571275698
pstart_afs_trig_max + pstart_grdf_gauss_mean,"pstart_afs_trig_max,pstart_grdf_gauss_mean","(101, 108)",2,-0.18826026941080376
pline_n_atoms_on_plane + pstart_afs_gauss_std,"pline_n_atoms_on_plane,pstart_afs_gauss_std","(63, 100)",2,-0.18831954843754078
pend_afs_gauss_std + pstart_afs_gauss_max,"pend_afs_gauss_std,pstart_afs_gauss_max","(33, 98)",2,-0.18834278025507548
bandgap + pend_grdf_gauss_std,"bandgap,pend_grdf_gauss_std","(6, 42)",2,-0.18846345639252432
pend_afs_trig_std + pmid_plane_sum_Z4,"pend_afs_trig_std,pmid_plane_sum_Z4","(36, 94)",2,-0.18848233827298239
pmid_grdf_trig_std + pstart_afs_gauss_max,"pmid_grdf_trig_std,pstart_afs_gauss_max","(87, 98)",2,-0.18850647178388547
pend_plane_mean_mass + pmid_grdf_gauss_std,"pend_plane_mean_mass,pmid_grdf_gauss_std","(51, 84)",2,-0.18852712682559297
pmid_afs_trig_mean + pmid_n_atoms_on_plane,"pmid_afs_trig_mean,pmid_n_atoms_on_plane","(77, 88)",2,-0.1885625101045869
pmid_afs_gauss_max + pstart_afs_gauss_mean,"pmid_afs_gauss_max,pstart_afs_gauss_mean","(73, 99)",2,-0.18862581721324329
pline_grdf_trig_std + pstart_grdf_bessel_std,"pline_grdf_trig_std,pstart_grdf_bessel_std","(62, 106)",2,-0.18864722449809793
pend_grdf_trig_std + pstart_grdf_bessel_std,"pend_grdf_trig_std,pstart_grdf_bessel_std","(45, 106)",2,-0.1887165368499867
pend_grdf_trig_mean + pstart_afs_trig_mean,"pend_grdf_trig_mean,pstart_afs_trig_mean","(44, 102)",2,-0.18873608289820437
kmid_frac_x + mean_Z,"kmid_frac_x,mean_Z","(12, 26)",2,-0.18874988254447753
kmid_frac_x + radius_diff,"kmid_frac_x,radius_diff","(12, 120)",2,-0.18882899922870502
X_diff + pend_grdf_gauss_std,"X_diff,pend_grdf_gauss_std","(3, 42)",2,-0.18883902434379624
pmid_grdf_gauss_std + pstart_grdf_gauss_std,"pmid_grdf_gauss_std,pstart_grdf_gauss_std","(84, 109)",2,-0.18886082598571435
pline_grdf_trig_std + pmid_grdf_trig_std,"pline_grdf_trig_std,pmid_grdf_trig_std","(62, 87)",2,-0.18905026996288468
pend_afs_gauss_mean + pstart_afs_gauss_std,"pend_afs_gauss_mean,pstart_afs_gauss_std","(32, 100)",2,-0.18913999546890342
E_pfrac_relevant + pstart_grdf_bessel_max,"E_pfrac_relevant,pstart_grdf_bessel_max","(2, 104)",2,-0.18916471877358243
pend_afs_bessel_max + pmid_afs_bessel_mean,"pend_afs_bessel_max,pmid_afs_bessel_mean","(28, 71)",2,-0.18919447026380326
E_pfrac_CBM + pline_grdf_gauss_max,"E_pfrac_CBM,pline_grdf_gauss_max","(0, 57)",2,-0.18920156164963609
pend_afs_gauss_std + pmid_afs_bessel_max,"pend_afs_gauss_std,pmid_afs_bessel_max","(33, 70)",2,-0.18921568731324007
pstart_afs_bessel_max + pstart_grdf_gauss_mean,"pstart_afs_bessel_max,pstart_grdf_gauss_mean","(95, 108)",2,-0.1892198402920026
kmid_frac_y + sum_Z4,"kmid_frac_y,sum_Z4","(13, 122)",2,-0.18923078658824144
kstart_frac_x + pline_grdf_bessel_max,"kstart_frac_x,pline_grdf_bessel_max","(17, 54)",2,-0.18926503274282414
pmid_grdf_gauss_max + pstart_grdf_gauss_std,"pmid_grdf_gauss_max,pstart_grdf_gauss_std","(82, 109)",2,-0.18934611695084153
max_Z4 + pend_afs_trig_max,"max_Z4,pend_afs_trig_max","(24, 34)",2,-0.1893479790637506
max_Z + pend_afs_trig_max,"max_Z,pend_afs_trig_max","(23, 34)",2,-0.1893479790637506
pline_plane_mean_Z + pmid_afs_bessel_std,"pline_plane_mean_Z,pmid_afs_bessel_std","(67, 72)",2,-0.18939377778745098
kmid_frac_x + kvec_x,"kmid_frac_x,kvec_x","(12, 20)",2,-0.18939914760830986
pmid_afs_gauss_std + pmid_grdf_trig_std,"pmid_afs_gauss_std,pmid_grdf_trig_std","(75, 87)",2,-0.18941246823139168
kmid_frac_x + pstart_grdf_gauss_max,"kmid_frac_x,pstart_grdf_gauss_max","(12, 107)",2,-0.18947225937385564
pline_grdf_bessel_max + pstart_grdf_bessel_std,"pline_grdf_bessel_max,pstart_grdf_bessel_std","(54, 106)",2,-0.1894990796635352
bandgap + pstart_grdf_gauss_max,"bandgap,pstart_grdf_gauss_max","(6, 107)",2,-0.1895079032442297
pend_afs_trig_max + pline_grdf_gauss_std,"pend_afs_trig_max,pline_grdf_gauss_std","(34, 59)",2,-0.18953720190684906
pend_afs_trig_max + radius_mean,"pend_afs_trig_max,radius_mean","(34, 121)",2,-0.18964988236884903
pmid_afs_trig_mean + radius_mean,"pmid_afs_trig_mean,radius_mean","(77, 121)",2,-0.18973967082119203
kvec_z + pend_afs_gauss_max,"kvec_z,pend_afs_gauss_max","(22, 31)",2,-0.18974538521888307
kstart_degen + pstart_grdf_trig_mean,"kstart_degen,pstart_grdf_trig_mean","(16, 111)",2,-0.18989809933929808
pline_plane_heavy_frac + pmid_grdf_trig_std,"pline_plane_heavy_frac,pmid_grdf_trig_std","(64, 87)",2,-0.18990932460036403
pend_plane_heavy_frac + pstart_plane_mean_Z,"pend_plane_heavy_frac,pstart_plane_mean_Z","(47, 117)",2,-0.18991284288702182
pend_grdf_trig_std + pmid_plane_heavy_frac,"pend_grdf_trig_std,pmid_plane_heavy_frac","(45, 89)",2,-0.18998923674777593
kmid_frac_y + pstart_grdf_gauss_std,"kmid_frac_y,pstart_grdf_gauss_std","(13, 109)",2,-0.19003725629549123
pstart_grdf_gauss_std + radius_diff,"pstart_grdf_gauss_std,radius_diff","(109, 120)",2,-0.19006939812149215
n_elements + sum_Z4,"n_elements,sum_Z4","(27, 122)",2,-0.19007821432321642
pline_plane_max_mass + pstart_afs_gauss_max,"pline_plane_max_mass,pstart_afs_gauss_max","(66, 98)",2,-0.1902697946119862
pend_afs_bessel_max + pmid_grdf_gauss_max,"pend_afs_bessel_max,pmid_grdf_gauss_max","(28, 82)",2,-0.19030755461002413
pline_grdf_trig_std + pmid_afs_bessel_std,"pline_grdf_trig_std,pmid_afs_bessel_std","(62, 72)",2,-0.19035806313065123
kstart_frac_y + pend_plane_max_mass,"kstart_frac_y,pend_plane_max_mass","(18, 49)",2,-0.19054936791968463
kstart_frac_y + max_mass,"kstart_frac_y,max_mass","(18, 25)",2,-0.19054936791968463
kstart_frac_y + pmid_plane_max_mass,"kstart_frac_y,pmid_plane_max_mass","(18, 91)",2,-0.19054936791968463
kstart_frac_y + pstart_plane_max_mass,"kstart_frac_y,pstart_plane_max_mass","(18, 116)",2,-0.19054936791968463
kmid_frac_x + pmid_grdf_trig_std,"kmid_frac_x,pmid_grdf_trig_std","(12, 87)",2,-0.19059786390730518
kend_degen + pstart_afs_bessel_std,"kend_degen,pstart_afs_bessel_std","(8, 97)",2,-0.1906388078564918
pmid_grdf_gauss_max + pstart_afs_bessel_std,"pmid_grdf_gauss_max,pstart_afs_bessel_std","(82, 97)",2,-0.19079659821401612
pline_grdf_bessel_max + pstart_afs_gauss_std,"pline_grdf_bessel_max,pstart_afs_gauss_std","(54, 100)",2,-0.19085156687745455
pmid_afs_bessel_max + pmid_afs_bessel_mean,"pmid_afs_bessel_max,pmid_afs_bessel_mean","(70, 71)",2,-0.1908982427661284
pend_grdf_trig_std + pline_grdf_bessel_std,"pend_grdf_trig_std,pline_grdf_bessel_std","(45, 56)",2,-0.19089859374353452
kpath_angle_deg + pend_grdf_trig_std,"kpath_angle_deg,pend_grdf_trig_std","(14, 45)",2,-0.19097659167573983
pline_plane_sum_Z4 + pmid_plane_max_Z,"pline_plane_sum_Z4,pmid_plane_max_Z","(69, 90)",2,-0.19105286259945173
pline_plane_sum_Z4 + pstart_plane_max_Z,"pline_plane_sum_Z4,pstart_plane_max_Z","(69, 115)",2,-0.19105286259945173
pstart_grdf_bessel_max + pstart_grdf_trig_std,"pstart_grdf_bessel_max,pstart_grdf_trig_std","(104, 112)",2,-0.19108996041967477
pmid_afs_bessel_max + pmid_grdf_gauss_mean,"pmid_afs_bessel_max,pmid_grdf_gauss_mean","(70, 83)",2,-0.19110565933026863
band_binary + pmid_plane_max_Z,"band_binary,pmid_plane_max_Z","(5, 90)",2,-0.19115157673373334
band_binary + pstart_plane_max_Z,"band_binary,pstart_plane_max_Z","(5, 115)",2,-0.19115157673373334
band_binary + pend_plane_max_Z,"band_binary,pend_plane_max_Z","(5, 48)",2,-0.19115157673373334
band_binary + max_Z4,"band_binary,max_Z4","(5, 24)",2,-0.19115157673373334
band_binary + max_Z,"band_binary,max_Z","(5, 23)",2,-0.19115157673373334
pline_grdf_gauss_mean + pstart_plane_max_Z,"pline_grdf_gauss_mean,pstart_plane_max_Z","(58, 115)",2,-0.19117923176233445
pline_grdf_gauss_mean + pmid_plane_max_Z,"pline_grdf_gauss_mean,pmid_plane_max_Z","(58, 90)",2,-0.19117923176233445
pline_plane_max_Z + pstart_grdf_gauss_std,"pline_plane_max_Z,pstart_grdf_gauss_std","(65, 109)",2,-0.1911821939987284
ktotal_weight + pend_grdf_bessel_std,"ktotal_weight,pend_grdf_bessel_std","(19, 39)",2,-0.19123616688968542
pline_plane_mean_Z + pmid_afs_trig_max,"pline_plane_mean_Z,pmid_afs_trig_max","(67, 76)",2,-0.1913586286189167
pline_plane_max_Z + pstart_afs_gauss_max,"pline_plane_max_Z,pstart_afs_gauss_max","(65, 98)",2,-0.191398114476376
pmid_afs_gauss_max + pstart_plane_heavy_frac,"pmid_afs_gauss_max,pstart_plane_heavy_frac","(73, 114)",2,-0.19150305327472814
pstart_afs_gauss_std + radius_mean,"pstart_afs_gauss_std,radius_mean","(100, 121)",2,-0.19150575264846587
pend_grdf_gauss_std + pend_plane_sum_Z4,"pend_grdf_gauss_std,pend_plane_sum_Z4","(42, 52)",2,-0.19152810074628163
pline_plane_mean_mass + pmid_afs_bessel_std,"pline_plane_mean_mass,pmid_afs_bessel_std","(68, 72)",2,-0.19152963484196445
pend_plane_max_mass + pmid_afs_trig_mean,"pend_plane_max_mass,pmid_afs_trig_mean","(49, 77)",2,-0.19157855152457032
max_mass + pmid_afs_trig_mean,"max_mass,pmid_afs_trig_mean","(25, 77)",2,-0.19157855152457032
pend_afs_gauss_max + pend_grdf_bessel_std,"pend_afs_gauss_max,pend_grdf_bessel_std","(31, 39)",2,-0.19162550245821044
ehull + pstart_afs_gauss_mean,"ehull,pstart_afs_gauss_mean","(7, 99)",2,-0.1916634130328648
pend_plane_sum_Z4 + pmid_grdf_trig_std,"pend_plane_sum_Z4,pmid_grdf_trig_std","(52, 87)",2,-0.19166939839055985
kpath_real_distance + pline_plane_sum_Z4,"kpath_real_distance,pline_plane_sum_Z4","(15, 69)",2,-0.1916933825525933
pstart_afs_trig_max + radius_mean,"pstart_afs_trig_max,radius_mean","(101, 121)",2,-0.19175018167946595
pmid_afs_bessel_mean + pmid_afs_trig_max,"pmid_afs_bessel_mean,pmid_afs_trig_max","(71, 76)",2,-0.191787847747598
E_pfrac_CBM + kvec_z,"E_pfrac_CBM,kvec_z","(0, 22)",2,-0.19178878969014307
pline_grdf_trig_max + pstart_afs_gauss_std,"pline_grdf_trig_max,pstart_afs_gauss_std","(60, 100)",2,-0.19184302026564568
pstart_afs_bessel_max + pstart_grdf_trig_max,"pstart_afs_bessel_max,pstart_grdf_trig_max","(95, 110)",2,-0.19195757847730915
pline_grdf_bessel_max + sum_Z4,"pline_grdf_bessel_max,sum_Z4","(54, 122)",2,-0.191979512956366
pmid_plane_mean_Z + pstart_afs_gauss_max,"pmid_plane_mean_Z,pstart_afs_gauss_max","(92, 98)",2,-0.1919909324505166
pline_plane_sum_Z4 + pmid_grdf_trig_std,"pline_plane_sum_Z4,pmid_grdf_trig_std","(69, 87)",2,-0.19201770477654656
kend_degen + pstart_grdf_trig_std,"kend_degen,pstart_grdf_trig_std","(8, 112)",2,-0.1920527845264791
kstart_degen + pend_plane_max_Z,"kstart_degen,pend_plane_max_Z","(16, 48)",2,-0.19206877418727025
kstart_degen + pmid_plane_max_Z,"kstart_degen,pmid_plane_max_Z","(16, 90)",2,-0.19206877418727025
kstart_degen + max_Z4,"kstart_degen,max_Z4","(16, 24)",2,-0.19206877418727025
kstart_degen + max_Z,"kstart_degen,max_Z","(16, 23)",2,-0.19206877418727025
kstart_degen + pstart_plane_max_Z,"kstart_degen,pstart_plane_max_Z","(16, 115)",2,-0.19206877418727025
band_binary + pstart_afs_bessel_std,"band_binary,pstart_afs_bessel_std","(5, 97)",2,-0.19219668095878412
band_binary + pstart_grdf_trig_mean,"band_binary,pstart_grdf_trig_mean","(5, 111)",2,-0.1923812436443316
pend_afs_gauss_std + pend_plane_mean_mass,"pend_afs_gauss_std,pend_plane_mean_mass","(33, 51)",2,-0.19243457509886727
pend_afs_gauss_mean + pend_grdf_gauss_mean,"pend_afs_gauss_mean,pend_grdf_gauss_mean","(32, 41)",2,-0.1924482835513735
pline_grdf_trig_mean + pmid_grdf_gauss_mean,"pline_grdf_trig_mean,pmid_grdf_gauss_mean","(61, 83)",2,-0.19250266775855343
kvec_z + pmid_afs_trig_max,"kvec_z,pmid_afs_trig_max","(22, 76)",2,-0.19261364901873648
pline_grdf_bessel_max + pstart_grdf_trig_mean,"pline_grdf_bessel_max,pstart_grdf_trig_mean","(54, 111)",2,-0.19264246129368048
pmid_afs_gauss_std + radius_diff,"pmid_afs_gauss_std,radius_diff","(75, 120)",2,-0.1926639555980632
pline_grdf_gauss_max + pmid_afs_bessel_std,"pline_grdf_gauss_max,pmid_afs_bessel_std","(57, 72)",2,-0.1926742675668291
n_elements + pend_afs_bessel_std,"n_elements,pend_afs_bessel_std","(27, 30)",2,-0.1927005855883504
kpath_angle_deg + radius_mean,"kpath_angle_deg,radius_mean","(14, 121)",2,-0.19284167261950153
pend_afs_bessel_std + pline_grdf_gauss_std,"pend_afs_bessel_std,pline_grdf_gauss_std","(30, 59)",2,-0.19284770383588853
X_diff + pmid_afs_trig_std,"X_diff,pmid_afs_trig_std","(3, 78)",2,-0.1929439637113383
pmid_afs_trig_mean + pstart_afs_gauss_mean,"pmid_afs_trig_mean,pstart_afs_gauss_mean","(77, 99)",2,-0.19302092406399554
pmid_afs_bessel_max + pmid_grdf_gauss_max,"pmid_afs_bessel_max,pmid_grdf_gauss_max","(70, 82)",2,-0.19302604409022228
pend_afs_gauss_max + pmid_grdf_bessel_std,"pend_afs_gauss_max,pmid_grdf_bessel_std","(31, 81)",2,-0.1930279038250166
kstart_degen + pmid_afs_bessel_std,"kstart_degen,pmid_afs_bessel_std","(16, 72)",2,-0.1930964390165053
pline_plane_max_mass + pstart_grdf_gauss_std,"pline_plane_max_mass,pstart_grdf_gauss_std","(66, 109)",2,-0.19321349457347478
kstart_degen + pstart_grdf_gauss_std,"kstart_degen,pstart_grdf_gauss_std","(16, 109)",2,-0.19322899996873524
pend_afs_trig_max + pline_plane_heavy_frac,"pend_afs_trig_max,pline_plane_heavy_frac","(34, 64)",2,-0.19331616766009602
pmid_grdf_trig_std + pmid_plane_sum_Z4,"pmid_grdf_trig_std,pmid_plane_sum_Z4","(87, 94)",2,-0.1933754038401614
max_Z + max_Z4,"max_Z,max_Z4","(23, 24)",2,-0.19337853348301232
max_Z4 + pmid_plane_max_Z,"max_Z4,pmid_plane_max_Z","(24, 90)",2,-0.19337853348301232
max_Z4 + pend_plane_max_Z,"max_Z4,pend_plane_max_Z","(24, 48)",2,-0.19337853348301232
pend_plane_max_Z + pmid_plane_max_Z,"pend_plane_max_Z,pmid_plane_max_Z","(48, 90)",2,-0.19337853348301232
max_Z + pmid_plane_max_Z,"max_Z,pmid_plane_max_Z","(23, 90)",2,-0.19337853348301232
max_Z + pend_plane_max_Z,"max_Z,pend_plane_max_Z","(23, 48)",2,-0.19337853348301232
max_Z4 + pstart_plane_max_Z,"max_Z4,pstart_plane_max_Z","(24, 115)",2,-0.19337853348301232
pend_plane_max_Z + pstart_plane_max_Z,"pend_plane_max_Z,pstart_plane_max_Z","(48, 115)",2,-0.19337853348301232
pmid_plane_max_Z + pstart_plane_max_Z,"pmid_plane_max_Z,pstart_plane_max_Z","(90, 115)",2,-0.19337853348301232
max_Z + pstart_plane_max_Z,"max_Z,pstart_plane_max_Z","(23, 115)",2,-0.19337853348301232
pstart_grdf_bessel_std + radius_diff,"pstart_grdf_bessel_std,radius_diff","(106, 120)",2,-0.1934174864889942
kstart_degen + kvec_x,"kstart_degen,kvec_x","(16, 20)",2,-0.19356061306047054
E_pfrac_CBM + kend_frac_y,"E_pfrac_CBM,kend_frac_y","(0, 10)",2,-0.193581528366413
mean_Z + pmid_grdf_gauss_max,"mean_Z,pmid_grdf_gauss_max","(26, 82)",2,-0.19359353062654244
ktotal_weight + max_Z4,"ktotal_weight,max_Z4","(19, 24)",2,-0.19368769410390424
ktotal_weight + pmid_plane_max_Z,"ktotal_weight,pmid_plane_max_Z","(19, 90)",2,-0.19368769410390424
ktotal_weight + max_Z,"ktotal_weight,max_Z","(19, 23)",2,-0.19368769410390424
ktotal_weight + pend_plane_max_Z,"ktotal_weight,pend_plane_max_Z","(19, 48)",2,-0.19368769410390424
ktotal_weight + pstart_plane_max_Z,"ktotal_weight,pstart_plane_max_Z","(19, 115)",2,-0.19368769410390424
E_pfrac_relevant + pmid_grdf_bessel_max,"E_pfrac_relevant,pmid_grdf_bessel_max","(2, 79)",2,-0.19377572720791847
pstart_afs_gauss_max + pstart_plane_heavy_frac,"pstart_afs_gauss_max,pstart_plane_heavy_frac","(98, 114)",2,-0.19377825327771764
ehull + pstart_afs_trig_std,"ehull,pstart_afs_trig_std","(7, 103)",2,-0.19385920472937215
pmid_grdf_gauss_max + pstart_plane_heavy_frac,"pmid_grdf_gauss_max,pstart_plane_heavy_frac","(82, 114)",2,-0.1938636615579677
kend_frac_y + radius_diff,"kend_frac_y,radius_diff","(10, 120)",2,-0.1938995098297009
pline_plane_sum_Z4 + pstart_afs_gauss_max,"pline_plane_sum_Z4,pstart_afs_gauss_max","(69, 98)",2,-0.19392457210623412
pend_grdf_gauss_std + pstart_afs_trig_mean,"pend_grdf_gauss_std,pstart_afs_trig_mean","(42, 102)",2,-0.19393389956859758
kend_frac_y + pstart_afs_gauss_max,"kend_frac_y,pstart_afs_gauss_max","(10, 98)",2,-0.19397966253269955
pmid_plane_heavy_frac + pstart_plane_mean_Z,"pmid_plane_heavy_frac,pstart_plane_mean_Z","(89, 117)",2,-0.1939834951034783
pmid_plane_mean_mass + pstart_grdf_bessel_std,"pmid_plane_mean_mass,pstart_grdf_bessel_std","(93, 106)",2,-0.19409378706629718
E_pfrac_CBM + pline_grdf_bessel_std,"E_pfrac_CBM,pline_grdf_bessel_std","(0, 56)",2,-0.19411484351673064
kstart_frac_y + pmid_grdf_trig_std,"kstart_frac_y,pmid_grdf_trig_std","(18, 87)",2,-0.19417810392270068
pend_afs_trig_max + pend_afs_trig_std,"pend_afs_trig_max,pend_afs_trig_std","(34, 36)",2,-0.19421445894381634
kstart_degen + pend_grdf_trig_std,"kstart_degen,pend_grdf_trig_std","(16, 45)",2,-0.1942982828176579
pend_grdf_bessel_mean + pmid_grdf_gauss_max,"pend_grdf_bessel_mean,pmid_grdf_gauss_max","(38, 82)",2,-0.1943205474978576
n_elements + pmid_grdf_trig_std,"n_elements,pmid_grdf_trig_std","(27, 87)",2,-0.19433525085109188
E_pfrac_CBM + pmid_n_atoms_on_plane,"E_pfrac_CBM,pmid_n_atoms_on_plane","(0, 88)",2,-0.1943720063137352
plane_angle_deg + pmid_afs_bessel_std,"plane_angle_deg,pmid_afs_bessel_std","(53, 72)",2,-0.19441906363029243
pline_grdf_gauss_mean + pstart_afs_gauss_std,"pline_grdf_gauss_mean,pstart_afs_gauss_std","(58, 100)",2,-0.19446410382171425
max_mass + n_elements,"max_mass,n_elements","(25, 27)",2,-0.1944916900687404
kmid_frac_y + pmid_afs_bessel_std,"kmid_frac_y,pmid_afs_bessel_std","(13, 72)",2,-0.19456543084579447
kend_frac_y + pstart_afs_bessel_std,"kend_frac_y,pstart_afs_bessel_std","(10, 97)",2,-0.19457301751070755
kmid_frac_x + pstart_afs_trig_max,"kmid_frac_x,pstart_afs_trig_max","(12, 101)",2,-0.19457504626820366
pline_grdf_trig_max + pmid_grdf_gauss_mean,"pline_grdf_trig_max,pmid_grdf_gauss_mean","(60, 83)",2,-0.1946546035052892
pmid_afs_trig_std + pmid_plane_sum_Z4,"pmid_afs_trig_std,pmid_plane_sum_Z4","(78, 94)",2,-0.1946861552729918
kend_degen + mean_Z,"kend_degen,mean_Z","(8, 26)",2,-0.1947777783153541
pstart_afs_trig_std + pstart_plane_mean_Z,"pstart_afs_trig_std,pstart_plane_mean_Z","(103, 117)",2,-0.19480414486538408
pline_grdf_bessel_std + pstart_afs_gauss_max,"pline_grdf_bessel_std,pstart_afs_gauss_max","(56, 98)",2,-0.19480544466447383
pline_plane_sum_Z4 + pmid_afs_bessel_std,"pline_plane_sum_Z4,pmid_afs_bessel_std","(69, 72)",2,-0.1948276268195231
kvec_x + pline_grdf_gauss_max,"kvec_x,pline_grdf_gauss_max","(20, 57)",2,-0.19492659550890315
pmid_plane_max_Z + pstart_grdf_gauss_max,"pmid_plane_max_Z,pstart_grdf_gauss_max","(90, 107)",2,-0.19495549333193757
pend_plane_max_Z + pstart_grdf_gauss_max,"pend_plane_max_Z,pstart_grdf_gauss_max","(48, 107)",2,-0.19495549333193757
max_Z4 + pstart_grdf_gauss_max,"max_Z4,pstart_grdf_gauss_max","(24, 107)",2,-0.19495549333193757
max_Z + pstart_grdf_gauss_max,"max_Z,pstart_grdf_gauss_max","(23, 107)",2,-0.19495549333193757
kstart_frac_y + max_Z4,"kstart_frac_y,max_Z4","(18, 24)",2,-0.1949624897713354
kstart_frac_y + max_Z,"kstart_frac_y,max_Z","(18, 23)",2,-0.1949624897713354
kstart_frac_y + pmid_plane_max_Z,"kstart_frac_y,pmid_plane_max_Z","(18, 90)",2,-0.1949624897713354
kstart_frac_y + pstart_plane_max_Z,"kstart_frac_y,pstart_plane_max_Z","(18, 115)",2,-0.1949624897713354
kstart_frac_y + pend_plane_max_Z,"kstart_frac_y,pend_plane_max_Z","(18, 48)",2,-0.1949624897713354
pline_plane_mean_mass + pstart_afs_trig_max,"pline_plane_mean_mass,pstart_afs_trig_max","(68, 101)",2,-0.1949878817015021
pend_grdf_gauss_max + pmid_n_atoms_on_plane,"pend_grdf_gauss_max,pmid_n_atoms_on_plane","(40, 88)",2,-0.1949927396073194
kpath_real_distance + kstart_frac_y,"kpath_real_distance,kstart_frac_y","(15, 18)",2,-0.1950076933366061
kvec_x + pstart_plane_heavy_frac,"kvec_x,pstart_plane_heavy_frac","(20, 114)",2,-0.19522534310780743
pmid_afs_trig_mean + pmid_plane_max_mass,"pmid_afs_trig_mean,pmid_plane_max_mass","(77, 91)",2,-0.19523583488431395
pmid_afs_trig_mean + pstart_plane_max_mass,"pmid_afs_trig_mean,pstart_plane_max_mass","(77, 116)",2,-0.19523583488431395
pline_plane_heavy_frac + pstart_afs_gauss_max,"pline_plane_heavy_frac,pstart_afs_gauss_max","(64, 98)",2,-0.19530442692846245
kpath_real_distance + pstart_plane_max_Z,"kpath_real_distance,pstart_plane_max_Z","(15, 115)",2,-0.19535272007927482
kpath_real_distance + pmid_plane_max_Z,"kpath_real_distance,pmid_plane_max_Z","(15, 90)",2,-0.19535272007927482
kpath_real_distance + max_Z4,"kpath_real_distance,max_Z4","(15, 24)",2,-0.19535272007927482
kpath_real_distance + max_Z,"kpath_real_distance,max_Z","(15, 23)",2,-0.19535272007927482
kpath_real_distance + pend_plane_max_Z,"kpath_real_distance,pend_plane_max_Z","(15, 48)",2,-0.19535272007927482
pmid_grdf_bessel_std + pstart_afs_bessel_std,"pmid_grdf_bessel_std,pstart_afs_bessel_std","(81, 97)",2,-0.19540454159410342
kpath_real_distance + kstart_frac_x,"kpath_real_distance,kstart_frac_x","(15, 17)",2,-0.19560171190653988
ehull + pend_afs_gauss_mean,"ehull,pend_afs_gauss_mean","(7, 32)",2,-0.19565085137852917
n_elements + pend_plane_max_mass,"n_elements,pend_plane_max_mass","(27, 49)",2,-0.19573221578701303
n_elements + pmid_plane_max_mass,"n_elements,pmid_plane_max_mass","(27, 91)",2,-0.19573221578701303
n_elements + pstart_plane_max_mass,"n_elements,pstart_plane_max_mass","(27, 116)",2,-0.19573221578701303
pmid_afs_trig_max + pmid_plane_mean_Z,"pmid_afs_trig_max,pmid_plane_mean_Z","(76, 92)",2,-0.19575396941369938
pend_afs_gauss_mean + pstart_afs_gauss_max,"pend_afs_gauss_mean,pstart_afs_gauss_max","(32, 98)",2,-0.1957778849093082
E_pfrac_VBM + pline_plane_heavy_frac,"E_pfrac_VBM,pline_plane_heavy_frac","(1, 64)",2,-0.19581039904503877
pend_afs_bessel_mean + pstart_afs_bessel_max,"pend_afs_bessel_mean,pstart_afs_bessel_max","(29, 95)",2,-0.19593656854945413
pline_plane_mean_Z + pstart_afs_trig_max,"pline_plane_mean_Z,pstart_afs_trig_max","(67, 101)",2,-0.19595307468929096
kmid_frac_y + pmid_plane_max_mass,"kmid_frac_y,pmid_plane_max_mass","(13, 91)",2,-0.19602480310478593
kmid_frac_y + pstart_plane_max_mass,"kmid_frac_y,pstart_plane_max_mass","(13, 116)",2,-0.19602480310478593
kmid_frac_y + pend_plane_max_mass,"kmid_frac_y,pend_plane_max_mass","(13, 49)",2,-0.19602480310478593
kmid_frac_y + max_mass,"kmid_frac_y,max_mass","(13, 25)",2,-0.19602480310478593
ktotal_weight + pmid_afs_bessel_std,"ktotal_weight,pmid_afs_bessel_std","(19, 72)",2,-0.19604522024498566
kend_frac_x + pstart_grdf_trig_std,"kend_frac_x,pstart_grdf_trig_std","(9, 112)",2,-0.19607652573673823
max_mass + pend_n_atoms_on_plane,"max_mass,pend_n_atoms_on_plane","(25, 46)",2,-0.19610022939393013
pend_plane_sum_Z4 + pstart_afs_gauss_mean,"pend_plane_sum_Z4,pstart_afs_gauss_mean","(52, 99)",2,-0.19612644948600155
E_pfrac_VBM + ehull,"E_pfrac_VBM,ehull","(1, 7)",2,-0.1961319971424042
pline_grdf_gauss_std + pstart_grdf_gauss_std,"pline_grdf_gauss_std,pstart_grdf_gauss_std","(59, 109)",2,-0.19620380503635712
pend_grdf_trig_std + radius_diff,"pend_grdf_trig_std,radius_diff","(45, 120)",2,-0.19624915496513473
pend_grdf_bessel_max + pmid_afs_gauss_mean,"pend_grdf_bessel_max,pmid_afs_gauss_mean","(37, 74)",2,-0.19628622673913732
pline_grdf_trig_mean + pmid_grdf_trig_std,"pline_grdf_trig_mean,pmid_grdf_trig_std","(61, 87)",2,-0.19628689984393466
E_pfrac_VBM + pline_grdf_gauss_mean,"E_pfrac_VBM,pline_grdf_gauss_mean","(1, 58)",2,-0.19632182511580937
ktotal_weight + sum_Z4,"ktotal_weight,sum_Z4","(19, 122)",2,-0.19637062709448244
pend_afs_gauss_mean + pstart_plane_sum_Z4,"pend_afs_gauss_mean,pstart_plane_sum_Z4","(32, 119)",2,-0.19641642901674525
pline_plane_mean_Z + pmid_grdf_gauss_mean,"pline_plane_mean_Z,pmid_grdf_gauss_mean","(67, 83)",2,-0.19650990809889116
kvec_x + pline_plane_max_mass,"kvec_x,pline_plane_max_mass","(20, 66)",2,-0.196523197437733
kstart_frac_y + kvec_x,"kstart_frac_y,kvec_x","(18, 20)",2,-0.19653281409541942
pend_afs_trig_std + pmid_afs_trig_std,"pend_afs_trig_std,pmid_afs_trig_std","(36, 78)",2,-0.19654898057322134
pline_plane_mean_Z + pstart_afs_gauss_std,"pline_plane_mean_Z,pstart_afs_gauss_std","(67, 100)",2,-0.19655557334485688
pmid_grdf_gauss_max + radius_diff,"pmid_grdf_gauss_max,radius_diff","(82, 120)",2,-0.19660618878874858
pend_afs_trig_mean + pend_grdf_gauss_mean,"pend_afs_trig_mean,pend_grdf_gauss_mean","(35, 41)",2,-0.19665134729035777
pstart_afs_trig_std + sum_Z4,"pstart_afs_trig_std,sum_Z4","(103, 122)",2,-0.19666204654823577
band_binary + pmid_n_atoms_on_plane,"band_binary,pmid_n_atoms_on_plane","(5, 88)",2,-0.19668707807292157
kpath_real_distance + pend_grdf_trig_std,"kpath_real_distance,pend_grdf_trig_std","(15, 45)",2,-0.1967103728830696
kvec_x + pline_plane_mean_Z,"kvec_x,pline_plane_mean_Z","(20, 67)",2,-0.19682022765262705
band_binary + pend_plane_max_mass,"band_binary,pend_plane_max_mass","(5, 49)",2,-0.19690740842945903
band_binary + pstart_plane_max_mass,"band_binary,pstart_plane_max_mass","(5, 116)",2,-0.19690740842945903
band_binary + max_mass,"band_binary,max_mass","(5, 25)",2,-0.19690740842945903
band_binary + pmid_plane_max_mass,"band_binary,pmid_plane_max_mass","(5, 91)",2,-0.19690740842945903
max_mass + pend_afs_trig_max,"max_mass,pend_afs_trig_max","(25, 34)",2,-0.19692407196033282
kvec_x + pend_grdf_gauss_max,"kvec_x,pend_grdf_gauss_max","(20, 40)",2,-0.1969392972435057
pline_plane_max_Z + pmid_grdf_gauss_mean,"pline_plane_max_Z,pmid_grdf_gauss_mean","(65, 83)",2,-0.1973411341899413
pline_grdf_trig_mean + pmid_afs_bessel_std,"pline_grdf_trig_mean,pmid_afs_bessel_std","(61, 72)",2,-0.19737465949913818
kvec_z + pend_grdf_trig_std,"kvec_z,pend_grdf_trig_std","(22, 45)",2,-0.19738266882819427
kstart_frac_x + pend_afs_bessel_std,"kstart_frac_x,pend_afs_bessel_std","(17, 30)",2,-0.1975084156354537
pmid_afs_gauss_mean + pstart_afs_gauss_max,"pmid_afs_gauss_mean,pstart_afs_gauss_max","(74, 98)",2,-0.19763395074103834
pend_afs_bessel_std + pline_plane_mean_Z,"pend_afs_bessel_std,pline_plane_mean_Z","(30, 67)",2,-0.1976524472527887
pstart_afs_bessel_mean + pstart_afs_bessel_std,"pstart_afs_bessel_mean,pstart_afs_bessel_std","(96, 97)",2,-0.19766400942537538
pmid_grdf_gauss_std + pmid_plane_mean_Z,"pmid_grdf_gauss_std,pmid_plane_mean_Z","(84, 92)",2,-0.19776520334445652
pend_afs_trig_mean + pmid_n_atoms_on_plane,"pend_afs_trig_mean,pmid_n_atoms_on_plane","(35, 88)",2,-0.19780506442831597
pmid_afs_gauss_max + pmid_plane_mean_Z,"pmid_afs_gauss_max,pmid_plane_mean_Z","(73, 92)",2,-0.19791159961733787
pstart_grdf_gauss_max + pstart_grdf_trig_std,"pstart_grdf_gauss_max,pstart_grdf_trig_std","(107, 112)",2,-0.19791764758904754
pstart_afs_bessel_mean + pstart_afs_trig_max,"pstart_afs_bessel_mean,pstart_afs_trig_max","(96, 101)",2,-0.19793655211668662
pmid_plane_sum_Z4 + pstart_grdf_bessel_std,"pmid_plane_sum_Z4,pstart_grdf_bessel_std","(94, 106)",2,-0.1979444597159259
kinterior_degen + pend_grdf_bessel_std,"kinterior_degen,pend_grdf_bessel_std","(11, 39)",2,-0.1979727279369894
mean_Z + pmid_afs_bessel_std,"mean_Z,pmid_afs_bessel_std","(26, 72)",2,-0.19800324530808247
pend_plane_mean_mass + pstart_grdf_bessel_std,"pend_plane_mean_mass,pstart_grdf_bessel_std","(51, 106)",2,-0.19804963590214203
pmid_afs_trig_mean + pstart_plane_mean_Z,"pmid_afs_trig_mean,pstart_plane_mean_Z","(77, 117)",2,-0.19808215067262258
pline_grdf_bessel_max + pmid_grdf_trig_std,"pline_grdf_bessel_max,pmid_grdf_trig_std","(54, 87)",2,-0.19821297594399226
pstart_afs_gauss_mean + radius_mean,"pstart_afs_gauss_mean,radius_mean","(99, 121)",2,-0.19822453528452727
kend_degen + pend_n_atoms_on_plane,"kend_degen,pend_n_atoms_on_plane","(8, 46)",2,-0.19826987528313375
pmid_afs_gauss_mean + pmid_plane_sum_Z4,"pmid_afs_gauss_mean,pmid_plane_sum_Z4","(74, 94)",2,-0.19827277474909882
pend_afs_gauss_std + pstart_grdf_bessel_std,"pend_afs_gauss_std,pstart_grdf_bessel_std","(33, 106)",2,-0.19828262815604422
pmid_grdf_bessel_max + pstart_grdf_trig_std,"pmid_grdf_bessel_max,pstart_grdf_trig_std","(79, 112)",2,-0.19837460503267784
E_pfrac_VBM + pmid_plane_heavy_frac,"E_pfrac_VBM,pmid_plane_heavy_frac","(1, 89)",2,-0.19839055197990133
pline_plane_max_mass + pmid_grdf_trig_std,"pline_plane_max_mass,pmid_grdf_trig_std","(66, 87)",2,-0.1984856997349753
pend_afs_gauss_mean + radius_mean,"pend_afs_gauss_mean,radius_mean","(32, 121)",2,-0.19849557492897635
kend_frac_y + mean_Z,"kend_frac_y,mean_Z","(10, 26)",2,-0.198499280150287
pend_afs_trig_std + pmid_grdf_bessel_mean,"pend_afs_trig_std,pmid_grdf_bessel_mean","(36, 80)",2,-0.19861248503032747
pend_afs_gauss_max + pline_grdf_bessel_mean,"pend_afs_gauss_max,pline_grdf_bessel_mean","(31, 55)",2,-0.19866228906127564
kmid_frac_y + pmid_plane_max_Z,"kmid_frac_y,pmid_plane_max_Z","(13, 90)",2,-0.19871279438113085
kmid_frac_y + pend_plane_max_Z,"kmid_frac_y,pend_plane_max_Z","(13, 48)",2,-0.19871279438113085
kmid_frac_y + pstart_plane_max_Z,"kmid_frac_y,pstart_plane_max_Z","(13, 115)",2,-0.19871279438113085
kmid_frac_y + max_Z4,"kmid_frac_y,max_Z4","(13, 24)",2,-0.19871279438113085
kmid_frac_y + max_Z,"kmid_frac_y,max_Z","(13, 23)",2,-0.19871279438113085
pend_grdf_gauss_max + pend_plane_heavy_frac,"pend_grdf_gauss_max,pend_plane_heavy_frac","(40, 47)",2,-0.19873875707952177
kvec_z + pmid_grdf_gauss_mean,"kvec_z,pmid_grdf_gauss_mean","(22, 83)",2,-0.19875333870931464
pmid_afs_trig_max + pmid_grdf_gauss_mean,"pmid_afs_trig_max,pmid_grdf_gauss_mean","(76, 83)",2,-0.19880037037921766
kend_frac_y + pmid_grdf_gauss_mean,"kend_frac_y,pmid_grdf_gauss_mean","(10, 83)",2,-0.1988281222342538
pend_plane_sum_Z4 + pstart_afs_trig_std,"pend_plane_sum_Z4,pstart_afs_trig_std","(52, 103)",2,-0.19885860742730904
pmid_grdf_gauss_std + pmid_plane_mean_mass,"pmid_grdf_gauss_std,pmid_plane_mean_mass","(84, 93)",2,-0.19891432804550618
X_mean + pstart_grdf_gauss_max,"X_mean,pstart_grdf_gauss_max","(4, 107)",2,-0.19891434154914284
kend_frac_y + pstart_afs_trig_max,"kend_frac_y,pstart_afs_trig_max","(10, 101)",2,-0.1990198307954359
plane_angle_deg + radius_diff,"plane_angle_deg,radius_diff","(53, 120)",2,-0.19913482451612902
max_Z4 + pend_afs_trig_mean,"max_Z4,pend_afs_trig_mean","(24, 35)",2,-0.1991551628117587
max_Z + pend_afs_trig_mean,"max_Z,pend_afs_trig_mean","(23, 35)",2,-0.1991551628117587
pline_plane_max_mass + pstart_grdf_bessel_std,"pline_plane_max_mass,pstart_grdf_bessel_std","(66, 106)",2,-0.19920321687283765
ehull + pmid_afs_bessel_mean,"ehull,pmid_afs_bessel_mean","(7, 71)",2,-0.1992932101895058
pend_plane_sum_Z4 + pmid_afs_gauss_max,"pend_plane_sum_Z4,pmid_afs_gauss_max","(52, 73)",2,-0.19937338404251054
ehull + pmid_n_atoms_on_plane,"ehull,pmid_n_atoms_on_plane","(7, 88)",2,-0.19946242010215343
kstart_frac_x + pend_afs_gauss_max,"kstart_frac_x,pend_afs_gauss_max","(17, 31)",2,-0.1994922543924916
pend_n_atoms_on_plane + pstart_afs_bessel_mean,"pend_n_atoms_on_plane,pstart_afs_bessel_mean","(46, 96)",2,-0.1995115556593559
X_diff + band_binary,"X_diff,band_binary","(3, 5)",2,-0.19956156606980485
kstart_frac_y + pstart_afs_gauss_std,"kstart_frac_y,pstart_afs_gauss_std","(18, 100)",2,-0.19960610809960078
pend_plane_heavy_frac + pstart_plane_sum_Z4,"pend_plane_heavy_frac,pstart_plane_sum_Z4","(47, 119)",2,-0.19975793047361576
n_elements + pstart_grdf_trig_mean,"n_elements,pstart_grdf_trig_mean","(27, 111)",2,-0.19975860312239974
pmid_afs_gauss_max + pstart_plane_sum_Z4,"pmid_afs_gauss_max,pstart_plane_sum_Z4","(73, 119)",2,-0.19981722567447635
bandgap + pend_grdf_bessel_std,"bandgap,pend_grdf_bessel_std","(6, 39)",2,-0.19984134345073223
pend_afs_gauss_std + pend_grdf_trig_std,"pend_afs_gauss_std,pend_grdf_trig_std","(33, 45)",2,-0.19987579585829057
pend_plane_mean_mass + pmid_grdf_gauss_max,"pend_plane_mean_mass,pmid_grdf_gauss_max","(51, 82)",2,-0.19994179159189077
E_pfrac_CBM + kstart_frac_y,"E_pfrac_CBM,kstart_frac_y","(0, 18)",2,-0.2001149523681959
bandgap + pstart_grdf_trig_max,"bandgap,pstart_grdf_trig_max","(6, 110)",2,-0.20011498617186835
pline_plane_heavy_frac + pmid_grdf_gauss_mean,"pline_plane_heavy_frac,pmid_grdf_gauss_mean","(64, 83)",2,-0.2001191012550217
pend_grdf_gauss_std + pstart_plane_sum_Z4,"pend_grdf_gauss_std,pstart_plane_sum_Z4","(42, 119)",2,-0.20022457002783586
kvec_x + n_elements,"kvec_x,n_elements","(20, 27)",2,-0.20028249701221607
pend_afs_bessel_std + pline_plane_max_mass,"pend_afs_bessel_std,pline_plane_max_mass","(30, 66)",2,-0.20036194319803852
X_diff + pline_grdf_bessel_std,"X_diff,pline_grdf_bessel_std","(3, 56)",2,-0.20040283683514598
pstart_grdf_trig_mean + pstart_n_atoms_on_plane,"pstart_grdf_trig_mean,pstart_n_atoms_on_plane","(111, 113)",2,-0.20040362512618382
pmid_afs_bessel_max + pstart_afs_gauss_std,"pmid_afs_bessel_max,pstart_afs_gauss_std","(70, 100)",2,-0.20045342652429513
mean_Z + pline_grdf_trig_max,"mean_Z,pline_grdf_trig_max","(26, 60)",2,-0.2005415168219944
pline_plane_max_Z + pstart_afs_gauss_std,"pline_plane_max_Z,pstart_afs_gauss_std","(65, 100)",2,-0.2005555421981991
kstart_frac_x + pend_plane_max_mass,"kstart_frac_x,pend_plane_max_mass","(17, 49)",2,-0.20061709338899938
kstart_frac_x + pmid_plane_max_mass,"kstart_frac_x,pmid_plane_max_mass","(17, 91)",2,-0.20061709338899938
kstart_frac_x + pstart_plane_max_mass,"kstart_frac_x,pstart_plane_max_mass","(17, 116)",2,-0.20061709338899938
kstart_frac_x + max_mass,"kstart_frac_x,max_mass","(17, 25)",2,-0.20061709338899938
pmid_grdf_bessel_std + pstart_afs_gauss_max,"pmid_grdf_bessel_std,pstart_afs_gauss_max","(81, 98)",2,-0.2006180719546134
pend_afs_trig_max + pline_grdf_bessel_max,"pend_afs_trig_max,pline_grdf_bessel_max","(34, 54)",2,-0.20065158227065233
E_pfrac_VBM + plane_angle_deg,"E_pfrac_VBM,plane_angle_deg","(1, 53)",2,-0.2006796634876406
pend_afs_trig_mean + pstart_afs_gauss_mean,"pend_afs_trig_mean,pstart_afs_gauss_mean","(35, 99)",2,-0.20079819349250005
pend_grdf_trig_std + pend_plane_sum_Z4,"pend_grdf_trig_std,pend_plane_sum_Z4","(45, 52)",2,-0.20082733063084213
kmid_frac_x + pstart_grdf_gauss_mean,"kmid_frac_x,pstart_grdf_gauss_mean","(12, 108)",2,-0.20086011483712904
mean_Z + pmid_n_atoms_on_plane,"mean_Z,pmid_n_atoms_on_plane","(26, 88)",2,-0.2008985523749204
kpath_real_distance + pstart_afs_bessel_std,"kpath_real_distance,pstart_afs_bessel_std","(15, 97)",2,-0.200961377892419
pmid_afs_trig_max + sum_Z4,"pmid_afs_trig_max,sum_Z4","(76, 122)",2,-0.20096605216844615
pstart_grdf_gauss_max + pstart_plane_max_Z,"pstart_grdf_gauss_max,pstart_plane_max_Z","(107, 115)",2,-0.20109046407880635
kvec_x + pline_grdf_bessel_std,"kvec_x,pline_grdf_bessel_std","(20, 56)",2,-0.2011610903941951
E_pfrac_CBM + kstart_frac_x,"E_pfrac_CBM,kstart_frac_x","(0, 17)",2,-0.20118273548974352
pend_grdf_gauss_mean + pstart_afs_bessel_std,"pend_grdf_gauss_mean,pstart_afs_bessel_std","(41, 97)",2,-0.20118427045151938
ehull + pend_grdf_gauss_mean,"ehull,pend_grdf_gauss_mean","(7, 41)",2,-0.20119429565950128
pend_afs_bessel_std + pline_n_atoms_on_plane,"pend_afs_bessel_std,pline_n_atoms_on_plane","(30, 63)",2,-0.20121392122832776
pstart_afs_trig_std + pstart_plane_mean_mass,"pstart_afs_trig_std,pstart_plane_mean_mass","(103, 118)",2,-0.20122280939944695
pmid_plane_sum_Z4 + pstart_afs_trig_std,"pmid_plane_sum_Z4,pstart_afs_trig_std","(94, 103)",2,-0.20133435818817738
kpath_angle_deg + pmid_n_atoms_on_plane,"kpath_angle_deg,pmid_n_atoms_on_plane","(14, 88)",2,-0.20137813418783584
pmid_afs_gauss_mean + pstart_grdf_gauss_std,"pmid_afs_gauss_mean,pstart_grdf_gauss_std","(74, 109)",2,-0.20140404578465007
kend_frac_y + pmid_grdf_trig_std,"kend_frac_y,pmid_grdf_trig_std","(10, 87)",2,-0.20144247718504893
bandgap + pmid_grdf_gauss_std,"bandgap,pmid_grdf_gauss_std","(6, 84)",2,-0.2015527726160844
pmid_plane_mean_mass + pstart_afs_trig_std,"pmid_plane_mean_mass,pstart_afs_trig_std","(93, 103)",2,-0.2016312591841153
pstart_grdf_gauss_max + sum_Z4,"pstart_grdf_gauss_max,sum_Z4","(107, 122)",2,-0.2016488711056355
kvec_z + pend_n_atoms_on_plane,"kvec_z,pend_n_atoms_on_plane","(22, 46)",2,-0.20168450852014574
pline_grdf_bessel_max + pmid_afs_bessel_std,"pline_grdf_bessel_max,pmid_afs_bessel_std","(54, 72)",2,-0.201738769593988
pstart_grdf_bessel_std + pstart_plane_mean_mass,"pstart_grdf_bessel_std,pstart_plane_mean_mass","(106, 118)",2,-0.2017502635823083
pend_afs_bessel_std + pline_plane_sum_Z4,"pend_afs_bessel_std,pline_plane_sum_Z4","(30, 69)",2,-0.2018858349875142
E_pfrac_CBM + pend_afs_gauss_mean,"E_pfrac_CBM,pend_afs_gauss_mean","(0, 32)",2,-0.20193147501514241
E_pfrac_CBM + X_mean,"E_pfrac_CBM,X_mean","(0, 4)",2,-0.20195777051278138
pend_afs_gauss_max + pline_grdf_trig_max,"pend_afs_gauss_max,pline_grdf_trig_max","(31, 60)",2,-0.20202252310357777
radius_diff + sum_Z4,"radius_diff,sum_Z4","(120, 122)",2,-0.20212385019356988
pend_grdf_bessel_std + pmid_afs_bessel_std,"pend_grdf_bessel_std,pmid_afs_bessel_std","(39, 72)",2,-0.20218189693540597
pend_afs_bessel_mean + pmid_afs_bessel_max,"pend_afs_bessel_mean,pmid_afs_bessel_max","(29, 70)",2,-0.20231236573914851
pend_grdf_gauss_mean + pend_grdf_trig_std,"pend_grdf_gauss_mean,pend_grdf_trig_std","(41, 45)",2,-0.2024123154456706
pend_afs_trig_max + pstart_grdf_gauss_max,"pend_afs_trig_max,pstart_grdf_gauss_max","(34, 107)",2,-0.20243455177082517
kvec_z + pend_afs_trig_mean,"kvec_z,pend_afs_trig_mean","(22, 35)",2,-0.2024828792662686
kvec_z + pstart_grdf_bessel_std,"kvec_z,pstart_grdf_bessel_std","(22, 106)",2,-0.20253858701430238
max_Z + n_elements,"max_Z,n_elements","(23, 27)",2,-0.20268242808893272
max_Z4 + n_elements,"max_Z4,n_elements","(24, 27)",2,-0.20268242808893272
kvec_z + pstart_afs_gauss_max,"kvec_z,pstart_afs_gauss_max","(22, 98)",2,-0.20276313506851404
pend_afs_bessel_std + pline_grdf_gauss_mean,"pend_afs_bessel_std,pline_grdf_gauss_mean","(30, 58)",2,-0.20280090487768967
kpath_real_distance + max_mass,"kpath_real_distance,max_mass","(15, 25)",2,-0.2028605954865946
kpath_real_distance + pmid_plane_max_mass,"kpath_real_distance,pmid_plane_max_mass","(15, 91)",2,-0.2028605954865946
kpath_real_distance + pend_plane_max_mass,"kpath_real_distance,pend_plane_max_mass","(15, 49)",2,-0.2028605954865946
kpath_real_distance + pstart_plane_max_mass,"kpath_real_distance,pstart_plane_max_mass","(15, 116)",2,-0.2028605954865946
n_elements + pstart_afs_gauss_max,"n_elements,pstart_afs_gauss_max","(27, 98)",2,-0.2029297471827717
pend_afs_trig_mean + pend_plane_max_Z,"pend_afs_trig_mean,pend_plane_max_Z","(35, 48)",2,-0.20294894877101227
pend_afs_trig_mean + pmid_plane_max_Z,"pend_afs_trig_mean,pmid_plane_max_Z","(35, 90)",2,-0.20294894877101227
pend_afs_trig_mean + pstart_plane_max_Z,"pend_afs_trig_mean,pstart_plane_max_Z","(35, 115)",2,-0.20294894877101227
pend_afs_gauss_max + pstart_plane_mean_Z,"pend_afs_gauss_max,pstart_plane_mean_Z","(31, 117)",2,-0.20295001398374057
pmid_afs_gauss_std + pmid_plane_mean_mass,"pmid_afs_gauss_std,pmid_plane_mean_mass","(75, 93)",2,-0.20297392273637432
pend_afs_gauss_max + pstart_afs_gauss_std,"pend_afs_gauss_max,pstart_afs_gauss_std","(31, 100)",2,-0.2029840258732099
pend_grdf_trig_std + sum_Z4,"pend_grdf_trig_std,sum_Z4","(45, 122)",2,-0.20299239969966468
pend_afs_gauss_max + pline_grdf_gauss_std,"pend_afs_gauss_max,pline_grdf_gauss_std","(31, 59)",2,-0.20303461047980437
X_diff + pend_afs_gauss_mean,"X_diff,pend_afs_gauss_mean","(3, 32)",2,-0.2030878190594172
kmid_frac_x + pend_afs_bessel_std,"kmid_frac_x,pend_afs_bessel_std","(12, 30)",2,-0.20311212625364394
pmid_grdf_trig_std + pstart_grdf_bessel_std,"pmid_grdf_trig_std,pstart_grdf_bessel_std","(87, 106)",2,-0.20311610283596337
pend_afs_trig_max + pline_grdf_trig_mean,"pend_afs_trig_max,pline_grdf_trig_mean","(34, 61)",2,-0.20319319840572775
pstart_grdf_trig_max + pstart_plane_mean_Z,"pstart_grdf_trig_max,pstart_plane_mean_Z","(110, 117)",2,-0.20323501731341484
pend_grdf_gauss_max + pstart_grdf_bessel_max,"pend_grdf_gauss_max,pstart_grdf_bessel_max","(40, 104)",2,-0.20325658451244077
pend_n_atoms_on_plane + pline_plane_max_mass,"pend_n_atoms_on_plane,pline_plane_max_mass","(46, 66)",2,-0.20331011539112942
pline_grdf_trig_mean + pstart_grdf_bessel_std,"pline_grdf_trig_mean,pstart_grdf_bessel_std","(61, 106)",2,-0.20332994763134601
pend_afs_bessel_std + pline_plane_mean_mass,"pend_afs_bessel_std,pline_plane_mean_mass","(30, 68)",2,-0.20335565641931486
pline_grdf_trig_std + radius_diff,"pline_grdf_trig_std,radius_diff","(62, 120)",2,-0.20336408415908683
pline_grdf_trig_std + pstart_afs_gauss_max,"pline_grdf_trig_std,pstart_afs_gauss_max","(62, 98)",2,-0.2033939901480145
kstart_frac_x + pend_plane_max_Z,"kstart_frac_x,pend_plane_max_Z","(17, 48)",2,-0.2034428084819205
kstart_frac_x + max_Z,"kstart_frac_x,max_Z","(17, 23)",2,-0.2034428084819205
kstart_frac_x + max_Z4,"kstart_frac_x,max_Z4","(17, 24)",2,-0.2034428084819205
kstart_frac_x + pmid_plane_max_Z,"kstart_frac_x,pmid_plane_max_Z","(17, 90)",2,-0.2034428084819205
kstart_frac_x + pstart_plane_max_Z,"kstart_frac_x,pstart_plane_max_Z","(17, 115)",2,-0.2034428084819205
E_pfrac_CBM + pline_plane_mean_Z,"E_pfrac_CBM,pline_plane_mean_Z","(0, 67)",2,-0.2034670580960826
pend_afs_trig_std + pstart_grdf_bessel_std,"pend_afs_trig_std,pstart_grdf_bessel_std","(36, 106)",2,-0.20353548785102243
X_diff + kpath_angle_deg,"X_diff,kpath_angle_deg","(3, 14)",2,-0.20358467962913357
pend_afs_trig_max + pline_grdf_trig_std,"pend_afs_trig_max,pline_grdf_trig_std","(34, 62)",2,-0.20361797819138863
pstart_afs_trig_std + pstart_grdf_trig_mean,"pstart_afs_trig_std,pstart_grdf_trig_mean","(103, 111)",2,-0.20368575996036986
pend_afs_bessel_std + pline_grdf_trig_mean,"pend_afs_bessel_std,pline_grdf_trig_mean","(30, 61)",2,-0.20374010598332487
pend_grdf_bessel_max + pstart_afs_bessel_mean,"pend_grdf_bessel_max,pstart_afs_bessel_mean","(37, 96)",2,-0.2037711225290011
kinterior_degen + pstart_grdf_gauss_std,"kinterior_degen,pstart_grdf_gauss_std","(11, 109)",2,-0.20379606516676313
kpath_real_distance + n_elements,"kpath_real_distance,n_elements","(15, 27)",2,-0.20385111852089297
kvec_z + pstart_grdf_trig_std,"kvec_z,pstart_grdf_trig_std","(22, 112)",2,-0.2038738777760452
band_binary + kvec_x,"band_binary,kvec_x","(5, 20)",2,-0.2039399464158241
n_elements + pend_plane_max_Z,"n_elements,pend_plane_max_Z","(27, 48)",2,-0.20394428219563432
n_elements + pstart_plane_max_Z,"n_elements,pstart_plane_max_Z","(27, 115)",2,-0.20394428219563432
n_elements + pmid_plane_max_Z,"n_elements,pmid_plane_max_Z","(27, 90)",2,-0.20394428219563432
pline_plane_max_Z + pmid_grdf_trig_std,"pline_plane_max_Z,pmid_grdf_trig_std","(65, 87)",2,-0.20401128089821824
pend_afs_gauss_mean + pmid_grdf_bessel_mean,"pend_afs_gauss_mean,pmid_grdf_bessel_mean","(32, 80)",2,-0.20401160493199696
pend_afs_gauss_mean + pstart_afs_bessel_std,"pend_afs_gauss_mean,pstart_afs_bessel_std","(32, 97)",2,-0.20405566184069848
pmid_afs_gauss_mean + pmid_grdf_bessel_mean,"pmid_afs_gauss_mean,pmid_grdf_bessel_mean","(74, 80)",2,-0.20413817019222352
pend_plane_heavy_frac + pstart_afs_trig_max,"pend_plane_heavy_frac,pstart_afs_trig_max","(47, 101)",2,-0.20422033459617897
pend_grdf_gauss_max + pline_grdf_gauss_max,"pend_grdf_gauss_max,pline_grdf_gauss_max","(40, 57)",2,-0.20430555444906395
kstart_frac_x + pstart_grdf_bessel_std,"kstart_frac_x,pstart_grdf_bessel_std","(17, 106)",2,-0.20438817425512865
mean_Z + pstart_grdf_trig_std,"mean_Z,pstart_grdf_trig_std","(26, 112)",2,-0.20444098215352824
pline_grdf_gauss_std + pstart_afs_trig_max,"pline_grdf_gauss_std,pstart_afs_trig_max","(59, 101)",2,-0.20448397578102723
pline_grdf_bessel_std + pstart_grdf_gauss_std,"pline_grdf_bessel_std,pstart_grdf_gauss_std","(56, 109)",2,-0.2045019047370153
pend_afs_bessel_std + pend_afs_gauss_max,"pend_afs_bessel_std,pend_afs_gauss_max","(30, 31)",2,-0.2046000884939178
kstart_degen + pstart_grdf_trig_std,"kstart_degen,pstart_grdf_trig_std","(16, 112)",2,-0.20465718412927508
ktotal_weight + pend_afs_gauss_max,"ktotal_weight,pend_afs_gauss_max","(19, 31)",2,-0.20472162235605512
pstart_grdf_trig_std + radius_diff,"pstart_grdf_trig_std,radius_diff","(112, 120)",2,-0.20478124792368352
X_diff + kvec_z,"X_diff,kvec_z","(3, 22)",2,-0.20479976578529707
pmid_afs_bessel_max + pstart_afs_bessel_mean,"pmid_afs_bessel_max,pstart_afs_bessel_mean","(70, 96)",2,-0.20483173730175733
pmid_afs_gauss_std + pstart_grdf_bessel_mean,"pmid_afs_gauss_std,pstart_grdf_bessel_mean","(75, 105)",2,-0.20501076893045064
pend_n_atoms_on_plane + pline_plane_max_Z,"pend_n_atoms_on_plane,pline_plane_max_Z","(46, 65)",2,-0.20507884353770384
pend_afs_bessel_std + pline_grdf_trig_max,"pend_afs_bessel_std,pline_grdf_trig_max","(30, 60)",2,-0.20508267817113185
pmid_afs_bessel_mean + pstart_afs_bessel_max,"pmid_afs_bessel_mean,pstart_afs_bessel_max","(71, 95)",2,-0.2051111132315378
pmid_grdf_gauss_max + pstart_grdf_bessel_max,"pmid_grdf_gauss_max,pstart_grdf_bessel_max","(82, 104)",2,-0.20511775097641424
kpath_angle_deg + pmid_plane_mean_mass,"kpath_angle_deg,pmid_plane_mean_mass","(14, 93)",2,-0.20512890457041277
mean_Z + pline_grdf_trig_mean,"mean_Z,pline_grdf_trig_mean","(26, 61)",2,-0.2051518518168221
pend_afs_trig_std + pmid_grdf_bessel_max,"pend_afs_trig_std,pmid_grdf_bessel_max","(36, 79)",2,-0.20524565650362253
pline_n_atoms_on_plane + pmid_grdf_gauss_mean,"pline_n_atoms_on_plane,pmid_grdf_gauss_mean","(63, 83)",2,-0.20525786311258445
kpath_angle_deg + pstart_afs_trig_mean,"kpath_angle_deg,pstart_afs_trig_mean","(14, 102)",2,-0.20530569374721205
pstart_afs_bessel_max + pstart_afs_trig_std,"pstart_afs_bessel_max,pstart_afs_trig_std","(95, 103)",2,-0.20532038197250185
pend_grdf_bessel_max + pmid_grdf_gauss_max,"pend_grdf_bessel_max,pmid_grdf_gauss_max","(37, 82)",2,-0.2053312929150808
pmid_plane_sum_Z4 + pstart_afs_gauss_mean,"pmid_plane_sum_Z4,pstart_afs_gauss_mean","(94, 99)",2,-0.20537738592043892
pmid_plane_mean_Z + pstart_afs_gauss_std,"pmid_plane_mean_Z,pstart_afs_gauss_std","(92, 100)",2,-0.20561801968350565
pmid_afs_trig_mean + radius_diff,"pmid_afs_trig_mean,radius_diff","(77, 120)",2,-0.20563255641019423
kmid_frac_y + pmid_grdf_trig_std,"kmid_frac_y,pmid_grdf_trig_std","(13, 87)",2,-0.20569713287827512
pmid_afs_trig_max + pstart_afs_trig_std,"pmid_afs_trig_max,pstart_afs_trig_std","(76, 103)",2,-0.20578306272804658
kmid_frac_x + pstart_afs_bessel_std,"kmid_frac_x,pstart_afs_bessel_std","(12, 97)",2,-0.20581504855729332
kpath_angle_deg + pend_plane_mean_Z,"kpath_angle_deg,pend_plane_mean_Z","(14, 50)",2,-0.20586171580617366
pline_grdf_trig_max + pstart_plane_mean_mass,"pline_grdf_trig_max,pstart_plane_mean_mass","(60, 118)",2,-0.20591498700165783
pline_n_atoms_on_plane + pmid_afs_bessel_std,"pline_n_atoms_on_plane,pmid_afs_bessel_std","(63, 72)",2,-0.20592416352965665
pend_afs_trig_mean + pline_grdf_bessel_std,"pend_afs_trig_mean,pline_grdf_bessel_std","(35, 56)",2,-0.20594154088966973
kpath_real_distance + kvec_x,"kpath_real_distance,kvec_x","(15, 20)",2,-0.2059482885351617
pend_plane_sum_Z4 + pmid_afs_trig_std,"pend_plane_sum_Z4,pmid_afs_trig_std","(52, 78)",2,-0.20594864114712547
pstart_afs_bessel_std + pstart_afs_gauss_std,"pstart_afs_bessel_std,pstart_afs_gauss_std","(97, 100)",2,-0.2060683056598922
pend_afs_bessel_mean + pmid_afs_trig_max,"pend_afs_bessel_mean,pmid_afs_trig_max","(29, 76)",2,-0.20608376060194394
kpath_real_distance + pmid_afs_gauss_max,"kpath_real_distance,pmid_afs_gauss_max","(15, 73)",2,-0.20614551855575072
kstart_frac_x + pmid_afs_bessel_std,"kstart_frac_x,pmid_afs_bessel_std","(17, 72)",2,-0.20619064953905833
pmid_grdf_gauss_max + pmid_n_atoms_on_plane,"pmid_grdf_gauss_max,pmid_n_atoms_on_plane","(82, 88)",2,-0.2062203708655213
kvec_y + pstart_grdf_trig_mean,"kvec_y,pstart_grdf_trig_mean","(21, 111)",2,-0.20622353412586839
pline_plane_max_Z + pmid_afs_trig_max,"pline_plane_max_Z,pmid_afs_trig_max","(65, 76)",2,-0.20636645719726193
pend_afs_bessel_std + pline_plane_max_Z,"pend_afs_bessel_std,pline_plane_max_Z","(30, 65)",2,-0.20639302262861223
pmid_grdf_bessel_mean + pmid_grdf_gauss_std,"pmid_grdf_bessel_mean,pmid_grdf_gauss_std","(80, 84)",2,-0.20643943697063144
kstart_frac_y + pstart_grdf_bessel_std,"kstart_frac_y,pstart_grdf_bessel_std","(18, 106)",2,-0.2064919996528046
pline_plane_mean_mass + pstart_afs_gauss_std,"pline_plane_mean_mass,pstart_afs_gauss_std","(68, 100)",2,-0.2065364315009653
E_pfrac_CBM + sum_Z4,"E_pfrac_CBM,sum_Z4","(0, 122)",2,-0.20654551658672898
pend_plane_mean_Z + pstart_afs_gauss_std,"pend_plane_mean_Z,pstart_afs_gauss_std","(50, 100)",2,-0.2065683150148196
pend_grdf_gauss_mean + pstart_grdf_gauss_mean,"pend_grdf_gauss_mean,pstart_grdf_gauss_mean","(41, 108)",2,-0.206636428596559
kvec_x + pline_plane_max_Z,"kvec_x,pline_plane_max_Z","(20, 65)",2,-0.20664453450760809
pmid_grdf_bessel_max + pstart_afs_bessel_mean,"pmid_grdf_bessel_max,pstart_afs_bessel_mean","(79, 96)",2,-0.2067725206683237
max_mass + pstart_plane_max_Z,"max_mass,pstart_plane_max_Z","(25, 115)",2,-0.206781147639564
max_mass + pmid_plane_max_Z,"max_mass,pmid_plane_max_Z","(25, 90)",2,-0.206781147639564
pend_plane_max_mass + pstart_plane_max_Z,"pend_plane_max_mass,pstart_plane_max_Z","(49, 115)",2,-0.206781147639564
max_mass + pend_plane_max_Z,"max_mass,pend_plane_max_Z","(25, 48)",2,-0.206781147639564
pmid_plane_max_mass + pstart_plane_max_Z,"pmid_plane_max_mass,pstart_plane_max_Z","(91, 115)",2,-0.206781147639564
pend_plane_max_mass + pmid_plane_max_Z,"pend_plane_max_mass,pmid_plane_max_Z","(49, 90)",2,-0.206781147639564
pmid_grdf_bessel_std + pstart_afs_bessel_max,"pmid_grdf_bessel_std,pstart_afs_bessel_max","(81, 95)",2,-0.20679702970873953
pline_plane_max_mass + pmid_grdf_gauss_mean,"pline_plane_max_mass,pmid_grdf_gauss_mean","(66, 83)",2,-0.20683303022145294
pmid_grdf_gauss_max + pstart_plane_mean_Z,"pmid_grdf_gauss_max,pstart_plane_mean_Z","(82, 117)",2,-0.2068561782455988
pmid_afs_gauss_max + pstart_grdf_trig_std,"pmid_afs_gauss_max,pstart_grdf_trig_std","(73, 112)",2,-0.20686385637535132
E_pfrac_CBM + pline_grdf_gauss_std,"E_pfrac_CBM,pline_grdf_gauss_std","(0, 59)",2,-0.20692352260473648
kstart_degen + pend_afs_gauss_max,"kstart_degen,pend_afs_gauss_max","(16, 31)",2,-0.206933292434572
n_elements + pstart_grdf_bessel_std,"n_elements,pstart_grdf_bessel_std","(27, 106)",2,-0.20694045424728272
pend_grdf_bessel_max + pmid_grdf_gauss_std,"pend_grdf_bessel_max,pmid_grdf_gauss_std","(37, 84)",2,-0.20698122909829103
X_diff + pline_grdf_gauss_std,"X_diff,pline_grdf_gauss_std","(3, 59)",2,-0.20702481928343675
pline_plane_heavy_frac + pstart_grdf_bessel_std,"pline_plane_heavy_frac,pstart_grdf_bessel_std","(64, 106)",2,-0.20705410279044809
pline_grdf_bessel_std + pstart_afs_trig_max,"pline_grdf_bessel_std,pstart_afs_trig_max","(56, 101)",2,-0.2071088352886342
X_diff + pend_afs_trig_mean,"X_diff,pend_afs_trig_mean","(3, 35)",2,-0.20718093683627484
E_pfrac_CBM + pmid_plane_sum_Z4,"E_pfrac_CBM,pmid_plane_sum_Z4","(0, 94)",2,-0.20719928159706086
pmid_afs_gauss_max + radius_diff,"pmid_afs_gauss_max,radius_diff","(73, 120)",2,-0.20722889965345156
kmid_frac_y + radius_diff,"kmid_frac_y,radius_diff","(13, 120)",2,-0.20724922553788425
pend_grdf_trig_std + pmid_grdf_bessel_max,"pend_grdf_trig_std,pmid_grdf_bessel_max","(45, 79)",2,-0.20728002234169174
kvec_x + pline_grdf_gauss_std,"kvec_x,pline_grdf_gauss_std","(20, 59)",2,-0.20729008877224567
pend_afs_bessel_std + pstart_grdf_gauss_std,"pend_afs_bessel_std,pstart_grdf_gauss_std","(30, 109)",2,-0.20735572404885208
pmid_grdf_trig_std + sum_Z4,"pmid_grdf_trig_std,sum_Z4","(87, 122)",2,-0.20741721044126113
max_Z4 + max_mass,"max_Z4,max_mass","(24, 25)",2,-0.20743438056628993
max_Z4 + pstart_plane_max_mass,"max_Z4,pstart_plane_max_mass","(24, 116)",2,-0.20743438056628993
pmid_plane_max_Z + pstart_plane_max_mass,"pmid_plane_max_Z,pstart_plane_max_mass","(90, 116)",2,-0.20743438056628993
max_Z4 + pend_plane_max_mass,"max_Z4,pend_plane_max_mass","(24, 49)",2,-0.20743438056628993
max_Z + pend_plane_max_mass,"max_Z,pend_plane_max_mass","(23, 49)",2,-0.20743438056628993
max_Z + pmid_plane_max_mass,"max_Z,pmid_plane_max_mass","(23, 91)",2,-0.20743438056628993
pend_plane_max_Z + pend_plane_max_mass,"pend_plane_max_Z,pend_plane_max_mass","(48, 49)",2,-0.20743438056628993
pend_plane_max_Z + pstart_plane_max_mass,"pend_plane_max_Z,pstart_plane_max_mass","(48, 116)",2,-0.20743438056628993
max_Z4 + pmid_plane_max_mass,"max_Z4,pmid_plane_max_mass","(24, 91)",2,-0.20743438056628993
max_Z + max_mass,"max_Z,max_mass","(23, 25)",2,-0.20743438056628993
max_Z + pstart_plane_max_mass,"max_Z,pstart_plane_max_mass","(23, 116)",2,-0.20743438056628993
pend_plane_max_Z + pmid_plane_max_mass,"pend_plane_max_Z,pmid_plane_max_mass","(48, 91)",2,-0.20743438056628993
pstart_plane_max_Z + pstart_plane_max_mass,"pstart_plane_max_Z,pstart_plane_max_mass","(115, 116)",2,-0.20743438056628993
pmid_plane_max_Z + pmid_plane_max_mass,"pmid_plane_max_Z,pmid_plane_max_mass","(90, 91)",2,-0.20743438056628993
pend_afs_trig_mean + radius_mean,"pend_afs_trig_mean,radius_mean","(35, 121)",2,-0.20749603008161488
pend_grdf_trig_std + pline_grdf_gauss_std,"pend_grdf_trig_std,pline_grdf_gauss_std","(45, 59)",2,-0.20751555728161977
kpath_real_distance + sum_Z4,"kpath_real_distance,sum_Z4","(15, 122)",2,-0.2075718684414741
pend_afs_trig_mean + pend_plane_mean_Z,"pend_afs_trig_mean,pend_plane_mean_Z","(35, 50)",2,-0.20762624278200192
pend_grdf_trig_std + pstart_plane_heavy_frac,"pend_grdf_trig_std,pstart_plane_heavy_frac","(45, 114)",2,-0.2076308780372326
E_pfrac_VBM + kend_frac_x,"E_pfrac_VBM,kend_frac_x","(1, 9)",2,-0.2076833755825538
kvec_x + pline_grdf_trig_std,"kvec_x,pline_grdf_trig_std","(20, 62)",2,-0.20793204635931453
pend_afs_trig_mean + pline_grdf_gauss_mean,"pend_afs_trig_mean,pline_grdf_gauss_mean","(35, 58)",2,-0.20801088029111892
pend_afs_gauss_mean + pend_grdf_trig_std,"pend_afs_gauss_mean,pend_grdf_trig_std","(32, 45)",2,-0.20801419848324887
pend_plane_sum_Z4 + pmid_afs_bessel_std,"pend_plane_sum_Z4,pmid_afs_bessel_std","(52, 72)",2,-0.20809315689907332
kstart_frac_y + pend_grdf_trig_std,"kstart_frac_y,pend_grdf_trig_std","(18, 45)",2,-0.2082647474789603
pmid_grdf_trig_mean + pstart_afs_trig_mean,"pmid_grdf_trig_mean,pstart_afs_trig_mean","(86, 102)",2,-0.2084171567477035
pend_grdf_bessel_max + pmid_afs_trig_mean,"pend_grdf_bessel_max,pmid_afs_trig_mean","(37, 77)",2,-0.20850145212738513
pend_afs_gauss_max + pend_grdf_trig_std,"pend_afs_gauss_max,pend_grdf_trig_std","(31, 45)",2,-0.20851189601010275
pmid_afs_gauss_std + pstart_afs_bessel_std,"pmid_afs_gauss_std,pstart_afs_bessel_std","(75, 97)",2,-0.20853537884578804
pmid_afs_gauss_std + pstart_plane_heavy_frac,"pmid_afs_gauss_std,pstart_plane_heavy_frac","(75, 114)",2,-0.20854507925936358
pend_afs_bessel_std + pstart_afs_gauss_std,"pend_afs_bessel_std,pstart_afs_gauss_std","(30, 100)",2,-0.20858100214661968
pline_plane_heavy_frac + pmid_afs_trig_max,"pline_plane_heavy_frac,pmid_afs_trig_max","(64, 76)",2,-0.20862033842963865
max_Z4 + pmid_grdf_trig_std,"max_Z4,pmid_grdf_trig_std","(24, 87)",2,-0.2086222493083741
max_Z + pmid_grdf_trig_std,"max_Z,pmid_grdf_trig_std","(23, 87)",2,-0.2086222493083741
pend_plane_max_Z + pmid_grdf_trig_std,"pend_plane_max_Z,pmid_grdf_trig_std","(48, 87)",2,-0.2086222493083741
pend_grdf_gauss_std + pmid_plane_sum_Z4,"pend_grdf_gauss_std,pmid_plane_sum_Z4","(42, 94)",2,-0.2086335922401287
pline_grdf_gauss_mean + pmid_afs_trig_max,"pline_grdf_gauss_mean,pmid_afs_trig_max","(58, 76)",2,-0.20867619247159858
pmid_grdf_trig_std + pstart_afs_gauss_std,"pmid_grdf_trig_std,pstart_afs_gauss_std","(87, 100)",2,-0.2087174256393455
pmid_afs_bessel_mean + pstart_afs_gauss_max,"pmid_afs_bessel_mean,pstart_afs_gauss_max","(71, 98)",2,-0.20874687940005762
pstart_grdf_gauss_mean + sum_Z4,"pstart_grdf_gauss_mean,sum_Z4","(108, 122)",2,-0.20878109495317326
pend_afs_trig_mean + pstart_plane_mean_Z,"pend_afs_trig_mean,pstart_plane_mean_Z","(35, 117)",2,-0.20886022689393768
pend_grdf_gauss_std + pmid_afs_trig_std,"pend_grdf_gauss_std,pmid_afs_trig_std","(42, 78)",2,-0.20893405779490815
pstart_afs_bessel_std + pstart_plane_max_Z,"pstart_afs_bessel_std,pstart_plane_max_Z","(97, 115)",2,-0.2089732346281014
pend_afs_gauss_max + pline_grdf_trig_mean,"pend_afs_gauss_max,pline_grdf_trig_mean","(31, 61)",2,-0.20902514839451433
bandgap + pmid_afs_trig_std,"bandgap,pmid_afs_trig_std","(6, 78)",2,-0.2091586834345076
plane_angle_deg + pstart_grdf_bessel_std,"plane_angle_deg,pstart_grdf_bessel_std","(53, 106)",2,-0.2091654024228781
pend_afs_trig_max + sum_Z4,"pend_afs_trig_max,sum_Z4","(34, 122)",2,-0.20922569056607027
pmid_plane_heavy_frac + pstart_afs_trig_max,"pmid_plane_heavy_frac,pstart_afs_trig_max","(89, 101)",2,-0.2093290872671491
pline_plane_mean_mass + pmid_afs_trig_max,"pline_plane_mean_mass,pmid_afs_trig_max","(68, 76)",2,-0.20937378820708083
pline_plane_mean_mass + pmid_grdf_trig_std,"pline_plane_mean_mass,pmid_grdf_trig_std","(68, 87)",2,-0.20938940360031624
X_mean + pmid_afs_gauss_max,"X_mean,pmid_afs_gauss_max","(4, 73)",2,-0.20940804740276117
pend_afs_gauss_max + pstart_afs_bessel_std,"pend_afs_gauss_max,pstart_afs_bessel_std","(31, 97)",2,-0.20953267627043512
pline_n_atoms_on_plane + pmid_grdf_trig_std,"pline_n_atoms_on_plane,pmid_grdf_trig_std","(63, 87)",2,-0.2095807984082379
pmid_grdf_bessel_max + pstart_afs_trig_std,"pmid_grdf_bessel_max,pstart_afs_trig_std","(79, 103)",2,-0.20964522356377505
pend_afs_trig_mean + pline_grdf_trig_max,"pend_afs_trig_mean,pline_grdf_trig_max","(35, 60)",2,-0.2096898912886866
mean_Z + pline_n_atoms_on_plane,"mean_Z,pline_n_atoms_on_plane","(26, 63)",2,-0.20969440522809055
kvec_x + pstart_afs_gauss_max,"kvec_x,pstart_afs_gauss_max","(20, 98)",2,-0.20986142035940952
pend_afs_gauss_std + pmid_grdf_trig_std,"pend_afs_gauss_std,pmid_grdf_trig_std","(33, 87)",2,-0.20989141719639176
kend_frac_y + pmid_plane_mean_mass,"kend_frac_y,pmid_plane_mean_mass","(10, 93)",2,-0.20991903528219039
X_mean + radius_diff,"X_mean,radius_diff","(4, 120)",2,-0.20993778486958264
pline_grdf_gauss_max + pstart_grdf_trig_std,"pline_grdf_gauss_max,pstart_grdf_trig_std","(57, 112)",2,-0.20994113134608944
kmid_frac_x + pstart_plane_mean_Z,"kmid_frac_x,pstart_plane_mean_Z","(12, 117)",2,-0.2100098191301499
pend_grdf_gauss_max + pstart_plane_max_Z,"pend_grdf_gauss_max,pstart_plane_max_Z","(40, 115)",2,-0.21013817045863425
pend_grdf_gauss_max + pend_plane_max_Z,"pend_grdf_gauss_max,pend_plane_max_Z","(40, 48)",2,-0.21013817045863425
pend_grdf_gauss_max + pmid_plane_max_Z,"pend_grdf_gauss_max,pmid_plane_max_Z","(40, 90)",2,-0.21013817045863425
pend_afs_gauss_max + pstart_plane_sum_Z4,"pend_afs_gauss_max,pstart_plane_sum_Z4","(31, 119)",2,-0.21017204790360394
kvec_y + pend_grdf_gauss_std,"kvec_y,pend_grdf_gauss_std","(21, 42)",2,-0.21023100701316286
pend_afs_bessel_std + pstart_plane_max_Z,"pend_afs_bessel_std,pstart_plane_max_Z","(30, 115)",2,-0.21028518924923922
pend_afs_bessel_std + pend_plane_max_Z,"pend_afs_bessel_std,pend_plane_max_Z","(30, 48)",2,-0.21028518924923922
pend_afs_bessel_std + pmid_plane_max_Z,"pend_afs_bessel_std,pmid_plane_max_Z","(30, 90)",2,-0.21028518924923922
kpath_real_distance + pstart_afs_gauss_mean,"kpath_real_distance,pstart_afs_gauss_mean","(15, 99)",2,-0.21044477960808491
kvec_y + pmid_afs_bessel_mean,"kvec_y,pmid_afs_bessel_mean","(21, 71)",2,-0.21046602284506885
pend_grdf_bessel_std + pmid_grdf_bessel_max,"pend_grdf_bessel_std,pmid_grdf_bessel_max","(39, 79)",2,-0.2104840811373586
pstart_grdf_trig_std + pstart_plane_sum_Z4,"pstart_grdf_trig_std,pstart_plane_sum_Z4","(112, 119)",2,-0.21052333211772165
pend_plane_sum_Z4 + pmid_grdf_gauss_max,"pend_plane_sum_Z4,pmid_grdf_gauss_max","(52, 82)",2,-0.21053537928173718
pline_grdf_gauss_std + pstart_grdf_bessel_std,"pline_grdf_gauss_std,pstart_grdf_bessel_std","(59, 106)",2,-0.21060898073701714
pstart_afs_bessel_std + pstart_plane_sum_Z4,"pstart_afs_bessel_std,pstart_plane_sum_Z4","(97, 119)",2,-0.21065306319876784
pstart_grdf_gauss_mean + pstart_plane_mean_Z,"pstart_grdf_gauss_mean,pstart_plane_mean_Z","(108, 117)",2,-0.2106719662256323
pend_afs_bessel_mean + pstart_grdf_gauss_std,"pend_afs_bessel_mean,pstart_grdf_gauss_std","(29, 109)",2,-0.2106889114638421
pend_afs_gauss_std + pmid_afs_bessel_std,"pend_afs_gauss_std,pmid_afs_bessel_std","(33, 72)",2,-0.2106924584057933
mean_Z + pstart_grdf_gauss_std,"mean_Z,pstart_grdf_gauss_std","(26, 109)",2,-0.2106967996698698
pend_afs_gauss_max + pend_plane_heavy_frac,"pend_afs_gauss_max,pend_plane_heavy_frac","(31, 47)",2,-0.21071308221557175
kvec_z + pstart_plane_mean_Z,"kvec_z,pstart_plane_mean_Z","(22, 117)",2,-0.21073581252135248
kstart_frac_y + pstart_grdf_trig_mean,"kstart_frac_y,pstart_grdf_trig_mean","(18, 111)",2,-0.21089945603349092
kinterior_degen + radius_diff,"kinterior_degen,radius_diff","(11, 120)",2,-0.21092617408482156
pline_plane_mean_Z + pmid_grdf_trig_std,"pline_plane_mean_Z,pmid_grdf_trig_std","(67, 87)",2,-0.21092728857606735
kpath_angle_deg + pend_afs_gauss_max,"kpath_angle_deg,pend_afs_gauss_max","(14, 31)",2,-0.211033789634818
pend_plane_mean_mass + pstart_afs_trig_std,"pend_plane_mean_mass,pstart_afs_trig_std","(51, 103)",2,-0.21106142108800058
pline_plane_mean_Z + radius_diff,"pline_plane_mean_Z,radius_diff","(67, 120)",2,-0.21107957956972445
max_Z4 + pend_grdf_trig_std,"max_Z4,pend_grdf_trig_std","(24, 45)",2,-0.21110545174471876
max_Z + pend_grdf_trig_std,"max_Z,pend_grdf_trig_std","(23, 45)",2,-0.21110545174471876
max_Z + pend_afs_bessel_std,"max_Z,pend_afs_bessel_std","(23, 30)",2,-0.21111458060118649
max_Z4 + pend_afs_bessel_std,"max_Z4,pend_afs_bessel_std","(24, 30)",2,-0.21111458060118649
pend_grdf_bessel_std + pstart_grdf_bessel_std,"pend_grdf_bessel_std,pstart_grdf_bessel_std","(39, 106)",2,-0.21117229308905455
pend_afs_trig_mean + pend_afs_trig_std,"pend_afs_trig_mean,pend_afs_trig_std","(35, 36)",2,-0.2112207894735163
kend_frac_x + radius_diff,"kend_frac_x,radius_diff","(9, 120)",2,-0.21126542583548685
E_pfrac_VBM + pstart_afs_trig_max,"E_pfrac_VBM,pstart_afs_trig_max","(1, 101)",2,-0.21128948781788243
pline_grdf_trig_std + pstart_afs_trig_max,"pline_grdf_trig_std,pstart_afs_trig_max","(62, 101)",2,-0.21150189418639748
pend_afs_bessel_std + pend_afs_trig_std,"pend_afs_bessel_std,pend_afs_trig_std","(30, 36)",2,-0.2115120891282963
kvec_x + plane_angle_deg,"kvec_x,plane_angle_deg","(20, 53)",2,-0.21156737463968653
X_mean + pmid_afs_bessel_std,"X_mean,pmid_afs_bessel_std","(4, 72)",2,-0.21158419015682642
pend_plane_mean_Z + pstart_afs_gauss_max,"pend_plane_mean_Z,pstart_afs_gauss_max","(50, 98)",2,-0.21164405470948405
pend_grdf_bessel_mean + pmid_afs_gauss_mean,"pend_grdf_bessel_mean,pmid_afs_gauss_mean","(38, 74)",2,-0.2116757374835537
pend_afs_bessel_std + pline_grdf_bessel_max,"pend_afs_bessel_std,pline_grdf_bessel_max","(30, 54)",2,-0.21172445580315397
pend_grdf_trig_std + pstart_afs_gauss_max,"pend_grdf_trig_std,pstart_afs_gauss_max","(45, 98)",2,-0.21178741770673365
pend_grdf_bessel_std + pstart_afs_bessel_std,"pend_grdf_bessel_std,pstart_afs_bessel_std","(39, 97)",2,-0.21178990734488048
pstart_afs_gauss_max + pstart_grdf_trig_std,"pstart_afs_gauss_max,pstart_grdf_trig_std","(98, 112)",2,-0.21190560248646398
kstart_degen + pstart_grdf_bessel_std,"kstart_degen,pstart_grdf_bessel_std","(16, 106)",2,-0.21190700508251092
pend_plane_heavy_frac + pmid_plane_mean_Z,"pend_plane_heavy_frac,pmid_plane_mean_Z","(47, 92)",2,-0.21205486749294603
pline_plane_max_Z + pstart_grdf_bessel_std,"pline_plane_max_Z,pstart_grdf_bessel_std","(65, 106)",2,-0.21209228748107672
pend_plane_heavy_frac + pend_plane_sum_Z4,"pend_plane_heavy_frac,pend_plane_sum_Z4","(47, 52)",2,-0.21219201252251912
pstart_afs_gauss_std + pstart_plane_mean_mass,"pstart_afs_gauss_std,pstart_plane_mean_mass","(100, 118)",2,-0.21219616415390066
E_pfrac_CBM + pend_plane_sum_Z4,"E_pfrac_CBM,pend_plane_sum_Z4","(0, 52)",2,-0.21221097211250156
bandgap + pmid_afs_gauss_std,"bandgap,pmid_afs_gauss_std","(6, 75)",2,-0.2122496917900949
pstart_afs_gauss_mean + radius_diff,"pstart_afs_gauss_mean,radius_diff","(99, 120)",2,-0.2122653207747931
pend_grdf_gauss_max + pmid_grdf_gauss_max,"pend_grdf_gauss_max,pmid_grdf_gauss_max","(40, 82)",2,-0.21226545213911022
pend_grdf_bessel_mean + pmid_afs_trig_std,"pend_grdf_bessel_mean,pmid_afs_trig_std","(38, 78)",2,-0.21230996260625798
pend_grdf_gauss_max + pline_grdf_bessel_max,"pend_grdf_gauss_max,pline_grdf_bessel_max","(40, 54)",2,-0.21233889399329864
kinterior_degen + pend_afs_gauss_max,"kinterior_degen,pend_afs_gauss_max","(11, 31)",2,-0.2123791094921387
pend_grdf_trig_std + pstart_afs_gauss_std,"pend_grdf_trig_std,pstart_afs_gauss_std","(45, 100)",2,-0.21244680009076947
pmid_afs_gauss_std + pstart_grdf_bessel_std,"pmid_afs_gauss_std,pstart_grdf_bessel_std","(75, 106)",2,-0.212447561049252
E_pfrac_CBM + pline_grdf_trig_std,"E_pfrac_CBM,pline_grdf_trig_std","(0, 62)",2,-0.2124657702187506
pend_afs_trig_max + pline_grdf_trig_max,"pend_afs_trig_max,pline_grdf_trig_max","(34, 60)",2,-0.21252470682110144
pmid_plane_heavy_frac + pstart_plane_sum_Z4,"pmid_plane_heavy_frac,pstart_plane_sum_Z4","(89, 119)",2,-0.21269580933385593
pmid_grdf_gauss_max + pmid_plane_mean_Z,"pmid_grdf_gauss_max,pmid_plane_mean_Z","(82, 92)",2,-0.21270161835690482
kmid_frac_x + pmid_afs_bessel_std,"kmid_frac_x,pmid_afs_bessel_std","(12, 72)",2,-0.2127452125638462
kend_degen + pstart_plane_mean_Z,"kend_degen,pstart_plane_mean_Z","(8, 117)",2,-0.21278530874476628
pmid_afs_gauss_max + pstart_afs_bessel_std,"pmid_afs_gauss_max,pstart_afs_bessel_std","(73, 97)",2,-0.21280956534725895
pend_plane_mean_Z + pmid_afs_gauss_max,"pend_plane_mean_Z,pmid_afs_gauss_max","(50, 73)",2,-0.21281956107481254
pend_afs_bessel_max + pstart_afs_bessel_mean,"pend_afs_bessel_max,pstart_afs_bessel_mean","(28, 96)",2,-0.21289450984654595
kend_frac_y + pstart_afs_gauss_std,"kend_frac_y,pstart_afs_gauss_std","(10, 100)",2,-0.21299805209187675
E_pfrac_VBM + pline_plane_max_mass,"E_pfrac_VBM,pline_plane_max_mass","(1, 66)",2,-0.21309514129619958
pline_grdf_bessel_mean + pstart_grdf_bessel_std,"pline_grdf_bessel_mean,pstart_grdf_bessel_std","(55, 106)",2,-0.21325502947052621
pend_afs_gauss_max + pmid_afs_bessel_std,"pend_afs_gauss_max,pmid_afs_bessel_std","(31, 72)",2,-0.2132663137041219
kstart_frac_y + pend_afs_gauss_max,"kstart_frac_y,pend_afs_gauss_max","(18, 31)",2,-0.21326674589820166
ktotal_weight + radius_diff,"ktotal_weight,radius_diff","(19, 120)",2,-0.21328980159333066
pend_plane_mean_mass + pmid_afs_gauss_max,"pend_plane_mean_mass,pmid_afs_gauss_max","(51, 73)",2,-0.21335450162515487
pend_grdf_trig_std + pline_plane_heavy_frac,"pend_grdf_trig_std,pline_plane_heavy_frac","(45, 64)",2,-0.21336650871591342
kstart_frac_y + pmid_afs_bessel_std,"kstart_frac_y,pmid_afs_bessel_std","(18, 72)",2,-0.21337596304377096
E_pfrac_CBM + pmid_afs_gauss_mean,"E_pfrac_CBM,pmid_afs_gauss_mean","(0, 74)",2,-0.21339955474410183
pend_afs_bessel_max + pmid_grdf_gauss_mean,"pend_afs_bessel_max,pmid_grdf_gauss_mean","(28, 83)",2,-0.2134549186668801
E_pfrac_CBM + pline_plane_mean_mass,"E_pfrac_CBM,pline_plane_mean_mass","(0, 68)",2,-0.21354140487433265
max_mass + pline_grdf_bessel_mean,"max_mass,pline_grdf_bessel_mean","(25, 55)",2,-0.21360940189273075
pend_plane_max_mass + pline_grdf_bessel_mean,"pend_plane_max_mass,pline_grdf_bessel_mean","(49, 55)",2,-0.21360940189273075
pmid_plane_heavy_frac + pstart_grdf_gauss_mean,"pmid_plane_heavy_frac,pstart_grdf_gauss_mean","(89, 108)",2,-0.21362145495899326
kpath_real_distance + pstart_grdf_trig_std,"kpath_real_distance,pstart_grdf_trig_std","(15, 112)",2,-0.2136265147746555
pline_grdf_gauss_max + pmid_grdf_gauss_mean,"pline_grdf_gauss_max,pmid_grdf_gauss_mean","(57, 83)",2,-0.21363088759038992
E_pfrac_CBM + band_binary,"E_pfrac_CBM,band_binary","(0, 5)",2,-0.21370609962860881
pend_afs_trig_mean + pstart_plane_sum_Z4,"pend_afs_trig_mean,pstart_plane_sum_Z4","(35, 119)",2,-0.21372005685046086
pend_grdf_trig_std + pmid_afs_gauss_max,"pend_grdf_trig_std,pmid_afs_gauss_max","(45, 73)",2,-0.21377462057492674
E_pfrac_VBM + pline_plane_mean_Z,"E_pfrac_VBM,pline_plane_mean_Z","(1, 67)",2,-0.21381900638016402
pline_grdf_bessel_std + pstart_grdf_trig_std,"pline_grdf_bessel_std,pstart_grdf_trig_std","(56, 112)",2,-0.21382145321299273
pline_grdf_trig_max + pmid_grdf_trig_std,"pline_grdf_trig_max,pmid_grdf_trig_std","(60, 87)",2,-0.21383445425369096
E_pfrac_CBM + pend_grdf_trig_std,"E_pfrac_CBM,pend_grdf_trig_std","(0, 45)",2,-0.21383540731189923
pend_afs_gauss_max + pend_afs_trig_mean,"pend_afs_gauss_max,pend_afs_trig_mean","(31, 35)",2,-0.2139795945579251
pstart_afs_gauss_max + pstart_plane_sum_Z4,"pstart_afs_gauss_max,pstart_plane_sum_Z4","(98, 119)",2,-0.21399743745694724
kvec_y + pend_afs_bessel_mean,"kvec_y,pend_afs_bessel_mean","(21, 29)",2,-0.2140759203069278
pend_afs_trig_std + pend_n_atoms_on_plane,"pend_afs_trig_std,pend_n_atoms_on_plane","(36, 46)",2,-0.21407679971616983
pend_n_atoms_on_plane + pline_grdf_gauss_max,"pend_n_atoms_on_plane,pline_grdf_gauss_max","(46, 57)",2,-0.21419320245931023
pend_afs_trig_mean + pline_grdf_trig_mean,"pend_afs_trig_mean,pline_grdf_trig_mean","(35, 61)",2,-0.21419782852260544
pend_grdf_bessel_max + pstart_grdf_bessel_std,"pend_grdf_bessel_max,pstart_grdf_bessel_std","(37, 106)",2,-0.21422296143212366
pline_grdf_bessel_max + pmid_afs_trig_max,"pline_grdf_bessel_max,pmid_afs_trig_max","(54, 76)",2,-0.21434803985129855
E_pfrac_VBM + pline_plane_mean_mass,"E_pfrac_VBM,pline_plane_mean_mass","(1, 68)",2,-0.21435667778507153
kpath_angle_deg + pend_plane_mean_mass,"kpath_angle_deg,pend_plane_mean_mass","(14, 51)",2,-0.21450140580222427
pend_afs_bessel_std + pstart_afs_trig_std,"pend_afs_bessel_std,pstart_afs_trig_std","(30, 103)",2,-0.21472650246182773
pmid_afs_trig_std + pstart_afs_gauss_max,"pmid_afs_trig_std,pstart_afs_gauss_max","(78, 98)",2,-0.21472957948477261
pmid_afs_gauss_mean + pstart_afs_gauss_std,"pmid_afs_gauss_mean,pstart_afs_gauss_std","(74, 100)",2,-0.21475214731026365
E_pfrac_VBM + kstart_frac_y,"E_pfrac_VBM,kstart_frac_y","(1, 18)",2,-0.21483017940946345
pline_plane_mean_mass + radius_diff,"pline_plane_mean_mass,radius_diff","(68, 120)",2,-0.21487841727356938
kstart_frac_x + pmid_grdf_trig_std,"kstart_frac_x,pmid_grdf_trig_std","(17, 87)",2,-0.21504483226814655
pmid_plane_heavy_frac + pstart_grdf_trig_std,"pmid_plane_heavy_frac,pstart_grdf_trig_std","(89, 112)",2,-0.21520544385097723
pline_plane_max_mass + pmid_afs_trig_max,"pline_plane_max_mass,pmid_afs_trig_max","(66, 76)",2,-0.2153794452462981
X_mean + pend_afs_bessel_std,"X_mean,pend_afs_bessel_std","(4, 30)",2,-0.21546090602097528
pline_n_atoms_on_plane + pstart_plane_mean_Z,"pline_n_atoms_on_plane,pstart_plane_mean_Z","(63, 117)",2,-0.2154889155074966
bandgap + pstart_afs_gauss_std,"bandgap,pstart_afs_gauss_std","(6, 100)",2,-0.2157890196344307
pend_grdf_trig_std + pmid_plane_sum_Z4,"pend_grdf_trig_std,pmid_plane_sum_Z4","(45, 94)",2,-0.21588514049188506
pmid_grdf_gauss_mean + pstart_afs_gauss_mean,"pmid_grdf_gauss_mean,pstart_afs_gauss_mean","(83, 99)",2,-0.21592032308200193
pend_grdf_gauss_std + pend_plane_mean_Z,"pend_grdf_gauss_std,pend_plane_mean_Z","(42, 50)",2,-0.21594628537876037
kend_frac_y + pstart_plane_mean_mass,"kend_frac_y,pstart_plane_mean_mass","(10, 118)",2,-0.21604603052504787
kpath_angle_deg + pstart_afs_bessel_max,"kpath_angle_deg,pstart_afs_bessel_max","(14, 95)",2,-0.21610667505185138
pstart_plane_heavy_frac + pstart_plane_sum_Z4,"pstart_plane_heavy_frac,pstart_plane_sum_Z4","(114, 119)",2,-0.21612344370590422
pend_afs_trig_mean + pline_grdf_gauss_std,"pend_afs_trig_mean,pline_grdf_gauss_std","(35, 59)",2,-0.21614309408527088
pend_afs_trig_mean + pline_grdf_bessel_max,"pend_afs_trig_mean,pline_grdf_bessel_max","(35, 54)",2,-0.2161485547257695
ktotal_weight + pstart_grdf_gauss_std,"ktotal_weight,pstart_grdf_gauss_std","(19, 109)",2,-0.21615814950253184
kend_frac_y + pstart_plane_mean_Z,"kend_frac_y,pstart_plane_mean_Z","(10, 117)",2,-0.21626611464016157
pend_afs_bessel_std + plane_angle_deg,"pend_afs_bessel_std,plane_angle_deg","(30, 53)",2,-0.21632609979813808
X_diff + pend_grdf_bessel_std,"X_diff,pend_grdf_bessel_std","(3, 39)",2,-0.21640800095341534
kstart_frac_y + radius_diff,"kstart_frac_y,radius_diff","(18, 120)",2,-0.21643257412908162
n_elements + pmid_afs_bessel_std,"n_elements,pmid_afs_bessel_std","(27, 72)",2,-0.21644783349580682
n_elements + pend_afs_gauss_max,"n_elements,pend_afs_gauss_max","(27, 31)",2,-0.21647897011358888
bandgap + kinterior_degen,"bandgap,kinterior_degen","(6, 11)",2,-0.2164951526159359
bandgap + pend_afs_trig_std,"bandgap,pend_afs_trig_std","(6, 36)",2,-0.21660972046219093
pend_plane_mean_Z + pstart_afs_trig_std,"pend_plane_mean_Z,pstart_afs_trig_std","(50, 103)",2,-0.21678978213537975
pend_grdf_trig_std + pline_grdf_trig_std,"pend_grdf_trig_std,pline_grdf_trig_std","(45, 62)",2,-0.21681594359474748
pend_plane_sum_Z4 + pstart_grdf_bessel_std,"pend_plane_sum_Z4,pstart_grdf_bessel_std","(52, 106)",2,-0.21683609161483353
pend_grdf_bessel_max + pstart_grdf_trig_std,"pend_grdf_bessel_max,pstart_grdf_trig_std","(37, 112)",2,-0.2168508155249369
pline_n_atoms_on_plane + pstart_plane_mean_mass,"pline_n_atoms_on_plane,pstart_plane_mean_mass","(63, 118)",2,-0.2171179091429515
pend_grdf_bessel_std + pstart_grdf_gauss_std,"pend_grdf_bessel_std,pstart_grdf_gauss_std","(39, 109)",2,-0.21727584881795847
X_mean + pmid_grdf_trig_std,"X_mean,pmid_grdf_trig_std","(4, 87)",2,-0.21729009861950482
pend_grdf_trig_std + pline_grdf_gauss_mean,"pend_grdf_trig_std,pline_grdf_gauss_mean","(45, 58)",2,-0.2173639554543641
kstart_degen + radius_diff,"kstart_degen,radius_diff","(16, 120)",2,-0.21755100399086474
pmid_afs_trig_max + pstart_plane_sum_Z4,"pmid_afs_trig_max,pstart_plane_sum_Z4","(76, 119)",2,-0.21758602978380193
pend_afs_gauss_mean + pstart_grdf_gauss_std,"pend_afs_gauss_mean,pstart_grdf_gauss_std","(32, 109)",2,-0.21759831331908552
X_diff + plane_angle_deg,"X_diff,plane_angle_deg","(3, 53)",2,-0.21760239741590018
pend_afs_bessel_std + pline_grdf_bessel_mean,"pend_afs_bessel_std,pline_grdf_bessel_mean","(30, 55)",2,-0.217620889454887
pline_grdf_bessel_max + pstart_afs_gauss_max,"pline_grdf_bessel_max,pstart_afs_gauss_max","(54, 98)",2,-0.21765351850789907
pend_afs_gauss_mean + pstart_afs_bessel_max,"pend_afs_gauss_mean,pstart_afs_bessel_max","(32, 95)",2,-0.21769697621789036
pmid_grdf_gauss_std + pstart_afs_gauss_max,"pmid_grdf_gauss_std,pstart_afs_gauss_max","(84, 98)",2,-0.21779814557298458
X_mean + pstart_grdf_bessel_std,"X_mean,pstart_grdf_bessel_std","(4, 106)",2,-0.21784374120710198
pmid_plane_heavy_frac + pmid_plane_mean_Z,"pmid_plane_heavy_frac,pmid_plane_mean_Z","(89, 92)",2,-0.21791453877811745
pend_n_atoms_on_plane + pline_plane_mean_Z,"pend_n_atoms_on_plane,pline_plane_mean_Z","(46, 67)",2,-0.2179487378880844
pend_afs_trig_mean + pend_plane_mean_mass,"pend_afs_trig_mean,pend_plane_mean_mass","(35, 51)",2,-0.21805582680868288
pmid_afs_gauss_mean + pstart_afs_gauss_mean,"pmid_afs_gauss_mean,pstart_afs_gauss_mean","(74, 99)",2,-0.2181174613165381
pstart_grdf_gauss_max + pstart_plane_mean_Z,"pstart_grdf_gauss_max,pstart_plane_mean_Z","(107, 117)",2,-0.21812848958383593
kpath_real_distance + pline_grdf_bessel_max,"kpath_real_distance,pline_grdf_bessel_max","(15, 54)",2,-0.21813515735305478
pstart_grdf_trig_mean + radius_mean,"pstart_grdf_trig_mean,radius_mean","(111, 121)",2,-0.21820866641064268
pmid_grdf_gauss_max + pstart_grdf_gauss_max,"pmid_grdf_gauss_max,pstart_grdf_gauss_max","(82, 107)",2,-0.21821569361297857
pline_grdf_bessel_mean + pstart_afs_gauss_std,"pline_grdf_bessel_mean,pstart_afs_gauss_std","(55, 100)",2,-0.21850598641026925
pstart_afs_gauss_mean + pstart_grdf_bessel_std,"pstart_afs_gauss_mean,pstart_grdf_bessel_std","(99, 106)",2,-0.21857886206461918
pend_afs_trig_mean + pmid_plane_mean_Z,"pend_afs_trig_mean,pmid_plane_mean_Z","(35, 92)",2,-0.2185900946582869
X_diff + sum_Z4,"X_diff,sum_Z4","(3, 122)",2,-0.21859879664516688
kstart_frac_x + kvec_x,"kstart_frac_x,kvec_x","(17, 20)",2,-0.21861405403697934
pmid_afs_gauss_mean + pstart_afs_bessel_max,"pmid_afs_gauss_mean,pstart_afs_bessel_max","(74, 95)",2,-0.21862706109485747
pmid_afs_gauss_mean + pstart_grdf_trig_std,"pmid_afs_gauss_mean,pstart_grdf_trig_std","(74, 112)",2,-0.21862860686745966
pmid_afs_trig_max + pmid_grdf_gauss_std,"pmid_afs_trig_max,pmid_grdf_gauss_std","(76, 84)",2,-0.2186495819144075
mean_Z + plane_angle_deg,"mean_Z,plane_angle_deg","(26, 53)",2,-0.2186635229008138
pline_grdf_bessel_mean + pmid_plane_max_mass,"pline_grdf_bessel_mean,pmid_plane_max_mass","(55, 91)",2,-0.21867482933429025
pline_grdf_bessel_mean + pstart_plane_max_mass,"pline_grdf_bessel_mean,pstart_plane_max_mass","(55, 116)",2,-0.21867482933429025
pend_afs_bessel_std + pstart_plane_mean_Z,"pend_afs_bessel_std,pstart_plane_mean_Z","(30, 117)",2,-0.21870353758587222
pend_grdf_trig_std + pstart_grdf_bessel_max,"pend_grdf_trig_std,pstart_grdf_bessel_max","(45, 104)",2,-0.21889211677762271
kinterior_degen + pstart_afs_gauss_max,"kinterior_degen,pstart_afs_gauss_max","(11, 98)",2,-0.21892486430562333
plane_angle_deg + pstart_afs_gauss_max,"plane_angle_deg,pstart_afs_gauss_max","(53, 98)",2,-0.2189621658114107
pstart_afs_gauss_max + pstart_afs_gauss_mean,"pstart_afs_gauss_max,pstart_afs_gauss_mean","(98, 99)",2,-0.21901781689378716
kmid_frac_y + pstart_grdf_bessel_std,"kmid_frac_y,pstart_grdf_bessel_std","(13, 106)",2,-0.21907586854592948
kvec_y + pmid_afs_trig_std,"kvec_y,pmid_afs_trig_std","(21, 78)",2,-0.2191417519266438
pline_grdf_bessel_mean + pmid_afs_bessel_std,"pline_grdf_bessel_mean,pmid_afs_bessel_std","(55, 72)",2,-0.21956395610335755
kmid_frac_y + pend_grdf_trig_std,"kmid_frac_y,pend_grdf_trig_std","(13, 45)",2,-0.2195956071602323
pmid_n_atoms_on_plane + pmid_plane_heavy_frac,"pmid_n_atoms_on_plane,pmid_plane_heavy_frac","(88, 89)",2,-0.21965625611490833
pline_grdf_trig_max + pmid_afs_bessel_std,"pline_grdf_trig_max,pmid_afs_bessel_std","(60, 72)",2,-0.2196701110004659
pend_afs_trig_max + pline_grdf_bessel_mean,"pend_afs_trig_max,pline_grdf_bessel_mean","(34, 55)",2,-0.21969426568022127
pline_grdf_bessel_max + pstart_afs_trig_max,"pline_grdf_bessel_max,pstart_afs_trig_max","(54, 101)",2,-0.21971311843444993
pstart_afs_trig_std + pstart_grdf_trig_std,"pstart_afs_trig_std,pstart_grdf_trig_std","(103, 112)",2,-0.21971593511613027
pline_plane_heavy_frac + pstart_plane_mean_Z,"pline_plane_heavy_frac,pstart_plane_mean_Z","(64, 117)",2,-0.21972194267977793
pmid_afs_trig_std + pstart_grdf_bessel_std,"pmid_afs_trig_std,pstart_grdf_bessel_std","(78, 106)",2,-0.2198398621251955
X_diff + radius_diff,"X_diff,radius_diff","(3, 120)",2,-0.2200119456355031
ehull + kend_frac_y,"ehull,kend_frac_y","(7, 10)",2,-0.22012580115182007
pend_afs_bessel_std + pend_plane_mean_Z,"pend_afs_bessel_std,pend_plane_mean_Z","(30, 50)",2,-0.22015070386103183
pend_afs_trig_std + pmid_afs_bessel_std,"pend_afs_trig_std,pmid_afs_bessel_std","(36, 72)",2,-0.2202088602274615
pend_afs_gauss_mean + pstart_afs_gauss_mean,"pend_afs_gauss_mean,pstart_afs_gauss_mean","(32, 99)",2,-0.22021168408588196
E_pfrac_CBM + pline_grdf_bessel_max,"E_pfrac_CBM,pline_grdf_bessel_max","(0, 54)",2,-0.22023064335316658
E_pfrac_VBM + radius_diff,"E_pfrac_VBM,radius_diff","(1, 120)",2,-0.22037136958488937
pstart_grdf_bessel_max + pstart_grdf_gauss_max,"pstart_grdf_bessel_max,pstart_grdf_gauss_max","(104, 107)",2,-0.22039964067869366
E_pfrac_VBM + pline_plane_sum_Z4,"E_pfrac_VBM,pline_plane_sum_Z4","(1, 69)",2,-0.22041908246108619
kmid_frac_y + pmid_grdf_gauss_mean,"kmid_frac_y,pmid_grdf_gauss_mean","(13, 83)",2,-0.22043115513493663
kmid_frac_x + pstart_afs_gauss_max,"kmid_frac_x,pstart_afs_gauss_max","(12, 98)",2,-0.22044859905832853
pmid_grdf_bessel_mean + pstart_grdf_trig_mean,"pmid_grdf_bessel_mean,pstart_grdf_trig_mean","(80, 111)",2,-0.22049058855697154
pend_n_atoms_on_plane + pline_plane_heavy_frac,"pend_n_atoms_on_plane,pline_plane_heavy_frac","(46, 64)",2,-0.22057861005027748
pmid_afs_bessel_mean + pstart_afs_bessel_std,"pmid_afs_bessel_mean,pstart_afs_bessel_std","(71, 97)",2,-0.22063788229765394
kend_frac_y + pend_plane_mean_mass,"kend_frac_y,pend_plane_mean_mass","(10, 51)",2,-0.2207297271540007
pline_grdf_bessel_mean + pstart_grdf_gauss_std,"pline_grdf_bessel_mean,pstart_grdf_gauss_std","(55, 109)",2,-0.22077954747905332
pstart_afs_bessel_std + pstart_plane_max_mass,"pstart_afs_bessel_std,pstart_plane_max_mass","(97, 116)",2,-0.22085796254991644
pend_grdf_gauss_mean + pmid_grdf_gauss_max,"pend_grdf_gauss_mean,pmid_grdf_gauss_max","(41, 82)",2,-0.22094980423233226
pmid_afs_bessel_std + pstart_plane_sum_Z4,"pmid_afs_bessel_std,pstart_plane_sum_Z4","(72, 119)",2,-0.22098137884837382
pend_afs_gauss_mean + pend_grdf_bessel_mean,"pend_afs_gauss_mean,pend_grdf_bessel_mean","(32, 38)",2,-0.22104358631180485
pstart_afs_trig_max + pstart_plane_sum_Z4,"pstart_afs_trig_max,pstart_plane_sum_Z4","(101, 119)",2,-0.2210763686082145
pend_afs_gauss_std + pend_grdf_bessel_mean,"pend_afs_gauss_std,pend_grdf_bessel_mean","(33, 38)",2,-0.22118199150066653
kvec_x + sum_Z4,"kvec_x,sum_Z4","(20, 122)",2,-0.22120737650332095
pmid_afs_trig_max + pmid_plane_mean_mass,"pmid_afs_trig_max,pmid_plane_mean_mass","(76, 93)",2,-0.22123214578458508
kpath_angle_deg + pstart_plane_mean_mass,"kpath_angle_deg,pstart_plane_mean_mass","(14, 118)",2,-0.22124072930248245
pend_afs_gauss_mean + pmid_plane_sum_Z4,"pend_afs_gauss_mean,pmid_plane_sum_Z4","(32, 94)",2,-0.22131124931724053
kstart_frac_y + pmid_grdf_gauss_mean,"kstart_frac_y,pmid_grdf_gauss_mean","(18, 83)",2,-0.22135688187422747
pend_n_atoms_on_plane + pline_plane_mean_mass,"pend_n_atoms_on_plane,pline_plane_mean_mass","(46, 68)",2,-0.22135859522008597
bandgap + kend_frac_y,"bandgap,kend_frac_y","(6, 10)",2,-0.22136258295697941
pend_n_atoms_on_plane + pstart_grdf_gauss_std,"pend_n_atoms_on_plane,pstart_grdf_gauss_std","(46, 109)",2,-0.22138646117803845
X_mean + pline_grdf_trig_mean,"X_mean,pline_grdf_trig_mean","(4, 61)",2,-0.22141976021737192
pend_afs_trig_max + pmid_grdf_bessel_std,"pend_afs_trig_max,pmid_grdf_bessel_std","(34, 81)",2,-0.22142018931695517
bandgap + sum_Z4,"bandgap,sum_Z4","(6, 122)",2,-0.22143190040469413
pend_grdf_gauss_max + pmid_grdf_gauss_mean,"pend_grdf_gauss_max,pmid_grdf_gauss_mean","(40, 83)",2,-0.2214360368005885
pend_grdf_gauss_std + pmid_plane_mean_mass,"pend_grdf_gauss_std,pmid_plane_mean_mass","(42, 93)",2,-0.22150590139272666
pend_plane_heavy_frac + pstart_grdf_gauss_mean,"pend_plane_heavy_frac,pstart_grdf_gauss_mean","(47, 108)",2,-0.22152229420051234
kend_frac_y + pend_grdf_trig_std,"kend_frac_y,pend_grdf_trig_std","(10, 45)",2,-0.22160582927117467
pend_plane_heavy_frac + pmid_plane_sum_Z4,"pend_plane_heavy_frac,pmid_plane_sum_Z4","(47, 94)",2,-0.221624903854371
E_pfrac_VBM + mean_Z,"E_pfrac_VBM,mean_Z","(1, 26)",2,-0.22166556842667626
pend_plane_heavy_frac + pmid_afs_trig_max,"pend_plane_heavy_frac,pmid_afs_trig_max","(47, 76)",2,-0.2217696932129966
pend_grdf_gauss_std + pstart_afs_gauss_mean,"pend_grdf_gauss_std,pstart_afs_gauss_mean","(42, 99)",2,-0.2218285925936144
pline_grdf_gauss_std + pstart_afs_gauss_max,"pline_grdf_gauss_std,pstart_afs_gauss_max","(59, 98)",2,-0.22183441940868526
pline_plane_sum_Z4 + pstart_afs_gauss_std,"pline_plane_sum_Z4,pstart_afs_gauss_std","(69, 100)",2,-0.22187466660052496
pmid_plane_mean_mass + pstart_afs_gauss_std,"pmid_plane_mean_mass,pstart_afs_gauss_std","(93, 100)",2,-0.22203237542756424
pmid_afs_bessel_std + pstart_plane_max_Z,"pmid_afs_bessel_std,pstart_plane_max_Z","(72, 115)",2,-0.22214992876010475
pmid_afs_bessel_std + pmid_plane_max_Z,"pmid_afs_bessel_std,pmid_plane_max_Z","(72, 90)",2,-0.22214992876010475
pend_afs_bessel_mean + pstart_afs_bessel_std,"pend_afs_bessel_mean,pstart_afs_bessel_std","(29, 97)",2,-0.222153805397972
pend_grdf_bessel_std + pmid_grdf_bessel_mean,"pend_grdf_bessel_std,pmid_grdf_bessel_mean","(39, 80)",2,-0.2222290466062634
pend_afs_trig_mean + pend_plane_sum_Z4,"pend_afs_trig_mean,pend_plane_sum_Z4","(35, 52)",2,-0.2222521013962063
pend_afs_trig_max + pend_grdf_bessel_std,"pend_afs_trig_max,pend_grdf_bessel_std","(34, 39)",2,-0.2223259187770732
pend_grdf_gauss_max + pmid_plane_heavy_frac,"pend_grdf_gauss_max,pmid_plane_heavy_frac","(40, 89)",2,-0.22234648408693625
pmid_afs_gauss_std + pstart_grdf_trig_std,"pmid_afs_gauss_std,pstart_grdf_trig_std","(75, 112)",2,-0.222507490952292
kvec_y + pmid_afs_gauss_mean,"kvec_y,pmid_afs_gauss_mean","(21, 74)",2,-0.22256225790552137
pend_plane_heavy_frac + pstart_grdf_bessel_mean,"pend_plane_heavy_frac,pstart_grdf_bessel_mean","(47, 105)",2,-0.22268688326909086
pend_afs_gauss_mean + pmid_grdf_trig_std,"pend_afs_gauss_mean,pmid_grdf_trig_std","(32, 87)",2,-0.22269967575451705
pline_grdf_bessel_std + pmid_grdf_gauss_mean,"pline_grdf_bessel_std,pmid_grdf_gauss_mean","(56, 83)",2,-0.22273381756774943
pmid_n_atoms_on_plane + pstart_plane_heavy_frac,"pmid_n_atoms_on_plane,pstart_plane_heavy_frac","(88, 114)",2,-0.22288480459347165
E_pfrac_CBM + pstart_grdf_trig_std,"E_pfrac_CBM,pstart_grdf_trig_std","(0, 112)",2,-0.22289758445409813
bandgap + pend_plane_heavy_frac,"bandgap,pend_plane_heavy_frac","(6, 47)",2,-0.22295304271224814
pend_afs_gauss_max + radius_diff,"pend_afs_gauss_max,radius_diff","(31, 120)",2,-0.22302995864131364
pmid_afs_gauss_max + pmid_plane_sum_Z4,"pmid_afs_gauss_max,pmid_plane_sum_Z4","(73, 94)",2,-0.22303140903724547
pmid_grdf_gauss_max + pmid_plane_mean_mass,"pmid_grdf_gauss_max,pmid_plane_mean_mass","(82, 93)",2,-0.22304468587773404
max_mass + pmid_grdf_trig_std,"max_mass,pmid_grdf_trig_std","(25, 87)",2,-0.22318100264843438
pend_plane_max_mass + pmid_grdf_trig_std,"pend_plane_max_mass,pmid_grdf_trig_std","(49, 87)",2,-0.22318100264843438
E_pfrac_VBM + kvec_z,"E_pfrac_VBM,kvec_z","(1, 22)",2,-0.22321170790906972
pend_afs_trig_std + pmid_afs_trig_max,"pend_afs_trig_std,pmid_afs_trig_max","(36, 76)",2,-0.2233124166372269
pend_plane_heavy_frac + pstart_grdf_trig_std,"pend_plane_heavy_frac,pstart_grdf_trig_std","(47, 112)",2,-0.22331833796413464
kstart_degen + pstart_afs_trig_max,"kstart_degen,pstart_afs_trig_max","(16, 101)",2,-0.22339168523189148
X_diff + kmid_frac_y,"X_diff,kmid_frac_y","(3, 13)",2,-0.22343467965854252
pmid_afs_bessel_std + pstart_grdf_gauss_std,"pmid_afs_bessel_std,pstart_grdf_gauss_std","(72, 109)",2,-0.2234466370055518
X_mean + pline_grdf_trig_max,"X_mean,pline_grdf_trig_max","(4, 60)",2,-0.22349765205571898
pline_grdf_trig_max + pstart_grdf_bessel_std,"pline_grdf_trig_max,pstart_grdf_bessel_std","(60, 106)",2,-0.22366094275081783
pstart_afs_trig_mean + pstart_grdf_trig_max,"pstart_afs_trig_mean,pstart_grdf_trig_max","(102, 110)",2,-0.22379229667058737
pmid_grdf_gauss_std + pstart_grdf_bessel_max,"pmid_grdf_gauss_std,pstart_grdf_bessel_max","(84, 104)",2,-0.223903953643901
kmid_frac_y + mean_Z,"kmid_frac_y,mean_Z","(13, 26)",2,-0.22391153814152162
bandgap + pstart_grdf_gauss_mean,"bandgap,pstart_grdf_gauss_mean","(6, 108)",2,-0.22392029245993378
band_binary + radius_diff,"band_binary,radius_diff","(5, 120)",2,-0.2239672079646599
pline_grdf_trig_max + pstart_plane_mean_Z,"pline_grdf_trig_max,pstart_plane_mean_Z","(60, 117)",2,-0.22398510153114842
pstart_afs_bessel_std + pstart_grdf_gauss_std,"pstart_afs_bessel_std,pstart_grdf_gauss_std","(97, 109)",2,-0.22402898491542905
pend_n_atoms_on_plane + pline_plane_sum_Z4,"pend_n_atoms_on_plane,pline_plane_sum_Z4","(46, 69)",2,-0.22406441508261424
pend_n_atoms_on_plane + pline_grdf_bessel_std,"pend_n_atoms_on_plane,pline_grdf_bessel_std","(46, 56)",2,-0.22408597325103682
kend_frac_x + pstart_plane_mean_Z,"kend_frac_x,pstart_plane_mean_Z","(9, 117)",2,-0.22417817565641562
pstart_grdf_bessel_std + pstart_plane_mean_Z,"pstart_grdf_bessel_std,pstart_plane_mean_Z","(106, 117)",2,-0.22422355134725508
pend_afs_bessel_std + pstart_plane_sum_Z4,"pend_afs_bessel_std,pstart_plane_sum_Z4","(30, 119)",2,-0.2242476805675564
kvec_y + pmid_afs_gauss_std,"kvec_y,pmid_afs_gauss_std","(21, 75)",2,-0.22427468780469678
pmid_grdf_gauss_std + pstart_plane_mean_mass,"pmid_grdf_gauss_std,pstart_plane_mean_mass","(84, 118)",2,-0.22429983835880737
pstart_afs_gauss_max + pstart_grdf_bessel_max,"pstart_afs_gauss_max,pstart_grdf_bessel_max","(98, 104)",2,-0.22437386325142264
kvec_z + pend_afs_trig_max,"kvec_z,pend_afs_trig_max","(22, 34)",2,-0.22438148647914727
E_pfrac_CBM + kvec_x,"E_pfrac_CBM,kvec_x","(0, 20)",2,-0.2244110866663825
bandgap + pmid_grdf_trig_std,"bandgap,pmid_grdf_trig_std","(6, 87)",2,-0.2244379091530638
pend_afs_trig_mean + pmid_plane_sum_Z4,"pend_afs_trig_mean,pmid_plane_sum_Z4","(35, 94)",2,-0.22444635529088064
pmid_afs_trig_std + pstart_afs_trig_max,"pmid_afs_trig_std,pstart_afs_trig_max","(78, 101)",2,-0.2244788673271007
pmid_afs_gauss_std + pmid_plane_heavy_frac,"pmid_afs_gauss_std,pmid_plane_heavy_frac","(75, 89)",2,-0.22455441082494482
pline_grdf_trig_mean + pstart_plane_mean_Z,"pline_grdf_trig_mean,pstart_plane_mean_Z","(61, 117)",2,-0.22461413320027718
pmid_afs_gauss_std + pmid_grdf_bessel_mean,"pmid_afs_gauss_std,pmid_grdf_bessel_mean","(75, 80)",2,-0.22477309980837826
kvec_z + pend_plane_mean_mass,"kvec_z,pend_plane_mean_mass","(22, 51)",2,-0.22482698976036458
n_elements + radius_diff,"n_elements,radius_diff","(27, 120)",2,-0.22512128761123967
E_pfrac_VBM + pline_plane_max_Z,"E_pfrac_VBM,pline_plane_max_Z","(1, 65)",2,-0.22521391635131355
pend_afs_bessel_std + sum_Z4,"pend_afs_bessel_std,sum_Z4","(30, 122)",2,-0.22524186090019746
pmid_afs_bessel_std + pmid_afs_trig_std,"pmid_afs_bessel_std,pmid_afs_trig_std","(72, 78)",2,-0.2253121917224993
mean_Z + pstart_afs_bessel_std,"mean_Z,pstart_afs_bessel_std","(26, 97)",2,-0.22535813074229064
pend_afs_gauss_max + pline_n_atoms_on_plane,"pend_afs_gauss_max,pline_n_atoms_on_plane","(31, 63)",2,-0.2253983356941455
pend_afs_gauss_std + pstart_grdf_bessel_mean,"pend_afs_gauss_std,pstart_grdf_bessel_mean","(33, 105)",2,-0.2254687403938375
pend_grdf_gauss_mean + pstart_grdf_bessel_std,"pend_grdf_gauss_mean,pstart_grdf_bessel_std","(41, 106)",2,-0.22547100857419963
pline_grdf_trig_mean + pstart_plane_mean_mass,"pline_grdf_trig_mean,pstart_plane_mean_mass","(61, 118)",2,-0.22550567490430176
kstart_frac_x + radius_diff,"kstart_frac_x,radius_diff","(17, 120)",2,-0.22551392131353984
pline_grdf_gauss_mean + pstart_grdf_trig_std,"pline_grdf_gauss_mean,pstart_grdf_trig_std","(58, 112)",2,-0.22552146050666472
kvec_x + pline_plane_mean_mass,"kvec_x,pline_plane_mean_mass","(20, 68)",2,-0.22558700395790354
pline_grdf_gauss_max + pstart_plane_mean_Z,"pline_grdf_gauss_max,pstart_plane_mean_Z","(57, 117)",2,-0.22569271183152023
kvec_z + pstart_plane_mean_mass,"kvec_z,pstart_plane_mean_mass","(22, 118)",2,-0.22573173394339574
kpath_angle_deg + pstart_grdf_bessel_max,"kpath_angle_deg,pstart_grdf_bessel_max","(14, 104)",2,-0.2258094994314968
pline_grdf_bessel_mean + sum_Z4,"pline_grdf_bessel_mean,sum_Z4","(55, 122)",2,-0.22585629844381408
E_pfrac_CBM + plane_angle_deg,"E_pfrac_CBM,plane_angle_deg","(0, 53)",2,-0.2258866455968534
pend_afs_trig_mean + pmid_plane_mean_mass,"pend_afs_trig_mean,pmid_plane_mean_mass","(35, 93)",2,-0.22590088998949645
pline_grdf_bessel_std + pmid_afs_trig_max,"pline_grdf_bessel_std,pmid_afs_trig_max","(56, 76)",2,-0.22593775371235442
bandgap + ktotal_weight,"bandgap,ktotal_weight","(6, 19)",2,-0.2259378804617751
pstart_grdf_bessel_mean + pstart_grdf_trig_max,"pstart_grdf_bessel_mean,pstart_grdf_trig_max","(105, 110)",2,-0.22597291635860772
pline_grdf_trig_mean + pmid_plane_mean_mass,"pline_grdf_trig_mean,pmid_plane_mean_mass","(61, 93)",2,-0.22599278035285364
pend_grdf_bessel_std + pmid_afs_trig_max,"pend_grdf_bessel_std,pmid_afs_trig_max","(39, 76)",2,-0.22601564518836437
pmid_grdf_bessel_mean + pmid_grdf_bessel_std,"pmid_grdf_bessel_mean,pmid_grdf_bessel_std","(80, 81)",2,-0.22608667496236987
pend_n_atoms_on_plane + pend_plane_heavy_frac,"pend_n_atoms_on_plane,pend_plane_heavy_frac","(46, 47)",2,-0.22610793775963414
E_pfrac_CBM + ehull,"E_pfrac_CBM,ehull","(0, 7)",2,-0.22611172721571632
pstart_afs_gauss_std + radius_diff,"pstart_afs_gauss_std,radius_diff","(100, 120)",2,-0.22617625377892486
pstart_afs_trig_max + pstart_plane_mean_Z,"pstart_afs_trig_max,pstart_plane_mean_Z","(101, 117)",2,-0.22619960402469524
pmid_grdf_gauss_max + pstart_plane_sum_Z4,"pmid_grdf_gauss_max,pstart_plane_sum_Z4","(82, 119)",2,-0.2262039028464275
pmid_afs_trig_mean + pstart_grdf_bessel_std,"pmid_afs_trig_mean,pstart_grdf_bessel_std","(77, 106)",2,-0.22636650258157154
kend_frac_y + pstart_grdf_trig_std,"kend_frac_y,pstart_grdf_trig_std","(10, 112)",2,-0.2263711742216735
pend_grdf_gauss_std + pmid_afs_trig_max,"pend_grdf_gauss_std,pmid_afs_trig_max","(42, 76)",2,-0.22642001693851918
pstart_afs_bessel_mean + pstart_afs_gauss_max,"pstart_afs_bessel_mean,pstart_afs_gauss_max","(96, 98)",2,-0.22644328952816242
pend_afs_gauss_std + pstart_afs_bessel_std,"pend_afs_gauss_std,pstart_afs_bessel_std","(33, 97)",2,-0.2265080921790334
X_mean + pend_plane_heavy_frac,"X_mean,pend_plane_heavy_frac","(4, 47)",2,-0.22651932371136924
pend_afs_trig_std + pend_grdf_bessel_mean,"pend_afs_trig_std,pend_grdf_bessel_mean","(36, 38)",2,-0.22653054724083016
pmid_afs_bessel_mean + pstart_grdf_gauss_std,"pmid_afs_bessel_mean,pstart_grdf_gauss_std","(71, 109)",2,-0.22655804211146022
E_pfrac_CBM + pline_grdf_gauss_mean,"E_pfrac_CBM,pline_grdf_gauss_mean","(0, 58)",2,-0.22660433585145928
pend_grdf_bessel_std + pstart_afs_bessel_max,"pend_grdf_bessel_std,pstart_afs_bessel_max","(39, 95)",2,-0.22665960999680382
pmid_grdf_bessel_std + pstart_grdf_gauss_std,"pmid_grdf_bessel_std,pstart_grdf_gauss_std","(81, 109)",2,-0.22673422242501928
pmid_grdf_bessel_mean + pstart_afs_bessel_mean,"pmid_grdf_bessel_mean,pstart_afs_bessel_mean","(80, 96)",2,-0.22673453326376322
pend_grdf_gauss_std + pstart_afs_gauss_max,"pend_grdf_gauss_std,pstart_afs_gauss_max","(42, 98)",2,-0.22674646094080259
pend_afs_bessel_std + pmid_plane_mean_Z,"pend_afs_bessel_std,pmid_plane_mean_Z","(30, 92)",2,-0.22695676272400483
pmid_plane_sum_Z4 + pstart_grdf_gauss_max,"pmid_plane_sum_Z4,pstart_grdf_gauss_max","(94, 107)",2,-0.2269810870594468
X_diff + pline_plane_max_Z,"X_diff,pline_plane_max_Z","(3, 65)",2,-0.227024806032657
E_pfrac_CBM + pline_plane_sum_Z4,"E_pfrac_CBM,pline_plane_sum_Z4","(0, 69)",2,-0.22720069169789658
kstart_frac_y + pstart_afs_gauss_max,"kstart_frac_y,pstart_afs_gauss_max","(18, 98)",2,-0.22722658448764937
pline_grdf_gauss_std + pstart_grdf_trig_std,"pline_grdf_gauss_std,pstart_grdf_trig_std","(59, 112)",2,-0.2272670908065074
pend_grdf_trig_std + pstart_plane_max_Z,"pend_grdf_trig_std,pstart_plane_max_Z","(45, 115)",2,-0.2272942399090086
pend_grdf_trig_std + pmid_plane_max_Z,"pend_grdf_trig_std,pmid_plane_max_Z","(45, 90)",2,-0.2272942399090086
pend_grdf_trig_std + pend_plane_max_Z,"pend_grdf_trig_std,pend_plane_max_Z","(45, 48)",2,-0.2272942399090086
kend_frac_x + pend_n_atoms_on_plane,"kend_frac_x,pend_n_atoms_on_plane","(9, 46)",2,-0.227310552659801
pend_n_atoms_on_plane + pline_grdf_trig_std,"pend_n_atoms_on_plane,pline_grdf_trig_std","(46, 62)",2,-0.22736390524460495
pstart_afs_bessel_mean + pstart_afs_gauss_mean,"pstart_afs_bessel_mean,pstart_afs_gauss_mean","(96, 99)",2,-0.22743472115401006
pmid_afs_trig_mean + pmid_grdf_bessel_max,"pmid_afs_trig_mean,pmid_grdf_bessel_max","(77, 79)",2,-0.22751095322257692
pmid_grdf_bessel_max + pmid_grdf_gauss_std,"pmid_grdf_bessel_max,pmid_grdf_gauss_std","(79, 84)",2,-0.227548855319126
pline_plane_heavy_frac + pstart_grdf_trig_std,"pline_plane_heavy_frac,pstart_grdf_trig_std","(64, 112)",2,-0.227619800497384
n_elements + pend_grdf_trig_std,"n_elements,pend_grdf_trig_std","(27, 45)",2,-0.22771317217084874
pend_afs_gauss_max + pstart_plane_mean_mass,"pend_afs_gauss_max,pstart_plane_mean_mass","(31, 118)",2,-0.22773433126570924
pline_n_atoms_on_plane + pstart_afs_gauss_max,"pline_n_atoms_on_plane,pstart_afs_gauss_max","(63, 98)",2,-0.22779105156770588
pline_grdf_trig_max + pmid_plane_mean_mass,"pline_grdf_trig_max,pmid_plane_mean_mass","(60, 93)",2,-0.22803281631702194
pmid_afs_bessel_std + pstart_afs_trig_std,"pmid_afs_bessel_std,pstart_afs_trig_std","(72, 103)",2,-0.22806986732085116
ktotal_weight + pstart_afs_gauss_max,"ktotal_weight,pstart_afs_gauss_max","(19, 98)",2,-0.2280999207185032
pline_grdf_bessel_mean + pmid_grdf_trig_std,"pline_grdf_bessel_mean,pmid_grdf_trig_std","(55, 87)",2,-0.2281288844034112
pline_grdf_bessel_mean + pmid_plane_max_Z,"pline_grdf_bessel_mean,pmid_plane_max_Z","(55, 90)",2,-0.2281724244634144
pline_grdf_bessel_mean + pstart_plane_max_Z,"pline_grdf_bessel_mean,pstart_plane_max_Z","(55, 115)",2,-0.2281724244634144
ehull + pstart_grdf_trig_mean,"ehull,pstart_grdf_trig_mean","(7, 111)",2,-0.228184356678014
pend_plane_heavy_frac + pstart_afs_gauss_std,"pend_plane_heavy_frac,pstart_afs_gauss_std","(47, 100)",2,-0.2282095780331151
bandgap + pline_grdf_gauss_mean,"bandgap,pline_grdf_gauss_mean","(6, 58)",2,-0.22821883882097033
pend_plane_mean_Z + pmid_grdf_trig_std,"pend_plane_mean_Z,pmid_grdf_trig_std","(50, 87)",2,-0.22821978596310152
pend_afs_trig_max + pstart_afs_bessel_mean,"pend_afs_trig_max,pstart_afs_bessel_mean","(34, 96)",2,-0.22822027444143225
pstart_afs_gauss_mean + pstart_plane_sum_Z4,"pstart_afs_gauss_mean,pstart_plane_sum_Z4","(99, 119)",2,-0.22841701874120085
kpath_real_distance + pend_afs_trig_mean,"kpath_real_distance,pend_afs_trig_mean","(15, 35)",2,-0.22850245669162747
X_diff + kend_frac_x,"X_diff,kend_frac_x","(3, 9)",2,-0.22854500570408587
kend_frac_x + pend_afs_bessel_max,"kend_frac_x,pend_afs_bessel_max","(9, 28)",2,-0.22871155159401227
pend_afs_trig_max + radius_diff,"pend_afs_trig_max,radius_diff","(34, 120)",2,-0.22877807872036793
max_mass + pend_afs_trig_mean,"max_mass,pend_afs_trig_mean","(25, 35)",2,-0.22883949489137376
max_Z + pstart_afs_bessel_std,"max_Z,pstart_afs_bessel_std","(23, 97)",2,-0.22900128941019463
pend_plane_max_Z + pstart_afs_bessel_std,"pend_plane_max_Z,pstart_afs_bessel_std","(48, 97)",2,-0.22900128941019463
max_Z4 + pstart_afs_bessel_std,"max_Z4,pstart_afs_bessel_std","(24, 97)",2,-0.22900128941019463
pmid_plane_max_Z + pstart_afs_bessel_std,"pmid_plane_max_Z,pstart_afs_bessel_std","(90, 97)",2,-0.22900128941019463
kpath_real_distance + pmid_grdf_gauss_mean,"kpath_real_distance,pmid_grdf_gauss_mean","(15, 83)",2,-0.22904197395395354
plane_angle_deg + pmid_grdf_trig_std,"plane_angle_deg,pmid_grdf_trig_std","(53, 87)",2,-0.22906898324898411
pend_grdf_bessel_mean + pmid_grdf_gauss_std,"pend_grdf_bessel_mean,pmid_grdf_gauss_std","(38, 84)",2,-0.2291033209885914
kstart_frac_x + pend_grdf_trig_std,"kstart_frac_x,pend_grdf_trig_std","(17, 45)",2,-0.22920395932729906
pend_afs_trig_mean + pstart_grdf_bessel_max,"pend_afs_trig_mean,pstart_grdf_bessel_max","(35, 104)",2,-0.22924064429512842
pend_plane_max_Z + pmid_afs_bessel_std,"pend_plane_max_Z,pmid_afs_bessel_std","(48, 72)",2,-0.22953526350109973
max_Z + pmid_afs_bessel_std,"max_Z,pmid_afs_bessel_std","(23, 72)",2,-0.22953526350109973
max_Z4 + pmid_afs_bessel_std,"max_Z4,pmid_afs_bessel_std","(24, 72)",2,-0.22953526350109973
E_pfrac_CBM + pline_plane_max_mass,"E_pfrac_CBM,pline_plane_max_mass","(0, 66)",2,-0.22954891865827323
max_Z4 + pline_grdf_bessel_mean,"max_Z4,pline_grdf_bessel_mean","(24, 55)",2,-0.2296198008437397
max_Z + pline_grdf_bessel_mean,"max_Z,pline_grdf_bessel_mean","(23, 55)",2,-0.2296198008437397
pend_plane_max_Z + pline_grdf_bessel_mean,"pend_plane_max_Z,pline_grdf_bessel_mean","(48, 55)",2,-0.2296198008437397
X_diff + pmid_afs_gauss_max,"X_diff,pmid_afs_gauss_max","(3, 73)",2,-0.22967943524355533
pend_plane_max_mass + pline_grdf_bessel_max,"pend_plane_max_mass,pline_grdf_bessel_max","(49, 54)",2,-0.22979841750442817
max_mass + pline_grdf_bessel_max,"max_mass,pline_grdf_bessel_max","(25, 54)",2,-0.22979841750442817
kpath_angle_deg + pend_afs_bessel_max,"kpath_angle_deg,pend_afs_bessel_max","(14, 28)",2,-0.22981044715881832
pline_plane_mean_Z + pstart_plane_mean_mass,"pline_plane_mean_Z,pstart_plane_mean_mass","(67, 118)",2,-0.22995983667170342
pstart_grdf_bessel_std + pstart_plane_heavy_frac,"pstart_grdf_bessel_std,pstart_plane_heavy_frac","(106, 114)",2,-0.22998600905572603
pend_afs_bessel_mean + pmid_grdf_bessel_mean,"pend_afs_bessel_mean,pmid_grdf_bessel_mean","(29, 80)",2,-0.23013875394276476
pend_n_atoms_on_plane + pline_grdf_gauss_std,"pend_n_atoms_on_plane,pline_grdf_gauss_std","(46, 59)",2,-0.23016949805733372
pline_n_atoms_on_plane + pmid_plane_mean_mass,"pline_n_atoms_on_plane,pmid_plane_mean_mass","(63, 93)",2,-0.2302155253983451
kvec_x + pline_plane_sum_Z4,"kvec_x,pline_plane_sum_Z4","(20, 69)",2,-0.23032679175561172
pend_plane_mean_mass + pline_grdf_trig_max,"pend_plane_mean_mass,pline_grdf_trig_max","(51, 60)",2,-0.23038387311467012
pmid_afs_trig_max + pmid_plane_heavy_frac,"pmid_afs_trig_max,pmid_plane_heavy_frac","(76, 89)",2,-0.23048535221408298
pend_afs_bessel_std + pstart_grdf_bessel_mean,"pend_afs_bessel_std,pstart_grdf_bessel_mean","(30, 105)",2,-0.23055844063112457
max_mass + pend_grdf_trig_std,"max_mass,pend_grdf_trig_std","(25, 45)",2,-0.2306616418577457
kstart_frac_y + pstart_grdf_trig_std,"kstart_frac_y,pstart_grdf_trig_std","(18, 112)",2,-0.23068152054391292
kend_degen + pend_grdf_gauss_mean,"kend_degen,pend_grdf_gauss_mean","(8, 41)",2,-0.2307777536414699
bandgap + max_mass,"bandgap,max_mass","(6, 25)",2,-0.23085412305663217
bandgap + pend_plane_max_mass,"bandgap,pend_plane_max_mass","(6, 49)",2,-0.23085412305663217
bandgap + pmid_plane_max_mass,"bandgap,pmid_plane_max_mass","(6, 91)",2,-0.23085412305663217
bandgap + pstart_plane_max_mass,"bandgap,pstart_plane_max_mass","(6, 116)",2,-0.23085412305663217
kmid_frac_y + pstart_afs_gauss_max,"kmid_frac_y,pstart_afs_gauss_max","(13, 98)",2,-0.23086132468558862
pline_plane_sum_Z4 + radius_diff,"pline_plane_sum_Z4,radius_diff","(69, 120)",2,-0.2308668213252391
pstart_afs_bessel_std + pstart_grdf_gauss_max,"pstart_afs_bessel_std,pstart_grdf_gauss_max","(97, 107)",2,-0.2308757961155453
n_elements + pmid_afs_trig_max,"n_elements,pmid_afs_trig_max","(27, 76)",2,-0.23095606570744084
pstart_afs_bessel_std + pstart_grdf_bessel_max,"pstart_afs_bessel_std,pstart_grdf_bessel_max","(97, 104)",2,-0.23098288858593302
kpath_angle_deg + pend_n_atoms_on_plane,"kpath_angle_deg,pend_n_atoms_on_plane","(14, 46)",2,-0.23111446552571735
kvec_y + pend_plane_heavy_frac,"kvec_y,pend_plane_heavy_frac","(21, 47)",2,-0.23114988913307194
pmid_grdf_gauss_mean + pstart_grdf_gauss_mean,"pmid_grdf_gauss_mean,pstart_grdf_gauss_mean","(83, 108)",2,-0.23124917265752912
pline_grdf_trig_mean + pstart_afs_gauss_max,"pline_grdf_trig_mean,pstart_afs_gauss_max","(61, 98)",2,-0.23125694941694083
pend_grdf_gauss_std + pend_plane_mean_mass,"pend_grdf_gauss_std,pend_plane_mean_mass","(42, 51)",2,-0.23131909224893166
E_pfrac_CBM + pstart_plane_mean_Z,"E_pfrac_CBM,pstart_plane_mean_Z","(0, 117)",2,-0.23140635144790056
pend_plane_heavy_frac + radius_mean,"pend_plane_heavy_frac,radius_mean","(47, 121)",2,-0.231513956324675
pend_grdf_gauss_std + pstart_grdf_bessel_max,"pend_grdf_gauss_std,pstart_grdf_bessel_max","(42, 104)",2,-0.2315648715586606
kvec_z + mean_Z,"kvec_z,mean_Z","(22, 26)",2,-0.23161199331729607
kmid_frac_x + pstart_grdf_bessel_std,"kmid_frac_x,pstart_grdf_bessel_std","(12, 106)",2,-0.23169433053722793
kpath_angle_deg + kvec_y,"kpath_angle_deg,kvec_y","(14, 21)",2,-0.23173487656306263
pmid_grdf_trig_std + pmid_plane_max_Z,"pmid_grdf_trig_std,pmid_plane_max_Z","(87, 90)",2,-0.23182834878618325
pmid_grdf_trig_std + pstart_plane_max_Z,"pmid_grdf_trig_std,pstart_plane_max_Z","(87, 115)",2,-0.23182834878618325
kend_frac_x + mean_Z,"kend_frac_x,mean_Z","(9, 26)",2,-0.23188494473376897
pmid_grdf_gauss_max + pstart_afs_trig_mean,"pmid_grdf_gauss_max,pstart_afs_trig_mean","(82, 102)",2,-0.23190080125898999
pend_plane_sum_Z4 + pmid_plane_heavy_frac,"pend_plane_sum_Z4,pmid_plane_heavy_frac","(52, 89)",2,-0.2319389237736734
pend_grdf_bessel_mean + pmid_afs_gauss_std,"pend_grdf_bessel_mean,pmid_afs_gauss_std","(38, 75)",2,-0.23199042750298418
pline_grdf_trig_std + pstart_grdf_trig_std,"pline_grdf_trig_std,pstart_grdf_trig_std","(62, 112)",2,-0.23200227772869964
pstart_grdf_trig_std + pstart_plane_heavy_frac,"pstart_grdf_trig_std,pstart_plane_heavy_frac","(112, 114)",2,-0.23202862043602432
pend_plane_sum_Z4 + pstart_grdf_gauss_max,"pend_plane_sum_Z4,pstart_grdf_gauss_max","(52, 107)",2,-0.23216207227040492
pend_afs_gauss_std + pend_plane_heavy_frac,"pend_afs_gauss_std,pend_plane_heavy_frac","(33, 47)",2,-0.2322250471694632
kpath_angle_deg + pmid_afs_trig_max,"kpath_angle_deg,pmid_afs_trig_max","(14, 76)",2,-0.23227285682025087
bandgap + pmid_plane_heavy_frac,"bandgap,pmid_plane_heavy_frac","(6, 89)",2,-0.23236077279003
pend_plane_sum_Z4 + pstart_plane_heavy_frac,"pend_plane_sum_Z4,pstart_plane_heavy_frac","(52, 114)",2,-0.2324094149419192
pmid_afs_gauss_max + pstart_grdf_bessel_max,"pmid_afs_gauss_max,pstart_grdf_bessel_max","(73, 104)",2,-0.2324205434559612
pmid_afs_trig_mean + pstart_grdf_bessel_mean,"pmid_afs_trig_mean,pstart_grdf_bessel_mean","(77, 105)",2,-0.2324305384918568
band_binary + pend_grdf_gauss_mean,"band_binary,pend_grdf_gauss_mean","(5, 41)",2,-0.23254575433309294
pend_plane_mean_mass + pstart_afs_gauss_std,"pend_plane_mean_mass,pstart_afs_gauss_std","(51, 100)",2,-0.23261894653307763
pend_afs_trig_max + pline_n_atoms_on_plane,"pend_afs_trig_max,pline_n_atoms_on_plane","(34, 63)",2,-0.23264890930179538
ehull + pend_afs_bessel_mean,"ehull,pend_afs_bessel_mean","(7, 29)",2,-0.23267616892628973
kend_frac_y + pmid_plane_mean_Z,"kend_frac_y,pmid_plane_mean_Z","(10, 92)",2,-0.2327320763601623
pline_grdf_trig_mean + pmid_afs_trig_max,"pline_grdf_trig_mean,pmid_afs_trig_max","(61, 76)",2,-0.23274053379709975
pend_grdf_gauss_std + pmid_grdf_bessel_mean,"pend_grdf_gauss_std,pmid_grdf_bessel_mean","(42, 80)",2,-0.23287845449048267
pend_afs_trig_mean + pstart_plane_mean_mass,"pend_afs_trig_mean,pstart_plane_mean_mass","(35, 118)",2,-0.23289030946417935
pend_afs_bessel_max + pmid_afs_gauss_mean,"pend_afs_bessel_max,pmid_afs_gauss_mean","(28, 74)",2,-0.2330005995978203
X_diff + kstart_frac_y,"X_diff,kstart_frac_y","(3, 18)",2,-0.23301480582815529
pend_n_atoms_on_plane + pline_grdf_trig_mean,"pend_n_atoms_on_plane,pline_grdf_trig_mean","(46, 61)",2,-0.23301711901174946
pstart_afs_trig_std + pstart_grdf_gauss_std,"pstart_afs_trig_std,pstart_grdf_gauss_std","(103, 109)",2,-0.23302928523800936
pstart_grdf_gauss_max + radius_diff,"pstart_grdf_gauss_max,radius_diff","(107, 120)",2,-0.233030482296463
pend_grdf_gauss_max + pstart_grdf_bessel_mean,"pend_grdf_gauss_max,pstart_grdf_bessel_mean","(40, 105)",2,-0.23306310215741907
pstart_afs_gauss_std + pstart_grdf_bessel_max,"pstart_afs_gauss_std,pstart_grdf_bessel_max","(100, 104)",2,-0.2330706305948878
pend_afs_bessel_max + pstart_grdf_gauss_max,"pend_afs_bessel_max,pstart_grdf_gauss_max","(28, 107)",2,-0.23316851998361524
ehull + pline_grdf_bessel_std,"ehull,pline_grdf_bessel_std","(7, 56)",2,-0.23324153248398924
pmid_plane_heavy_frac + pstart_grdf_gauss_max,"pmid_plane_heavy_frac,pstart_grdf_gauss_max","(89, 107)",2,-0.23325744523809738
pmid_grdf_gauss_mean + sum_Z4,"pmid_grdf_gauss_mean,sum_Z4","(83, 122)",2,-0.23330184572132628
pline_grdf_gauss_std + pmid_grdf_gauss_mean,"pline_grdf_gauss_std,pmid_grdf_gauss_mean","(59, 83)",2,-0.2333497377898129
pend_afs_gauss_std + pmid_grdf_bessel_mean,"pend_afs_gauss_std,pmid_grdf_bessel_mean","(33, 80)",2,-0.2334218853526849
pend_grdf_trig_std + pline_grdf_trig_mean,"pend_grdf_trig_std,pline_grdf_trig_mean","(45, 61)",2,-0.2334560338993305
pend_plane_sum_Z4 + pline_grdf_trig_max,"pend_plane_sum_Z4,pline_grdf_trig_max","(52, 60)",2,-0.23350598656629384
pend_afs_trig_max + pstart_grdf_gauss_std,"pend_afs_trig_max,pstart_grdf_gauss_std","(34, 109)",2,-0.2335206011857494
pline_grdf_trig_std + pmid_afs_trig_max,"pline_grdf_trig_std,pmid_afs_trig_max","(62, 76)",2,-0.23354214134098755
kstart_frac_x + pstart_afs_gauss_max,"kstart_frac_x,pstart_afs_gauss_max","(17, 98)",2,-0.2335866504999784
X_mean + pstart_grdf_bessel_max,"X_mean,pstart_grdf_bessel_max","(4, 104)",2,-0.23380668617737324
kinterior_degen + pmid_grdf_gauss_mean,"kinterior_degen,pmid_grdf_gauss_mean","(11, 83)",2,-0.23392073861496213
E_pfrac_CBM + kmid_frac_x,"E_pfrac_CBM,kmid_frac_x","(0, 12)",2,-0.2339340787021526
pmid_afs_trig_max + pmid_plane_sum_Z4,"pmid_afs_trig_max,pmid_plane_sum_Z4","(76, 94)",2,-0.23415134383491543
pend_n_atoms_on_plane + plane_angle_deg,"pend_n_atoms_on_plane,plane_angle_deg","(46, 53)",2,-0.23425552672511962
pline_grdf_bessel_std + pstart_afs_bessel_std,"pline_grdf_bessel_std,pstart_afs_bessel_std","(56, 97)",2,-0.23432364993457724
pline_plane_mean_mass + pmid_grdf_gauss_mean,"pline_plane_mean_mass,pmid_grdf_gauss_mean","(68, 83)",2,-0.23439123315792182
pend_plane_mean_Z + pmid_afs_trig_max,"pend_plane_mean_Z,pmid_afs_trig_max","(50, 76)",2,-0.23448015799158775
pline_plane_heavy_frac + pstart_afs_trig_max,"pline_plane_heavy_frac,pstart_afs_trig_max","(64, 101)",2,-0.23449607049130475
pend_grdf_gauss_max + radius_diff,"pend_grdf_gauss_max,radius_diff","(40, 120)",2,-0.2345344150476573
pmid_plane_heavy_frac + pstart_grdf_bessel_mean,"pmid_plane_heavy_frac,pstart_grdf_bessel_mean","(89, 105)",2,-0.2345602684210597
pmid_grdf_gauss_max + pstart_afs_bessel_max,"pmid_grdf_gauss_max,pstart_afs_bessel_max","(82, 95)",2,-0.23458155906908704
kvec_z + pmid_plane_mean_mass,"kvec_z,pmid_plane_mean_mass","(22, 93)",2,-0.2346594695438719
kmid_frac_y + pstart_grdf_trig_std,"kmid_frac_y,pstart_grdf_trig_std","(13, 112)",2,-0.23476842947951213
pend_afs_bessel_max + pend_grdf_gauss_max,"pend_afs_bessel_max,pend_grdf_gauss_max","(28, 40)",2,-0.23486132718106342
X_diff + kstart_degen,"X_diff,kstart_degen","(3, 16)",2,-0.23503056418129828
X_diff + pline_plane_max_mass,"X_diff,pline_plane_max_mass","(3, 66)",2,-0.23510238987810078
pend_n_atoms_on_plane + pstart_afs_trig_max,"pend_n_atoms_on_plane,pstart_afs_trig_max","(46, 101)",2,-0.2351056202660388
pmid_plane_heavy_frac + pmid_plane_sum_Z4,"pmid_plane_heavy_frac,pmid_plane_sum_Z4","(89, 94)",2,-0.2353096002890711
E_pfrac_VBM + pstart_n_atoms_on_plane,"E_pfrac_VBM,pstart_n_atoms_on_plane","(1, 113)",2,-0.2353247788794583
pend_grdf_trig_std + pstart_plane_mean_Z,"pend_grdf_trig_std,pstart_plane_mean_Z","(45, 117)",2,-0.2353515794666597
pmid_grdf_trig_std + pstart_grdf_bessel_mean,"pmid_grdf_trig_std,pstart_grdf_bessel_mean","(87, 105)",2,-0.2353713691621338
pmid_afs_bessel_mean + pmid_n_atoms_on_plane,"pmid_afs_bessel_mean,pmid_n_atoms_on_plane","(71, 88)",2,-0.23548087806292103
kend_degen + pmid_n_atoms_on_plane,"kend_degen,pmid_n_atoms_on_plane","(8, 88)",2,-0.23548736354957261
kvec_y + pmid_afs_trig_mean,"kvec_y,pmid_afs_trig_mean","(21, 77)",2,-0.23549382026517254
mean_Z + pline_plane_heavy_frac,"mean_Z,pline_plane_heavy_frac","(26, 64)",2,-0.23552797594541536
kinterior_degen + pstart_afs_bessel_max,"kinterior_degen,pstart_afs_bessel_max","(11, 95)",2,-0.23561658214719267
pstart_afs_bessel_mean + pstart_grdf_gauss_std,"pstart_afs_bessel_mean,pstart_grdf_gauss_std","(96, 109)",2,-0.2357366489053833
band_binary + pstart_plane_mean_mass,"band_binary,pstart_plane_mean_mass","(5, 118)",2,-0.235738536021913
kpath_real_distance + pstart_grdf_gauss_std,"kpath_real_distance,pstart_grdf_gauss_std","(15, 109)",2,-0.23573942701541525
pmid_plane_heavy_frac + radius_mean,"pmid_plane_heavy_frac,radius_mean","(89, 121)",2,-0.2357866192661108
E_pfrac_VBM + kvec_y,"E_pfrac_VBM,kvec_y","(1, 21)",2,-0.235813507453248
kpath_angle_deg + pstart_n_atoms_on_plane,"kpath_angle_deg,pstart_n_atoms_on_plane","(14, 113)",2,-0.2359073828963835
pmid_afs_gauss_max + radius_mean,"pmid_afs_gauss_max,radius_mean","(73, 121)",2,-0.23595253388592
pend_grdf_trig_std + pmid_plane_mean_Z,"pend_grdf_trig_std,pmid_plane_mean_Z","(45, 92)",2,-0.23599432680503965
kinterior_degen + pstart_afs_gauss_std,"kinterior_degen,pstart_afs_gauss_std","(11, 100)",2,-0.23601645105302285
E_pfrac_CBM + pline_plane_max_Z,"E_pfrac_CBM,pline_plane_max_Z","(0, 65)",2,-0.23607198078359537
pline_plane_sum_Z4 + pmid_afs_trig_max,"pline_plane_sum_Z4,pmid_afs_trig_max","(69, 76)",2,-0.23612036021022015
X_diff + pmid_afs_gauss_std,"X_diff,pmid_afs_gauss_std","(3, 75)",2,-0.23613900701847532
pline_plane_heavy_frac + pstart_plane_mean_mass,"pline_plane_heavy_frac,pstart_plane_mean_mass","(64, 118)",2,-0.23629950759906185
ktotal_weight + pmid_grdf_gauss_mean,"ktotal_weight,pmid_grdf_gauss_mean","(19, 83)",2,-0.2363763104639744
pend_grdf_bessel_mean + pstart_afs_trig_std,"pend_grdf_bessel_mean,pstart_afs_trig_std","(38, 103)",2,-0.23639220218994678
pend_afs_gauss_max + pstart_grdf_trig_std,"pend_afs_gauss_max,pstart_grdf_trig_std","(31, 112)",2,-0.23642815775546971
pend_afs_trig_std + pend_grdf_gauss_mean,"pend_afs_trig_std,pend_grdf_gauss_mean","(36, 41)",2,-0.2364511881162623
pend_grdf_bessel_max + pstart_afs_gauss_mean,"pend_grdf_bessel_max,pstart_afs_gauss_mean","(37, 99)",2,-0.2364642679501284
kstart_frac_y + pend_n_atoms_on_plane,"kstart_frac_y,pend_n_atoms_on_plane","(18, 46)",2,-0.23648671355919232
pstart_grdf_trig_std + sum_Z4,"pstart_grdf_trig_std,sum_Z4","(112, 122)",2,-0.23656422200572388
pline_grdf_bessel_max + pmid_plane_max_mass,"pline_grdf_bessel_max,pmid_plane_max_mass","(54, 91)",2,-0.23662392848079744
pline_grdf_bessel_max + pstart_plane_max_mass,"pline_grdf_bessel_max,pstart_plane_max_mass","(54, 116)",2,-0.23662392848079744
pmid_afs_bessel_std + sum_Z4,"pmid_afs_bessel_std,sum_Z4","(72, 122)",2,-0.23663401031307477
pmid_afs_gauss_mean + pmid_grdf_bessel_max,"pmid_afs_gauss_mean,pmid_grdf_bessel_max","(74, 79)",2,-0.23673740696912912
pend_afs_gauss_max + pstart_afs_gauss_mean,"pend_afs_gauss_max,pstart_afs_gauss_mean","(31, 99)",2,-0.23675311741528832
kmid_frac_y + pstart_plane_mean_Z,"kmid_frac_y,pstart_plane_mean_Z","(13, 117)",2,-0.23677702071886295
pend_n_atoms_on_plane + pstart_grdf_gauss_max,"pend_n_atoms_on_plane,pstart_grdf_gauss_max","(46, 107)",2,-0.23688557828572873
pmid_grdf_trig_std + pstart_plane_mean_Z,"pmid_grdf_trig_std,pstart_plane_mean_Z","(87, 117)",2,-0.23689782358156508
pend_afs_gauss_max + pmid_plane_mean_mass,"pend_afs_gauss_max,pmid_plane_mean_mass","(31, 93)",2,-0.2369514979154061
ktotal_weight + pstart_afs_bessel_std,"ktotal_weight,pstart_afs_bessel_std","(19, 97)",2,-0.23697654999800868
pend_afs_gauss_max + pmid_grdf_gauss_mean,"pend_afs_gauss_max,pmid_grdf_gauss_mean","(31, 83)",2,-0.23707333386388035
E_pfrac_VBM + pend_grdf_bessel_mean,"E_pfrac_VBM,pend_grdf_bessel_mean","(1, 38)",2,-0.23707833065680015
pend_afs_trig_max + plane_angle_deg,"pend_afs_trig_max,plane_angle_deg","(34, 53)",2,-0.23712399468269174
kmid_frac_y + pstart_afs_gauss_std,"kmid_frac_y,pstart_afs_gauss_std","(13, 100)",2,-0.23723560441966396
pend_plane_heavy_frac + pstart_grdf_gauss_max,"pend_plane_heavy_frac,pstart_grdf_gauss_max","(47, 107)",2,-0.237388646398555
pend_afs_bessel_std + pmid_afs_trig_std,"pend_afs_bessel_std,pmid_afs_trig_std","(30, 78)",2,-0.23744685900895046
pstart_grdf_bessel_max + pstart_grdf_gauss_mean,"pstart_grdf_bessel_max,pstart_grdf_gauss_mean","(104, 108)",2,-0.23749973653134887
pline_plane_sum_Z4 + pmid_grdf_gauss_mean,"pline_plane_sum_Z4,pmid_grdf_gauss_mean","(69, 83)",2,-0.23771589372574783
mean_Z + pstart_grdf_gauss_mean,"mean_Z,pstart_grdf_gauss_mean","(26, 108)",2,-0.23800489798025498
pend_plane_sum_Z4 + pline_grdf_trig_mean,"pend_plane_sum_Z4,pline_grdf_trig_mean","(52, 61)",2,-0.23800676400397575
ehull + pend_afs_trig_std,"ehull,pend_afs_trig_std","(7, 36)",2,-0.23816679073263486
kend_degen + pmid_plane_mean_Z,"kend_degen,pmid_plane_mean_Z","(8, 92)",2,-0.23826507776855546
pmid_n_atoms_on_plane + pstart_plane_max_Z,"pmid_n_atoms_on_plane,pstart_plane_max_Z","(88, 115)",2,-0.2382941700774845
pmid_n_atoms_on_plane + pmid_plane_max_Z,"pmid_n_atoms_on_plane,pmid_plane_max_Z","(88, 90)",2,-0.2382941700774845
kmid_frac_x + radius_mean,"kmid_frac_x,radius_mean","(12, 121)",2,-0.23831486863533824
pstart_grdf_bessel_mean + pstart_grdf_bessel_std,"pstart_grdf_bessel_mean,pstart_grdf_bessel_std","(105, 106)",2,-0.2383157666265075
pline_grdf_bessel_max + radius_diff,"pline_grdf_bessel_max,radius_diff","(54, 120)",2,-0.2383202390327393
pline_grdf_trig_max + pstart_plane_sum_Z4,"pline_grdf_trig_max,pstart_plane_sum_Z4","(60, 119)",2,-0.23839964678684017
X_diff + kmid_frac_x,"X_diff,kmid_frac_x","(3, 12)",2,-0.23848957338936402
kend_frac_x + pstart_afs_bessel_max,"kend_frac_x,pstart_afs_bessel_max","(9, 95)",2,-0.23850008093831984
pend_afs_gauss_max + pend_plane_sum_Z4,"pend_afs_gauss_max,pend_plane_sum_Z4","(31, 52)",2,-0.23850407806936597
pend_grdf_trig_std + pline_grdf_bessel_max,"pend_grdf_trig_std,pline_grdf_bessel_max","(45, 54)",2,-0.23857750368171668
pstart_afs_trig_max + radius_diff,"pstart_afs_trig_max,radius_diff","(101, 120)",2,-0.23868575084983332
pmid_afs_bessel_mean + pmid_grdf_bessel_mean,"pmid_afs_bessel_mean,pmid_grdf_bessel_mean","(71, 80)",2,-0.23871110109157273
pline_plane_mean_mass + pstart_plane_mean_mass,"pline_plane_mean_mass,pstart_plane_mean_mass","(68, 118)",2,-0.23883839953772407
pend_afs_trig_mean + pend_plane_max_mass,"pend_afs_trig_mean,pend_plane_max_mass","(35, 49)",2,-0.2388896216851574
pend_afs_trig_mean + pmid_plane_max_mass,"pend_afs_trig_mean,pmid_plane_max_mass","(35, 91)",2,-0.2388896216851574
pend_afs_trig_mean + pstart_plane_max_mass,"pend_afs_trig_mean,pstart_plane_max_mass","(35, 116)",2,-0.2388896216851574
pstart_afs_gauss_mean + pstart_afs_gauss_std,"pstart_afs_gauss_mean,pstart_afs_gauss_std","(99, 100)",2,-0.23911416181596934
pline_grdf_bessel_mean + radius_diff,"pline_grdf_bessel_mean,radius_diff","(55, 120)",2,-0.23924250415418696
mean_Z + pmid_grdf_gauss_mean,"mean_Z,pmid_grdf_gauss_mean","(26, 83)",2,-0.23924347277150795
bandgap + pend_grdf_trig_std,"bandgap,pend_grdf_trig_std","(6, 45)",2,-0.23928200405593575
pend_grdf_trig_std + pline_plane_sum_Z4,"pend_grdf_trig_std,pline_plane_sum_Z4","(45, 69)",2,-0.2392999183395063
max_Z + pline_grdf_bessel_max,"max_Z,pline_grdf_bessel_max","(23, 54)",2,-0.23932063079813
pend_plane_max_Z + pline_grdf_bessel_max,"pend_plane_max_Z,pline_grdf_bessel_max","(48, 54)",2,-0.23932063079813
max_Z4 + pline_grdf_bessel_max,"max_Z4,pline_grdf_bessel_max","(24, 54)",2,-0.23932063079813
kend_frac_x + pmid_grdf_gauss_mean,"kend_frac_x,pmid_grdf_gauss_mean","(9, 83)",2,-0.23939010315609446
kstart_degen + pstart_afs_gauss_max,"kstart_degen,pstart_afs_gauss_max","(16, 98)",2,-0.23942176923688377
bandgap + pmid_afs_bessel_std,"bandgap,pmid_afs_bessel_std","(6, 72)",2,-0.23944908323589909
pend_afs_bessel_mean + pmid_n_atoms_on_plane,"pend_afs_bessel_mean,pmid_n_atoms_on_plane","(29, 88)",2,-0.23946580510101975
kpath_real_distance + pstart_afs_gauss_max,"kpath_real_distance,pstart_afs_gauss_max","(15, 98)",2,-0.23950599058277539
pend_grdf_bessel_max + pstart_grdf_gauss_max,"pend_grdf_bessel_max,pstart_grdf_gauss_max","(37, 107)",2,-0.23951961426914817
pstart_afs_bessel_std + radius_diff,"pstart_afs_bessel_std,radius_diff","(97, 120)",2,-0.23956416356152332
kmid_frac_x + pend_grdf_trig_std,"kmid_frac_x,pend_grdf_trig_std","(12, 45)",2,-0.2395775949710887
kstart_frac_y + pmid_afs_trig_max,"kstart_frac_y,pmid_afs_trig_max","(18, 76)",2,-0.23978512070814725
kend_degen + pend_grdf_bessel_max,"kend_degen,pend_grdf_bessel_max","(8, 37)",2,-0.23981972676872382
pend_afs_gauss_max + pend_grdf_gauss_mean,"pend_afs_gauss_max,pend_grdf_gauss_mean","(31, 41)",2,-0.2398595255100217
pstart_grdf_trig_mean + radius_diff,"pstart_grdf_trig_mean,radius_diff","(111, 120)",2,-0.23999434027019664
pmid_grdf_gauss_max + pstart_plane_mean_mass,"pmid_grdf_gauss_max,pstart_plane_mean_mass","(82, 118)",2,-0.24012520360049497
pmid_plane_sum_Z4 + pstart_afs_gauss_max,"pmid_plane_sum_Z4,pstart_afs_gauss_max","(94, 98)",2,-0.24015387342291555
pend_grdf_gauss_max + pstart_grdf_gauss_max,"pend_grdf_gauss_max,pstart_grdf_gauss_max","(40, 107)",2,-0.24022736806145914
pend_afs_gauss_max + pmid_plane_heavy_frac,"pend_afs_gauss_max,pmid_plane_heavy_frac","(31, 89)",2,-0.24023176352939882
pline_plane_heavy_frac + pstart_afs_bessel_std,"pline_plane_heavy_frac,pstart_afs_bessel_std","(64, 97)",2,-0.24028168168081368
pstart_afs_bessel_std + pstart_afs_trig_std,"pstart_afs_bessel_std,pstart_afs_trig_std","(97, 103)",2,-0.24032037212726878
kmid_frac_x + pend_afs_trig_max,"kmid_frac_x,pend_afs_trig_max","(12, 34)",2,-0.24041218366426903
pstart_afs_gauss_std + pstart_grdf_bessel_std,"pstart_afs_gauss_std,pstart_grdf_bessel_std","(100, 106)",2,-0.2404432993841777
pline_plane_mean_Z + pstart_plane_mean_Z,"pline_plane_mean_Z,pstart_plane_mean_Z","(67, 117)",2,-0.2405140115326831
pend_plane_mean_mass + pstart_grdf_gauss_max,"pend_plane_mean_mass,pstart_grdf_gauss_max","(51, 107)",2,-0.24064966346551345
kvec_x + pstart_grdf_gauss_max,"kvec_x,pstart_grdf_gauss_max","(20, 107)",2,-0.24072417762643888
pmid_grdf_bessel_max + pmid_grdf_gauss_max,"pmid_grdf_bessel_max,pmid_grdf_gauss_max","(79, 82)",2,-0.2407305557314979
X_mean + pmid_plane_heavy_frac,"X_mean,pmid_plane_heavy_frac","(4, 89)",2,-0.24078661653369413
kstart_degen + pmid_grdf_gauss_mean,"kstart_degen,pmid_grdf_gauss_mean","(16, 83)",2,-0.24078970391832238
mean_Z + pline_plane_mean_Z,"mean_Z,pline_plane_mean_Z","(26, 67)",2,-0.24080110475728173
pline_grdf_trig_mean + pstart_afs_trig_max,"pline_grdf_trig_mean,pstart_afs_trig_max","(61, 101)",2,-0.24084314529338294
pend_grdf_bessel_max + pmid_afs_gauss_max,"pend_grdf_bessel_max,pmid_afs_gauss_max","(37, 73)",2,-0.24085981238595808
X_mean + pstart_afs_gauss_mean,"X_mean,pstart_afs_gauss_mean","(4, 99)",2,-0.2408635323932279
ehull + pmid_afs_trig_std,"ehull,pmid_afs_trig_std","(7, 78)",2,-0.240927091882514
pmid_grdf_trig_std + pmid_plane_max_mass,"pmid_grdf_trig_std,pmid_plane_max_mass","(87, 91)",2,-0.24099868458114435
pmid_grdf_trig_std + pstart_plane_max_mass,"pmid_grdf_trig_std,pstart_plane_max_mass","(87, 116)",2,-0.24099868458114435
X_diff + pline_n_atoms_on_plane,"X_diff,pline_n_atoms_on_plane","(3, 63)",2,-0.24103996639374503
kpath_angle_deg + pmid_afs_bessel_max,"kpath_angle_deg,pmid_afs_bessel_max","(14, 70)",2,-0.24127667653562837
pend_grdf_gauss_std + pstart_plane_mean_mass,"pend_grdf_gauss_std,pstart_plane_mean_mass","(42, 118)",2,-0.2413073611727022
pstart_afs_bessel_max + pstart_grdf_gauss_max,"pstart_afs_bessel_max,pstart_grdf_gauss_max","(95, 107)",2,-0.24132174982702118
pline_n_atoms_on_plane + pstart_grdf_bessel_std,"pline_n_atoms_on_plane,pstart_grdf_bessel_std","(63, 106)",2,-0.24132322811138818
pline_grdf_bessel_std + pmid_plane_mean_mass,"pline_grdf_bessel_std,pmid_plane_mean_mass","(56, 93)",2,-0.24138373738666682
pmid_grdf_gauss_mean + pstart_grdf_bessel_max,"pmid_grdf_gauss_mean,pstart_grdf_bessel_max","(83, 104)",2,-0.24143619218981457
n_elements + pstart_afs_trig_max,"n_elements,pstart_afs_trig_max","(27, 101)",2,-0.24151299012702943
X_mean + kpath_real_distance,"X_mean,kpath_real_distance","(4, 15)",2,-0.2415752944150033
ktotal_weight + pstart_afs_bessel_max,"ktotal_weight,pstart_afs_bessel_max","(19, 95)",2,-0.24159165023549414
pmid_plane_mean_Z + pstart_afs_trig_std,"pmid_plane_mean_Z,pstart_afs_trig_std","(92, 103)",2,-0.2416753837170819
kvec_x + pline_grdf_bessel_max,"kvec_x,pline_grdf_bessel_max","(20, 54)",2,-0.24169219664619185
pend_n_atoms_on_plane + pline_n_atoms_on_plane,"pend_n_atoms_on_plane,pline_n_atoms_on_plane","(46, 63)",2,-0.24181670041774145
pend_grdf_bessel_mean + pend_grdf_trig_std,"pend_grdf_bessel_mean,pend_grdf_trig_std","(38, 45)",2,-0.24189094463992822
pmid_plane_heavy_frac + pmid_plane_mean_mass,"pmid_plane_heavy_frac,pmid_plane_mean_mass","(89, 93)",2,-0.24206961724379958
E_pfrac_CBM + pline_grdf_bessel_mean,"E_pfrac_CBM,pline_grdf_bessel_mean","(0, 55)",2,-0.2421532373146611
pend_plane_mean_mass + pline_n_atoms_on_plane,"pend_plane_mean_mass,pline_n_atoms_on_plane","(51, 63)",2,-0.24217852989664362
plane_angle_deg + pstart_plane_mean_Z,"plane_angle_deg,pstart_plane_mean_Z","(53, 117)",2,-0.24219716739391628
bandgap + pstart_plane_heavy_frac,"bandgap,pstart_plane_heavy_frac","(6, 114)",2,-0.24228970457253668
bandgap + pstart_grdf_bessel_max,"bandgap,pstart_grdf_bessel_max","(6, 104)",2,-0.24235467470884342
pline_grdf_gauss_std + pstart_afs_bessel_std,"pline_grdf_gauss_std,pstart_afs_bessel_std","(59, 97)",2,-0.2424110853410088
pline_grdf_trig_max + pstart_afs_gauss_max,"pline_grdf_trig_max,pstart_afs_gauss_max","(60, 98)",2,-0.24252672595976393
pend_afs_gauss_mean + pstart_grdf_bessel_max,"pend_afs_gauss_mean,pstart_grdf_bessel_max","(32, 104)",2,-0.24258275145606686
pend_afs_gauss_mean + pend_plane_sum_Z4,"pend_afs_gauss_mean,pend_plane_sum_Z4","(32, 52)",2,-0.24260542012493885
pend_n_atoms_on_plane + pline_grdf_gauss_mean,"pend_n_atoms_on_plane,pline_grdf_gauss_mean","(46, 58)",2,-0.2426141103928839
pmid_plane_mean_mass + pstart_grdf_gauss_max,"pmid_plane_mean_mass,pstart_grdf_gauss_max","(93, 107)",2,-0.24268122398120823
pline_grdf_bessel_std + pstart_plane_mean_Z,"pline_grdf_bessel_std,pstart_plane_mean_Z","(56, 117)",2,-0.24285809559277008
pline_plane_max_mass + pstart_plane_mean_mass,"pline_plane_max_mass,pstart_plane_mean_mass","(66, 118)",2,-0.24286054787167477
pmid_grdf_gauss_mean + radius_diff,"pmid_grdf_gauss_mean,radius_diff","(83, 120)",2,-0.24286851546341395
pmid_afs_bessel_std + pstart_plane_mean_Z,"pmid_afs_bessel_std,pstart_plane_mean_Z","(72, 117)",2,-0.24296471914441012
pmid_afs_bessel_std + pmid_plane_mean_Z,"pmid_afs_bessel_std,pmid_plane_mean_Z","(72, 92)",2,-0.24302485593344642
E_pfrac_relevant + pend_grdf_bessel_mean,"E_pfrac_relevant,pend_grdf_bessel_mean","(2, 38)",2,-0.2430890540600624
pstart_grdf_gauss_mean + pstart_plane_sum_Z4,"pstart_grdf_gauss_mean,pstart_plane_sum_Z4","(108, 119)",2,-0.24312000775009554
pstart_grdf_gauss_std + pstart_plane_heavy_frac,"pstart_grdf_gauss_std,pstart_plane_heavy_frac","(109, 114)",2,-0.2431317950125404
E_pfrac_VBM + pmid_afs_bessel_std,"E_pfrac_VBM,pmid_afs_bessel_std","(1, 72)",2,-0.24316304718642767
pend_n_atoms_on_plane + pline_grdf_trig_max,"pend_n_atoms_on_plane,pline_grdf_trig_max","(46, 60)",2,-0.24316875005484775
pstart_plane_heavy_frac + pstart_plane_mean_mass,"pstart_plane_heavy_frac,pstart_plane_mean_mass","(114, 118)",2,-0.24320927229399175
pend_afs_gauss_std + pstart_grdf_bessel_max,"pend_afs_gauss_std,pstart_grdf_bessel_max","(33, 104)",2,-0.24330681642239535
kmid_frac_x + pend_n_atoms_on_plane,"kmid_frac_x,pend_n_atoms_on_plane","(12, 46)",2,-0.2433831295099705
kmid_frac_x + pmid_plane_mean_Z,"kmid_frac_x,pmid_plane_mean_Z","(12, 92)",2,-0.2435460638308144
pline_grdf_trig_mean + pstart_plane_sum_Z4,"pline_grdf_trig_mean,pstart_plane_sum_Z4","(61, 119)",2,-0.24358479888283124
pend_n_atoms_on_plane + sum_Z4,"pend_n_atoms_on_plane,sum_Z4","(46, 122)",2,-0.24359852584869524
pend_afs_bessel_max + pend_afs_gauss_mean,"pend_afs_bessel_max,pend_afs_gauss_mean","(28, 32)",2,-0.2436229868336958
pmid_grdf_bessel_mean + pstart_afs_trig_std,"pmid_grdf_bessel_mean,pstart_afs_trig_std","(80, 103)",2,-0.24371790334023782
pmid_n_atoms_on_plane + pstart_grdf_gauss_max,"pmid_n_atoms_on_plane,pstart_grdf_gauss_max","(88, 107)",2,-0.2440921664136913
E_pfrac_VBM + kstart_frac_x,"E_pfrac_VBM,kstart_frac_x","(1, 17)",2,-0.24413712285000902
pline_grdf_trig_std + pstart_afs_bessel_std,"pline_grdf_trig_std,pstart_afs_bessel_std","(62, 97)",2,-0.24414193554049285
pmid_grdf_gauss_mean + pstart_grdf_gauss_max,"pmid_grdf_gauss_mean,pstart_grdf_gauss_max","(83, 107)",2,-0.2441498254918253
pmid_afs_trig_max + pmid_afs_trig_mean,"pmid_afs_trig_max,pmid_afs_trig_mean","(76, 77)",2,-0.2442810152402995
kpath_angle_deg + pstart_grdf_gauss_mean,"kpath_angle_deg,pstart_grdf_gauss_mean","(14, 108)",2,-0.24439596661853677
pmid_plane_mean_Z + pstart_grdf_gauss_max,"pmid_plane_mean_Z,pstart_grdf_gauss_max","(92, 107)",2,-0.24441868335323544
pline_grdf_trig_max + pmid_plane_mean_Z,"pline_grdf_trig_max,pmid_plane_mean_Z","(60, 92)",2,-0.24441915026778727
kstart_frac_x + pstart_grdf_trig_std,"kstart_frac_x,pstart_grdf_trig_std","(17, 112)",2,-0.2444491886779406
pline_grdf_gauss_max + pmid_plane_mean_mass,"pline_grdf_gauss_max,pmid_plane_mean_mass","(57, 93)",2,-0.24456904166529175
kend_frac_y + pend_n_atoms_on_plane,"kend_frac_y,pend_n_atoms_on_plane","(10, 46)",2,-0.24467889345746485
pend_afs_trig_max + pstart_plane_sum_Z4,"pend_afs_trig_max,pstart_plane_sum_Z4","(34, 119)",2,-0.24470428625111965
kinterior_degen + pend_grdf_trig_std,"kinterior_degen,pend_grdf_trig_std","(11, 45)",2,-0.24471832961325618
pline_grdf_gauss_std + pmid_afs_trig_max,"pline_grdf_gauss_std,pmid_afs_trig_max","(59, 76)",2,-0.24477421055339416
pmid_plane_heavy_frac + pstart_afs_gauss_std,"pmid_plane_heavy_frac,pstart_afs_gauss_std","(89, 100)",2,-0.24481469047131962
kmid_frac_x + pend_afs_bessel_max,"kmid_frac_x,pend_afs_bessel_max","(12, 28)",2,-0.24484190264783648
kvec_y + pmid_grdf_gauss_max,"kvec_y,pmid_grdf_gauss_max","(21, 82)",2,-0.24500711478186893
pline_n_atoms_on_plane + pmid_afs_trig_max,"pline_n_atoms_on_plane,pmid_afs_trig_max","(63, 76)",2,-0.24540833846112883
pend_afs_gauss_std + pmid_plane_heavy_frac,"pend_afs_gauss_std,pmid_plane_heavy_frac","(33, 89)",2,-0.24541749541875063
pend_afs_gauss_max + pstart_plane_heavy_frac,"pend_afs_gauss_max,pstart_plane_heavy_frac","(31, 114)",2,-0.24545530373797816
kstart_frac_x + pstart_afs_trig_max,"kstart_frac_x,pstart_afs_trig_max","(17, 101)",2,-0.24565924733913666
kstart_frac_y + pend_afs_trig_max,"kstart_frac_y,pend_afs_trig_max","(18, 34)",2,-0.24577402909424015
pend_plane_mean_Z + pstart_afs_trig_max,"pend_plane_mean_Z,pstart_afs_trig_max","(50, 101)",2,-0.24580550078437763
max_mass + pend_grdf_gauss_mean,"max_mass,pend_grdf_gauss_mean","(25, 41)",2,-0.24580743094008692
pend_grdf_bessel_mean + pstart_grdf_trig_max,"pend_grdf_bessel_mean,pstart_grdf_trig_max","(38, 110)",2,-0.24582508711659634
pend_plane_heavy_frac + pmid_plane_mean_mass,"pend_plane_heavy_frac,pmid_plane_mean_mass","(47, 93)",2,-0.24586103738081383
pend_plane_sum_Z4 + pstart_afs_gauss_max,"pend_plane_sum_Z4,pstart_afs_gauss_max","(52, 98)",2,-0.24588779492094687
pline_plane_max_mass + pstart_plane_mean_Z,"pline_plane_max_mass,pstart_plane_mean_Z","(66, 117)",2,-0.2459354652389541
pend_plane_mean_mass + pline_grdf_gauss_max,"pend_plane_mean_mass,pline_grdf_gauss_max","(51, 57)",2,-0.24604753533595697
pline_grdf_trig_mean + pmid_plane_sum_Z4,"pline_grdf_trig_mean,pmid_plane_sum_Z4","(61, 94)",2,-0.24605251309696966
plane_angle_deg + pmid_afs_trig_max,"plane_angle_deg,pmid_afs_trig_max","(53, 76)",2,-0.24608435470966405
E_pfrac_CBM + kend_frac_x,"E_pfrac_CBM,kend_frac_x","(0, 9)",2,-0.24608450393737794
bandgap + max_Z4,"bandgap,max_Z4","(6, 24)",2,-0.24611376302280902
bandgap + max_Z,"bandgap,max_Z","(6, 23)",2,-0.24611376302280902
bandgap + pmid_plane_max_Z,"bandgap,pmid_plane_max_Z","(6, 90)",2,-0.24611376302280902
bandgap + pend_plane_max_Z,"bandgap,pend_plane_max_Z","(6, 48)",2,-0.24611376302280902
bandgap + pstart_plane_max_Z,"bandgap,pstart_plane_max_Z","(6, 115)",2,-0.24611376302280902
E_pfrac_relevant + pend_grdf_bessel_max,"E_pfrac_relevant,pend_grdf_bessel_max","(2, 37)",2,-0.246205918300266
bandgap + pline_plane_max_Z,"bandgap,pline_plane_max_Z","(6, 65)",2,-0.24625547720698412
pline_grdf_trig_mean + pstart_grdf_trig_std,"pline_grdf_trig_mean,pstart_grdf_trig_std","(61, 112)",2,-0.2462630999608424
ehull + ktotal_weight,"ehull,ktotal_weight","(7, 19)",2,-0.24639415510976947
pmid_grdf_gauss_mean + pstart_afs_bessel_max,"pmid_grdf_gauss_mean,pstart_afs_bessel_max","(83, 95)",2,-0.24641203934945236
pend_afs_gauss_std + pstart_grdf_trig_std,"pend_afs_gauss_std,pstart_grdf_trig_std","(33, 112)",2,-0.24643702291538258
pline_grdf_bessel_max + pstart_grdf_trig_std,"pline_grdf_bessel_max,pstart_grdf_trig_std","(54, 112)",2,-0.2464461123926706
pline_grdf_gauss_std + pmid_plane_mean_mass,"pline_grdf_gauss_std,pmid_plane_mean_mass","(59, 93)",2,-0.24650314548063204
kpath_real_distance + pend_afs_gauss_max,"kpath_real_distance,pend_afs_gauss_max","(15, 31)",2,-0.2465114825549907
pend_plane_heavy_frac + pstart_grdf_bessel_max,"pend_plane_heavy_frac,pstart_grdf_bessel_max","(47, 104)",2,-0.24654635114404733
n_elements + pend_n_atoms_on_plane,"n_elements,pend_n_atoms_on_plane","(27, 46)",2,-0.24659943584452182
pend_n_atoms_on_plane + pmid_plane_mean_Z,"pend_n_atoms_on_plane,pmid_plane_mean_Z","(46, 92)",2,-0.24668819313156262
pend_afs_gauss_std + pstart_plane_heavy_frac,"pend_afs_gauss_std,pstart_plane_heavy_frac","(33, 114)",2,-0.24678150070541935
pline_grdf_bessel_max + pstart_plane_max_Z,"pline_grdf_bessel_max,pstart_plane_max_Z","(54, 115)",2,-0.24681167011843738
pline_grdf_bessel_max + pmid_plane_max_Z,"pline_grdf_bessel_max,pmid_plane_max_Z","(54, 90)",2,-0.24681167011843738
pmid_grdf_gauss_mean + pstart_afs_trig_max,"pmid_grdf_gauss_mean,pstart_afs_trig_max","(83, 101)",2,-0.24689449390680904
kend_degen + pstart_grdf_bessel_max,"kend_degen,pstart_grdf_bessel_max","(8, 104)",2,-0.2469016163331033
pline_grdf_gauss_mean + pstart_plane_mean_Z,"pline_grdf_gauss_mean,pstart_plane_mean_Z","(58, 117)",2,-0.2469636244562786
kinterior_degen + pstart_afs_bessel_std,"kinterior_degen,pstart_afs_bessel_std","(11, 97)",2,-0.2469699738808116
pend_grdf_gauss_max + pstart_afs_bessel_max,"pend_grdf_gauss_max,pstart_afs_bessel_max","(40, 95)",2,-0.24703108795926482
kpath_real_distance + pline_grdf_bessel_mean,"kpath_real_distance,pline_grdf_bessel_mean","(15, 55)",2,-0.2470787209458924
X_diff + pstart_afs_gauss_std,"X_diff,pstart_afs_gauss_std","(3, 100)",2,-0.247113064286017
max_Z4 + pmid_plane_sum_Z4,"max_Z4,pmid_plane_sum_Z4","(24, 94)",2,-0.24711940519284262
pmid_plane_max_Z + pmid_plane_sum_Z4,"pmid_plane_max_Z,pmid_plane_sum_Z4","(90, 94)",2,-0.24711940519284262
pend_plane_max_Z + pmid_plane_sum_Z4,"pend_plane_max_Z,pmid_plane_sum_Z4","(48, 94)",2,-0.24711940519284262
max_Z + pmid_plane_sum_Z4,"max_Z,pmid_plane_sum_Z4","(23, 94)",2,-0.24711940519284262
pmid_afs_bessel_std + pstart_plane_mean_mass,"pmid_afs_bessel_std,pstart_plane_mean_mass","(72, 118)",2,-0.24712437640660784
plane_angle_deg + pstart_afs_trig_max,"plane_angle_deg,pstart_afs_trig_max","(53, 101)",2,-0.2471965777201393
pline_grdf_trig_std + pmid_grdf_gauss_mean,"pline_grdf_trig_std,pmid_grdf_gauss_mean","(62, 83)",2,-0.24726627186557848
pend_grdf_gauss_std + pend_n_atoms_on_plane,"pend_grdf_gauss_std,pend_n_atoms_on_plane","(42, 46)",2,-0.24734931961327683
pmid_grdf_gauss_std + pstart_afs_gauss_mean,"pmid_grdf_gauss_std,pstart_afs_gauss_mean","(84, 99)",2,-0.24737532900005563
pend_afs_trig_std + pstart_afs_bessel_max,"pend_afs_trig_std,pstart_afs_bessel_max","(36, 95)",2,-0.24745137991695879
pmid_afs_trig_max + pstart_plane_heavy_frac,"pmid_afs_trig_max,pstart_plane_heavy_frac","(76, 114)",2,-0.2474684917016036
pline_plane_max_mass + pstart_grdf_trig_std,"pline_plane_max_mass,pstart_grdf_trig_std","(66, 112)",2,-0.2475760982921819
pend_grdf_gauss_mean + pstart_afs_gauss_max,"pend_grdf_gauss_mean,pstart_afs_gauss_max","(41, 98)",2,-0.24758654895932156
pend_n_atoms_on_plane + pstart_grdf_bessel_std,"pend_n_atoms_on_plane,pstart_grdf_bessel_std","(46, 106)",2,-0.2476439666833846
pline_plane_heavy_frac + pmid_plane_mean_mass,"pline_plane_heavy_frac,pmid_plane_mean_mass","(64, 93)",2,-0.2477313012440019
bandgap + pline_grdf_trig_max,"bandgap,pline_grdf_trig_max","(6, 60)",2,-0.2478040329282271
X_diff + pline_grdf_trig_std,"X_diff,pline_grdf_trig_std","(3, 62)",2,-0.2478743823674639
X_mean + pend_plane_max_Z,"X_mean,pend_plane_max_Z","(4, 48)",2,-0.2479198977129188
X_mean + max_Z,"X_mean,max_Z","(4, 23)",2,-0.2479198977129188
X_mean + pstart_plane_max_Z,"X_mean,pstart_plane_max_Z","(4, 115)",2,-0.2479198977129188
X_mean + pmid_plane_max_Z,"X_mean,pmid_plane_max_Z","(4, 90)",2,-0.2479198977129188
X_mean + max_Z4,"X_mean,max_Z4","(4, 24)",2,-0.2479198977129188
pline_plane_max_mass + pstart_afs_bessel_std,"pline_plane_max_mass,pstart_afs_bessel_std","(66, 97)",2,-0.24795304372978433
pline_grdf_gauss_max + pstart_plane_mean_mass,"pline_grdf_gauss_max,pstart_plane_mean_mass","(57, 118)",2,-0.24800752585305136
pend_afs_bessel_std + pend_plane_max_mass,"pend_afs_bessel_std,pend_plane_max_mass","(30, 49)",2,-0.24800970734448996
pend_afs_bessel_std + pstart_plane_max_mass,"pend_afs_bessel_std,pstart_plane_max_mass","(30, 116)",2,-0.24800970734448996
pend_afs_bessel_std + pmid_plane_max_mass,"pend_afs_bessel_std,pmid_plane_max_mass","(30, 91)",2,-0.24800970734448996
E_pfrac_VBM + pend_afs_bessel_std,"E_pfrac_VBM,pend_afs_bessel_std","(1, 30)",2,-0.2480256792378582
pstart_grdf_gauss_std + sum_Z4,"pstart_grdf_gauss_std,sum_Z4","(109, 122)",2,-0.24813575353637632
pmid_grdf_bessel_std + pmid_n_atoms_on_plane,"pmid_grdf_bessel_std,pmid_n_atoms_on_plane","(81, 88)",2,-0.24822331113112045
X_diff + pline_plane_heavy_frac,"X_diff,pline_plane_heavy_frac","(3, 64)",2,-0.24829295941795576
pend_grdf_trig_std + pline_plane_max_Z,"pend_grdf_trig_std,pline_plane_max_Z","(45, 65)",2,-0.2483727754103522
pend_grdf_gauss_max + pstart_plane_mean_Z,"pend_grdf_gauss_max,pstart_plane_mean_Z","(40, 117)",2,-0.24847529610288613
pmid_afs_trig_max + pstart_afs_bessel_mean,"pmid_afs_trig_max,pstart_afs_bessel_mean","(76, 96)",2,-0.24851761657404214
mean_Z + pline_plane_mean_mass,"mean_Z,pline_plane_mean_mass","(26, 68)",2,-0.2485825629882245
pstart_afs_gauss_std + pstart_grdf_trig_std,"pstart_afs_gauss_std,pstart_grdf_trig_std","(100, 112)",2,-0.24859304475366426
pstart_plane_max_Z + pstart_plane_sum_Z4,"pstart_plane_max_Z,pstart_plane_sum_Z4","(115, 119)",2,-0.2485988754126204
max_Z4 + pstart_plane_sum_Z4,"max_Z4,pstart_plane_sum_Z4","(24, 119)",2,-0.2485988754126204
pmid_plane_max_Z + pstart_plane_sum_Z4,"pmid_plane_max_Z,pstart_plane_sum_Z4","(90, 119)",2,-0.2485988754126204
pend_plane_max_Z + pstart_plane_sum_Z4,"pend_plane_max_Z,pstart_plane_sum_Z4","(48, 119)",2,-0.2485988754126204
max_Z + pstart_plane_sum_Z4,"max_Z,pstart_plane_sum_Z4","(23, 119)",2,-0.2485988754126204
pline_grdf_gauss_max + pstart_grdf_bessel_mean,"pline_grdf_gauss_max,pstart_grdf_bessel_mean","(57, 105)",2,-0.24864293118407418
pend_grdf_gauss_mean + pmid_afs_gauss_max,"pend_grdf_gauss_mean,pmid_afs_gauss_max","(41, 73)",2,-0.24867612901477454
pline_grdf_bessel_mean + pstart_afs_trig_max,"pline_grdf_bessel_mean,pstart_afs_trig_max","(55, 101)",2,-0.24878758320359723
pstart_grdf_gauss_max + pstart_grdf_gauss_std,"pstart_grdf_gauss_max,pstart_grdf_gauss_std","(107, 109)",2,-0.2489300184578643
pend_grdf_trig_std + pend_plane_mean_Z,"pend_grdf_trig_std,pend_plane_mean_Z","(45, 50)",2,-0.24893035050221304
pmid_afs_gauss_max + pstart_grdf_bessel_mean,"pmid_afs_gauss_max,pstart_grdf_bessel_mean","(73, 105)",2,-0.24895773649449
ehull + kinterior_degen,"ehull,kinterior_degen","(7, 11)",2,-0.2490391924992923
kend_frac_y + pend_plane_mean_Z,"kend_frac_y,pend_plane_mean_Z","(10, 50)",2,-0.24920085124088437
pline_grdf_trig_max + pmid_afs_trig_max,"pline_grdf_trig_max,pmid_afs_trig_max","(60, 76)",2,-0.2492628123510082
pline_plane_heavy_frac + pmid_plane_mean_Z,"pline_plane_heavy_frac,pmid_plane_mean_Z","(64, 92)",2,-0.24929393418554638
kstart_degen + pend_afs_trig_max,"kstart_degen,pend_afs_trig_max","(16, 34)",2,-0.24931846633151125
pend_afs_trig_mean + pmid_afs_bessel_std,"pend_afs_trig_mean,pmid_afs_bessel_std","(35, 72)",2,-0.24936594828025557
pend_afs_gauss_max + pmid_plane_mean_Z,"pend_afs_gauss_max,pmid_plane_mean_Z","(31, 92)",2,-0.24937146433752333
kmid_frac_x + pmid_n_atoms_on_plane,"kmid_frac_x,pmid_n_atoms_on_plane","(12, 88)",2,-0.24943718084706687
pline_grdf_trig_std + pstart_plane_mean_Z,"pline_grdf_trig_std,pstart_plane_mean_Z","(62, 117)",2,-0.24944450944615051
pmid_plane_sum_Z4 + pstart_afs_bessel_std,"pmid_plane_sum_Z4,pstart_afs_bessel_std","(94, 97)",2,-0.2494571994900363
pstart_afs_trig_std + pstart_grdf_bessel_std,"pstart_afs_trig_std,pstart_grdf_bessel_std","(103, 106)",2,-0.24955891195985452
pstart_grdf_gauss_mean + pstart_plane_heavy_frac,"pstart_grdf_gauss_mean,pstart_plane_heavy_frac","(108, 114)",2,-0.2496130737408465
pline_grdf_trig_max + pmid_plane_sum_Z4,"pline_grdf_trig_max,pmid_plane_sum_Z4","(60, 94)",2,-0.24967984745431032
pstart_plane_heavy_frac + radius_mean,"pstart_plane_heavy_frac,radius_mean","(114, 121)",2,-0.2497407945998212
pstart_grdf_bessel_mean + pstart_grdf_gauss_mean,"pstart_grdf_bessel_mean,pstart_grdf_gauss_mean","(105, 108)",2,-0.24976169147793797
pmid_afs_bessel_std + pmid_afs_trig_mean,"pmid_afs_bessel_std,pmid_afs_trig_mean","(72, 77)",2,-0.24977817582599995
pline_n_atoms_on_plane + pmid_plane_mean_Z,"pline_n_atoms_on_plane,pmid_plane_mean_Z","(63, 92)",2,-0.24984976061873154
pmid_afs_gauss_std + pstart_afs_gauss_mean,"pmid_afs_gauss_std,pstart_afs_gauss_mean","(75, 99)",2,-0.24993227859104356
X_mean + pstart_afs_gauss_max,"X_mean,pstart_afs_gauss_max","(4, 98)",2,-0.2499964847585412
pline_grdf_gauss_max + pstart_afs_bessel_std,"pline_grdf_gauss_max,pstart_afs_bessel_std","(57, 97)",2,-0.25005034736820575
mean_Z + pend_grdf_gauss_max,"mean_Z,pend_grdf_gauss_max","(26, 40)",2,-0.25014639990172194
plane_angle_deg + pstart_plane_mean_mass,"plane_angle_deg,pstart_plane_mean_mass","(53, 118)",2,-0.250264346852873
kinterior_degen + pend_grdf_bessel_max,"kinterior_degen,pend_grdf_bessel_max","(11, 37)",2,-0.25026992308683094
pend_afs_bessel_std + pstart_grdf_bessel_max,"pend_afs_bessel_std,pstart_grdf_bessel_max","(30, 104)",2,-0.2502924643622857
plane_angle_deg + pstart_grdf_trig_std,"plane_angle_deg,pstart_grdf_trig_std","(53, 112)",2,-0.2503067986834475
kvec_x + pstart_grdf_gauss_std,"kvec_x,pstart_grdf_gauss_std","(20, 109)",2,-0.2503408772826606
pline_grdf_trig_max + pstart_afs_trig_max,"pline_grdf_trig_max,pstart_afs_trig_max","(60, 101)",2,-0.25036956334427635
pend_afs_bessel_mean + pend_grdf_bessel_mean,"pend_afs_bessel_mean,pend_grdf_bessel_mean","(29, 38)",2,-0.2503717937019516
pend_afs_bessel_std + pend_grdf_bessel_max,"pend_afs_bessel_std,pend_grdf_bessel_max","(30, 37)",2,-0.25041372574628473
pline_grdf_bessel_mean + pstart_afs_gauss_max,"pline_grdf_bessel_mean,pstart_afs_gauss_max","(55, 98)",2,-0.25042072271108495
pmid_afs_bessel_mean + pstart_afs_trig_mean,"pmid_afs_bessel_mean,pstart_afs_trig_mean","(71, 102)",2,-0.25053168724618985
ktotal_weight + pmid_plane_sum_Z4,"ktotal_weight,pmid_plane_sum_Z4","(19, 94)",2,-0.2506083905372969
pend_grdf_trig_std + pmid_plane_max_mass,"pend_grdf_trig_std,pmid_plane_max_mass","(45, 91)",2,-0.2506323965923699
pend_grdf_trig_std + pstart_plane_max_mass,"pend_grdf_trig_std,pstart_plane_max_mass","(45, 116)",2,-0.2506323965923699
pend_grdf_trig_std + pend_plane_max_mass,"pend_grdf_trig_std,pend_plane_max_mass","(45, 49)",2,-0.2506323965923699
pmid_n_atoms_on_plane + pstart_afs_trig_std,"pmid_n_atoms_on_plane,pstart_afs_trig_std","(88, 103)",2,-0.25078677208783307
pmid_n_atoms_on_plane + pmid_plane_max_mass,"pmid_n_atoms_on_plane,pmid_plane_max_mass","(88, 91)",2,-0.2508007823895948
pmid_n_atoms_on_plane + pstart_plane_max_mass,"pmid_n_atoms_on_plane,pstart_plane_max_mass","(88, 116)",2,-0.2508007823895948
mean_Z + pline_grdf_gauss_max,"mean_Z,pline_grdf_gauss_max","(26, 57)",2,-0.2508210161642376
pend_afs_trig_max + pstart_plane_mean_Z,"pend_afs_trig_max,pstart_plane_mean_Z","(34, 117)",2,-0.2508511967422596
E_pfrac_VBM + pstart_grdf_bessel_mean,"E_pfrac_VBM,pstart_grdf_bessel_mean","(1, 105)",2,-0.2508590385347949
pstart_afs_gauss_max + radius_diff,"pstart_afs_gauss_max,radius_diff","(98, 120)",2,-0.25088191960476475
pline_grdf_trig_mean + pmid_plane_mean_Z,"pline_grdf_trig_mean,pmid_plane_mean_Z","(61, 92)",2,-0.25089880028285105
bandgap + pline_grdf_gauss_max,"bandgap,pline_grdf_gauss_max","(6, 57)",2,-0.2509042852085032
pstart_afs_trig_max + pstart_plane_heavy_frac,"pstart_afs_trig_max,pstart_plane_heavy_frac","(101, 114)",2,-0.25091723843747066
pend_grdf_trig_std + pline_plane_max_mass,"pend_grdf_trig_std,pline_plane_max_mass","(45, 66)",2,-0.25092227889493407
kinterior_degen + pstart_plane_sum_Z4,"kinterior_degen,pstart_plane_sum_Z4","(11, 119)",2,-0.25092575532944944
kinterior_degen + pmid_grdf_trig_std,"kinterior_degen,pmid_grdf_trig_std","(11, 87)",2,-0.25102282424777284
kinterior_degen + pstart_plane_mean_Z,"kinterior_degen,pstart_plane_mean_Z","(11, 117)",2,-0.25103724978767444
pmid_afs_bessel_max + pstart_grdf_gauss_max,"pmid_afs_bessel_max,pstart_grdf_gauss_max","(70, 107)",2,-0.2510389211942148
E_pfrac_VBM + pstart_grdf_trig_mean,"E_pfrac_VBM,pstart_grdf_trig_mean","(1, 111)",2,-0.251335054386296
pend_grdf_trig_std + pline_grdf_bessel_mean,"pend_grdf_trig_std,pline_grdf_bessel_mean","(45, 55)",2,-0.2515223255498952
pend_grdf_trig_std + pline_plane_mean_Z,"pend_grdf_trig_std,pline_plane_mean_Z","(45, 67)",2,-0.2516030670852434
pend_afs_trig_max + pend_plane_heavy_frac,"pend_afs_trig_max,pend_plane_heavy_frac","(34, 47)",2,-0.2516467512507689
pline_grdf_gauss_max + pmid_n_atoms_on_plane,"pline_grdf_gauss_max,pmid_n_atoms_on_plane","(57, 88)",2,-0.25174148166084526
pmid_afs_trig_std + pstart_afs_bessel_max,"pmid_afs_trig_std,pstart_afs_bessel_max","(78, 95)",2,-0.2517763565740457
X_diff + kinterior_degen,"X_diff,kinterior_degen","(3, 11)",2,-0.25178773626128514
kmid_frac_x + pmid_afs_trig_max,"kmid_frac_x,pmid_afs_trig_max","(12, 76)",2,-0.25182366968468506
pend_afs_bessel_max + pstart_afs_trig_max,"pend_afs_bessel_max,pstart_afs_trig_max","(28, 101)",2,-0.2518305166028524
pmid_grdf_gauss_max + pmid_plane_sum_Z4,"pmid_grdf_gauss_max,pmid_plane_sum_Z4","(82, 94)",2,-0.25183240768157666
pend_plane_mean_Z + pstart_grdf_gauss_max,"pend_plane_mean_Z,pstart_grdf_gauss_max","(50, 107)",2,-0.2519256880724662
max_mass + pend_afs_bessel_std,"max_mass,pend_afs_bessel_std","(25, 30)",2,-0.25192869069906143
X_diff + n_elements,"X_diff,n_elements","(3, 27)",2,-0.25195762502380303
ktotal_weight + pstart_plane_mean_Z,"ktotal_weight,pstart_plane_mean_Z","(19, 117)",2,-0.25203691731505673
pend_afs_bessel_max + pmid_afs_gauss_max,"pend_afs_bessel_max,pmid_afs_gauss_max","(28, 73)",2,-0.25205323083984
ktotal_weight + pstart_grdf_bessel_std,"ktotal_weight,pstart_grdf_bessel_std","(19, 106)",2,-0.2521090340016624
pstart_grdf_bessel_mean + pstart_grdf_trig_std,"pstart_grdf_bessel_mean,pstart_grdf_trig_std","(105, 112)",2,-0.2521147396545066
pline_n_atoms_on_plane + pstart_afs_trig_max,"pline_n_atoms_on_plane,pstart_afs_trig_max","(63, 101)",2,-0.2521375530419634
pstart_afs_bessel_mean + pstart_afs_trig_mean,"pstart_afs_bessel_mean,pstart_afs_trig_mean","(96, 102)",2,-0.2522881096863562
pend_grdf_bessel_mean + pmid_grdf_bessel_std,"pend_grdf_bessel_mean,pmid_grdf_bessel_std","(38, 81)",2,-0.25241838005480133
pend_afs_gauss_max + pstart_grdf_bessel_max,"pend_afs_gauss_max,pstart_grdf_bessel_max","(31, 104)",2,-0.25252283483064414
pstart_grdf_gauss_max + pstart_plane_heavy_frac,"pstart_grdf_gauss_max,pstart_plane_heavy_frac","(107, 114)",2,-0.2526303893477014
pline_plane_sum_Z4 + pstart_afs_bessel_std,"pline_plane_sum_Z4,pstart_afs_bessel_std","(69, 97)",2,-0.25265486771976514
pend_n_atoms_on_plane + pmid_plane_heavy_frac,"pend_n_atoms_on_plane,pmid_plane_heavy_frac","(46, 89)",2,-0.25267076696502605
pend_afs_bessel_std + pmid_afs_trig_mean,"pend_afs_bessel_std,pmid_afs_trig_mean","(30, 77)",2,-0.2527547541782993
pmid_plane_sum_Z4 + pstart_plane_max_Z,"pmid_plane_sum_Z4,pstart_plane_max_Z","(94, 115)",2,-0.25280456680393193
pline_plane_mean_mass + pstart_plane_mean_Z,"pline_plane_mean_mass,pstart_plane_mean_Z","(68, 117)",2,-0.25284667873991784
kend_degen + pstart_afs_trig_max,"kend_degen,pstart_afs_trig_max","(8, 101)",2,-0.25287598197639566
E_pfrac_CBM + pmid_plane_heavy_frac,"E_pfrac_CBM,pmid_plane_heavy_frac","(0, 89)",2,-0.2529909002189595
pmid_afs_gauss_max + pstart_afs_gauss_max,"pmid_afs_gauss_max,pstart_afs_gauss_max","(73, 98)",2,-0.2531204909330482
pline_plane_max_Z + pstart_plane_mean_mass,"pline_plane_max_Z,pstart_plane_mean_mass","(65, 118)",2,-0.2531287746429505
kvec_x + pstart_afs_trig_mean,"kvec_x,pstart_afs_trig_mean","(20, 102)",2,-0.2531717439155944
kstart_frac_x + pend_n_atoms_on_plane,"kstart_frac_x,pend_n_atoms_on_plane","(17, 46)",2,-0.2531823375496402
pend_afs_gauss_max + pmid_plane_sum_Z4,"pend_afs_gauss_max,pmid_plane_sum_Z4","(31, 94)",2,-0.25323054906325726
pline_grdf_gauss_max + pmid_plane_mean_Z,"pline_grdf_gauss_max,pmid_plane_mean_Z","(57, 92)",2,-0.25329533072270377
pstart_afs_gauss_mean + pstart_grdf_bessel_mean,"pstart_afs_gauss_mean,pstart_grdf_bessel_mean","(99, 105)",2,-0.2533112012749468
pline_grdf_gauss_max + pstart_grdf_bessel_max,"pline_grdf_gauss_max,pstart_grdf_bessel_max","(57, 104)",2,-0.25336769869640463
pmid_afs_trig_max + pstart_plane_mean_mass,"pmid_afs_trig_max,pstart_plane_mean_mass","(76, 118)",2,-0.2533793542896851
bandgap + kpath_angle_deg,"bandgap,kpath_angle_deg","(6, 14)",2,-0.25344307495071783
kend_frac_x + pmid_afs_trig_max,"kend_frac_x,pmid_afs_trig_max","(9, 76)",2,-0.2534962211460122
ktotal_weight + pstart_plane_sum_Z4,"ktotal_weight,pstart_plane_sum_Z4","(19, 119)",2,-0.2535588013031828
pend_grdf_trig_std + pline_n_atoms_on_plane,"pend_grdf_trig_std,pline_n_atoms_on_plane","(45, 63)",2,-0.2537670687133991
kvec_y + pend_afs_gauss_std,"kvec_y,pend_afs_gauss_std","(21, 33)",2,-0.2538698117674378
pend_grdf_gauss_max + pstart_plane_heavy_frac,"pend_grdf_gauss_max,pstart_plane_heavy_frac","(40, 114)",2,-0.25387375025974157
pmid_afs_bessel_std + pstart_afs_gauss_std,"pmid_afs_bessel_std,pstart_afs_gauss_std","(72, 100)",2,-0.2538779287221198
pend_afs_gauss_max + pend_plane_mean_mass,"pend_afs_gauss_max,pend_plane_mean_mass","(31, 51)",2,-0.25395193411799666
pmid_afs_trig_mean + pstart_afs_bessel_std,"pmid_afs_trig_mean,pstart_afs_bessel_std","(77, 97)",2,-0.25396827170142
bandgap + pline_plane_heavy_frac,"bandgap,pline_plane_heavy_frac","(6, 64)",2,-0.25398174538400536
kmid_frac_y + pmid_plane_mean_mass,"kmid_frac_y,pmid_plane_mean_mass","(13, 93)",2,-0.254035474326321
kstart_degen + pstart_afs_bessel_std,"kstart_degen,pstart_afs_bessel_std","(16, 97)",2,-0.2541112497739197
pmid_plane_mean_Z + pstart_afs_trig_max,"pmid_plane_mean_Z,pstart_afs_trig_max","(92, 101)",2,-0.2542199881575719
pend_grdf_trig_std + pline_grdf_trig_max,"pend_grdf_trig_std,pline_grdf_trig_max","(45, 60)",2,-0.2542435991052488
kend_degen + pend_plane_mean_Z,"kend_degen,pend_plane_mean_Z","(8, 50)",2,-0.2542670192926979
bandgap + pline_grdf_gauss_std,"bandgap,pline_grdf_gauss_std","(6, 59)",2,-0.2543150812949605
kstart_degen + pend_n_atoms_on_plane,"kstart_degen,pend_n_atoms_on_plane","(16, 46)",2,-0.25443757282268925
pend_plane_heavy_frac + pmid_n_atoms_on_plane,"pend_plane_heavy_frac,pmid_n_atoms_on_plane","(47, 88)",2,-0.2544543875129983
kstart_degen + pmid_afs_trig_max,"kstart_degen,pmid_afs_trig_max","(16, 76)",2,-0.2545139995611677
bandgap + pline_grdf_bessel_max,"bandgap,pline_grdf_bessel_max","(6, 54)",2,-0.2546646993549695
pend_plane_sum_Z4 + pline_n_atoms_on_plane,"pend_plane_sum_Z4,pline_n_atoms_on_plane","(52, 63)",2,-0.2546993641371941
pstart_grdf_trig_max + pstart_n_atoms_on_plane,"pstart_grdf_trig_max,pstart_n_atoms_on_plane","(110, 113)",2,-0.254722904219021
pmid_afs_trig_max + pmid_grdf_bessel_std,"pmid_afs_trig_max,pmid_grdf_bessel_std","(76, 81)",2,-0.2547345053565471
pend_n_atoms_on_plane + pstart_plane_mean_Z,"pend_n_atoms_on_plane,pstart_plane_mean_Z","(46, 117)",2,-0.254769945735098
pend_afs_gauss_max + pstart_grdf_gauss_mean,"pend_afs_gauss_max,pstart_grdf_gauss_mean","(31, 108)",2,-0.2548487117341236
pstart_grdf_bessel_mean + pstart_grdf_gauss_max,"pstart_grdf_bessel_mean,pstart_grdf_gauss_max","(105, 107)",2,-0.2548596946427749
pline_plane_max_Z + pstart_grdf_trig_std,"pline_plane_max_Z,pstart_grdf_trig_std","(65, 112)",2,-0.25493029471002865
E_pfrac_relevant + pmid_grdf_bessel_mean,"E_pfrac_relevant,pmid_grdf_bessel_mean","(2, 80)",2,-0.25505491809562525
pline_n_atoms_on_plane + pstart_plane_sum_Z4,"pline_n_atoms_on_plane,pstart_plane_sum_Z4","(63, 119)",2,-0.2551143951182424
pend_grdf_trig_std + pline_plane_mean_mass,"pend_grdf_trig_std,pline_plane_mean_mass","(45, 68)",2,-0.25517237572430024
pend_grdf_gauss_std + pstart_afs_bessel_max,"pend_grdf_gauss_std,pstart_afs_bessel_max","(42, 95)",2,-0.2553086314766384
pend_afs_bessel_max + pmid_grdf_gauss_std,"pend_afs_bessel_max,pmid_grdf_gauss_std","(28, 84)",2,-0.25534898224072566
pend_grdf_trig_std + plane_angle_deg,"pend_grdf_trig_std,plane_angle_deg","(45, 53)",2,-0.2553605767844346
pend_plane_sum_Z4 + pline_grdf_gauss_max,"pend_plane_sum_Z4,pline_grdf_gauss_max","(52, 57)",2,-0.25536892053846144
kmid_frac_y + pstart_plane_mean_mass,"kmid_frac_y,pstart_plane_mean_mass","(13, 118)",2,-0.2553855491897223
mean_Z + pmid_plane_max_Z,"mean_Z,pmid_plane_max_Z","(26, 90)",2,-0.25545951803320327
mean_Z + pend_plane_max_Z,"mean_Z,pend_plane_max_Z","(26, 48)",2,-0.25545951803320327
mean_Z + pstart_plane_max_Z,"mean_Z,pstart_plane_max_Z","(26, 115)",2,-0.25545951803320327
ktotal_weight + pend_plane_sum_Z4,"ktotal_weight,pend_plane_sum_Z4","(19, 52)",2,-0.25552084620724236
pline_grdf_bessel_std + pstart_plane_mean_mass,"pline_grdf_bessel_std,pstart_plane_mean_mass","(56, 118)",2,-0.2555500650742889
X_diff + pline_grdf_trig_max,"X_diff,pline_grdf_trig_max","(3, 60)",2,-0.25557159735468093
pline_grdf_trig_std + pmid_plane_mean_mass,"pline_grdf_trig_std,pmid_plane_mean_mass","(62, 93)",2,-0.25584806519946196
X_mean + pstart_afs_bessel_std,"X_mean,pstart_afs_bessel_std","(4, 97)",2,-0.2558657430052296
X_diff + pline_plane_mean_Z,"X_diff,pline_plane_mean_Z","(3, 67)",2,-0.2559478857798581
X_diff + kstart_frac_x,"X_diff,kstart_frac_x","(3, 17)",2,-0.25596611106643397
max_mass + pstart_plane_mean_mass,"max_mass,pstart_plane_mean_mass","(25, 118)",2,-0.2560060553987417
pmid_plane_max_mass + pstart_plane_mean_mass,"pmid_plane_max_mass,pstart_plane_mean_mass","(91, 118)",2,-0.2560060553987417
pend_plane_max_mass + pstart_plane_mean_mass,"pend_plane_max_mass,pstart_plane_mean_mass","(49, 118)",2,-0.2560060553987417
pstart_plane_max_mass + pstart_plane_mean_mass,"pstart_plane_max_mass,pstart_plane_mean_mass","(116, 118)",2,-0.2560060553987417
X_mean + max_mass,"X_mean,max_mass","(4, 25)",2,-0.2560907786557173
X_mean + pend_plane_max_mass,"X_mean,pend_plane_max_mass","(4, 49)",2,-0.2560907786557173
X_mean + pstart_plane_max_mass,"X_mean,pstart_plane_max_mass","(4, 116)",2,-0.2560907786557173
X_mean + pmid_plane_max_mass,"X_mean,pmid_plane_max_mass","(4, 91)",2,-0.2560907786557173
pmid_plane_sum_Z4 + pstart_grdf_trig_std,"pmid_plane_sum_Z4,pstart_grdf_trig_std","(94, 112)",2,-0.25610243528173127
kinterior_degen + pstart_grdf_bessel_std,"kinterior_degen,pstart_grdf_bessel_std","(11, 106)",2,-0.25610848337872877
pstart_grdf_gauss_max + pstart_plane_sum_Z4,"pstart_grdf_gauss_max,pstart_plane_sum_Z4","(107, 119)",2,-0.2561683847947821
X_diff + pmid_grdf_trig_std,"X_diff,pmid_grdf_trig_std","(3, 87)",2,-0.25618792874002405
pend_afs_bessel_max + sum_Z4,"pend_afs_bessel_max,sum_Z4","(28, 122)",2,-0.25621189037440895
X_diff + pline_plane_sum_Z4,"X_diff,pline_plane_sum_Z4","(3, 69)",2,-0.2562164544168837
X_diff + pmid_afs_bessel_std,"X_diff,pmid_afs_bessel_std","(3, 72)",2,-0.25625205705878445
kend_degen + pmid_plane_mean_mass,"kend_degen,pmid_plane_mean_mass","(8, 93)",2,-0.2562786060806531
kstart_frac_y + pstart_afs_trig_max,"kstart_frac_y,pstart_afs_trig_max","(18, 101)",2,-0.2562946154204333
pend_plane_heavy_frac + pmid_afs_bessel_max,"pend_plane_heavy_frac,pmid_afs_bessel_max","(47, 70)",2,-0.2563794203017455
pend_n_atoms_on_plane + pmid_afs_gauss_max,"pend_n_atoms_on_plane,pmid_afs_gauss_max","(46, 73)",2,-0.25640767945764587
kinterior_degen + pmid_plane_sum_Z4,"kinterior_degen,pmid_plane_sum_Z4","(11, 94)",2,-0.256455484066058
kinterior_degen + pend_plane_sum_Z4,"kinterior_degen,pend_plane_sum_Z4","(11, 52)",2,-0.25645928156971304
pstart_afs_gauss_std + pstart_grdf_bessel_mean,"pstart_afs_gauss_std,pstart_grdf_bessel_mean","(100, 105)",2,-0.2566479545750559
pmid_grdf_bessel_std + pstart_afs_trig_mean,"pmid_grdf_bessel_std,pstart_afs_trig_mean","(81, 102)",2,-0.2567616694239795
pline_plane_mean_Z + pmid_n_atoms_on_plane,"pline_plane_mean_Z,pmid_n_atoms_on_plane","(67, 88)",2,-0.256817087967682
pline_plane_heavy_frac + pmid_n_atoms_on_plane,"pline_plane_heavy_frac,pmid_n_atoms_on_plane","(64, 88)",2,-0.2568614061239515
pend_n_atoms_on_plane + pline_grdf_bessel_max,"pend_n_atoms_on_plane,pline_grdf_bessel_max","(46, 54)",2,-0.2570435681025257
pend_afs_trig_mean + pend_n_atoms_on_plane,"pend_afs_trig_mean,pend_n_atoms_on_plane","(35, 46)",2,-0.2571367489520797
pend_plane_mean_mass + pline_grdf_trig_mean,"pend_plane_mean_mass,pline_grdf_trig_mean","(51, 61)",2,-0.25719811319270824
pline_grdf_gauss_mean + pmid_grdf_gauss_mean,"pline_grdf_gauss_mean,pmid_grdf_gauss_mean","(58, 83)",2,-0.2572403223258923
pend_plane_mean_mass + pline_grdf_bessel_std,"pend_plane_mean_mass,pline_grdf_bessel_std","(51, 56)",2,-0.25725121827492786
kmid_frac_y + pend_n_atoms_on_plane,"kmid_frac_y,pend_n_atoms_on_plane","(13, 46)",2,-0.25727522799200525
kstart_frac_x + pend_afs_trig_max,"kstart_frac_x,pend_afs_trig_max","(17, 34)",2,-0.25731223338165077
kvec_y + pmid_plane_heavy_frac,"kvec_y,pmid_plane_heavy_frac","(21, 89)",2,-0.25741543933221966
pend_grdf_gauss_mean + pstart_grdf_trig_mean,"pend_grdf_gauss_mean,pstart_grdf_trig_mean","(41, 111)",2,-0.2574451701593633
pmid_n_atoms_on_plane + pstart_plane_sum_Z4,"pmid_n_atoms_on_plane,pstart_plane_sum_Z4","(88, 119)",2,-0.25748528275791166
kmid_frac_x + pstart_grdf_trig_std,"kmid_frac_x,pstart_grdf_trig_std","(12, 112)",2,-0.25751280953974626
pstart_afs_bessel_std + pstart_plane_mean_mass,"pstart_afs_bessel_std,pstart_plane_mean_mass","(97, 118)",2,-0.25755946542173397
plane_angle_deg + pmid_grdf_gauss_mean,"plane_angle_deg,pmid_grdf_gauss_mean","(53, 83)",2,-0.2575766650609007
ktotal_weight + pend_grdf_trig_std,"ktotal_weight,pend_grdf_trig_std","(19, 45)",2,-0.2576120978858735
pend_afs_bessel_std + pend_afs_trig_mean,"pend_afs_bessel_std,pend_afs_trig_mean","(30, 35)",2,-0.2576202162212416
X_mean + band_binary,"X_mean,band_binary","(4, 5)",2,-0.257637739269074
pmid_afs_bessel_max + pstart_plane_heavy_frac,"pmid_afs_bessel_max,pstart_plane_heavy_frac","(70, 114)",2,-0.2577129267928443
pend_grdf_bessel_mean + pend_grdf_gauss_max,"pend_grdf_bessel_mean,pend_grdf_gauss_max","(38, 40)",2,-0.2577523283373482
kvec_x + radius_mean,"kvec_x,radius_mean","(20, 121)",2,-0.2577755002575814
pline_grdf_gauss_max + pmid_plane_sum_Z4,"pline_grdf_gauss_max,pmid_plane_sum_Z4","(57, 94)",2,-0.2578360331572873
pmid_afs_bessel_std + pstart_grdf_bessel_mean,"pmid_afs_bessel_std,pstart_grdf_bessel_mean","(72, 105)",2,-0.25786684132540294
pmid_plane_sum_Z4 + sum_Z4,"pmid_plane_sum_Z4,sum_Z4","(94, 122)",2,-0.2578713839314085
pmid_afs_bessel_std + pmid_plane_max_mass,"pmid_afs_bessel_std,pmid_plane_max_mass","(72, 91)",2,-0.25795588280663195
pmid_afs_bessel_std + pstart_plane_max_mass,"pmid_afs_bessel_std,pstart_plane_max_mass","(72, 116)",2,-0.25795588280663195
E_pfrac_VBM + band_binary,"E_pfrac_VBM,band_binary","(1, 5)",2,-0.25796276917429733
pend_plane_mean_mass + pline_plane_heavy_frac,"pend_plane_mean_mass,pline_plane_heavy_frac","(51, 64)",2,-0.2579949233224381
kpath_real_distance + pmid_afs_trig_max,"kpath_real_distance,pmid_afs_trig_max","(15, 76)",2,-0.25806211412320523
kstart_frac_y + pstart_afs_bessel_std,"kstart_frac_y,pstart_afs_bessel_std","(18, 97)",2,-0.2581239903596882
pend_afs_bessel_std + radius_diff,"pend_afs_bessel_std,radius_diff","(30, 120)",2,-0.25817017827510874
pend_plane_sum_Z4 + pmid_plane_max_Z,"pend_plane_sum_Z4,pmid_plane_max_Z","(52, 90)",2,-0.25819931245469685
pend_plane_sum_Z4 + pstart_plane_max_Z,"pend_plane_sum_Z4,pstart_plane_max_Z","(52, 115)",2,-0.25819931245469685
pstart_afs_bessel_std + pstart_grdf_bessel_mean,"pstart_afs_bessel_std,pstart_grdf_bessel_mean","(97, 105)",2,-0.2583827778211458
pline_grdf_bessel_mean + pmid_afs_trig_max,"pline_grdf_bessel_mean,pmid_afs_trig_max","(55, 76)",2,-0.2584144852623417
X_diff + pstart_afs_bessel_std,"X_diff,pstart_afs_bessel_std","(3, 97)",2,-0.25853067748853303
pstart_afs_bessel_std + pstart_afs_trig_max,"pstart_afs_bessel_std,pstart_afs_trig_max","(97, 101)",2,-0.258767374449408
pmid_plane_sum_Z4 + pstart_plane_max_mass,"pmid_plane_sum_Z4,pstart_plane_max_mass","(94, 116)",2,-0.2587814346426621
pline_grdf_gauss_std + pstart_plane_mean_Z,"pline_grdf_gauss_std,pstart_plane_mean_Z","(59, 117)",2,-0.25880540950666636
ehull + kvec_y,"ehull,kvec_y","(7, 21)",2,-0.258977168946413
bandgap + pline_grdf_bessel_std,"bandgap,pline_grdf_bessel_std","(6, 56)",2,-0.25903207320494503
pstart_plane_sum_Z4 + sum_Z4,"pstart_plane_sum_Z4,sum_Z4","(119, 122)",2,-0.25904720173574997
mean_Z + pline_grdf_bessel_std,"mean_Z,pline_grdf_bessel_std","(26, 56)",2,-0.2591175792757153
pline_plane_mean_mass + pmid_n_atoms_on_plane,"pline_plane_mean_mass,pmid_n_atoms_on_plane","(68, 88)",2,-0.2591483211378979
X_mean + ktotal_weight,"X_mean,ktotal_weight","(4, 19)",2,-0.2591615597282241
pmid_plane_mean_Z + pstart_grdf_gauss_mean,"pmid_plane_mean_Z,pstart_grdf_gauss_mean","(92, 108)",2,-0.2591989208846212
X_mean + pline_plane_heavy_frac,"X_mean,pline_plane_heavy_frac","(4, 64)",2,-0.2592286490573116
pline_plane_max_Z + pstart_plane_mean_Z,"pline_plane_max_Z,pstart_plane_mean_Z","(65, 117)",2,-0.2592413429754268
kend_degen + pstart_afs_bessel_max,"kend_degen,pstart_afs_bessel_max","(8, 95)",2,-0.2593093674475594
ktotal_weight + pstart_afs_gauss_std,"ktotal_weight,pstart_afs_gauss_std","(19, 100)",2,-0.2593282670571592
pmid_grdf_gauss_std + pstart_afs_bessel_max,"pmid_grdf_gauss_std,pstart_afs_bessel_max","(84, 95)",2,-0.2593475388358523
kpath_angle_deg + pend_grdf_bessel_max,"kpath_angle_deg,pend_grdf_bessel_max","(14, 37)",2,-0.2594258924242262
pline_grdf_gauss_max + pstart_plane_sum_Z4,"pline_grdf_gauss_max,pstart_plane_sum_Z4","(57, 119)",2,-0.2596352541000308
X_mean + kvec_z,"X_mean,kvec_z","(4, 22)",2,-0.25965421025352836
kpath_angle_deg + pstart_plane_sum_Z4,"kpath_angle_deg,pstart_plane_sum_Z4","(14, 119)",2,-0.2596555054383387
pend_afs_bessel_max + pstart_afs_trig_std,"pend_afs_bessel_max,pstart_afs_trig_std","(28, 103)",2,-0.25967946168110984
plane_angle_deg + pstart_afs_bessel_std,"plane_angle_deg,pstart_afs_bessel_std","(53, 97)",2,-0.25968542536283507
pline_grdf_trig_mean + pmid_n_atoms_on_plane,"pline_grdf_trig_mean,pmid_n_atoms_on_plane","(61, 88)",2,-0.25968704779781404
pstart_plane_max_Z + pstart_plane_mean_mass,"pstart_plane_max_Z,pstart_plane_mean_mass","(115, 118)",2,-0.2597231173832446
pmid_plane_max_Z + pstart_plane_mean_mass,"pmid_plane_max_Z,pstart_plane_mean_mass","(90, 118)",2,-0.2597231173832446
max_Z4 + pstart_plane_mean_mass,"max_Z4,pstart_plane_mean_mass","(24, 118)",2,-0.2597231173832446
max_Z + pstart_plane_mean_mass,"max_Z,pstart_plane_mean_mass","(23, 118)",2,-0.2597231173832446
pend_plane_max_Z + pstart_plane_mean_mass,"pend_plane_max_Z,pstart_plane_mean_mass","(48, 118)",2,-0.2597231173832446
pline_plane_mean_Z + pstart_afs_bessel_std,"pline_plane_mean_Z,pstart_afs_bessel_std","(67, 97)",2,-0.25973307030546267
X_diff + pline_grdf_trig_mean,"X_diff,pline_grdf_trig_mean","(3, 61)",2,-0.25974197691002376
pend_n_atoms_on_plane + pstart_plane_sum_Z4,"pend_n_atoms_on_plane,pstart_plane_sum_Z4","(46, 119)",2,-0.2597871957675837
pend_grdf_gauss_max + pstart_plane_sum_Z4,"pend_grdf_gauss_max,pstart_plane_sum_Z4","(40, 119)",2,-0.25981749153690453
pstart_afs_bessel_std + pstart_afs_gauss_max,"pstart_afs_bessel_std,pstart_afs_gauss_max","(97, 98)",2,-0.25991553736412143
pend_afs_bessel_std + pstart_afs_gauss_max,"pend_afs_bessel_std,pstart_afs_gauss_max","(30, 98)",2,-0.25999837210506305
pmid_n_atoms_on_plane + pstart_afs_trig_max,"pmid_n_atoms_on_plane,pstart_afs_trig_max","(88, 101)",2,-0.2600030233280431
pend_afs_bessel_std + pstart_grdf_bessel_std,"pend_afs_bessel_std,pstart_grdf_bessel_std","(30, 106)",2,-0.2600133034985052
ehull + pstart_afs_gauss_std,"ehull,pstart_afs_gauss_std","(7, 100)",2,-0.26002338918815554
pmid_afs_gauss_max + pstart_grdf_gauss_std,"pmid_afs_gauss_max,pstart_grdf_gauss_std","(73, 109)",2,-0.2601189689795775
kvec_y + pmid_grdf_trig_std,"kvec_y,pmid_grdf_trig_std","(21, 87)",2,-0.26021656308475716
pend_grdf_bessel_max + pend_grdf_gauss_std,"pend_grdf_bessel_max,pend_grdf_gauss_std","(37, 42)",2,-0.26027594945148413
X_diff + pend_afs_bessel_std,"X_diff,pend_afs_bessel_std","(3, 30)",2,-0.260336700577689
mean_Z + pline_grdf_gauss_std,"mean_Z,pline_grdf_gauss_std","(26, 59)",2,-0.26040126947224235
X_diff + ktotal_weight,"X_diff,ktotal_weight","(3, 19)",2,-0.26046062705794715
mean_Z + pline_plane_max_Z,"mean_Z,pline_plane_max_Z","(26, 65)",2,-0.260582943004178
pend_plane_max_Z + pstart_grdf_trig_std,"pend_plane_max_Z,pstart_grdf_trig_std","(48, 112)",2,-0.26060302351138886
max_Z4 + pstart_grdf_trig_std,"max_Z4,pstart_grdf_trig_std","(24, 112)",2,-0.26060302351138886
max_Z + pstart_grdf_trig_std,"max_Z,pstart_grdf_trig_std","(23, 112)",2,-0.26060302351138886
pmid_plane_max_Z + pstart_grdf_trig_std,"pmid_plane_max_Z,pstart_grdf_trig_std","(90, 112)",2,-0.26060302351138886
kmid_frac_y + pstart_afs_trig_max,"kmid_frac_y,pstart_afs_trig_max","(13, 101)",2,-0.26076556526045025
pstart_afs_bessel_std + sum_Z4,"pstart_afs_bessel_std,sum_Z4","(97, 122)",2,-0.26085834277065256
n_elements + pstart_grdf_trig_std,"n_elements,pstart_grdf_trig_std","(27, 112)",2,-0.2609028866509797
kstart_frac_x + pmid_grdf_gauss_mean,"kstart_frac_x,pmid_grdf_gauss_mean","(17, 83)",2,-0.2609391757600823
kvec_z + pstart_afs_bessel_std,"kvec_z,pstart_afs_bessel_std","(22, 97)",2,-0.2609925128307512
pend_plane_heavy_frac + pend_plane_mean_Z,"pend_plane_heavy_frac,pend_plane_mean_Z","(47, 50)",2,-0.2610736897884568
pend_grdf_gauss_max + pmid_grdf_bessel_mean,"pend_grdf_gauss_max,pmid_grdf_bessel_mean","(40, 80)",2,-0.261075610642026
pend_grdf_gauss_max + pmid_plane_sum_Z4,"pend_grdf_gauss_max,pmid_plane_sum_Z4","(40, 94)",2,-0.2610778640898044
band_binary + pstart_plane_mean_Z,"band_binary,pstart_plane_mean_Z","(5, 117)",2,-0.2611245439798069
max_Z4 + pend_grdf_gauss_mean,"max_Z4,pend_grdf_gauss_mean","(24, 41)",2,-0.2611707958327309
max_Z + pend_grdf_gauss_mean,"max_Z,pend_grdf_gauss_mean","(23, 41)",2,-0.2611707958327309
pend_n_atoms_on_plane + pstart_plane_heavy_frac,"pend_n_atoms_on_plane,pstart_plane_heavy_frac","(46, 114)",2,-0.2612006512736476
pstart_grdf_trig_std + pstart_plane_max_Z,"pstart_grdf_trig_std,pstart_plane_max_Z","(112, 115)",2,-0.2612261171187084
pline_plane_mean_mass + pstart_grdf_trig_std,"pline_plane_mean_mass,pstart_grdf_trig_std","(68, 112)",2,-0.2615048017333566
kinterior_degen + pend_n_atoms_on_plane,"kinterior_degen,pend_n_atoms_on_plane","(11, 46)",2,-0.26152417612079953
X_diff + pline_plane_mean_mass,"X_diff,pline_plane_mean_mass","(3, 68)",2,-0.26152536571621476
pmid_plane_max_mass + pmid_plane_sum_Z4,"pmid_plane_max_mass,pmid_plane_sum_Z4","(91, 94)",2,-0.2615482748411892
max_mass + pmid_plane_sum_Z4,"max_mass,pmid_plane_sum_Z4","(25, 94)",2,-0.2615482748411892
pend_plane_max_mass + pmid_plane_sum_Z4,"pend_plane_max_mass,pmid_plane_sum_Z4","(49, 94)",2,-0.2615482748411892
pline_grdf_trig_max + pstart_afs_bessel_std,"pline_grdf_trig_max,pstart_afs_bessel_std","(60, 97)",2,-0.261590538208499
kstart_frac_x + pmid_afs_trig_max,"kstart_frac_x,pmid_afs_trig_max","(17, 76)",2,-0.26175715513116377
pend_n_atoms_on_plane + pline_grdf_bessel_mean,"pend_n_atoms_on_plane,pline_grdf_bessel_mean","(46, 55)",2,-0.26180869895528136
pmid_n_atoms_on_plane + pmid_plane_mean_Z,"pmid_n_atoms_on_plane,pmid_plane_mean_Z","(88, 92)",2,-0.2618750807488013
E_pfrac_VBM + pline_grdf_bessel_max,"E_pfrac_VBM,pline_grdf_bessel_max","(1, 54)",2,-0.2619271160128916
pline_grdf_bessel_mean + pmid_grdf_gauss_mean,"pline_grdf_bessel_mean,pmid_grdf_gauss_mean","(55, 83)",2,-0.2619603581466696
pline_grdf_bessel_max + pmid_grdf_gauss_mean,"pline_grdf_bessel_max,pmid_grdf_gauss_mean","(54, 83)",2,-0.26198234204583926
kstart_frac_x + pstart_afs_bessel_std,"kstart_frac_x,pstart_afs_bessel_std","(17, 97)",2,-0.2619949420603554
ehull + pline_grdf_trig_max,"ehull,pline_grdf_trig_max","(7, 60)",2,-0.2621801820500283
kvec_x + pline_grdf_bessel_mean,"kvec_x,pline_grdf_bessel_mean","(20, 55)",2,-0.2621988015099735
pline_plane_mean_mass + pstart_afs_bessel_std,"pline_plane_mean_mass,pstart_afs_bessel_std","(68, 97)",2,-0.26230167320484854
pstart_afs_bessel_std + pstart_plane_mean_Z,"pstart_afs_bessel_std,pstart_plane_mean_Z","(97, 117)",2,-0.26230336274083865
pend_grdf_trig_std + pstart_grdf_bessel_mean,"pend_grdf_trig_std,pstart_grdf_bessel_mean","(45, 105)",2,-0.2623459631227015
pend_afs_trig_mean + radius_diff,"pend_afs_trig_mean,radius_diff","(35, 120)",2,-0.2623468641270016
kend_frac_y + pend_grdf_bessel_max,"kend_frac_y,pend_grdf_bessel_max","(10, 37)",2,-0.2623829702075544
pline_plane_max_Z + pstart_afs_bessel_std,"pline_plane_max_Z,pstart_afs_bessel_std","(65, 97)",2,-0.26263904990847237
pmid_afs_bessel_std + pstart_afs_gauss_max,"pmid_afs_bessel_std,pstart_afs_gauss_max","(72, 98)",2,-0.26273125365676225
E_pfrac_VBM + n_elements,"E_pfrac_VBM,n_elements","(1, 27)",2,-0.2627549301173394
kend_frac_x + pend_afs_trig_max,"kend_frac_x,pend_afs_trig_max","(9, 34)",2,-0.26275882312620485
pend_afs_bessel_max + pmid_grdf_bessel_std,"pend_afs_bessel_max,pmid_grdf_bessel_std","(28, 81)",2,-0.2628896234092364
bandgap + kend_frac_x,"bandgap,kend_frac_x","(6, 9)",2,-0.26289231277296343
X_mean + kend_degen,"X_mean,kend_degen","(4, 8)",2,-0.26290622738758057
ehull + pstart_grdf_bessel_max,"ehull,pstart_grdf_bessel_max","(7, 104)",2,-0.26297791676552873
pend_afs_gauss_std + pstart_afs_gauss_mean,"pend_afs_gauss_std,pstart_afs_gauss_mean","(33, 99)",2,-0.26300773044695835
ehull + pmid_afs_gauss_max,"ehull,pmid_afs_gauss_max","(7, 73)",2,-0.2631316962490534
kend_frac_y + pstart_afs_bessel_max,"kend_frac_y,pstart_afs_bessel_max","(10, 95)",2,-0.26316451118634276
kmid_frac_y + pmid_afs_trig_max,"kmid_frac_y,pmid_afs_trig_max","(13, 76)",2,-0.2632244432342038
pmid_plane_heavy_frac + pstart_grdf_bessel_max,"pmid_plane_heavy_frac,pstart_grdf_bessel_max","(89, 104)",2,-0.26327285954907015
kvec_z + pmid_plane_mean_Z,"kvec_z,pmid_plane_mean_Z","(22, 92)",2,-0.2633633553979174
E_pfrac_VBM + kmid_frac_x,"E_pfrac_VBM,kmid_frac_x","(1, 12)",2,-0.2634674056769225
pline_plane_max_Z + pmid_n_atoms_on_plane,"pline_plane_max_Z,pmid_n_atoms_on_plane","(65, 88)",2,-0.2635194466461518
mean_Z + pline_plane_max_mass,"mean_Z,pline_plane_max_mass","(26, 66)",2,-0.26359851352139996
X_mean + pline_n_atoms_on_plane,"X_mean,pline_n_atoms_on_plane","(4, 63)",2,-0.26361752889687917
pend_grdf_gauss_mean + pmid_afs_trig_max,"pend_grdf_gauss_mean,pmid_afs_trig_max","(41, 76)",2,-0.26365198777547943
E_pfrac_VBM + pend_afs_trig_max,"E_pfrac_VBM,pend_afs_trig_max","(1, 34)",2,-0.2636693271380568
pend_afs_trig_mean + pstart_n_atoms_on_plane,"pend_afs_trig_mean,pstart_n_atoms_on_plane","(35, 113)",2,-0.26379786502404123
ktotal_weight + pmid_plane_mean_Z,"ktotal_weight,pmid_plane_mean_Z","(19, 92)",2,-0.2638361926237535
kend_frac_x + pmid_n_atoms_on_plane,"kend_frac_x,pmid_n_atoms_on_plane","(9, 88)",2,-0.2638822926935719
ktotal_weight + pstart_plane_mean_mass,"ktotal_weight,pstart_plane_mean_mass","(19, 118)",2,-0.2639323800397046
kpath_angle_deg + pend_afs_trig_max,"kpath_angle_deg,pend_afs_trig_max","(14, 34)",2,-0.2639409977936797
pline_plane_max_mass + pmid_n_atoms_on_plane,"pline_plane_max_mass,pmid_n_atoms_on_plane","(66, 88)",2,-0.26398098941215836
pline_plane_mean_Z + pstart_grdf_trig_std,"pline_plane_mean_Z,pstart_grdf_trig_std","(67, 112)",2,-0.26403620357775803
ehull + pend_n_atoms_on_plane,"ehull,pend_n_atoms_on_plane","(7, 46)",2,-0.2640438211091153
kmid_frac_y + pstart_afs_bessel_std,"kmid_frac_y,pstart_afs_bessel_std","(13, 97)",2,-0.26411801031966814
pend_plane_heavy_frac + pend_plane_mean_mass,"pend_plane_heavy_frac,pend_plane_mean_mass","(47, 51)",2,-0.2641442970551152
pline_n_atoms_on_plane + pmid_plane_sum_Z4,"pline_n_atoms_on_plane,pmid_plane_sum_Z4","(63, 94)",2,-0.26427268079934085
pstart_grdf_gauss_max + pstart_plane_mean_mass,"pstart_grdf_gauss_max,pstart_plane_mean_mass","(107, 118)",2,-0.26428643033346894
ehull + pstart_grdf_trig_max,"ehull,pstart_grdf_trig_max","(7, 110)",2,-0.264382151411358
max_Z4 + pend_plane_sum_Z4,"max_Z4,pend_plane_sum_Z4","(24, 52)",2,-0.2644618246903521
pend_plane_max_Z + pend_plane_sum_Z4,"pend_plane_max_Z,pend_plane_sum_Z4","(48, 52)",2,-0.2644618246903521
max_Z + pend_plane_sum_Z4,"max_Z,pend_plane_sum_Z4","(23, 52)",2,-0.2644618246903521
pend_plane_mean_mass + pmid_grdf_trig_std,"pend_plane_mean_mass,pmid_grdf_trig_std","(51, 87)",2,-0.26466948535137946
pend_afs_trig_mean + pend_grdf_bessel_max,"pend_afs_trig_mean,pend_grdf_bessel_max","(35, 37)",2,-0.2647853835826893
pend_afs_bessel_max + pstart_plane_heavy_frac,"pend_afs_bessel_max,pstart_plane_heavy_frac","(28, 114)",2,-0.2648199668440305
pend_plane_sum_Z4 + sum_Z4,"pend_plane_sum_Z4,sum_Z4","(52, 122)",2,-0.2648735279015123
ktotal_weight + pend_afs_trig_max,"ktotal_weight,pend_afs_trig_max","(19, 34)",2,-0.26489878558027147
pend_afs_trig_std + pstart_grdf_gauss_std,"pend_afs_trig_std,pstart_grdf_gauss_std","(36, 109)",2,-0.2649198887196449
E_pfrac_CBM + radius_diff,"E_pfrac_CBM,radius_diff","(0, 120)",2,-0.2650225108207992
kend_degen + pend_afs_bessel_max,"kend_degen,pend_afs_bessel_max","(8, 28)",2,-0.26502258824751224
pmid_grdf_bessel_mean + pmid_grdf_trig_std,"pmid_grdf_bessel_mean,pmid_grdf_trig_std","(80, 87)",2,-0.26505070966940314
bandgap + pline_grdf_trig_mean,"bandgap,pline_grdf_trig_mean","(6, 61)",2,-0.2650624142056756
pline_grdf_bessel_std + pstart_grdf_bessel_mean,"pline_grdf_bessel_std,pstart_grdf_bessel_mean","(56, 105)",2,-0.26513787048216847
ehull + pstart_afs_trig_max,"ehull,pstart_afs_trig_max","(7, 101)",2,-0.2651514105593186
pline_grdf_gauss_std + pmid_n_atoms_on_plane,"pline_grdf_gauss_std,pmid_n_atoms_on_plane","(59, 88)",2,-0.26517820311773577
pline_grdf_trig_std + pstart_plane_mean_mass,"pline_grdf_trig_std,pstart_plane_mean_mass","(62, 118)",2,-0.26521021473127443
pmid_grdf_trig_std + pmid_plane_mean_Z,"pmid_grdf_trig_std,pmid_plane_mean_Z","(87, 92)",2,-0.26538800786396793
pmid_grdf_bessel_max + pstart_grdf_bessel_std,"pmid_grdf_bessel_max,pstart_grdf_bessel_std","(79, 106)",2,-0.2654158014815298
kend_frac_y + pend_grdf_gauss_mean,"kend_frac_y,pend_grdf_gauss_mean","(10, 41)",2,-0.26545138047442063
pmid_afs_bessel_std + radius_diff,"pmid_afs_bessel_std,radius_diff","(72, 120)",2,-0.26555691848800367
ktotal_weight + pmid_grdf_trig_std,"ktotal_weight,pmid_grdf_trig_std","(19, 87)",2,-0.2656139831015317
mean_Z + n_elements,"mean_Z,n_elements","(26, 27)",2,-0.2656872935852241
pend_afs_trig_mean + pstart_afs_bessel_std,"pend_afs_trig_mean,pstart_afs_bessel_std","(35, 97)",2,-0.2658814870011744
pmid_plane_sum_Z4 + pstart_plane_heavy_frac,"pmid_plane_sum_Z4,pstart_plane_heavy_frac","(94, 114)",2,-0.26591072879320465
ktotal_weight + pend_afs_bessel_max,"ktotal_weight,pend_afs_bessel_max","(19, 28)",2,-0.265996114562317
kmid_frac_x + pstart_plane_mean_mass,"kmid_frac_x,pstart_plane_mean_mass","(12, 118)",2,-0.26601947170505047
kpath_angle_deg + pend_plane_sum_Z4,"kpath_angle_deg,pend_plane_sum_Z4","(14, 52)",2,-0.2661790465205608
pstart_afs_bessel_max + pstart_afs_bessel_std,"pstart_afs_bessel_max,pstart_afs_bessel_std","(95, 97)",2,-0.2663121563018241
pend_afs_bessel_std + pmid_afs_bessel_std,"pend_afs_bessel_std,pmid_afs_bessel_std","(30, 72)",2,-0.2663930399385647
X_mean + pline_plane_mean_Z,"X_mean,pline_plane_mean_Z","(4, 67)",2,-0.2664890313317555
pline_plane_sum_Z4 + pstart_grdf_trig_std,"pline_plane_sum_Z4,pstart_grdf_trig_std","(69, 112)",2,-0.2665958833380204
kstart_frac_x + mean_Z,"kstart_frac_x,mean_Z","(17, 26)",2,-0.26671346317755235
pmid_n_atoms_on_plane + pstart_grdf_gauss_std,"pmid_n_atoms_on_plane,pstart_grdf_gauss_std","(88, 109)",2,-0.26684236249580817
pend_grdf_bessel_max + pline_grdf_gauss_max,"pend_grdf_bessel_max,pline_grdf_gauss_max","(37, 57)",2,-0.26686529421752336
E_pfrac_CBM + pstart_afs_gauss_max,"E_pfrac_CBM,pstart_afs_gauss_max","(0, 98)",2,-0.2669052265490157
bandgap + kend_degen,"bandgap,kend_degen","(6, 8)",2,-0.26691642367092666
ehull + pline_grdf_gauss_std,"ehull,pline_grdf_gauss_std","(7, 59)",2,-0.2669433953927284
E_pfrac_CBM + pend_plane_heavy_frac,"E_pfrac_CBM,pend_plane_heavy_frac","(0, 47)",2,-0.26696841082831296
bandgap + pend_afs_trig_mean,"bandgap,pend_afs_trig_mean","(6, 35)",2,-0.2670456648377034
pend_afs_gauss_max + pstart_grdf_gauss_std,"pend_afs_gauss_max,pstart_grdf_gauss_std","(31, 109)",2,-0.2671676119607572
pmid_afs_bessel_std + pmid_plane_mean_mass,"pmid_afs_bessel_std,pmid_plane_mean_mass","(72, 93)",2,-0.26731608820712643
X_diff + pstart_afs_gauss_mean,"X_diff,pstart_afs_gauss_mean","(3, 99)",2,-0.2673467947776048
pend_afs_bessel_max + pend_plane_heavy_frac,"pend_afs_bessel_max,pend_plane_heavy_frac","(28, 47)",2,-0.2673721293340211
pend_afs_gauss_mean + pstart_grdf_trig_std,"pend_afs_gauss_mean,pstart_grdf_trig_std","(32, 112)",2,-0.26738071161048993
pline_plane_heavy_frac + pstart_grdf_bessel_max,"pline_plane_heavy_frac,pstart_grdf_bessel_max","(64, 104)",2,-0.2674147777451
kvec_y + pstart_afs_bessel_mean,"kvec_y,pstart_afs_bessel_mean","(21, 96)",2,-0.2674352542169005
pmid_plane_mean_Z + pstart_plane_heavy_frac,"pmid_plane_mean_Z,pstart_plane_heavy_frac","(92, 114)",2,-0.2674456028375548
kinterior_degen + pend_afs_trig_max,"kinterior_degen,pend_afs_trig_max","(11, 34)",2,-0.2674607805966122
pline_grdf_trig_mean + pstart_grdf_bessel_max,"pline_grdf_trig_mean,pstart_grdf_bessel_max","(61, 104)",2,-0.2674984954720733
pend_grdf_gauss_mean + pstart_afs_trig_max,"pend_grdf_gauss_mean,pstart_afs_trig_max","(41, 101)",2,-0.2676106876479728
pend_afs_bessel_std + pstart_afs_bessel_max,"pend_afs_bessel_std,pstart_afs_bessel_max","(30, 95)",2,-0.2676352834748233
max_mass + pstart_plane_sum_Z4,"max_mass,pstart_plane_sum_Z4","(25, 119)",2,-0.2677840168765627
pstart_plane_max_mass + pstart_plane_sum_Z4,"pstart_plane_max_mass,pstart_plane_sum_Z4","(116, 119)",2,-0.2677840168765627
pend_plane_max_mass + pstart_plane_sum_Z4,"pend_plane_max_mass,pstart_plane_sum_Z4","(49, 119)",2,-0.2677840168765627
pmid_plane_max_mass + pstart_plane_sum_Z4,"pmid_plane_max_mass,pstart_plane_sum_Z4","(91, 119)",2,-0.2677840168765627
pline_grdf_gauss_std + pstart_plane_mean_mass,"pline_grdf_gauss_std,pstart_plane_mean_mass","(59, 118)",2,-0.26780356681528045
pend_afs_bessel_std + pstart_plane_mean_mass,"pend_afs_bessel_std,pstart_plane_mean_mass","(30, 118)",2,-0.26786110716048883
pend_plane_max_Z + pmid_n_atoms_on_plane,"pend_plane_max_Z,pmid_n_atoms_on_plane","(48, 88)",2,-0.2681159076270673
max_Z4 + pmid_n_atoms_on_plane,"max_Z4,pmid_n_atoms_on_plane","(24, 88)",2,-0.2681159076270673
max_Z + pmid_n_atoms_on_plane,"max_Z,pmid_n_atoms_on_plane","(23, 88)",2,-0.2681159076270673
pline_grdf_trig_max + pstart_grdf_trig_std,"pline_grdf_trig_max,pstart_grdf_trig_std","(60, 112)",2,-0.26829225729008277
kinterior_degen + pend_afs_bessel_max,"kinterior_degen,pend_afs_bessel_max","(11, 28)",2,-0.268364897307929
pend_plane_sum_Z4 + pstart_plane_max_mass,"pend_plane_sum_Z4,pstart_plane_max_mass","(52, 116)",2,-0.2683696318019498
pend_plane_sum_Z4 + pmid_plane_max_mass,"pend_plane_sum_Z4,pmid_plane_max_mass","(52, 91)",2,-0.2683696318019498
pline_grdf_bessel_std + pmid_n_atoms_on_plane,"pline_grdf_bessel_std,pmid_n_atoms_on_plane","(56, 88)",2,-0.2684222370493268
ktotal_weight + pend_grdf_bessel_max,"ktotal_weight,pend_grdf_bessel_max","(19, 37)",2,-0.26849526999594475
n_elements + pend_afs_trig_max,"n_elements,pend_afs_trig_max","(27, 34)",2,-0.26862594697719966
X_diff + pstart_grdf_gauss_std,"X_diff,pstart_grdf_gauss_std","(3, 109)",2,-0.26868269046357296
ktotal_weight + pend_n_atoms_on_plane,"ktotal_weight,pend_n_atoms_on_plane","(19, 46)",2,-0.2687822605094765
pmid_grdf_gauss_std + pmid_n_atoms_on_plane,"pmid_grdf_gauss_std,pmid_n_atoms_on_plane","(84, 88)",2,-0.26882431379905836
pline_grdf_bessel_std + pstart_plane_sum_Z4,"pline_grdf_bessel_std,pstart_plane_sum_Z4","(56, 119)",2,-0.2688518943092259
pend_plane_sum_Z4 + pstart_afs_bessel_std,"pend_plane_sum_Z4,pstart_afs_bessel_std","(52, 97)",2,-0.2688942391136072
pline_n_atoms_on_plane + pstart_afs_bessel_std,"pline_n_atoms_on_plane,pstart_afs_bessel_std","(63, 97)",2,-0.26895871796411164
X_mean + bandgap,"X_mean,bandgap","(4, 6)",2,-0.268961462452848
pstart_afs_bessel_max + pstart_grdf_gauss_std,"pstart_afs_bessel_max,pstart_grdf_gauss_std","(95, 109)",2,-0.2689880730221136
pend_plane_sum_Z4 + pstart_grdf_gauss_mean,"pend_plane_sum_Z4,pstart_grdf_gauss_mean","(52, 108)",2,-0.26907657743660324
pstart_afs_gauss_max + pstart_afs_trig_max,"pstart_afs_gauss_max,pstart_afs_trig_max","(98, 101)",2,-0.2691077126681972
kvec_y + pend_grdf_bessel_std,"kvec_y,pend_grdf_bessel_std","(21, 39)",2,-0.26915064591402504
ktotal_weight + pend_grdf_gauss_mean,"ktotal_weight,pend_grdf_gauss_mean","(19, 41)",2,-0.26923721496791153
kinterior_degen + pstart_plane_mean_mass,"kinterior_degen,pstart_plane_mean_mass","(11, 118)",2,-0.26926184851545987
pend_grdf_gauss_max + pend_plane_sum_Z4,"pend_grdf_gauss_max,pend_plane_sum_Z4","(40, 52)",2,-0.26927499257168824
pend_grdf_gauss_max + pmid_afs_bessel_max,"pend_grdf_gauss_max,pmid_afs_bessel_max","(40, 70)",2,-0.2693585674271903
kend_frac_x + pmid_afs_bessel_max,"kend_frac_x,pmid_afs_bessel_max","(9, 70)",2,-0.2693630692711372
X_diff + pline_grdf_gauss_max,"X_diff,pline_grdf_gauss_max","(3, 57)",2,-0.26936741289149096
X_mean + pline_grdf_bessel_std,"X_mean,pline_grdf_bessel_std","(4, 56)",2,-0.2694493386485982
pend_plane_mean_Z + pstart_grdf_trig_std,"pend_plane_mean_Z,pstart_grdf_trig_std","(50, 112)",2,-0.2694982478124334
pline_grdf_trig_mean + pstart_afs_bessel_std,"pline_grdf_trig_mean,pstart_afs_bessel_std","(61, 97)",2,-0.269613828423783
pend_grdf_gauss_max + pend_plane_mean_mass,"pend_grdf_gauss_max,pend_plane_mean_mass","(40, 51)",2,-0.2696341109524565
pstart_afs_trig_mean + pstart_grdf_trig_mean,"pstart_afs_trig_mean,pstart_grdf_trig_mean","(102, 111)",2,-0.26964883355539676
pend_afs_trig_max + pmid_plane_heavy_frac,"pend_afs_trig_max,pmid_plane_heavy_frac","(34, 89)",2,-0.26969184648982975
kend_frac_y + pstart_plane_sum_Z4,"kend_frac_y,pstart_plane_sum_Z4","(10, 119)",2,-0.2697127206572757
ehull + pline_grdf_trig_mean,"ehull,pline_grdf_trig_mean","(7, 61)",2,-0.26971974283468614
X_mean + pline_plane_max_mass,"X_mean,pline_plane_max_mass","(4, 66)",2,-0.26979688174508976
X_mean + kinterior_degen,"X_mean,kinterior_degen","(4, 11)",2,-0.2698247398616875
pmid_grdf_bessel_std + radius_mean,"pmid_grdf_bessel_std,radius_mean","(81, 121)",2,-0.26984342498646025
kmid_frac_y + pend_plane_mean_mass,"kmid_frac_y,pend_plane_mean_mass","(13, 51)",2,-0.26984661529533216
ehull + pend_grdf_trig_std,"ehull,pend_grdf_trig_std","(7, 45)",2,-0.2699143795638214
pend_afs_trig_max + pend_plane_sum_Z4,"pend_afs_trig_max,pend_plane_sum_Z4","(34, 52)",2,-0.26997658023487725
pline_grdf_gauss_mean + pstart_afs_bessel_std,"pline_grdf_gauss_mean,pstart_afs_bessel_std","(58, 97)",2,-0.27004634814486833
mean_Z + pstart_n_atoms_on_plane,"mean_Z,pstart_n_atoms_on_plane","(26, 113)",2,-0.27014902085254394
pline_grdf_gauss_mean + pmid_plane_mean_mass,"pline_grdf_gauss_mean,pmid_plane_mean_mass","(58, 93)",2,-0.2703009950718533
mean_Z + pline_grdf_trig_std,"mean_Z,pline_grdf_trig_std","(26, 62)",2,-0.27031382402626436
band_binary + mean_Z,"band_binary,mean_Z","(5, 26)",2,-0.2703389436382198
kend_degen + kvec_y,"kend_degen,kvec_y","(8, 21)",2,-0.27034779714202595
max_Z4 + mean_Z,"max_Z4,mean_Z","(24, 26)",2,-0.2704165780367069
max_Z + mean_Z,"max_Z,mean_Z","(23, 26)",2,-0.2704165780367069
E_pfrac_CBM + pstart_grdf_bessel_mean,"E_pfrac_CBM,pstart_grdf_bessel_mean","(0, 105)",2,-0.2704991615509672
pend_grdf_bessel_mean + pend_grdf_gauss_std,"pend_grdf_bessel_mean,pend_grdf_gauss_std","(38, 42)",2,-0.27056728224883636
pend_afs_bessel_std + pstart_afs_trig_max,"pend_afs_bessel_std,pstart_afs_trig_max","(30, 101)",2,-0.2705723474032853
ehull + pmid_grdf_trig_std,"ehull,pmid_grdf_trig_std","(7, 87)",2,-0.270766365213206
pmid_plane_mean_Z + pstart_grdf_gauss_std,"pmid_plane_mean_Z,pstart_grdf_gauss_std","(92, 109)",2,-0.27080382200871284
pmid_n_atoms_on_plane + pmid_plane_sum_Z4,"pmid_n_atoms_on_plane,pmid_plane_sum_Z4","(88, 94)",2,-0.27080840668787826
pend_n_atoms_on_plane + pmid_plane_sum_Z4,"pend_n_atoms_on_plane,pmid_plane_sum_Z4","(46, 94)",2,-0.2708127068526602
bandgap + pend_afs_bessel_std,"bandgap,pend_afs_bessel_std","(6, 30)",2,-0.27084910471552287
pmid_plane_heavy_frac + pstart_afs_trig_mean,"pmid_plane_heavy_frac,pstart_afs_trig_mean","(89, 102)",2,-0.2708566728231999
bandgap + pline_plane_max_mass,"bandgap,pline_plane_max_mass","(6, 66)",2,-0.2709200075519429
kend_frac_y + pmid_n_atoms_on_plane,"kend_frac_y,pmid_n_atoms_on_plane","(10, 88)",2,-0.27094907168668725
pend_afs_gauss_max + pstart_afs_bessel_max,"pend_afs_gauss_max,pstart_afs_bessel_max","(31, 95)",2,-0.27096388837529445
pmid_grdf_bessel_mean + pstart_grdf_trig_max,"pmid_grdf_bessel_mean,pstart_grdf_trig_max","(80, 110)",2,-0.2709685891783277
X_mean + pline_plane_max_Z,"X_mean,pline_plane_max_Z","(4, 65)",2,-0.2709989658961376
pline_n_atoms_on_plane + pstart_grdf_trig_std,"pline_n_atoms_on_plane,pstart_grdf_trig_std","(63, 112)",2,-0.271149061214127
pend_afs_bessel_mean + pstart_n_atoms_on_plane,"pend_afs_bessel_mean,pstart_n_atoms_on_plane","(29, 113)",2,-0.27115251482128044
pend_plane_mean_Z + pline_grdf_trig_max,"pend_plane_mean_Z,pline_grdf_trig_max","(50, 60)",2,-0.27117777947241156
E_pfrac_CBM + pmid_grdf_gauss_max,"E_pfrac_CBM,pmid_grdf_gauss_max","(0, 82)",2,-0.27124049227829605
pmid_plane_max_mass + pstart_plane_mean_Z,"pmid_plane_max_mass,pstart_plane_mean_Z","(91, 117)",2,-0.2712500986813537
pstart_plane_max_mass + pstart_plane_mean_Z,"pstart_plane_max_mass,pstart_plane_mean_Z","(116, 117)",2,-0.2712500986813537
pend_plane_max_mass + pstart_plane_mean_Z,"pend_plane_max_mass,pstart_plane_mean_Z","(49, 117)",2,-0.2712500986813537
max_mass + pstart_plane_mean_Z,"max_mass,pstart_plane_mean_Z","(25, 117)",2,-0.2712500986813537
pstart_afs_gauss_max + radius_mean,"pstart_afs_gauss_max,radius_mean","(98, 121)",2,-0.2713370261724335
pmid_afs_bessel_max + pmid_plane_heavy_frac,"pmid_afs_bessel_max,pmid_plane_heavy_frac","(70, 89)",2,-0.27140429454994497
pend_plane_sum_Z4 + pline_grdf_gauss_std,"pend_plane_sum_Z4,pline_grdf_gauss_std","(52, 59)",2,-0.27145273240163154
pstart_n_atoms_on_plane + pstart_plane_max_Z,"pstart_n_atoms_on_plane,pstart_plane_max_Z","(113, 115)",2,-0.2714619162779776
pstart_grdf_bessel_max + pstart_plane_heavy_frac,"pstart_grdf_bessel_max,pstart_plane_heavy_frac","(104, 114)",2,-0.27155561769269276
kvec_z + pstart_n_atoms_on_plane,"kvec_z,pstart_n_atoms_on_plane","(22, 113)",2,-0.2715837684305553
pline_grdf_trig_std + pmid_n_atoms_on_plane,"pline_grdf_trig_std,pmid_n_atoms_on_plane","(62, 88)",2,-0.27158788901958997
pmid_plane_sum_Z4 + pstart_afs_trig_max,"pmid_plane_sum_Z4,pstart_afs_trig_max","(94, 101)",2,-0.27158972257888553
ehull + pend_afs_trig_max,"ehull,pend_afs_trig_max","(7, 34)",2,-0.2715926313944824
kend_frac_y + pmid_afs_trig_max,"kend_frac_y,pmid_afs_trig_max","(10, 76)",2,-0.27164935258883116
kend_frac_y + pend_afs_bessel_max,"kend_frac_y,pend_afs_bessel_max","(10, 28)",2,-0.27167505835988076
pend_afs_gauss_max + pstart_afs_gauss_max,"pend_afs_gauss_max,pstart_afs_gauss_max","(31, 98)",2,-0.27170615683317456
n_elements + pend_grdf_gauss_mean,"n_elements,pend_grdf_gauss_mean","(27, 41)",2,-0.27178055084937325
kpath_angle_deg + pmid_grdf_bessel_max,"kpath_angle_deg,pmid_grdf_bessel_max","(14, 79)",2,-0.27194191413162516
pend_grdf_gauss_max + pstart_plane_mean_mass,"pend_grdf_gauss_max,pstart_plane_mean_mass","(40, 118)",2,-0.2720183146476594
pend_afs_trig_max + pstart_plane_heavy_frac,"pend_afs_trig_max,pstart_plane_heavy_frac","(34, 114)",2,-0.27204714768639093
n_elements + pstart_plane_mean_Z,"n_elements,pstart_plane_mean_Z","(27, 117)",2,-0.2721028414433948
pend_grdf_trig_std + pmid_plane_mean_mass,"pend_grdf_trig_std,pmid_plane_mean_mass","(45, 93)",2,-0.27216246580270065
X_mean + pend_afs_gauss_std,"X_mean,pend_afs_gauss_std","(4, 33)",2,-0.27218972252255
pend_plane_mean_mass + pline_grdf_gauss_std,"pend_plane_mean_mass,pline_grdf_gauss_std","(51, 59)",2,-0.2722119514771345
kend_frac_x + pstart_plane_mean_mass,"kend_frac_x,pstart_plane_mean_mass","(9, 118)",2,-0.2722365695975159
pend_plane_mean_mass + pmid_afs_trig_max,"pend_plane_mean_mass,pmid_afs_trig_max","(51, 76)",2,-0.27228277776331594
mean_Z + pmid_plane_max_mass,"mean_Z,pmid_plane_max_mass","(26, 91)",2,-0.27231294410560747
mean_Z + pstart_plane_max_mass,"mean_Z,pstart_plane_max_mass","(26, 116)",2,-0.27231294410560747
mean_Z + pend_plane_max_mass,"mean_Z,pend_plane_max_mass","(26, 49)",2,-0.27231294410560747
kvec_x + pline_grdf_gauss_mean,"kvec_x,pline_grdf_gauss_mean","(20, 58)",2,-0.2723669963685492
kinterior_degen + pmid_plane_mean_Z,"kinterior_degen,pmid_plane_mean_Z","(11, 92)",2,-0.2724671581494852
kinterior_degen + pend_grdf_gauss_mean,"kinterior_degen,pend_grdf_gauss_mean","(11, 41)",2,-0.2724691956295658
kend_frac_x + pmid_plane_mean_Z,"kend_frac_x,pmid_plane_mean_Z","(9, 92)",2,-0.2725506745256531
pline_grdf_bessel_max + pstart_afs_bessel_std,"pline_grdf_bessel_max,pstart_afs_bessel_std","(54, 97)",2,-0.27261391790760103
kend_frac_y + pend_afs_trig_max,"kend_frac_y,pend_afs_trig_max","(10, 34)",2,-0.27279236427154524
pline_plane_sum_Z4 + pstart_plane_mean_mass,"pline_plane_sum_Z4,pstart_plane_mean_mass","(69, 118)",2,-0.27280377483835533
plane_angle_deg + pmid_plane_mean_mass,"plane_angle_deg,pmid_plane_mean_mass","(53, 93)",2,-0.2729457530944715
kstart_degen + pstart_plane_mean_Z,"kstart_degen,pstart_plane_mean_Z","(16, 117)",2,-0.2731371302217946
pend_afs_trig_max + pmid_afs_gauss_mean,"pend_afs_trig_max,pmid_afs_gauss_mean","(34, 74)",2,-0.2731783953025407
kend_degen + pstart_plane_mean_mass,"kend_degen,pstart_plane_mean_mass","(8, 118)",2,-0.2731984310596087
pend_n_atoms_on_plane + pend_plane_sum_Z4,"pend_n_atoms_on_plane,pend_plane_sum_Z4","(46, 52)",2,-0.2733766342916138
kmid_frac_x + pend_plane_mean_Z,"kmid_frac_x,pend_plane_mean_Z","(12, 50)",2,-0.27338450524211677
pline_n_atoms_on_plane + pmid_n_atoms_on_plane,"pline_n_atoms_on_plane,pmid_n_atoms_on_plane","(63, 88)",2,-0.2734962822761904
bandgap + pline_grdf_trig_std,"bandgap,pline_grdf_trig_std","(6, 62)",2,-0.2735169592157485
pline_grdf_bessel_std + pmid_plane_mean_Z,"pline_grdf_bessel_std,pmid_plane_mean_Z","(56, 92)",2,-0.27359868285585814
mean_Z + pstart_grdf_gauss_max,"mean_Z,pstart_grdf_gauss_max","(26, 107)",2,-0.2736132674884028
ktotal_weight + pend_plane_mean_Z,"ktotal_weight,pend_plane_mean_Z","(19, 50)",2,-0.2736859858796607
kstart_frac_x + pstart_plane_mean_mass,"kstart_frac_x,pstart_plane_mean_mass","(17, 118)",2,-0.27370758329525335
pstart_afs_trig_mean + sum_Z4,"pstart_afs_trig_mean,sum_Z4","(102, 122)",2,-0.2737533246908023
X_diff + pend_grdf_trig_std,"X_diff,pend_grdf_trig_std","(3, 45)",2,-0.27377904483896887
kinterior_degen + pstart_grdf_bessel_max,"kinterior_degen,pstart_grdf_bessel_max","(11, 104)",2,-0.2738814457707564
n_elements + pstart_plane_mean_mass,"n_elements,pstart_plane_mean_mass","(27, 118)",2,-0.27392230000544215
kend_frac_x + radius_mean,"kend_frac_x,radius_mean","(9, 121)",2,-0.2739360789840154
pend_n_atoms_on_plane + pstart_afs_bessel_max,"pend_n_atoms_on_plane,pstart_afs_bessel_max","(46, 95)",2,-0.2739796299556989
pmid_plane_heavy_frac + pstart_plane_mean_mass,"pmid_plane_heavy_frac,pstart_plane_mean_mass","(89, 118)",2,-0.2740181752295124
kstart_frac_x + pstart_plane_mean_Z,"kstart_frac_x,pstart_plane_mean_Z","(17, 117)",2,-0.27404992328712735
pline_grdf_gauss_mean + pmid_plane_mean_Z,"pline_grdf_gauss_mean,pmid_plane_mean_Z","(58, 92)",2,-0.2741169356873932
pend_grdf_gauss_max + pmid_plane_mean_mass,"pend_grdf_gauss_max,pmid_plane_mean_mass","(40, 93)",2,-0.2741321952742683
plane_angle_deg + pmid_plane_mean_Z,"plane_angle_deg,pmid_plane_mean_Z","(53, 92)",2,-0.2742413549130152
pend_plane_heavy_frac + pstart_plane_mean_mass,"pend_plane_heavy_frac,pstart_plane_mean_mass","(47, 118)",2,-0.2742777686208901
pend_afs_trig_max + pmid_afs_trig_mean,"pend_afs_trig_max,pmid_afs_trig_mean","(34, 77)",2,-0.27429394359436793
kend_degen + pmid_afs_trig_max,"kend_degen,pmid_afs_trig_max","(8, 76)",2,-0.27438011191468303
kpath_angle_deg + pmid_plane_sum_Z4,"kpath_angle_deg,pmid_plane_sum_Z4","(14, 94)",2,-0.2745038603097097
pend_grdf_bessel_mean + pstart_grdf_trig_mean,"pend_grdf_bessel_mean,pstart_grdf_trig_mean","(38, 111)",2,-0.2745048143322232
pend_grdf_bessel_std + pmid_n_atoms_on_plane,"pend_grdf_bessel_std,pmid_n_atoms_on_plane","(39, 88)",2,-0.2745284389455268
ehull + kvec_x,"ehull,kvec_x","(7, 20)",2,-0.2746596951707906
pend_afs_gauss_max + radius_mean,"pend_afs_gauss_max,radius_mean","(31, 121)",2,-0.2746922091827633
ktotal_weight + pmid_afs_trig_max,"ktotal_weight,pmid_afs_trig_max","(19, 76)",2,-0.2747359403478133
ehull + pline_grdf_gauss_max,"ehull,pline_grdf_gauss_max","(7, 57)",2,-0.274797008323891
band_binary + pend_plane_mean_mass,"band_binary,pend_plane_mean_mass","(5, 51)",2,-0.2749359447399882
pend_plane_mean_mass + pmid_afs_bessel_std,"pend_plane_mean_mass,pmid_afs_bessel_std","(51, 72)",2,-0.2749463366135532
kstart_frac_y + pstart_plane_mean_mass,"kstart_frac_y,pstart_plane_mean_mass","(18, 118)",2,-0.2749562213043185
kpath_real_distance + pend_grdf_gauss_mean,"kpath_real_distance,pend_grdf_gauss_mean","(15, 41)",2,-0.2750363271994477
pline_grdf_trig_max + pstart_grdf_bessel_max,"pline_grdf_trig_max,pstart_grdf_bessel_max","(60, 104)",2,-0.27504806222762973
E_pfrac_CBM + pmid_plane_mean_Z,"E_pfrac_CBM,pmid_plane_mean_Z","(0, 92)",2,-0.27515753326654097
pline_grdf_bessel_std + pmid_plane_sum_Z4,"pline_grdf_bessel_std,pmid_plane_sum_Z4","(56, 94)",2,-0.2751879122919444
max_mass + pstart_afs_bessel_std,"max_mass,pstart_afs_bessel_std","(25, 97)",2,-0.27524098166458205
pend_plane_max_mass + pstart_afs_bessel_std,"pend_plane_max_mass,pstart_afs_bessel_std","(49, 97)",2,-0.27524098166458205
pmid_plane_max_mass + pstart_afs_bessel_std,"pmid_plane_max_mass,pstart_afs_bessel_std","(91, 97)",2,-0.27524098166458205
kvec_z + pend_plane_mean_Z,"kvec_z,pend_plane_mean_Z","(22, 50)",2,-0.2752484320417918
ehull + pend_plane_heavy_frac,"ehull,pend_plane_heavy_frac","(7, 47)",2,-0.27536194485279786
ktotal_weight + pmid_plane_mean_mass,"ktotal_weight,pmid_plane_mean_mass","(19, 93)",2,-0.2753845360552871
band_binary + pend_afs_bessel_max,"band_binary,pend_afs_bessel_max","(5, 28)",2,-0.2755894397488401
pend_plane_sum_Z4 + pline_plane_mean_Z,"pend_plane_sum_Z4,pline_plane_mean_Z","(52, 67)",2,-0.2756500605851008
X_diff + pstart_afs_gauss_max,"X_diff,pstart_afs_gauss_max","(3, 98)",2,-0.2756961307879751
pend_plane_mean_mass + plane_angle_deg,"pend_plane_mean_mass,plane_angle_deg","(51, 53)",2,-0.27570156992191064
X_mean + pstart_plane_heavy_frac,"X_mean,pstart_plane_heavy_frac","(4, 114)",2,-0.27572386583784353
pstart_grdf_bessel_std + pstart_grdf_trig_std,"pstart_grdf_bessel_std,pstart_grdf_trig_std","(106, 112)",2,-0.2757657341053491
pend_plane_max_mass + pmid_afs_bessel_std,"pend_plane_max_mass,pmid_afs_bessel_std","(49, 72)",2,-0.27581174055080104
max_mass + pmid_afs_bessel_std,"max_mass,pmid_afs_bessel_std","(25, 72)",2,-0.27581174055080104
bandgap + pline_n_atoms_on_plane,"bandgap,pline_n_atoms_on_plane","(6, 63)",2,-0.2758138949905488
bandgap + pmid_grdf_gauss_mean,"bandgap,pmid_grdf_gauss_mean","(6, 83)",2,-0.2758160804289947
kstart_degen + pstart_plane_mean_mass,"kstart_degen,pstart_plane_mean_mass","(16, 118)",2,-0.27595898861823376
pend_afs_gauss_max + pmid_afs_gauss_max,"pend_afs_gauss_max,pmid_afs_gauss_max","(31, 73)",2,-0.2760403382034891
pstart_afs_trig_max + pstart_plane_mean_mass,"pstart_afs_trig_max,pstart_plane_mean_mass","(101, 118)",2,-0.27606867619053393
pline_grdf_gauss_std + pstart_grdf_bessel_mean,"pline_grdf_gauss_std,pstart_grdf_bessel_mean","(59, 105)",2,-0.2761169125355035
pend_afs_bessel_max + pstart_grdf_gauss_std,"pend_afs_bessel_max,pstart_grdf_gauss_std","(28, 109)",2,-0.27619622751557804
kend_degen + pend_plane_mean_mass,"kend_degen,pend_plane_mean_mass","(8, 51)",2,-0.27622481176713665
kvec_x + pstart_afs_trig_max,"kvec_x,pstart_afs_trig_max","(20, 101)",2,-0.27626754481713506
pmid_plane_mean_mass + pstart_plane_max_mass,"pmid_plane_mean_mass,pstart_plane_max_mass","(93, 116)",2,-0.27626771480580287
pstart_n_atoms_on_plane + pstart_plane_max_mass,"pstart_n_atoms_on_plane,pstart_plane_max_mass","(113, 116)",2,-0.2763310122606043
pmid_afs_bessel_std + pstart_afs_bessel_max,"pmid_afs_bessel_std,pstart_afs_bessel_max","(72, 95)",2,-0.2763701652892544
mean_Z + pstart_plane_mean_Z,"mean_Z,pstart_plane_mean_Z","(26, 117)",2,-0.27641562194591407
kend_frac_x + pmid_plane_mean_mass,"kend_frac_x,pmid_plane_mean_mass","(9, 93)",2,-0.27678886482305026
E_pfrac_VBM + pmid_grdf_bessel_mean,"E_pfrac_VBM,pmid_grdf_bessel_mean","(1, 80)",2,-0.2771040833868558
pend_afs_trig_max + pmid_plane_sum_Z4,"pend_afs_trig_max,pmid_plane_sum_Z4","(34, 94)",2,-0.27710680995312587
kinterior_degen + pstart_grdf_trig_std,"kinterior_degen,pstart_grdf_trig_std","(11, 112)",2,-0.2771330462504339
kinterior_degen + pend_plane_mean_Z,"kinterior_degen,pend_plane_mean_Z","(11, 50)",2,-0.2771945653877393
pend_plane_mean_Z + pstart_grdf_gauss_mean,"pend_plane_mean_Z,pstart_grdf_gauss_mean","(50, 108)",2,-0.27723208190947257
pend_plane_sum_Z4 + pstart_afs_trig_max,"pend_plane_sum_Z4,pstart_afs_trig_max","(52, 101)",2,-0.27725867541672383
bandgap + kpath_real_distance,"bandgap,kpath_real_distance","(6, 15)",2,-0.277272770195859
pend_plane_sum_Z4 + pline_grdf_bessel_std,"pend_plane_sum_Z4,pline_grdf_bessel_std","(52, 56)",2,-0.27728531005660145
kvec_y + radius_mean,"kvec_y,radius_mean","(21, 121)",2,-0.277290204775669
pmid_grdf_gauss_mean + pstart_plane_mean_Z,"pmid_grdf_gauss_mean,pstart_plane_mean_Z","(83, 117)",2,-0.27729437820791836
pend_grdf_gauss_mean + pmid_plane_max_Z,"pend_grdf_gauss_mean,pmid_plane_max_Z","(41, 90)",2,-0.27730601544492683
pend_grdf_gauss_mean + pend_plane_max_Z,"pend_grdf_gauss_mean,pend_plane_max_Z","(41, 48)",2,-0.27730601544492683
pend_grdf_gauss_mean + pstart_plane_max_Z,"pend_grdf_gauss_mean,pstart_plane_max_Z","(41, 115)",2,-0.27730601544492683
X_diff + pstart_afs_bessel_max,"X_diff,pstart_afs_bessel_max","(3, 95)",2,-0.27736248091373805
X_mean + pline_grdf_gauss_max,"X_mean,pline_grdf_gauss_max","(4, 57)",2,-0.27745294701191925
pmid_afs_bessel_std + pmid_grdf_bessel_max,"pmid_afs_bessel_std,pmid_grdf_bessel_max","(72, 79)",2,-0.2774863107288863
band_binary + pmid_plane_mean_mass,"band_binary,pmid_plane_mean_mass","(5, 93)",2,-0.27755215586855725
pmid_grdf_gauss_mean + pstart_grdf_trig_std,"pmid_grdf_gauss_mean,pstart_grdf_trig_std","(83, 112)",2,-0.2776304268360251
pend_afs_trig_std + pstart_afs_bessel_std,"pend_afs_trig_std,pstart_afs_bessel_std","(36, 97)",2,-0.2777941446727808
kmid_frac_x + pstart_afs_bessel_max,"kmid_frac_x,pstart_afs_bessel_max","(12, 95)",2,-0.27780381466915605
ktotal_weight + pend_plane_mean_mass,"ktotal_weight,pend_plane_mean_mass","(19, 51)",2,-0.27790146516863523
pend_plane_mean_mass + pstart_grdf_gauss_mean,"pend_plane_mean_mass,pstart_grdf_gauss_mean","(51, 108)",2,-0.27800089952869766
pend_plane_mean_mass + pstart_afs_trig_max,"pend_plane_mean_mass,pstart_afs_trig_max","(51, 101)",2,-0.2782312477476438
pstart_afs_bessel_max + sum_Z4,"pstart_afs_bessel_max,sum_Z4","(95, 122)",2,-0.2782556937733432
pline_grdf_bessel_mean + pstart_grdf_trig_std,"pline_grdf_bessel_mean,pstart_grdf_trig_std","(55, 112)",2,-0.27829127784782676
pend_plane_mean_mass + pline_plane_mean_Z,"pend_plane_mean_mass,pline_plane_mean_Z","(51, 67)",2,-0.2782938543302526
kvec_y + pend_grdf_gauss_max,"kvec_y,pend_grdf_gauss_max","(21, 40)",2,-0.27833478392256883
pmid_plane_sum_Z4 + pstart_grdf_gauss_mean,"pmid_plane_sum_Z4,pstart_grdf_gauss_mean","(94, 108)",2,-0.27844508357102365
pstart_grdf_bessel_mean + pstart_grdf_gauss_std,"pstart_grdf_bessel_mean,pstart_grdf_gauss_std","(105, 109)",2,-0.2785161425791033
pend_plane_sum_Z4 + pmid_afs_trig_max,"pend_plane_sum_Z4,pmid_afs_trig_max","(52, 76)",2,-0.27852966280147606
pmid_plane_mean_mass + pstart_afs_bessel_std,"pmid_plane_mean_mass,pstart_afs_bessel_std","(93, 97)",2,-0.27854092048155166
pend_grdf_gauss_mean + pline_plane_mean_Z,"pend_grdf_gauss_mean,pline_plane_mean_Z","(41, 67)",2,-0.278550793643362
pstart_grdf_trig_std + pstart_plane_mean_Z,"pstart_grdf_trig_std,pstart_plane_mean_Z","(112, 117)",2,-0.27857664035787405
pmid_afs_gauss_max + pstart_afs_bessel_max,"pmid_afs_gauss_max,pstart_afs_bessel_max","(73, 95)",2,-0.27876027470855974
kvec_x + pend_afs_bessel_max,"kvec_x,pend_afs_bessel_max","(20, 28)",2,-0.2788526741960652
pend_plane_sum_Z4 + pline_plane_heavy_frac,"pend_plane_sum_Z4,pline_plane_heavy_frac","(52, 64)",2,-0.27885981055824005
kend_frac_x + pend_plane_mean_mass,"kend_frac_x,pend_plane_mean_mass","(9, 51)",2,-0.2788765765892829
kvec_z + pstart_plane_sum_Z4,"kvec_z,pstart_plane_sum_Z4","(22, 119)",2,-0.2789160134997368
plane_angle_deg + pmid_n_atoms_on_plane,"plane_angle_deg,pmid_n_atoms_on_plane","(53, 88)",2,-0.27893914618709587
pend_grdf_bessel_max + pline_grdf_trig_max,"pend_grdf_bessel_max,pline_grdf_trig_max","(37, 60)",2,-0.2789681465799903
kmid_frac_y + pmid_plane_mean_Z,"kmid_frac_y,pmid_plane_mean_Z","(13, 92)",2,-0.27920739183704363
pmid_grdf_trig_std + pstart_afs_bessel_max,"pmid_grdf_trig_std,pstart_afs_bessel_max","(87, 95)",2,-0.27935513592720806
kmid_frac_y + pend_afs_trig_max,"kmid_frac_y,pend_afs_trig_max","(13, 34)",2,-0.27951903163518044
pend_grdf_bessel_max + pline_grdf_trig_mean,"pend_grdf_bessel_max,pline_grdf_trig_mean","(37, 61)",2,-0.2795709252697246
pend_grdf_bessel_max + pmid_afs_bessel_std,"pend_grdf_bessel_max,pmid_afs_bessel_std","(37, 72)",2,-0.27974084894826123
pline_plane_sum_Z4 + pmid_n_atoms_on_plane,"pline_plane_sum_Z4,pmid_n_atoms_on_plane","(69, 88)",2,-0.27982872256816654
X_diff + kpath_real_distance,"X_diff,kpath_real_distance","(3, 15)",2,-0.2798486157016481
kstart_frac_y + mean_Z,"kstart_frac_y,mean_Z","(18, 26)",2,-0.27988428629421735
pend_grdf_gauss_std + pmid_n_atoms_on_plane,"pend_grdf_gauss_std,pmid_n_atoms_on_plane","(42, 88)",2,-0.2799966415201334
pend_grdf_bessel_mean + pend_grdf_bessel_std,"pend_grdf_bessel_mean,pend_grdf_bessel_std","(38, 39)",2,-0.2801905285015378
kmid_frac_x + pmid_plane_mean_mass,"kmid_frac_x,pmid_plane_mean_mass","(12, 93)",2,-0.28020067272078963
pline_grdf_gauss_mean + pmid_n_atoms_on_plane,"pline_grdf_gauss_mean,pmid_n_atoms_on_plane","(58, 88)",2,-0.28027986230746826
kstart_frac_y + pstart_plane_mean_Z,"kstart_frac_y,pstart_plane_mean_Z","(18, 117)",2,-0.2803674164481735
pend_grdf_gauss_mean + pstart_grdf_gauss_max,"pend_grdf_gauss_mean,pstart_grdf_gauss_max","(41, 107)",2,-0.2805655899432815
pend_grdf_gauss_mean + sum_Z4,"pend_grdf_gauss_mean,sum_Z4","(41, 122)",2,-0.28058939262856797
pend_plane_mean_Z + pline_grdf_trig_mean,"pend_plane_mean_Z,pline_grdf_trig_mean","(50, 61)",2,-0.28059245985859194
pend_grdf_gauss_mean + pline_n_atoms_on_plane,"pend_grdf_gauss_mean,pline_n_atoms_on_plane","(41, 63)",2,-0.2806430546989972
pline_plane_max_mass + pstart_plane_sum_Z4,"pline_plane_max_mass,pstart_plane_sum_Z4","(66, 119)",2,-0.28066152347133355
pend_plane_mean_Z + pline_plane_heavy_frac,"pend_plane_mean_Z,pline_plane_heavy_frac","(50, 64)",2,-0.28070823311547494
pend_plane_mean_Z + pstart_grdf_bessel_std,"pend_plane_mean_Z,pstart_grdf_bessel_std","(50, 106)",2,-0.2807538132412021
kvec_x + pmid_n_atoms_on_plane,"kvec_x,pmid_n_atoms_on_plane","(20, 88)",2,-0.28078013710754013
X_diff + pstart_grdf_bessel_std,"X_diff,pstart_grdf_bessel_std","(3, 106)",2,-0.28085123599246387
X_mean + pend_grdf_trig_std,"X_mean,pend_grdf_trig_std","(4, 45)",2,-0.2808618919182246
pend_plane_mean_Z + pline_n_atoms_on_plane,"pend_plane_mean_Z,pline_n_atoms_on_plane","(50, 63)",2,-0.28089606262899575
pend_grdf_bessel_std + pstart_afs_trig_mean,"pend_grdf_bessel_std,pstart_afs_trig_mean","(39, 102)",2,-0.28096302190183664
pmid_plane_mean_Z + pstart_grdf_trig_std,"pmid_plane_mean_Z,pstart_grdf_trig_std","(92, 112)",2,-0.2810002037882161
mean_Z + pline_grdf_gauss_mean,"mean_Z,pline_grdf_gauss_mean","(26, 58)",2,-0.2810747802005687
pend_afs_bessel_max + pstart_afs_gauss_max,"pend_afs_bessel_max,pstart_afs_gauss_max","(28, 98)",2,-0.2810775865136598
pend_n_atoms_on_plane + pstart_afs_trig_mean,"pend_n_atoms_on_plane,pstart_afs_trig_mean","(46, 102)",2,-0.2811860570595835
pline_grdf_bessel_mean + pmid_n_atoms_on_plane,"pline_grdf_bessel_mean,pmid_n_atoms_on_plane","(55, 88)",2,-0.28119427980188105
pend_afs_bessel_mean + pstart_afs_trig_mean,"pend_afs_bessel_mean,pstart_afs_trig_mean","(29, 102)",2,-0.28119589426943975
pend_afs_gauss_max + pend_plane_mean_Z,"pend_afs_gauss_max,pend_plane_mean_Z","(31, 50)",2,-0.2812242785005761
kend_frac_x + pstart_n_atoms_on_plane,"kend_frac_x,pstart_n_atoms_on_plane","(9, 113)",2,-0.28130741855088626
pmid_afs_bessel_max + pstart_afs_trig_max,"pmid_afs_bessel_max,pstart_afs_trig_max","(70, 101)",2,-0.2813524048641327
pmid_n_atoms_on_plane + pmid_plane_mean_mass,"pmid_n_atoms_on_plane,pmid_plane_mean_mass","(88, 93)",2,-0.28135390177658826
pend_grdf_bessel_max + pend_grdf_gauss_max,"pend_grdf_bessel_max,pend_grdf_gauss_max","(37, 40)",2,-0.28138654438951727
pmid_afs_bessel_max + pmid_afs_gauss_mean,"pmid_afs_bessel_max,pmid_afs_gauss_mean","(70, 74)",2,-0.2814710180477031
max_mass + pmid_n_atoms_on_plane,"max_mass,pmid_n_atoms_on_plane","(25, 88)",2,-0.28148792939687983
pend_plane_max_mass + pmid_n_atoms_on_plane,"pend_plane_max_mass,pmid_n_atoms_on_plane","(49, 88)",2,-0.28148792939687983
pend_plane_sum_Z4 + pstart_grdf_trig_std,"pend_plane_sum_Z4,pstart_grdf_trig_std","(52, 112)",2,-0.2816433458303157
pmid_n_atoms_on_plane + pstart_plane_mean_Z,"pmid_n_atoms_on_plane,pstart_plane_mean_Z","(88, 117)",2,-0.2816718852763983
kmid_frac_y + pstart_grdf_bessel_max,"kmid_frac_y,pstart_grdf_bessel_max","(13, 104)",2,-0.2816987164534882
pline_plane_max_mass + pmid_plane_mean_mass,"pline_plane_max_mass,pmid_plane_mean_mass","(66, 93)",2,-0.28176052130609675
pmid_afs_trig_max + pstart_grdf_gauss_std,"pmid_afs_trig_max,pstart_grdf_gauss_std","(76, 109)",2,-0.28180690971498773
pstart_grdf_gauss_mean + pstart_grdf_gauss_std,"pstart_grdf_gauss_mean,pstart_grdf_gauss_std","(108, 109)",2,-0.2818761427619047
kvec_y + pstart_plane_heavy_frac,"kvec_y,pstart_plane_heavy_frac","(21, 114)",2,-0.2819816013842004
pend_afs_gauss_std + pmid_afs_gauss_std,"pend_afs_gauss_std,pmid_afs_gauss_std","(33, 75)",2,-0.28198560158705466
pmid_n_atoms_on_plane + sum_Z4,"pmid_n_atoms_on_plane,sum_Z4","(88, 122)",2,-0.28218709207581094
pend_grdf_trig_std + pstart_plane_mean_mass,"pend_grdf_trig_std,pstart_plane_mean_mass","(45, 118)",2,-0.2821892379045138
pmid_afs_trig_std + pstart_grdf_gauss_std,"pmid_afs_trig_std,pstart_grdf_gauss_std","(78, 109)",2,-0.2822464832956685
pmid_plane_mean_Z + pstart_grdf_bessel_std,"pmid_plane_mean_Z,pstart_grdf_bessel_std","(92, 106)",2,-0.2822509147865821
pline_plane_mean_Z + pstart_plane_sum_Z4,"pline_plane_mean_Z,pstart_plane_sum_Z4","(67, 119)",2,-0.2823466761741644
pline_grdf_bessel_max + pmid_n_atoms_on_plane,"pline_grdf_bessel_max,pmid_n_atoms_on_plane","(54, 88)",2,-0.282360587000284
n_elements + pmid_n_atoms_on_plane,"n_elements,pmid_n_atoms_on_plane","(27, 88)",2,-0.282448303520772
X_mean + pstart_grdf_gauss_std,"X_mean,pstart_grdf_gauss_std","(4, 109)",2,-0.28265981813048374
pmid_afs_bessel_std + pstart_grdf_bessel_max,"pmid_afs_bessel_std,pstart_grdf_bessel_max","(72, 104)",2,-0.2827275524204938
max_mass + pstart_grdf_trig_std,"max_mass,pstart_grdf_trig_std","(25, 112)",2,-0.2827383354525369
pend_plane_max_mass + pstart_grdf_trig_std,"pend_plane_max_mass,pstart_grdf_trig_std","(49, 112)",2,-0.2827383354525369
pmid_plane_max_mass + pstart_grdf_trig_std,"pmid_plane_max_mass,pstart_grdf_trig_std","(91, 112)",2,-0.2827383354525369
pline_grdf_gauss_std + pstart_plane_sum_Z4,"pline_grdf_gauss_std,pstart_plane_sum_Z4","(59, 119)",2,-0.28274397796743383
pend_plane_mean_mass + pline_grdf_trig_std,"pend_plane_mean_mass,pline_grdf_trig_std","(51, 62)",2,-0.28277386724113773
pend_afs_bessel_max + pmid_plane_heavy_frac,"pend_afs_bessel_max,pmid_plane_heavy_frac","(28, 89)",2,-0.2829149914874284
pstart_grdf_gauss_std + pstart_plane_sum_Z4,"pstart_grdf_gauss_std,pstart_plane_sum_Z4","(109, 119)",2,-0.28295015049602235
kstart_frac_y + pmid_n_atoms_on_plane,"kstart_frac_y,pmid_n_atoms_on_plane","(18, 88)",2,-0.28296596272330177
pend_grdf_bessel_max + pmid_plane_heavy_frac,"pend_grdf_bessel_max,pmid_plane_heavy_frac","(37, 89)",2,-0.2830816392225903
pend_afs_trig_mean + pstart_afs_trig_max,"pend_afs_trig_mean,pstart_afs_trig_max","(35, 101)",2,-0.2830823985931096
kstart_frac_x + pmid_n_atoms_on_plane,"kstart_frac_x,pmid_n_atoms_on_plane","(17, 88)",2,-0.283200451024863
pmid_afs_trig_max + pstart_grdf_bessel_mean,"pmid_afs_trig_max,pstart_grdf_bessel_mean","(76, 105)",2,-0.283368112599874
pstart_afs_trig_max + pstart_afs_trig_std,"pstart_afs_trig_max,pstart_afs_trig_std","(101, 103)",2,-0.28372116275310066
pline_plane_heavy_frac + pstart_grdf_bessel_mean,"pline_plane_heavy_frac,pstart_grdf_bessel_mean","(64, 105)",2,-0.28376832951261965
pend_afs_gauss_std + pstart_afs_trig_mean,"pend_afs_gauss_std,pstart_afs_trig_mean","(33, 102)",2,-0.28379335670333267
pstart_afs_trig_mean + pstart_grdf_gauss_std,"pstart_afs_trig_mean,pstart_grdf_gauss_std","(102, 109)",2,-0.28381348740205803
kend_frac_y + pmid_plane_sum_Z4,"kend_frac_y,pmid_plane_sum_Z4","(10, 94)",2,-0.2838561194315877
E_pfrac_CBM + pstart_afs_trig_mean,"E_pfrac_CBM,pstart_afs_trig_mean","(0, 102)",2,-0.2839444175803741
bandgap + pline_grdf_bessel_mean,"bandgap,pline_grdf_bessel_mean","(6, 55)",2,-0.28396772598089604
n_elements + pstart_afs_bessel_std,"n_elements,pstart_afs_bessel_std","(27, 97)",2,-0.2839898769346535
pstart_afs_gauss_mean + pstart_grdf_trig_std,"pstart_afs_gauss_mean,pstart_grdf_trig_std","(99, 112)",2,-0.2841226786089095
kpath_real_distance + pend_n_atoms_on_plane,"kpath_real_distance,pend_n_atoms_on_plane","(15, 46)",2,-0.2841408512092277
pend_plane_mean_mass + pline_plane_max_mass,"pend_plane_mean_mass,pline_plane_max_mass","(51, 66)",2,-0.2841888819003827
bandgap + kmid_frac_y,"bandgap,kmid_frac_y","(6, 13)",2,-0.284250974214777
E_pfrac_CBM + pstart_grdf_gauss_std,"E_pfrac_CBM,pstart_grdf_gauss_std","(0, 109)",2,-0.2842899249650884
pend_grdf_gauss_mean + pline_plane_heavy_frac,"pend_grdf_gauss_mean,pline_plane_heavy_frac","(41, 64)",2,-0.28440190884699923
kend_degen + pmid_afs_bessel_max,"kend_degen,pmid_afs_bessel_max","(8, 70)",2,-0.28450067215266966
pstart_grdf_bessel_mean + pstart_plane_heavy_frac,"pstart_grdf_bessel_mean,pstart_plane_heavy_frac","(105, 114)",2,-0.28462120958986936
kmid_frac_x + pmid_afs_bessel_max,"kmid_frac_x,pmid_afs_bessel_max","(12, 70)",2,-0.28475791798623645
E_pfrac_CBM + pmid_afs_gauss_max,"E_pfrac_CBM,pmid_afs_gauss_max","(0, 73)",2,-0.28479244626428396
pline_grdf_gauss_mean + pstart_plane_mean_mass,"pline_grdf_gauss_mean,pstart_plane_mean_mass","(58, 118)",2,-0.28483536859936087
pend_grdf_gauss_max + pmid_plane_mean_Z,"pend_grdf_gauss_max,pmid_plane_mean_Z","(40, 92)",2,-0.2848452482882505
pend_afs_bessel_max + pmid_afs_trig_std,"pend_afs_bessel_max,pmid_afs_trig_std","(28, 78)",2,-0.2849163381959718
pend_afs_bessel_max + pmid_afs_trig_max,"pend_afs_bessel_max,pmid_afs_trig_max","(28, 76)",2,-0.2849471999199858
kend_degen + pend_afs_trig_max,"kend_degen,pend_afs_trig_max","(8, 34)",2,-0.2850045746384369
pend_plane_sum_Z4 + pline_plane_mean_mass,"pend_plane_sum_Z4,pline_plane_mean_mass","(52, 68)",2,-0.2850906341115526
pend_afs_bessel_max + pend_grdf_gauss_std,"pend_afs_bessel_max,pend_grdf_gauss_std","(28, 42)",2,-0.28515069387174236
ehull + pstart_plane_sum_Z4,"ehull,pstart_plane_sum_Z4","(7, 119)",2,-0.28520355451421736
mean_Z + sum_Z4,"mean_Z,sum_Z4","(26, 122)",2,-0.2853926204071553
ktotal_weight + pstart_grdf_trig_std,"ktotal_weight,pstart_grdf_trig_std","(19, 112)",2,-0.2854840259630443
bandgap + kmid_frac_x,"bandgap,kmid_frac_x","(6, 12)",2,-0.2854904803499053
kinterior_degen + kvec_y,"kinterior_degen,kvec_y","(11, 21)",2,-0.2855217332570132
max_mass + mean_Z,"max_mass,mean_Z","(25, 26)",2,-0.28556202973422384
kpath_real_distance + radius_diff,"kpath_real_distance,radius_diff","(15, 120)",2,-0.28562692197398254
pline_plane_max_Z + pmid_plane_mean_mass,"pline_plane_max_Z,pmid_plane_mean_mass","(65, 93)",2,-0.2856344877871858
pmid_plane_mean_mass + pstart_afs_trig_max,"pmid_plane_mean_mass,pstart_afs_trig_max","(93, 101)",2,-0.2857022683161071
X_mean + pline_grdf_gauss_std,"X_mean,pline_grdf_gauss_std","(4, 59)",2,-0.2857819850674259
kinterior_degen + pmid_plane_mean_mass,"kinterior_degen,pmid_plane_mean_mass","(11, 93)",2,-0.28579230307548814
pend_plane_heavy_frac + pstart_afs_trig_mean,"pend_plane_heavy_frac,pstart_afs_trig_mean","(47, 102)",2,-0.28585206815827446
pmid_plane_mean_mass + pstart_plane_max_Z,"pmid_plane_mean_mass,pstart_plane_max_Z","(93, 115)",2,-0.2860345776792149
pline_n_atoms_on_plane + pstart_grdf_bessel_max,"pline_n_atoms_on_plane,pstart_grdf_bessel_max","(63, 104)",2,-0.28617445631413674
kstart_degen + pmid_n_atoms_on_plane,"kstart_degen,pmid_n_atoms_on_plane","(16, 88)",2,-0.2863351336278666
pend_afs_gauss_max + pend_grdf_bessel_max,"pend_afs_gauss_max,pend_grdf_bessel_max","(31, 37)",2,-0.28634895215835815
pline_grdf_gauss_std + pmid_plane_sum_Z4,"pline_grdf_gauss_std,pmid_plane_sum_Z4","(59, 94)",2,-0.2863987827822871
kvec_z + pstart_grdf_bessel_max,"kvec_z,pstart_grdf_bessel_max","(22, 104)",2,-0.28654870974246976
pmid_afs_trig_std + pstart_afs_bessel_std,"pmid_afs_trig_std,pstart_afs_bessel_std","(78, 97)",2,-0.2866417172076151
kend_degen + pstart_plane_sum_Z4,"kend_degen,pstart_plane_sum_Z4","(8, 119)",2,-0.28664541443714986
pline_grdf_bessel_mean + pstart_plane_mean_Z,"pline_grdf_bessel_mean,pstart_plane_mean_Z","(55, 117)",2,-0.2866640476189354
kend_frac_y + pstart_n_atoms_on_plane,"kend_frac_y,pstart_n_atoms_on_plane","(10, 113)",2,-0.28667486061070313
pline_grdf_gauss_std + pmid_plane_mean_Z,"pline_grdf_gauss_std,pmid_plane_mean_Z","(59, 92)",2,-0.2866848928432263
ktotal_weight + pstart_grdf_bessel_max,"ktotal_weight,pstart_grdf_bessel_max","(19, 104)",2,-0.286691344526679
pend_plane_mean_mass + pline_grdf_gauss_mean,"pend_plane_mean_mass,pline_grdf_gauss_mean","(51, 58)",2,-0.28680526699814396
kinterior_degen + pend_plane_mean_mass,"kinterior_degen,pend_plane_mean_mass","(11, 51)",2,-0.2868520182386408
pline_grdf_bessel_mean + pstart_afs_bessel_std,"pline_grdf_bessel_mean,pstart_afs_bessel_std","(55, 97)",2,-0.2868789839274975
pend_grdf_bessel_max + pline_plane_heavy_frac,"pend_grdf_bessel_max,pline_plane_heavy_frac","(37, 64)",2,-0.28696795541322456
pend_plane_max_mass + pend_plane_sum_Z4,"pend_plane_max_mass,pend_plane_sum_Z4","(49, 52)",2,-0.2870496826621931
max_mass + pend_plane_sum_Z4,"max_mass,pend_plane_sum_Z4","(25, 52)",2,-0.2870496826621931
kinterior_degen + pmid_afs_trig_max,"kinterior_degen,pmid_afs_trig_max","(11, 76)",2,-0.28706112194366984
pline_grdf_gauss_mean + pstart_grdf_bessel_max,"pline_grdf_gauss_mean,pstart_grdf_bessel_max","(58, 104)",2,-0.2870927125127837
kvec_z + pend_afs_bessel_max,"kvec_z,pend_afs_bessel_max","(22, 28)",2,-0.2871948533955934
pend_afs_bessel_std + pmid_plane_mean_mass,"pend_afs_bessel_std,pmid_plane_mean_mass","(30, 93)",2,-0.28721153005366207
pend_afs_bessel_std + pstart_afs_bessel_std,"pend_afs_bessel_std,pstart_afs_bessel_std","(30, 97)",2,-0.2873370976736884
pline_plane_mean_Z + pmid_plane_sum_Z4,"pline_plane_mean_Z,pmid_plane_sum_Z4","(67, 94)",2,-0.2873506543510154
pend_plane_mean_mass + pline_plane_max_Z,"pend_plane_mean_mass,pline_plane_max_Z","(51, 65)",2,-0.2873615797406806
kvec_x + pstart_plane_mean_Z,"kvec_x,pstart_plane_mean_Z","(20, 117)",2,-0.2873848810567817
pmid_grdf_gauss_mean + pstart_plane_sum_Z4,"pmid_grdf_gauss_mean,pstart_plane_sum_Z4","(83, 119)",2,-0.2874220275029209
pmid_plane_mean_mass + pstart_grdf_gauss_mean,"pmid_plane_mean_mass,pstart_grdf_gauss_mean","(93, 108)",2,-0.2874509717684935
bandgap + pline_plane_mean_Z,"bandgap,pline_plane_mean_Z","(6, 67)",2,-0.28756856674502507
pend_grdf_trig_std + pmid_grdf_bessel_mean,"pend_grdf_trig_std,pmid_grdf_bessel_mean","(45, 80)",2,-0.2875795843486146
kpath_angle_deg + pend_grdf_gauss_mean,"kpath_angle_deg,pend_grdf_gauss_mean","(14, 41)",2,-0.28762170257282094
pend_afs_trig_max + pmid_plane_mean_Z,"pend_afs_trig_max,pmid_plane_mean_Z","(34, 92)",2,-0.2877557979341937
pmid_afs_bessel_mean + pstart_n_atoms_on_plane,"pmid_afs_bessel_mean,pstart_n_atoms_on_plane","(71, 113)",2,-0.28775600844474186
kend_frac_y + pmid_afs_bessel_max,"kend_frac_y,pmid_afs_bessel_max","(10, 70)",2,-0.2878370190193764
pend_grdf_trig_std + pmid_grdf_trig_std,"pend_grdf_trig_std,pmid_grdf_trig_std","(45, 87)",2,-0.2879204482051888
kvec_z + pmid_plane_sum_Z4,"kvec_z,pmid_plane_sum_Z4","(22, 94)",2,-0.2879794149299341
pend_plane_mean_Z + pmid_afs_bessel_std,"pend_plane_mean_Z,pmid_afs_bessel_std","(50, 72)",2,-0.287985118174395
pend_n_atoms_on_plane + pmid_plane_mean_mass,"pend_n_atoms_on_plane,pmid_plane_mean_mass","(46, 93)",2,-0.2881106639117045
pline_grdf_trig_std + pmid_plane_mean_Z,"pline_grdf_trig_std,pmid_plane_mean_Z","(62, 92)",2,-0.28815603839299886
bandgap + plane_angle_deg,"bandgap,plane_angle_deg","(6, 53)",2,-0.2881765193558114
pend_afs_trig_max + pend_plane_mean_Z,"pend_afs_trig_max,pend_plane_mean_Z","(34, 50)",2,-0.2885234786718448
pend_grdf_gauss_max + pstart_afs_trig_mean,"pend_grdf_gauss_max,pstart_afs_trig_mean","(40, 102)",2,-0.28859020302651195
pend_afs_trig_max + pend_grdf_gauss_mean,"pend_afs_trig_max,pend_grdf_gauss_mean","(34, 41)",2,-0.2886118527335447
pend_grdf_bessel_mean + pmid_grdf_trig_std,"pend_grdf_bessel_mean,pmid_grdf_trig_std","(38, 87)",2,-0.2886190385232039
pend_grdf_trig_std + pend_plane_mean_mass,"pend_grdf_trig_std,pend_plane_mean_mass","(45, 51)",2,-0.28866205154212404
kpath_angle_deg + pmid_grdf_gauss_mean,"kpath_angle_deg,pmid_grdf_gauss_mean","(14, 83)",2,-0.2886742990374725
kvec_x + pmid_afs_trig_max,"kvec_x,pmid_afs_trig_max","(20, 76)",2,-0.28867580024533296
pline_plane_max_mass + pstart_grdf_bessel_mean,"pline_plane_max_mass,pstart_grdf_bessel_mean","(66, 105)",2,-0.28875232916339033
E_pfrac_CBM + pstart_plane_mean_mass,"E_pfrac_CBM,pstart_plane_mean_mass","(0, 118)",2,-0.2887833383130009
pmid_afs_bessel_max + pmid_afs_gauss_max,"pmid_afs_bessel_max,pmid_afs_gauss_max","(70, 73)",2,-0.28885819513674854
ehull + pstart_grdf_bessel_std,"ehull,pstart_grdf_bessel_std","(7, 106)",2,-0.2889518685542651
pmid_plane_mean_mass + pstart_plane_heavy_frac,"pmid_plane_mean_mass,pstart_plane_heavy_frac","(93, 114)",2,-0.28902800072220186
pmid_afs_trig_max + radius_diff,"pmid_afs_trig_max,radius_diff","(76, 120)",2,-0.28916616710613374
pline_plane_mean_mass + pmid_plane_mean_mass,"pline_plane_mean_mass,pmid_plane_mean_mass","(68, 93)",2,-0.2892950892721206
kstart_frac_y + pmid_plane_mean_mass,"kstart_frac_y,pmid_plane_mean_mass","(18, 93)",2,-0.28929901167356
pend_n_atoms_on_plane + pmid_afs_gauss_std,"pend_n_atoms_on_plane,pmid_afs_gauss_std","(46, 75)",2,-0.28938071419200023
pstart_grdf_gauss_mean + pstart_plane_mean_mass,"pstart_grdf_gauss_mean,pstart_plane_mean_mass","(108, 118)",2,-0.28943976834505275
pmid_grdf_trig_std + pstart_plane_mean_mass,"pmid_grdf_trig_std,pstart_plane_mean_mass","(87, 118)",2,-0.2894673502822162
pline_plane_heavy_frac + pstart_plane_sum_Z4,"pline_plane_heavy_frac,pstart_plane_sum_Z4","(64, 119)",2,-0.2895155049583822
bandgap + pstart_plane_sum_Z4,"bandgap,pstart_plane_sum_Z4","(6, 119)",2,-0.289578905106905
pend_grdf_gauss_mean + pline_grdf_trig_max,"pend_grdf_gauss_mean,pline_grdf_trig_max","(41, 60)",2,-0.28958138308729675
kvec_y + pstart_plane_mean_Z,"kvec_y,pstart_plane_mean_Z","(21, 117)",2,-0.2896605856657769
pmid_grdf_trig_std + pstart_afs_gauss_mean,"pmid_grdf_trig_std,pstart_afs_gauss_mean","(87, 99)",2,-0.2896774467841146
pend_plane_sum_Z4 + pline_plane_max_mass,"pend_plane_sum_Z4,pline_plane_max_mass","(52, 66)",2,-0.28969907947078244
pstart_afs_gauss_mean + pstart_grdf_bessel_max,"pstart_afs_gauss_mean,pstart_grdf_bessel_max","(99, 104)",2,-0.2897605457913457
pline_plane_max_mass + pmid_plane_sum_Z4,"pline_plane_max_mass,pmid_plane_sum_Z4","(66, 94)",2,-0.2899552582301075
pmid_afs_bessel_std + pstart_afs_trig_max,"pmid_afs_bessel_std,pstart_afs_trig_max","(72, 101)",2,-0.2899811263814477
E_pfrac_CBM + pstart_plane_heavy_frac,"E_pfrac_CBM,pstart_plane_heavy_frac","(0, 114)",2,-0.2900059951166251
pend_plane_mean_mass + pline_plane_mean_mass,"pend_plane_mean_mass,pline_plane_mean_mass","(51, 68)",2,-0.2900527766210249
ehull + kpath_real_distance,"ehull,kpath_real_distance","(7, 15)",2,-0.2901054304364963
ktotal_weight + kvec_y,"ktotal_weight,kvec_y","(19, 21)",2,-0.29014651204412995
pend_afs_gauss_mean + pmid_grdf_bessel_max,"pend_afs_gauss_mean,pmid_grdf_bessel_max","(32, 79)",2,-0.2902359924284701
X_diff + pline_grdf_gauss_mean,"X_diff,pline_grdf_gauss_mean","(3, 58)",2,-0.2902895927021463
pend_afs_bessel_max + pend_afs_trig_std,"pend_afs_bessel_max,pend_afs_trig_std","(28, 36)",2,-0.2903075960284952
pmid_grdf_bessel_max + pstart_afs_gauss_mean,"pmid_grdf_bessel_max,pstart_afs_gauss_mean","(79, 99)",2,-0.29032326697923205
kstart_degen + mean_Z,"kstart_degen,mean_Z","(16, 26)",2,-0.2903369313225901
pend_grdf_bessel_max + pline_grdf_bessel_std,"pend_grdf_bessel_max,pline_grdf_bessel_std","(37, 56)",2,-0.2903458073365266
pend_plane_heavy_frac + pmid_grdf_bessel_mean,"pend_plane_heavy_frac,pmid_grdf_bessel_mean","(47, 80)",2,-0.29036716604366497
pmid_afs_gauss_max + pstart_grdf_bessel_std,"pmid_afs_gauss_max,pstart_grdf_bessel_std","(73, 106)",2,-0.29042972004767287
bandgap + pstart_grdf_bessel_std,"bandgap,pstart_grdf_bessel_std","(6, 106)",2,-0.290476113756826
pline_grdf_trig_std + pstart_grdf_bessel_max,"pline_grdf_trig_std,pstart_grdf_bessel_max","(62, 104)",2,-0.2904973549805191
pline_grdf_trig_max + pmid_n_atoms_on_plane,"pline_grdf_trig_max,pmid_n_atoms_on_plane","(60, 88)",2,-0.29049747719494534
E_pfrac_CBM + X_diff,"E_pfrac_CBM,X_diff","(0, 3)",2,-0.29060183764689673
pend_grdf_gauss_max + pend_n_atoms_on_plane,"pend_grdf_gauss_max,pend_n_atoms_on_plane","(40, 46)",2,-0.29071151717373345
pmid_grdf_bessel_mean + pstart_afs_gauss_std,"pmid_grdf_bessel_mean,pstart_afs_gauss_std","(80, 100)",2,-0.29073712446428057
pstart_afs_bessel_max + pstart_afs_trig_max,"pstart_afs_bessel_max,pstart_afs_trig_max","(95, 101)",2,-0.2907713374190597
pend_grdf_trig_std + pmid_grdf_gauss_mean,"pend_grdf_trig_std,pmid_grdf_gauss_mean","(45, 83)",2,-0.29078994261926827
pmid_n_atoms_on_plane + pstart_plane_mean_mass,"pmid_n_atoms_on_plane,pstart_plane_mean_mass","(88, 118)",2,-0.29088343893419727
pmid_afs_gauss_max + pstart_afs_trig_max,"pmid_afs_gauss_max,pstart_afs_trig_max","(73, 101)",2,-0.29091637984011826
kstart_degen + pmid_plane_mean_mass,"kstart_degen,pmid_plane_mean_mass","(16, 93)",2,-0.2909705110420971
pend_grdf_gauss_mean + pline_grdf_trig_mean,"pend_grdf_gauss_mean,pline_grdf_trig_mean","(41, 61)",2,-0.2909795927076261
pend_plane_mean_Z + pstart_grdf_gauss_std,"pend_plane_mean_Z,pstart_grdf_gauss_std","(50, 109)",2,-0.29098354394396775
pline_plane_max_Z + pstart_grdf_bessel_mean,"pline_plane_max_Z,pstart_grdf_bessel_mean","(65, 105)",2,-0.2909866777110674
pmid_afs_gauss_std + pstart_afs_trig_mean,"pmid_afs_gauss_std,pstart_afs_trig_mean","(75, 102)",2,-0.29099291125630755
pmid_grdf_trig_std + pmid_plane_mean_mass,"pmid_grdf_trig_std,pmid_plane_mean_mass","(87, 93)",2,-0.2910038286448849
pmid_grdf_bessel_mean + pmid_grdf_gauss_mean,"pmid_grdf_bessel_mean,pmid_grdf_gauss_mean","(80, 83)",2,-0.2911014792581125
pend_n_atoms_on_plane + pmid_grdf_trig_std,"pend_n_atoms_on_plane,pmid_grdf_trig_std","(46, 87)",2,-0.2911325907703986
pline_plane_mean_Z + pstart_grdf_bessel_mean,"pline_plane_mean_Z,pstart_grdf_bessel_mean","(67, 105)",2,-0.2911404878296221
pend_grdf_gauss_max + pend_plane_mean_Z,"pend_grdf_gauss_max,pend_plane_mean_Z","(40, 50)",2,-0.2912281209368155
pline_plane_max_Z + pstart_plane_sum_Z4,"pline_plane_max_Z,pstart_plane_sum_Z4","(65, 119)",2,-0.291726436506122
pmid_grdf_bessel_mean + pstart_afs_bessel_std,"pmid_grdf_bessel_mean,pstart_afs_bessel_std","(80, 97)",2,-0.2917651538298935
pline_plane_mean_mass + pmid_plane_sum_Z4,"pline_plane_mean_mass,pmid_plane_sum_Z4","(68, 94)",2,-0.29176601167314964
kvec_y + pstart_grdf_bessel_std,"kvec_y,pstart_grdf_bessel_std","(21, 106)",2,-0.29182914664632775
pend_plane_mean_mass + pstart_grdf_trig_std,"pend_plane_mean_mass,pstart_grdf_trig_std","(51, 112)",2,-0.29196209905721887
bandgap + pstart_plane_mean_mass,"bandgap,pstart_plane_mean_mass","(6, 118)",2,-0.2920214182448674
pend_plane_mean_mass + pstart_afs_bessel_std,"pend_plane_mean_mass,pstart_afs_bessel_std","(51, 97)",2,-0.29214847552588497
pend_afs_trig_max + pstart_afs_bessel_max,"pend_afs_trig_max,pstart_afs_bessel_max","(34, 95)",2,-0.2922187382242702
pend_afs_trig_mean + pstart_grdf_bessel_mean,"pend_afs_trig_mean,pstart_grdf_bessel_mean","(35, 105)",2,-0.29229764402353503
pend_afs_bessel_max + pline_plane_heavy_frac,"pend_afs_bessel_max,pline_plane_heavy_frac","(28, 64)",2,-0.2923031593767632
pmid_grdf_gauss_mean + pstart_afs_trig_mean,"pmid_grdf_gauss_mean,pstart_afs_trig_mean","(83, 102)",2,-0.2923140498946001
pend_plane_mean_mass + pstart_plane_max_mass,"pend_plane_mean_mass,pstart_plane_max_mass","(51, 116)",2,-0.29246524624331605
pend_plane_mean_mass + pmid_plane_max_mass,"pend_plane_mean_mass,pmid_plane_max_mass","(51, 91)",2,-0.29246524624331605
pstart_grdf_trig_std + pstart_plane_max_mass,"pstart_grdf_trig_std,pstart_plane_max_mass","(112, 116)",2,-0.29248249093781875
pline_plane_mean_Z + pmid_plane_mean_mass,"pline_plane_mean_Z,pmid_plane_mean_mass","(67, 93)",2,-0.29265299752232976
ehull + pline_plane_mean_mass,"ehull,pline_plane_mean_mass","(7, 68)",2,-0.2926576959718461
kpath_real_distance + pstart_plane_mean_Z,"kpath_real_distance,pstart_plane_mean_Z","(15, 117)",2,-0.2928279213361807
pend_n_atoms_on_plane + pstart_plane_mean_mass,"pend_n_atoms_on_plane,pstart_plane_mean_mass","(46, 118)",2,-0.2928890286685003
pmid_afs_gauss_std + pstart_grdf_bessel_max,"pmid_afs_gauss_std,pstart_grdf_bessel_max","(75, 104)",2,-0.2929633092035279
kpath_real_distance + pmid_n_atoms_on_plane,"kpath_real_distance,pmid_n_atoms_on_plane","(15, 88)",2,-0.2929764075971881
pend_afs_trig_mean + pmid_grdf_bessel_max,"pend_afs_trig_mean,pmid_grdf_bessel_max","(35, 79)",2,-0.2930197623538119
ehull + pmid_plane_sum_Z4,"ehull,pmid_plane_sum_Z4","(7, 94)",2,-0.29303963618163675
pmid_afs_bessel_std + pmid_grdf_bessel_mean,"pmid_afs_bessel_std,pmid_grdf_bessel_mean","(72, 80)",2,-0.2930791794681418
pline_grdf_trig_max + pstart_grdf_bessel_mean,"pline_grdf_trig_max,pstart_grdf_bessel_mean","(60, 105)",2,-0.2931353623884064
pline_grdf_bessel_max + pstart_plane_mean_Z,"pline_grdf_bessel_max,pstart_plane_mean_Z","(54, 117)",2,-0.2931359534693938
pend_grdf_trig_std + pstart_afs_gauss_mean,"pend_grdf_trig_std,pstart_afs_gauss_mean","(45, 99)",2,-0.2931426875368421
n_elements + pend_plane_mean_mass,"n_elements,pend_plane_mean_mass","(27, 51)",2,-0.2933282594112871
bandgap + pline_plane_mean_mass,"bandgap,pline_plane_mean_mass","(6, 68)",2,-0.2933578378469699
pmid_afs_bessel_std + pstart_afs_bessel_std,"pmid_afs_bessel_std,pstart_afs_bessel_std","(72, 97)",2,-0.2933713959998203
E_pfrac_VBM + pmid_grdf_trig_std,"E_pfrac_VBM,pmid_grdf_trig_std","(1, 87)",2,-0.293449131236548
ehull + pline_plane_mean_Z,"ehull,pline_plane_mean_Z","(7, 67)",2,-0.2934646224058416
pline_plane_sum_Z4 + pstart_plane_mean_Z,"pline_plane_sum_Z4,pstart_plane_mean_Z","(69, 117)",2,-0.2935639570008513
pline_grdf_gauss_std + pstart_grdf_bessel_max,"pline_grdf_gauss_std,pstart_grdf_bessel_max","(59, 104)",2,-0.29369650169957573
pmid_grdf_bessel_mean + pstart_afs_gauss_mean,"pmid_grdf_bessel_mean,pstart_afs_gauss_mean","(80, 99)",2,-0.29383713984839044
pline_plane_mean_mass + pstart_plane_sum_Z4,"pline_plane_mean_mass,pstart_plane_sum_Z4","(68, 119)",2,-0.2938631920770263
kvec_z + pstart_grdf_bessel_mean,"kvec_z,pstart_grdf_bessel_mean","(22, 105)",2,-0.29392622758666614
pend_plane_max_Z + pstart_plane_mean_Z,"pend_plane_max_Z,pstart_plane_mean_Z","(48, 117)",2,-0.2941220111848611
pmid_plane_max_Z + pstart_plane_mean_Z,"pmid_plane_max_Z,pstart_plane_mean_Z","(90, 117)",2,-0.2941220111848611
pstart_plane_max_Z + pstart_plane_mean_Z,"pstart_plane_max_Z,pstart_plane_mean_Z","(115, 117)",2,-0.2941220111848611
max_Z4 + pstart_plane_mean_Z,"max_Z4,pstart_plane_mean_Z","(24, 117)",2,-0.2941220111848611
max_Z + pstart_plane_mean_Z,"max_Z,pstart_plane_mean_Z","(23, 117)",2,-0.2941220111848611
pmid_plane_mean_mass + pstart_grdf_trig_std,"pmid_plane_mean_mass,pstart_grdf_trig_std","(93, 112)",2,-0.29412321380780126
pmid_plane_max_mass + pmid_plane_mean_mass,"pmid_plane_max_mass,pmid_plane_mean_mass","(91, 93)",2,-0.29417684064359856
max_mass + pmid_plane_mean_mass,"max_mass,pmid_plane_mean_mass","(25, 93)",2,-0.29417684064359856
pend_plane_max_mass + pmid_plane_mean_mass,"pend_plane_max_mass,pmid_plane_mean_mass","(49, 93)",2,-0.29417684064359856
X_mean + sum_Z4,"X_mean,sum_Z4","(4, 122)",2,-0.2942476096236506
pline_grdf_trig_mean + pstart_grdf_bessel_mean,"pline_grdf_trig_mean,pstart_grdf_bessel_mean","(61, 105)",2,-0.29435189652449545
kinterior_degen + pstart_afs_trig_max,"kinterior_degen,pstart_afs_trig_max","(11, 101)",2,-0.29442859835238494
pend_grdf_bessel_max + pstart_afs_bessel_std,"pend_grdf_bessel_max,pstart_afs_bessel_std","(37, 97)",2,-0.2945222001906772
kend_frac_y + pend_plane_sum_Z4,"kend_frac_y,pend_plane_sum_Z4","(10, 52)",2,-0.29465665017685627
pend_plane_mean_mass + pstart_plane_max_Z,"pend_plane_mean_mass,pstart_plane_max_Z","(51, 115)",2,-0.2947843671603124
pend_plane_mean_mass + pmid_plane_max_Z,"pend_plane_mean_mass,pmid_plane_max_Z","(51, 90)",2,-0.2947843671603124
pend_grdf_bessel_max + pend_plane_heavy_frac,"pend_grdf_bessel_max,pend_plane_heavy_frac","(37, 47)",2,-0.2948254523464433
ehull + pline_grdf_gauss_mean,"ehull,pline_grdf_gauss_mean","(7, 58)",2,-0.29500792687595107
kend_degen + pend_plane_sum_Z4,"kend_degen,pend_plane_sum_Z4","(8, 52)",2,-0.29507899218030614
pend_afs_trig_mean + pmid_afs_trig_max,"pend_afs_trig_mean,pmid_afs_trig_max","(35, 76)",2,-0.2951117520529905
mean_Z + pstart_afs_trig_mean,"mean_Z,pstart_afs_trig_mean","(26, 102)",2,-0.2951545592263811
kend_degen + pmid_grdf_bessel_max,"kend_degen,pmid_grdf_bessel_max","(8, 79)",2,-0.29520954350905104
pstart_afs_gauss_mean + pstart_grdf_gauss_std,"pstart_afs_gauss_mean,pstart_grdf_gauss_std","(99, 109)",2,-0.29524681893850346
pmid_afs_bessel_max + pmid_grdf_gauss_std,"pmid_afs_bessel_max,pmid_grdf_gauss_std","(70, 84)",2,-0.29532884394400477
pmid_grdf_gauss_std + pstart_n_atoms_on_plane,"pmid_grdf_gauss_std,pstart_n_atoms_on_plane","(84, 113)",2,-0.29540371303670276
pend_afs_gauss_mean + pend_afs_trig_max,"pend_afs_gauss_mean,pend_afs_trig_max","(32, 34)",2,-0.2954765771533115
X_mean + pstart_grdf_gauss_mean,"X_mean,pstart_grdf_gauss_mean","(4, 108)",2,-0.2955141489165217
kvec_z + pend_plane_sum_Z4,"kvec_z,pend_plane_sum_Z4","(22, 52)",2,-0.2957946619148333
pline_plane_heavy_frac + pmid_plane_sum_Z4,"pline_plane_heavy_frac,pmid_plane_sum_Z4","(64, 94)",2,-0.29586352630000684
pmid_grdf_gauss_mean + pstart_grdf_bessel_mean,"pmid_grdf_gauss_mean,pstart_grdf_bessel_mean","(83, 105)",2,-0.29598619775948126
X_mean + kvec_x,"X_mean,kvec_x","(4, 20)",2,-0.29598674168994477
pline_plane_mean_Z + pmid_plane_mean_Z,"pline_plane_mean_Z,pmid_plane_mean_Z","(67, 92)",2,-0.2960189105818275
kstart_degen + pend_plane_mean_mass,"kstart_degen,pend_plane_mean_mass","(16, 51)",2,-0.29607091126461105
band_binary + radius_mean,"band_binary,radius_mean","(5, 121)",2,-0.2961407374095045
pend_afs_gauss_max + pstart_grdf_bessel_std,"pend_afs_gauss_max,pstart_grdf_bessel_std","(31, 106)",2,-0.2962877442514701
mean_Z + pline_plane_sum_Z4,"mean_Z,pline_plane_sum_Z4","(26, 69)",2,-0.2963522501751774
pend_afs_trig_max + pmid_afs_trig_std,"pend_afs_trig_max,pmid_afs_trig_std","(34, 78)",2,-0.29654811732051634
pend_afs_bessel_max + pend_grdf_gauss_mean,"pend_afs_bessel_max,pend_grdf_gauss_mean","(28, 41)",2,-0.29667724285762487
kpath_real_distance + pstart_afs_bessel_max,"kpath_real_distance,pstart_afs_bessel_max","(15, 95)",2,-0.29673443480577233
kend_frac_y + pstart_grdf_bessel_max,"kend_frac_y,pstart_grdf_bessel_max","(10, 104)",2,-0.296848649260276
ehull + pmid_plane_heavy_frac,"ehull,pmid_plane_heavy_frac","(7, 89)",2,-0.2968622626202513
kend_degen + pmid_plane_sum_Z4,"kend_degen,pmid_plane_sum_Z4","(8, 94)",2,-0.2969233305137967
pend_plane_sum_Z4 + pmid_grdf_gauss_mean,"pend_plane_sum_Z4,pmid_grdf_gauss_mean","(52, 83)",2,-0.2969676759459311
pmid_grdf_bessel_mean + pstart_grdf_gauss_max,"pmid_grdf_bessel_mean,pstart_grdf_gauss_max","(80, 107)",2,-0.29701357693163644
pmid_grdf_bessel_std + pstart_n_atoms_on_plane,"pmid_grdf_bessel_std,pstart_n_atoms_on_plane","(81, 113)",2,-0.2971855822189537
pmid_afs_gauss_mean + pstart_afs_trig_max,"pmid_afs_gauss_mean,pstart_afs_trig_max","(74, 101)",2,-0.29721915209389305
kend_frac_x + pend_plane_mean_Z,"kend_frac_x,pend_plane_mean_Z","(9, 50)",2,-0.2974730813978139
ehull + pmid_grdf_bessel_max,"ehull,pmid_grdf_bessel_max","(7, 79)",2,-0.29764208365563427
kvec_y + pstart_grdf_gauss_std,"kvec_y,pstart_grdf_gauss_std","(21, 109)",2,-0.297709839909056
X_diff + pline_grdf_bessel_max,"X_diff,pline_grdf_bessel_max","(3, 54)",2,-0.2977284316432308
X_mean + n_elements,"X_mean,n_elements","(4, 27)",2,-0.29773217310066774
kmid_frac_y + kvec_y,"kmid_frac_y,kvec_y","(13, 21)",2,-0.2977556525915593
pend_plane_mean_Z + pline_grdf_gauss_max,"pend_plane_mean_Z,pline_grdf_gauss_max","(50, 57)",2,-0.2979247090722075
kmid_frac_x + pstart_plane_sum_Z4,"kmid_frac_x,pstart_plane_sum_Z4","(12, 119)",2,-0.2979620141401141
pend_afs_gauss_std + pend_grdf_bessel_max,"pend_afs_gauss_std,pend_grdf_bessel_max","(33, 37)",2,-0.29805207552586593
X_mean + pstart_afs_trig_mean,"X_mean,pstart_afs_trig_mean","(4, 102)",2,-0.2980802752053611
E_pfrac_CBM + pend_afs_gauss_max,"E_pfrac_CBM,pend_afs_gauss_max","(0, 31)",2,-0.2981310048156401
kvec_x + pend_n_atoms_on_plane,"kvec_x,pend_n_atoms_on_plane","(20, 46)",2,-0.29823044897601797
kstart_frac_y + pend_plane_mean_mass,"kstart_frac_y,pend_plane_mean_mass","(18, 51)",2,-0.29826943740889356
E_pfrac_VBM + pstart_plane_mean_Z,"E_pfrac_VBM,pstart_plane_mean_Z","(1, 117)",2,-0.29832083165475753
pstart_afs_bessel_std + pstart_grdf_bessel_std,"pstart_afs_bessel_std,pstart_grdf_bessel_std","(97, 106)",2,-0.29833321445301847
n_elements + pstart_plane_sum_Z4,"n_elements,pstart_plane_sum_Z4","(27, 119)",2,-0.2983708453573872
pmid_n_atoms_on_plane + pstart_grdf_bessel_mean,"pmid_n_atoms_on_plane,pstart_grdf_bessel_mean","(88, 105)",2,-0.29841624311370774
pend_grdf_gauss_mean + pend_plane_max_mass,"pend_grdf_gauss_mean,pend_plane_max_mass","(41, 49)",2,-0.2985934490350397
pend_grdf_gauss_mean + pstart_plane_max_mass,"pend_grdf_gauss_mean,pstart_plane_max_mass","(41, 116)",2,-0.2985934490350397
pend_grdf_gauss_mean + pmid_plane_max_mass,"pend_grdf_gauss_mean,pmid_plane_max_mass","(41, 91)",2,-0.2985934490350397
pend_afs_bessel_std + pmid_afs_trig_max,"pend_afs_bessel_std,pmid_afs_trig_max","(30, 76)",2,-0.29860133517855736
pline_grdf_bessel_std + pstart_grdf_bessel_max,"pline_grdf_bessel_std,pstart_grdf_bessel_max","(56, 104)",2,-0.29861013389337515
kmid_frac_y + pend_plane_mean_Z,"kmid_frac_y,pend_plane_mean_Z","(13, 50)",2,-0.29861844508356944
pline_plane_heavy_frac + radius_mean,"pline_plane_heavy_frac,radius_mean","(64, 121)",2,-0.29867317803545684
pend_afs_bessel_std + pmid_grdf_bessel_max,"pend_afs_bessel_std,pmid_grdf_bessel_max","(30, 79)",2,-0.29878676331330445
kvec_y + pstart_grdf_gauss_max,"kvec_y,pstart_grdf_gauss_max","(21, 107)",2,-0.29881408797033115
pend_plane_max_Z + pmid_plane_mean_mass,"pend_plane_max_Z,pmid_plane_mean_mass","(48, 93)",2,-0.29882578530641246
max_Z + pmid_plane_mean_mass,"max_Z,pmid_plane_mean_mass","(23, 93)",2,-0.29882578530641246
max_Z4 + pmid_plane_mean_mass,"max_Z4,pmid_plane_mean_mass","(24, 93)",2,-0.29882578530641246
pmid_plane_max_Z + pmid_plane_mean_mass,"pmid_plane_max_Z,pmid_plane_mean_mass","(90, 93)",2,-0.29882578530641246
E_pfrac_CBM + pend_plane_mean_Z,"E_pfrac_CBM,pend_plane_mean_Z","(0, 50)",2,-0.2988352861571005
ktotal_weight + pmid_afs_bessel_max,"ktotal_weight,pmid_afs_bessel_max","(19, 70)",2,-0.2988908955395607
kvec_y + pend_afs_bessel_std,"kvec_y,pend_afs_bessel_std","(21, 30)",2,-0.2989143796052133
pend_afs_bessel_std + pend_plane_mean_mass,"pend_afs_bessel_std,pend_plane_mean_mass","(30, 51)",2,-0.29897718482799507
pend_n_atoms_on_plane + pend_plane_mean_Z,"pend_n_atoms_on_plane,pend_plane_mean_Z","(46, 50)",2,-0.2989985189717048
pmid_afs_trig_mean + pstart_n_atoms_on_plane,"pmid_afs_trig_mean,pstart_n_atoms_on_plane","(77, 113)",2,-0.299079886922135
pmid_afs_bessel_max + sum_Z4,"pmid_afs_bessel_max,sum_Z4","(70, 122)",2,-0.2991715093987661
bandgap + pstart_afs_trig_max,"bandgap,pstart_afs_trig_max","(6, 101)",2,-0.29925652864231517
ktotal_weight + pstart_afs_trig_max,"ktotal_weight,pstart_afs_trig_max","(19, 101)",2,-0.29928729492819306
pline_plane_max_mass + pmid_plane_mean_Z,"pline_plane_max_mass,pmid_plane_mean_Z","(66, 92)",2,-0.29931700456238036
X_mean + radius_mean,"X_mean,radius_mean","(4, 121)",2,-0.2998022021662678
X_mean + kend_frac_y,"X_mean,kend_frac_y","(4, 10)",2,-0.29988935491309177
X_mean + pline_grdf_bessel_max,"X_mean,pline_grdf_bessel_max","(4, 54)",2,-0.2999074881865897
ehull + pline_n_atoms_on_plane,"ehull,pline_n_atoms_on_plane","(7, 63)",2,-0.29992034491771635
kvec_y + pmid_afs_gauss_max,"kvec_y,pmid_afs_gauss_max","(21, 73)",2,-0.29999002880732695
max_Z4 + pstart_n_atoms_on_plane,"max_Z4,pstart_n_atoms_on_plane","(24, 113)",2,-0.3000225889823832
pmid_plane_max_Z + pstart_n_atoms_on_plane,"pmid_plane_max_Z,pstart_n_atoms_on_plane","(90, 113)",2,-0.3000225889823832
pend_plane_max_Z + pstart_n_atoms_on_plane,"pend_plane_max_Z,pstart_n_atoms_on_plane","(48, 113)",2,-0.3000225889823832
max_Z + pstart_n_atoms_on_plane,"max_Z,pstart_n_atoms_on_plane","(23, 113)",2,-0.3000225889823832
pmid_afs_bessel_max + pstart_afs_trig_std,"pmid_afs_bessel_max,pstart_afs_trig_std","(70, 103)",2,-0.300023433204809
pmid_afs_trig_max + pstart_grdf_gauss_mean,"pmid_afs_trig_max,pstart_grdf_gauss_mean","(76, 108)",2,-0.3000511729937859
pend_grdf_gauss_std + pstart_n_atoms_on_plane,"pend_grdf_gauss_std,pstart_n_atoms_on_plane","(42, 113)",2,-0.30010791343690896
kvec_x + pmid_afs_bessel_max,"kvec_x,pmid_afs_bessel_max","(20, 70)",2,-0.3001218505330793
bandgap + kvec_z,"bandgap,kvec_z","(6, 22)",2,-0.3003641745961819
kvec_y + pend_afs_gauss_mean,"kvec_y,pend_afs_gauss_mean","(21, 32)",2,-0.3005179235805536
pend_afs_bessel_max + pstart_grdf_bessel_std,"pend_afs_bessel_max,pstart_grdf_bessel_std","(28, 106)",2,-0.3005319294447488
pend_afs_gauss_max + pstart_afs_trig_max,"pend_afs_gauss_max,pstart_afs_trig_max","(31, 101)",2,-0.3005920038461392
kvec_y + pline_grdf_gauss_max,"kvec_y,pline_grdf_gauss_max","(21, 57)",2,-0.30066139918873896
kmid_frac_y + pmid_n_atoms_on_plane,"kmid_frac_y,pmid_n_atoms_on_plane","(13, 88)",2,-0.3007659862345283
pstart_afs_bessel_max + pstart_plane_mean_mass,"pstart_afs_bessel_max,pstart_plane_mean_mass","(95, 118)",2,-0.3007976794488225
pline_plane_sum_Z4 + pstart_plane_sum_Z4,"pline_plane_sum_Z4,pstart_plane_sum_Z4","(69, 119)",2,-0.30080858160856383
pend_n_atoms_on_plane + radius_diff,"pend_n_atoms_on_plane,radius_diff","(46, 120)",2,-0.30088256906398814
kpath_real_distance + mean_Z,"kpath_real_distance,mean_Z","(15, 26)",2,-0.30095436784165075
kend_frac_y + radius_mean,"kend_frac_y,radius_mean","(10, 121)",2,-0.3010590721272792
X_diff + pline_grdf_bessel_mean,"X_diff,pline_grdf_bessel_mean","(3, 55)",2,-0.3010637087373086
kvec_z + pend_grdf_gauss_mean,"kvec_z,pend_grdf_gauss_mean","(22, 41)",2,-0.3012134039020428
pend_grdf_gauss_mean + pstart_grdf_bessel_max,"pend_grdf_gauss_mean,pstart_grdf_bessel_max","(41, 104)",2,-0.30126511290278113
kmid_frac_y + pstart_afs_bessel_max,"kmid_frac_y,pstart_afs_bessel_max","(13, 95)",2,-0.30129376858632084
mean_Z + pline_grdf_bessel_mean,"mean_Z,pline_grdf_bessel_mean","(26, 55)",2,-0.3013384459765137
pstart_afs_bessel_max + pstart_grdf_bessel_max,"pstart_afs_bessel_max,pstart_grdf_bessel_max","(95, 104)",2,-0.30135776081068644
max_mass + pstart_n_atoms_on_plane,"max_mass,pstart_n_atoms_on_plane","(25, 113)",2,-0.3013851538075003
pend_plane_max_mass + pstart_n_atoms_on_plane,"pend_plane_max_mass,pstart_n_atoms_on_plane","(49, 113)",2,-0.3013851538075003
pmid_plane_max_mass + pstart_n_atoms_on_plane,"pmid_plane_max_mass,pstart_n_atoms_on_plane","(91, 113)",2,-0.3013851538075003
kpath_real_distance + pend_afs_trig_max,"kpath_real_distance,pend_afs_trig_max","(15, 34)",2,-0.3014374352103711
pend_n_atoms_on_plane + pmid_afs_gauss_mean,"pend_n_atoms_on_plane,pmid_afs_gauss_mean","(46, 74)",2,-0.3014568916590475
pend_plane_sum_Z4 + pline_plane_max_Z,"pend_plane_sum_Z4,pline_plane_max_Z","(52, 65)",2,-0.301650799822768
pend_afs_bessel_std + pend_afs_trig_max,"pend_afs_bessel_std,pend_afs_trig_max","(30, 34)",2,-0.3017629326450021
ehull + plane_angle_deg,"ehull,plane_angle_deg","(7, 53)",2,-0.3017661215675398
pend_plane_mean_Z + plane_angle_deg,"pend_plane_mean_Z,plane_angle_deg","(50, 53)",2,-0.30187392457799866
pend_grdf_bessel_max + pline_n_atoms_on_plane,"pend_grdf_bessel_max,pline_n_atoms_on_plane","(37, 63)",2,-0.3018940625820635
pend_afs_trig_max + pstart_afs_bessel_std,"pend_afs_trig_max,pstart_afs_bessel_std","(34, 97)",2,-0.3019786562591327
pend_grdf_bessel_max + pline_grdf_trig_std,"pend_grdf_bessel_max,pline_grdf_trig_std","(37, 62)",2,-0.30199619737004335
pmid_grdf_gauss_mean + pmid_plane_sum_Z4,"pmid_grdf_gauss_mean,pmid_plane_sum_Z4","(83, 94)",2,-0.302021383283868
kinterior_degen + pmid_afs_bessel_max,"kinterior_degen,pmid_afs_bessel_max","(11, 70)",2,-0.3020720698134832
pend_plane_max_mass + pend_plane_mean_mass,"pend_plane_max_mass,pend_plane_mean_mass","(49, 51)",2,-0.30210225307253724
max_mass + pend_plane_mean_mass,"max_mass,pend_plane_mean_mass","(25, 51)",2,-0.30210225307253724
kvec_y + pstart_grdf_trig_std,"kvec_y,pstart_grdf_trig_std","(21, 112)",2,-0.3021397442538456
pend_grdf_bessel_mean + pmid_afs_bessel_mean,"pend_grdf_bessel_mean,pmid_afs_bessel_mean","(38, 71)",2,-0.3021497043026057
ehull + kmid_frac_x,"ehull,kmid_frac_x","(7, 12)",2,-0.3022655734385273
kvec_x + pstart_grdf_gauss_mean,"kvec_x,pstart_grdf_gauss_mean","(20, 108)",2,-0.30229714058582374
pend_n_atoms_on_plane + pmid_afs_trig_std,"pend_n_atoms_on_plane,pmid_afs_trig_std","(46, 78)",2,-0.30231820445760527
pend_grdf_gauss_mean + pline_grdf_bessel_std,"pend_grdf_gauss_mean,pline_grdf_bessel_std","(41, 56)",2,-0.30245469470101183
kvec_y + pstart_afs_bessel_std,"kvec_y,pstart_afs_bessel_std","(21, 97)",2,-0.3025208142317585
pmid_grdf_gauss_mean + pstart_grdf_gauss_std,"pmid_grdf_gauss_mean,pstart_grdf_gauss_std","(83, 109)",2,-0.30275521807329364
pend_plane_sum_Z4 + pstart_grdf_gauss_std,"pend_plane_sum_Z4,pstart_grdf_gauss_std","(52, 109)",2,-0.3028143584131008
pend_grdf_bessel_max + pmid_afs_gauss_std,"pend_grdf_bessel_max,pmid_afs_gauss_std","(37, 75)",2,-0.3028536149718709
pmid_afs_bessel_max + pstart_grdf_gauss_std,"pmid_afs_bessel_max,pstart_grdf_gauss_std","(70, 109)",2,-0.3029208206530858
pmid_plane_sum_Z4 + pstart_grdf_gauss_std,"pmid_plane_sum_Z4,pstart_grdf_gauss_std","(94, 109)",2,-0.30292286661333534
ehull + pstart_plane_heavy_frac,"ehull,pstart_plane_heavy_frac","(7, 114)",2,-0.30295049935557306
pend_grdf_gauss_mean + pstart_grdf_gauss_std,"pend_grdf_gauss_mean,pstart_grdf_gauss_std","(41, 109)",2,-0.30314085591387996
X_mean + pstart_afs_bessel_max,"X_mean,pstart_afs_bessel_max","(4, 95)",2,-0.3031579363249078
pstart_grdf_bessel_max + pstart_grdf_gauss_std,"pstart_grdf_bessel_max,pstart_grdf_gauss_std","(104, 109)",2,-0.3036173316158618
E_pfrac_VBM + pend_grdf_trig_std,"E_pfrac_VBM,pend_grdf_trig_std","(1, 45)",2,-0.30365421497485734
kmid_frac_y + pend_afs_bessel_max,"kmid_frac_y,pend_afs_bessel_max","(13, 28)",2,-0.30380710792347576
kmid_frac_y + pstart_plane_sum_Z4,"kmid_frac_y,pstart_plane_sum_Z4","(13, 119)",2,-0.30392742423621166
pmid_n_atoms_on_plane + pstart_afs_bessel_mean,"pmid_n_atoms_on_plane,pstart_afs_bessel_mean","(88, 96)",2,-0.3040190855658591
pend_afs_bessel_std + pend_grdf_trig_std,"pend_afs_bessel_std,pend_grdf_trig_std","(30, 45)",2,-0.30425138857915257
pstart_afs_bessel_max + pstart_afs_gauss_mean,"pstart_afs_bessel_max,pstart_afs_gauss_mean","(95, 99)",2,-0.3042616436978387
kvec_z + pend_grdf_bessel_max,"kvec_z,pend_grdf_bessel_max","(22, 37)",2,-0.30445763201948955
pend_grdf_bessel_max + pline_grdf_gauss_std,"pend_grdf_bessel_max,pline_grdf_gauss_std","(37, 59)",2,-0.30448335682899774
pend_grdf_bessel_std + radius_mean,"pend_grdf_bessel_std,radius_mean","(39, 121)",2,-0.3045217391318606
pmid_grdf_gauss_mean + pmid_plane_mean_Z,"pmid_grdf_gauss_mean,pmid_plane_mean_Z","(83, 92)",2,-0.30466410282944556
ehull + pline_plane_max_Z,"ehull,pline_plane_max_Z","(7, 65)",2,-0.3046867102879697
pstart_afs_gauss_std + pstart_afs_trig_mean,"pstart_afs_gauss_std,pstart_afs_trig_mean","(100, 102)",2,-0.3048144642171139
pend_n_atoms_on_plane + pstart_afs_gauss_std,"pend_n_atoms_on_plane,pstart_afs_gauss_std","(46, 100)",2,-0.3048428402362853
kmid_frac_x + pstart_afs_trig_mean,"kmid_frac_x,pstart_afs_trig_mean","(12, 102)",2,-0.30488842916710795
pend_afs_bessel_std + pmid_grdf_bessel_mean,"pend_afs_bessel_std,pmid_grdf_bessel_mean","(30, 80)",2,-0.30494710017473325
pend_grdf_bessel_max + pline_plane_mean_Z,"pend_grdf_bessel_max,pline_plane_mean_Z","(37, 67)",2,-0.30495426196572495
pmid_afs_trig_max + pstart_afs_bessel_max,"pmid_afs_trig_max,pstart_afs_bessel_max","(76, 95)",2,-0.3049558268654109
E_pfrac_CBM + radius_mean,"E_pfrac_CBM,radius_mean","(0, 121)",2,-0.3051237096949994
pend_afs_bessel_max + pend_afs_gauss_max,"pend_afs_bessel_max,pend_afs_gauss_max","(28, 31)",2,-0.3051326962326569
pend_afs_trig_max + pmid_afs_gauss_max,"pend_afs_trig_max,pmid_afs_gauss_max","(34, 73)",2,-0.3051917041617124
kvec_y + pstart_afs_gauss_std,"kvec_y,pstart_afs_gauss_std","(21, 100)",2,-0.3052161251747746
mean_Z + pline_grdf_bessel_max,"mean_Z,pline_grdf_bessel_max","(26, 54)",2,-0.3052228052902931
band_binary + pmid_plane_sum_Z4,"band_binary,pmid_plane_sum_Z4","(5, 94)",2,-0.30522405394128355
pmid_afs_gauss_max + pmid_afs_trig_max,"pmid_afs_gauss_max,pmid_afs_trig_max","(73, 76)",2,-0.3052637434456781
plane_angle_deg + pstart_grdf_bessel_max,"plane_angle_deg,pstart_grdf_bessel_max","(53, 104)",2,-0.30538032437864404
plane_angle_deg + pstart_plane_sum_Z4,"plane_angle_deg,pstart_plane_sum_Z4","(53, 119)",2,-0.3055124502692838
pmid_grdf_bessel_max + pstart_grdf_gauss_max,"pmid_grdf_bessel_max,pstart_grdf_gauss_max","(79, 107)",2,-0.30559901420041624
max_Z + pend_plane_mean_mass,"max_Z,pend_plane_mean_mass","(23, 51)",2,-0.3056157792336943
max_Z4 + pend_plane_mean_mass,"max_Z4,pend_plane_mean_mass","(24, 51)",2,-0.3056157792336943
pend_plane_max_Z + pend_plane_mean_mass,"pend_plane_max_Z,pend_plane_mean_mass","(48, 51)",2,-0.3056157792336943
pend_grdf_gauss_mean + pstart_grdf_trig_std,"pend_grdf_gauss_mean,pstart_grdf_trig_std","(41, 112)",2,-0.30571539096026606
kvec_y + pmid_afs_bessel_std,"kvec_y,pmid_afs_bessel_std","(21, 72)",2,-0.3057649525726864
ehull + pstart_afs_gauss_max,"ehull,pstart_afs_gauss_max","(7, 98)",2,-0.30577939206377425
pstart_grdf_bessel_max + radius_mean,"pstart_grdf_bessel_max,radius_mean","(104, 121)",2,-0.3058630793731857
kmid_frac_y + pend_grdf_bessel_max,"kmid_frac_y,pend_grdf_bessel_max","(13, 37)",2,-0.3060900510634639
pend_afs_gauss_max + pstart_grdf_bessel_mean,"pend_afs_gauss_max,pstart_grdf_bessel_mean","(31, 105)",2,-0.30617576399850727
pend_grdf_gauss_std + pmid_grdf_bessel_max,"pend_grdf_gauss_std,pmid_grdf_bessel_max","(42, 79)",2,-0.30624948038914157
ehull + pline_plane_heavy_frac,"ehull,pline_plane_heavy_frac","(7, 64)",2,-0.30633144436167986
pend_afs_bessel_max + pline_plane_mean_Z,"pend_afs_bessel_max,pline_plane_mean_Z","(28, 67)",2,-0.30649077471659714
kmid_frac_x + pend_plane_mean_mass,"kmid_frac_x,pend_plane_mean_mass","(12, 51)",2,-0.30650770403667604
kvec_z + radius_mean,"kvec_z,radius_mean","(22, 121)",2,-0.3065893631994764
pline_plane_sum_Z4 + pmid_plane_mean_mass,"pline_plane_sum_Z4,pmid_plane_mean_mass","(69, 93)",2,-0.30662106437358483
pline_plane_sum_Z4 + pmid_plane_sum_Z4,"pline_plane_sum_Z4,pmid_plane_sum_Z4","(69, 94)",2,-0.3066802823366947
pend_afs_bessel_max + plane_angle_deg,"pend_afs_bessel_max,plane_angle_deg","(28, 53)",2,-0.30676869625122666
bandgap + pmid_plane_sum_Z4,"bandgap,pmid_plane_sum_Z4","(6, 94)",2,-0.3068336097519532
pend_plane_sum_Z4 + pline_plane_sum_Z4,"pend_plane_sum_Z4,pline_plane_sum_Z4","(52, 69)",2,-0.3070267355751369
pend_grdf_bessel_max + pline_plane_mean_mass,"pend_grdf_bessel_max,pline_plane_mean_mass","(37, 68)",2,-0.30707775779259566
pend_afs_bessel_max + pline_grdf_trig_mean,"pend_afs_bessel_max,pline_grdf_trig_mean","(28, 61)",2,-0.3070927180070785
pmid_afs_gauss_max + pmid_grdf_bessel_max,"pmid_afs_gauss_max,pmid_grdf_bessel_max","(73, 79)",2,-0.3071138321122412
kmid_frac_x + pstart_grdf_bessel_mean,"kmid_frac_x,pstart_grdf_bessel_mean","(12, 105)",2,-0.3072472052163747
X_diff + pstart_grdf_trig_std,"X_diff,pstart_grdf_trig_std","(3, 112)",2,-0.3072622835343473
pend_grdf_bessel_max + pline_plane_max_mass,"pend_grdf_bessel_max,pline_plane_max_mass","(37, 66)",2,-0.3073702696094546
pmid_plane_sum_Z4 + pstart_afs_bessel_max,"pmid_plane_sum_Z4,pstart_afs_bessel_max","(94, 95)",2,-0.3073728171209868
pend_plane_mean_Z + pline_plane_mean_Z,"pend_plane_mean_Z,pline_plane_mean_Z","(50, 67)",2,-0.3073955654958468
n_elements + pmid_plane_mean_mass,"n_elements,pmid_plane_mean_mass","(27, 93)",2,-0.307557876297611
pend_plane_sum_Z4 + plane_angle_deg,"pend_plane_sum_Z4,plane_angle_deg","(52, 53)",2,-0.3077023470259459
band_binary + pmid_plane_mean_Z,"band_binary,pmid_plane_mean_Z","(5, 92)",2,-0.30789115346417284
pstart_plane_mean_mass + radius_diff,"pstart_plane_mean_mass,radius_diff","(118, 120)",2,-0.30790411912787874
pline_grdf_bessel_mean + pstart_grdf_bessel_max,"pline_grdf_bessel_mean,pstart_grdf_bessel_max","(55, 104)",2,-0.3080982781153708
pend_grdf_trig_std + radius_mean,"pend_grdf_trig_std,radius_mean","(45, 121)",2,-0.3081153645453668
ehull + pend_plane_sum_Z4,"ehull,pend_plane_sum_Z4","(7, 52)",2,-0.3081177470807236
kend_frac_y + pstart_grdf_bessel_mean,"kend_frac_y,pstart_grdf_bessel_mean","(10, 105)",2,-0.3081536156749381
ehull + pline_plane_max_mass,"ehull,pline_plane_max_mass","(7, 66)",2,-0.3081863420520515
pmid_grdf_trig_std + pstart_afs_trig_max,"pmid_grdf_trig_std,pstart_afs_trig_max","(87, 101)",2,-0.30822086691978673
band_binary + pstart_plane_sum_Z4,"band_binary,pstart_plane_sum_Z4","(5, 119)",2,-0.30835799350108134
kvec_x + radius_diff,"kvec_x,radius_diff","(20, 120)",2,-0.3084668329610226
X_mean + pline_plane_mean_mass,"X_mean,pline_plane_mean_mass","(4, 68)",2,-0.308587976530171
n_elements + pmid_plane_sum_Z4,"n_elements,pmid_plane_sum_Z4","(27, 94)",2,-0.3085897793857804
pend_plane_mean_Z + pline_grdf_bessel_std,"pend_plane_mean_Z,pline_grdf_bessel_std","(50, 56)",2,-0.308682546105484
ehull + pmid_afs_trig_mean,"ehull,pmid_afs_trig_mean","(7, 77)",2,-0.3086878558149214
pmid_afs_bessel_std + pmid_grdf_trig_std,"pmid_afs_bessel_std,pmid_grdf_trig_std","(72, 87)",2,-0.3086949694206831
X_mean + pmid_afs_bessel_max,"X_mean,pmid_afs_bessel_max","(4, 70)",2,-0.3087437028846274
ehull + pline_grdf_trig_std,"ehull,pline_grdf_trig_std","(7, 62)",2,-0.3087569360748382
pmid_n_atoms_on_plane + pstart_grdf_gauss_mean,"pmid_n_atoms_on_plane,pstart_grdf_gauss_mean","(88, 108)",2,-0.3089506200521347
kvec_y + pline_grdf_trig_max,"kvec_y,pline_grdf_trig_max","(21, 60)",2,-0.30896852184848983
pend_grdf_trig_std + pstart_afs_trig_max,"pend_grdf_trig_std,pstart_afs_trig_max","(45, 101)",2,-0.3090350346212303
pstart_afs_bessel_max + pstart_plane_sum_Z4,"pstart_afs_bessel_max,pstart_plane_sum_Z4","(95, 119)",2,-0.30905246176314244
pstart_afs_bessel_max + pstart_grdf_bessel_std,"pstart_afs_bessel_max,pstart_grdf_bessel_std","(95, 106)",2,-0.3090747693460393
pmid_grdf_bessel_mean + pstart_grdf_bessel_std,"pmid_grdf_bessel_mean,pstart_grdf_bessel_std","(80, 106)",2,-0.30910696927487374
pmid_grdf_trig_std + pstart_grdf_trig_std,"pmid_grdf_trig_std,pstart_grdf_trig_std","(87, 112)",2,-0.3091214407288129
pend_grdf_gauss_mean + pline_plane_max_mass,"pend_grdf_gauss_mean,pline_plane_max_mass","(41, 66)",2,-0.30923837865394466
bandgap + pstart_grdf_gauss_std,"bandgap,pstart_grdf_gauss_std","(6, 109)",2,-0.3093714473606165
pend_grdf_trig_std + pstart_afs_bessel_max,"pend_grdf_trig_std,pstart_afs_bessel_max","(45, 95)",2,-0.3094188618712004
kstart_frac_y + pstart_grdf_bessel_max,"kstart_frac_y,pstart_grdf_bessel_max","(18, 104)",2,-0.30952381154875236
pline_grdf_gauss_mean + pstart_plane_sum_Z4,"pline_grdf_gauss_mean,pstart_plane_sum_Z4","(58, 119)",2,-0.30953605658965383
bandgap + pline_plane_sum_Z4,"bandgap,pline_plane_sum_Z4","(6, 69)",2,-0.3095547138349009
pend_afs_bessel_max + pline_grdf_gauss_max,"pend_afs_bessel_max,pline_grdf_gauss_max","(28, 57)",2,-0.30988255424416355
pend_grdf_gauss_mean + pmid_afs_bessel_max,"pend_grdf_gauss_mean,pmid_afs_bessel_max","(41, 70)",2,-0.31022503238229315
pend_afs_bessel_max + pmid_plane_max_Z,"pend_afs_bessel_max,pmid_plane_max_Z","(28, 90)",2,-0.3102933394678581
pend_afs_bessel_max + pend_plane_max_Z,"pend_afs_bessel_max,pend_plane_max_Z","(28, 48)",2,-0.3102933394678581
pend_afs_bessel_max + pstart_plane_max_Z,"pend_afs_bessel_max,pstart_plane_max_Z","(28, 115)",2,-0.3102933394678581
pend_afs_bessel_max + pline_plane_mean_mass,"pend_afs_bessel_max,pline_plane_mean_mass","(28, 68)",2,-0.31030911212445833
kend_frac_y + kvec_y,"kend_frac_y,kvec_y","(10, 21)",2,-0.31038563211124937
pline_grdf_trig_mean + radius_mean,"pline_grdf_trig_mean,radius_mean","(61, 121)",2,-0.3104827491989052
pend_n_atoms_on_plane + pend_plane_mean_mass,"pend_n_atoms_on_plane,pend_plane_mean_mass","(46, 51)",2,-0.31051068369743096
pmid_afs_bessel_max + pmid_grdf_bessel_std,"pmid_afs_bessel_max,pmid_grdf_bessel_std","(70, 81)",2,-0.3105519423440683
pend_plane_heavy_frac + pmid_grdf_gauss_mean,"pend_plane_heavy_frac,pmid_grdf_gauss_mean","(47, 83)",2,-0.3105631794612139
pmid_n_atoms_on_plane + pstart_afs_bessel_max,"pmid_n_atoms_on_plane,pstart_afs_bessel_max","(88, 95)",2,-0.31062119017053585
pline_grdf_gauss_mean + pmid_plane_sum_Z4,"pline_grdf_gauss_mean,pmid_plane_sum_Z4","(58, 94)",2,-0.3108387385829309
pend_plane_mean_mass + pstart_plane_heavy_frac,"pend_plane_mean_mass,pstart_plane_heavy_frac","(51, 114)",2,-0.31086172993073385
band_binary + bandgap,"band_binary,bandgap","(5, 6)",2,-0.3108791103261006
pend_plane_mean_mass + pmid_plane_heavy_frac,"pend_plane_mean_mass,pmid_plane_heavy_frac","(51, 89)",2,-0.31088430450536686
bandgap + pstart_grdf_trig_std,"bandgap,pstart_grdf_trig_std","(6, 112)",2,-0.3109239359567413
pline_grdf_bessel_max + pstart_grdf_bessel_mean,"pline_grdf_bessel_max,pstart_grdf_bessel_mean","(54, 105)",2,-0.3109290095830892
pend_grdf_bessel_mean + pstart_afs_bessel_mean,"pend_grdf_bessel_mean,pstart_afs_bessel_mean","(38, 96)",2,-0.31098310679210817
kvec_y + pstart_afs_trig_max,"kvec_y,pstart_afs_trig_max","(21, 101)",2,-0.311069147098467
n_elements + pend_afs_bessel_max,"n_elements,pend_afs_bessel_max","(27, 28)",2,-0.3111913116403324
X_mean + plane_angle_deg,"X_mean,plane_angle_deg","(4, 53)",2,-0.3112849446175135
radius_mean + sum_Z4,"radius_mean,sum_Z4","(121, 122)",2,-0.3112857292271337
pline_n_atoms_on_plane + radius_mean,"pline_n_atoms_on_plane,radius_mean","(63, 121)",2,-0.31135447173530484
plane_angle_deg + pmid_plane_sum_Z4,"plane_angle_deg,pmid_plane_sum_Z4","(53, 94)",2,-0.3113583333045581
kend_degen + pstart_grdf_bessel_mean,"kend_degen,pstart_grdf_bessel_mean","(8, 105)",2,-0.311526341865655
pend_afs_gauss_mean + pend_grdf_bessel_max,"pend_afs_gauss_mean,pend_grdf_bessel_max","(32, 37)",2,-0.31157943998610876
pstart_grdf_bessel_mean + sum_Z4,"pstart_grdf_bessel_mean,sum_Z4","(105, 122)",2,-0.31168743239285496
kpath_angle_deg + pstart_grdf_bessel_mean,"kpath_angle_deg,pstart_grdf_bessel_mean","(14, 105)",2,-0.31169837831696434
pstart_afs_gauss_max + pstart_grdf_bessel_mean,"pstart_afs_gauss_max,pstart_grdf_bessel_mean","(98, 105)",2,-0.3117471549967735
pend_plane_mean_Z + pmid_plane_heavy_frac,"pend_plane_mean_Z,pmid_plane_heavy_frac","(50, 89)",2,-0.31187026517080324
pline_grdf_gauss_max + pstart_afs_bessel_max,"pline_grdf_gauss_max,pstart_afs_bessel_max","(57, 95)",2,-0.31190427818867733
band_binary + pmid_afs_bessel_max,"band_binary,pmid_afs_bessel_max","(5, 70)",2,-0.3119817425175165
pline_grdf_bessel_max + pstart_plane_mean_mass,"pline_grdf_bessel_max,pstart_plane_mean_mass","(54, 118)",2,-0.31201258705887663
bandgap + kstart_frac_y,"bandgap,kstart_frac_y","(6, 18)",2,-0.31201837628018786
kvec_y + pend_grdf_trig_std,"kvec_y,pend_grdf_trig_std","(21, 45)",2,-0.3120688515580238
pline_plane_max_Z + pmid_plane_sum_Z4,"pline_plane_max_Z,pmid_plane_sum_Z4","(65, 94)",2,-0.31211253913673964
X_mean + pend_afs_gauss_max,"X_mean,pend_afs_gauss_max","(4, 31)",2,-0.31227726063306277
pmid_grdf_bessel_mean + pstart_grdf_gauss_mean,"pmid_grdf_bessel_mean,pstart_grdf_gauss_mean","(80, 108)",2,-0.31233552577802814
pend_afs_gauss_std + pend_n_atoms_on_plane,"pend_afs_gauss_std,pend_n_atoms_on_plane","(33, 46)",2,-0.3124413071766915
pend_grdf_bessel_max + pstart_plane_heavy_frac,"pend_grdf_bessel_max,pstart_plane_heavy_frac","(37, 114)",2,-0.31249288376977385
mean_Z + pend_grdf_gauss_mean,"mean_Z,pend_grdf_gauss_mean","(26, 41)",2,-0.312515202123823
pstart_afs_gauss_mean + pstart_afs_trig_max,"pstart_afs_gauss_mean,pstart_afs_trig_max","(99, 101)",2,-0.31265343852387045
pend_afs_bessel_max + pend_grdf_bessel_std,"pend_afs_bessel_max,pend_grdf_bessel_std","(28, 39)",2,-0.3130687221323024
pline_grdf_trig_max + radius_mean,"pline_grdf_trig_max,radius_mean","(60, 121)",2,-0.3131074201224454
pmid_grdf_gauss_mean + pmid_n_atoms_on_plane,"pmid_grdf_gauss_mean,pmid_n_atoms_on_plane","(83, 88)",2,-0.3131429361480641
kvec_y + sum_Z4,"kvec_y,sum_Z4","(21, 122)",2,-0.31321603290369493
pmid_grdf_gauss_max + radius_mean,"pmid_grdf_gauss_max,radius_mean","(82, 121)",2,-0.31326849222178266
band_binary + pstart_n_atoms_on_plane,"band_binary,pstart_n_atoms_on_plane","(5, 113)",2,-0.3134637866080162
kend_degen + pstart_n_atoms_on_plane,"kend_degen,pstart_n_atoms_on_plane","(8, 113)",2,-0.31353967724705506
pend_plane_sum_Z4 + pline_grdf_gauss_mean,"pend_plane_sum_Z4,pline_grdf_gauss_mean","(52, 58)",2,-0.3136849037033849
pline_grdf_gauss_mean + pstart_grdf_bessel_mean,"pline_grdf_gauss_mean,pstart_grdf_bessel_mean","(58, 105)",2,-0.3137108787355988
pline_plane_mean_mass + pmid_plane_mean_Z,"pline_plane_mean_mass,pmid_plane_mean_Z","(68, 92)",2,-0.3137417655634398
pmid_afs_trig_mean + pstart_afs_trig_max,"pmid_afs_trig_mean,pstart_afs_trig_max","(77, 101)",2,-0.3139091466725318
kinterior_degen + pmid_grdf_bessel_max,"kinterior_degen,pmid_grdf_bessel_max","(11, 79)",2,-0.3139718278830842
pend_plane_mean_Z + pline_plane_mean_mass,"pend_plane_mean_Z,pline_plane_mean_mass","(50, 68)",2,-0.31401220235658056
pend_grdf_bessel_max + pstart_grdf_gauss_mean,"pend_grdf_bessel_max,pstart_grdf_gauss_mean","(37, 108)",2,-0.3140259686881655
ehull + kend_frac_x,"ehull,kend_frac_x","(7, 9)",2,-0.3141388210671218
pend_afs_gauss_mean + pstart_afs_trig_max,"pend_afs_gauss_mean,pstart_afs_trig_max","(32, 101)",2,-0.31418335497540484
pend_grdf_bessel_mean + pstart_afs_gauss_mean,"pend_grdf_bessel_mean,pstart_afs_gauss_mean","(38, 99)",2,-0.3142463769496595
E_pfrac_VBM + pstart_grdf_trig_std,"E_pfrac_VBM,pstart_grdf_trig_std","(1, 112)",2,-0.31426948810208766
pend_afs_trig_max + pmid_afs_bessel_std,"pend_afs_trig_max,pmid_afs_bessel_std","(34, 72)",2,-0.31432833893552364
pline_n_atoms_on_plane + pstart_grdf_bessel_mean,"pline_n_atoms_on_plane,pstart_grdf_bessel_mean","(63, 105)",2,-0.314328375345749
pend_plane_sum_Z4 + pmid_n_atoms_on_plane,"pend_plane_sum_Z4,pmid_n_atoms_on_plane","(52, 88)",2,-0.3144902849952248
band_binary + pstart_grdf_bessel_mean,"band_binary,pstart_grdf_bessel_mean","(5, 105)",2,-0.31454022612078686
kstart_frac_x + pend_plane_mean_mass,"kstart_frac_x,pend_plane_mean_mass","(17, 51)",2,-0.3145546964138994
kend_frac_x + pstart_plane_sum_Z4,"kend_frac_x,pstart_plane_sum_Z4","(9, 119)",2,-0.31457434313978644
pmid_plane_mean_mass + pstart_afs_bessel_max,"pmid_plane_mean_mass,pstart_afs_bessel_max","(93, 95)",2,-0.31458278217451036
pstart_plane_mean_mass + sum_Z4,"pstart_plane_mean_mass,sum_Z4","(118, 122)",2,-0.31465357750281625
pend_plane_mean_Z + pline_grdf_gauss_std,"pend_plane_mean_Z,pline_grdf_gauss_std","(50, 59)",2,-0.31467170321303073
pend_afs_bessel_std + pmid_grdf_trig_std,"pend_afs_bessel_std,pmid_grdf_trig_std","(30, 87)",2,-0.31480825353822406
pend_afs_gauss_std + pstart_afs_trig_max,"pend_afs_gauss_std,pstart_afs_trig_max","(33, 101)",2,-0.3149148712095256
pend_grdf_gauss_mean + pline_grdf_gauss_max,"pend_grdf_gauss_mean,pline_grdf_gauss_max","(41, 57)",2,-0.3151177669513655
pend_plane_mean_Z + pline_grdf_gauss_mean,"pend_plane_mean_Z,pline_grdf_gauss_mean","(50, 58)",2,-0.315247113002674
pmid_afs_gauss_mean + pstart_afs_trig_mean,"pmid_afs_gauss_mean,pstart_afs_trig_mean","(74, 102)",2,-0.31527650328857126
pend_grdf_trig_std + pmid_afs_bessel_std,"pend_grdf_trig_std,pmid_afs_bessel_std","(45, 72)",2,-0.31550687285746637
kstart_frac_x + pmid_plane_mean_mass,"kstart_frac_x,pmid_plane_mean_mass","(17, 93)",2,-0.3155218530807409
kvec_z + pstart_afs_bessel_max,"kvec_z,pstart_afs_bessel_max","(22, 95)",2,-0.3155516665850332
X_diff + pstart_plane_sum_Z4,"X_diff,pstart_plane_sum_Z4","(3, 119)",2,-0.3157087755616207
pend_plane_mean_mass + pmid_n_atoms_on_plane,"pend_plane_mean_mass,pmid_n_atoms_on_plane","(51, 88)",2,-0.3157962046821381
pline_grdf_trig_std + pstart_grdf_bessel_mean,"pline_grdf_trig_std,pstart_grdf_bessel_mean","(62, 105)",2,-0.3159971379498642
pend_plane_mean_Z + pline_grdf_trig_std,"pend_plane_mean_Z,pline_grdf_trig_std","(50, 62)",2,-0.31602877487209946
kend_frac_y + pstart_afs_trig_mean,"kend_frac_y,pstart_afs_trig_mean","(10, 102)",2,-0.3160438539555738
kvec_x + pend_afs_trig_max,"kvec_x,pend_afs_trig_max","(20, 34)",2,-0.31604790627284307
band_binary + pend_grdf_bessel_max,"band_binary,pend_grdf_bessel_max","(5, 37)",2,-0.3162093751968292
X_diff + pmid_afs_bessel_max,"X_diff,pmid_afs_bessel_max","(3, 70)",2,-0.31622658634469475
pend_plane_mean_mass + pstart_afs_bessel_max,"pend_plane_mean_mass,pstart_afs_bessel_max","(51, 95)",2,-0.3164727495791942
plane_angle_deg + radius_mean,"plane_angle_deg,radius_mean","(53, 121)",2,-0.3166083111511025
kmid_frac_x + pmid_plane_sum_Z4,"kmid_frac_x,pmid_plane_sum_Z4","(12, 94)",2,-0.3167325666529779
pline_plane_max_Z + pmid_plane_mean_Z,"pline_plane_max_Z,pmid_plane_mean_Z","(65, 92)",2,-0.3169223280355621
pend_grdf_bessel_max + pline_grdf_gauss_mean,"pend_grdf_bessel_max,pline_grdf_gauss_mean","(37, 58)",2,-0.31695385554898897
pend_afs_bessel_max + pstart_grdf_bessel_max,"pend_afs_bessel_max,pstart_grdf_bessel_max","(28, 104)",2,-0.316976111343129
pend_afs_bessel_max + pline_grdf_bessel_max,"pend_afs_bessel_max,pline_grdf_bessel_max","(28, 54)",2,-0.3171104297501148
pmid_grdf_trig_std + pstart_afs_trig_mean,"pmid_grdf_trig_std,pstart_afs_trig_mean","(87, 102)",2,-0.317122307970829
E_pfrac_VBM + pmid_plane_mean_mass,"E_pfrac_VBM,pmid_plane_mean_mass","(1, 93)",2,-0.3171295869417926
pend_n_atoms_on_plane + pstart_afs_bessel_std,"pend_n_atoms_on_plane,pstart_afs_bessel_std","(46, 97)",2,-0.31738750266014853
kvec_y + max_Z4,"kvec_y,max_Z4","(21, 24)",2,-0.3174028208718519
kvec_y + max_Z,"kvec_y,max_Z","(21, 23)",2,-0.3174028208718519
kvec_y + pend_plane_max_Z,"kvec_y,pend_plane_max_Z","(21, 48)",2,-0.3174028208718519
kvec_y + pmid_plane_max_Z,"kvec_y,pmid_plane_max_Z","(21, 90)",2,-0.3174028208718519
kvec_y + pstart_plane_max_Z,"kvec_y,pstart_plane_max_Z","(21, 115)",2,-0.3174028208718519
pmid_afs_bessel_max + pmid_afs_trig_std,"pmid_afs_bessel_max,pmid_afs_trig_std","(70, 78)",2,-0.3175183581997612
ehull + pstart_grdf_trig_std,"ehull,pstart_grdf_trig_std","(7, 112)",2,-0.3176748233592964
radius_diff + radius_mean,"radius_diff,radius_mean","(120, 121)",2,-0.31769267820867786
pline_grdf_trig_std + pstart_plane_sum_Z4,"pline_grdf_trig_std,pstart_plane_sum_Z4","(62, 119)",2,-0.3177895242497829
kinterior_degen + pstart_grdf_bessel_mean,"kinterior_degen,pstart_grdf_bessel_mean","(11, 105)",2,-0.31781105005259047
kmid_frac_x + pend_plane_sum_Z4,"kmid_frac_x,pend_plane_sum_Z4","(12, 52)",2,-0.31801567367896444
pend_afs_bessel_max + pline_n_atoms_on_plane,"pend_afs_bessel_max,pline_n_atoms_on_plane","(28, 63)",2,-0.3180398865678497
X_mean + pstart_plane_mean_Z,"X_mean,pstart_plane_mean_Z","(4, 117)",2,-0.318136284261643
pline_plane_mean_Z + radius_mean,"pline_plane_mean_Z,radius_mean","(67, 121)",2,-0.3181420491793455
kvec_y + pstart_plane_max_mass,"kvec_y,pstart_plane_max_mass","(21, 116)",2,-0.31814630395983967
kvec_y + pend_plane_max_mass,"kvec_y,pend_plane_max_mass","(21, 49)",2,-0.31814630395983967
kvec_y + pmid_plane_max_mass,"kvec_y,pmid_plane_max_mass","(21, 91)",2,-0.31814630395983967
kvec_y + max_mass,"kvec_y,max_mass","(21, 25)",2,-0.31814630395983967
kstart_frac_y + pend_grdf_bessel_max,"kstart_frac_y,pend_grdf_bessel_max","(18, 37)",2,-0.3182133148105447
n_elements + pend_grdf_bessel_max,"n_elements,pend_grdf_bessel_max","(27, 37)",2,-0.31821826544428466
n_elements + pstart_afs_bessel_max,"n_elements,pstart_afs_bessel_max","(27, 95)",2,-0.31823682417805343
pstart_afs_trig_max + pstart_grdf_bessel_mean,"pstart_afs_trig_max,pstart_grdf_bessel_mean","(101, 105)",2,-0.3182413813774347
pend_afs_trig_max + pstart_plane_mean_mass,"pend_afs_trig_max,pstart_plane_mean_mass","(34, 118)",2,-0.3185105157227344
pend_afs_trig_mean + pend_grdf_bessel_mean,"pend_afs_trig_mean,pend_grdf_bessel_mean","(35, 38)",2,-0.3185800915182064
pend_grdf_gauss_max + pend_grdf_gauss_mean,"pend_grdf_gauss_max,pend_grdf_gauss_mean","(40, 41)",2,-0.31859845441044243
ehull + kmid_frac_y,"ehull,kmid_frac_y","(7, 13)",2,-0.3186759000205883
pend_plane_sum_Z4 + pline_grdf_trig_std,"pend_plane_sum_Z4,pline_grdf_trig_std","(52, 62)",2,-0.3186932975235404
pend_afs_bessel_max + pline_grdf_trig_max,"pend_afs_bessel_max,pline_grdf_trig_max","(28, 60)",2,-0.31870798020523905
kvec_x + pstart_grdf_bessel_max,"kvec_x,pstart_grdf_bessel_max","(20, 104)",2,-0.31875154373140807
bandgap + kstart_frac_x,"bandgap,kstart_frac_x","(6, 17)",2,-0.31877408143249253
pend_grdf_bessel_max + plane_angle_deg,"pend_grdf_bessel_max,plane_angle_deg","(37, 53)",2,-0.3188355011473603
kmid_frac_y + pend_grdf_gauss_mean,"kmid_frac_y,pend_grdf_gauss_mean","(13, 41)",2,-0.3188752266444126
pstart_afs_bessel_mean + pstart_n_atoms_on_plane,"pstart_afs_bessel_mean,pstart_n_atoms_on_plane","(96, 113)",2,-0.3191008450099519
ktotal_weight + pstart_grdf_bessel_mean,"ktotal_weight,pstart_grdf_bessel_mean","(19, 105)",2,-0.31914926056874915
bandgap + n_elements,"bandgap,n_elements","(6, 27)",2,-0.3191843722946733
pend_afs_bessel_max + pmid_afs_bessel_std,"pend_afs_bessel_max,pmid_afs_bessel_std","(28, 72)",2,-0.3192237380811938
pmid_afs_gauss_max + pmid_n_atoms_on_plane,"pmid_afs_gauss_max,pmid_n_atoms_on_plane","(73, 88)",2,-0.31927321523124375
pend_n_atoms_on_plane + pstart_grdf_trig_std,"pend_n_atoms_on_plane,pstart_grdf_trig_std","(46, 112)",2,-0.3193321454425635
pend_plane_mean_Z + pline_plane_max_mass,"pend_plane_mean_Z,pline_plane_max_mass","(50, 66)",2,-0.31941954527798777
X_mean + kmid_frac_y,"X_mean,kmid_frac_y","(4, 13)",2,-0.3194881899371496
ehull + pline_plane_sum_Z4,"ehull,pline_plane_sum_Z4","(7, 69)",2,-0.3194905602513722
pend_afs_bessel_max + pline_grdf_bessel_std,"pend_afs_bessel_max,pline_grdf_bessel_std","(28, 56)",2,-0.3195172627599847
pline_grdf_bessel_max + pmid_plane_mean_Z,"pline_grdf_bessel_max,pmid_plane_mean_Z","(54, 92)",2,-0.319640763658556
pmid_afs_gauss_max + pmid_grdf_bessel_mean,"pmid_afs_gauss_max,pmid_grdf_bessel_mean","(73, 80)",2,-0.3197715955728472
E_pfrac_CBM + pmid_afs_trig_max,"E_pfrac_CBM,pmid_afs_trig_max","(0, 76)",2,-0.31985203632255094
pstart_afs_trig_mean + pstart_plane_sum_Z4,"pstart_afs_trig_mean,pstart_plane_sum_Z4","(102, 119)",2,-0.31985216181153714
pline_plane_max_mass + pstart_afs_bessel_max,"pline_plane_max_mass,pstart_afs_bessel_max","(66, 95)",2,-0.31986097992653967
pmid_afs_gauss_max + pstart_afs_trig_mean,"pmid_afs_gauss_max,pstart_afs_trig_mean","(73, 102)",2,-0.3199190554016177
pend_grdf_bessel_max + pline_plane_max_Z,"pend_grdf_bessel_max,pline_plane_max_Z","(37, 65)",2,-0.32010516982097154
X_mean + pline_grdf_trig_std,"X_mean,pline_grdf_trig_std","(4, 62)",2,-0.32011756905525274
pend_plane_mean_Z + pline_plane_max_Z,"pend_plane_mean_Z,pline_plane_max_Z","(50, 65)",2,-0.3202254674579276
kvec_y + pline_grdf_trig_mean,"kvec_y,pline_grdf_trig_mean","(21, 61)",2,-0.32023185301846163
pline_plane_sum_Z4 + pstart_grdf_bessel_mean,"pline_plane_sum_Z4,pstart_grdf_bessel_mean","(69, 105)",2,-0.32028186879001525
kstart_degen + pend_afs_bessel_max,"kstart_degen,pend_afs_bessel_max","(16, 28)",2,-0.3203646468524874
kvec_y + pline_plane_heavy_frac,"kvec_y,pline_plane_heavy_frac","(21, 64)",2,-0.32039518105321496
pend_afs_bessel_std + pend_n_atoms_on_plane,"pend_afs_bessel_std,pend_n_atoms_on_plane","(30, 46)",2,-0.32042059139749224
pline_grdf_trig_mean + pstart_afs_bessel_max,"pline_grdf_trig_mean,pstart_afs_bessel_max","(61, 95)",2,-0.32043897450738323
pend_plane_max_mass + pmid_plane_mean_Z,"pend_plane_max_mass,pmid_plane_mean_Z","(49, 92)",2,-0.32061868304671615
max_mass + pmid_plane_mean_Z,"max_mass,pmid_plane_mean_Z","(25, 92)",2,-0.32061868304671615
pmid_plane_max_mass + pmid_plane_mean_Z,"pmid_plane_max_mass,pmid_plane_mean_Z","(91, 92)",2,-0.32061868304671615
kmid_frac_x + pmid_grdf_gauss_mean,"kmid_frac_x,pmid_grdf_gauss_mean","(12, 83)",2,-0.3206708852649581
pline_plane_mean_mass + pstart_grdf_bessel_mean,"pline_plane_mean_mass,pstart_grdf_bessel_mean","(68, 105)",2,-0.3207309173591855
X_mean + pstart_afs_gauss_std,"X_mean,pstart_afs_gauss_std","(4, 100)",2,-0.32099038940818697
pend_grdf_gauss_mean + pline_plane_mean_mass,"pend_grdf_gauss_mean,pline_plane_mean_mass","(41, 68)",2,-0.32099690022693184
pmid_afs_bessel_std + pstart_grdf_bessel_std,"pmid_afs_bessel_std,pstart_grdf_bessel_std","(72, 106)",2,-0.32124895455284735
kmid_frac_x + kvec_y,"kmid_frac_x,kvec_y","(12, 21)",2,-0.3213146139633209
pstart_afs_trig_mean + pstart_grdf_gauss_max,"pstart_afs_trig_mean,pstart_grdf_gauss_max","(102, 107)",2,-0.3213287262311142
pend_afs_bessel_max + pline_grdf_gauss_mean,"pend_afs_bessel_max,pline_grdf_gauss_mean","(28, 58)",2,-0.32134453399466095
pend_afs_bessel_max + pend_afs_bessel_std,"pend_afs_bessel_max,pend_afs_bessel_std","(28, 30)",2,-0.32144358970394216
kmid_frac_y + pmid_plane_sum_Z4,"kmid_frac_y,pmid_plane_sum_Z4","(13, 94)",2,-0.32151341928607813
kvec_x + pmid_plane_mean_Z,"kvec_x,pmid_plane_mean_Z","(20, 92)",2,-0.32160030244521015
pend_n_atoms_on_plane + pmid_afs_bessel_std,"pend_n_atoms_on_plane,pmid_afs_bessel_std","(46, 72)",2,-0.3217612397059225
X_mean + pend_afs_bessel_max,"X_mean,pend_afs_bessel_max","(4, 28)",2,-0.321772619252521
bandgap + kstart_degen,"bandgap,kstart_degen","(6, 16)",2,-0.32197440292409296
E_pfrac_VBM + pstart_plane_mean_mass,"E_pfrac_VBM,pstart_plane_mean_mass","(1, 118)",2,-0.32199823621009327
plane_angle_deg + pstart_grdf_bessel_mean,"plane_angle_deg,pstart_grdf_bessel_mean","(53, 105)",2,-0.3221795953068655
E_pfrac_VBM + pmid_plane_mean_Z,"E_pfrac_VBM,pmid_plane_mean_Z","(1, 92)",2,-0.32224165123372434
pmid_afs_bessel_max + pmid_plane_sum_Z4,"pmid_afs_bessel_max,pmid_plane_sum_Z4","(70, 94)",2,-0.3224568551660649
kstart_frac_x + pmid_plane_mean_Z,"kstart_frac_x,pmid_plane_mean_Z","(17, 92)",2,-0.32252700569900017
pmid_afs_gauss_std + pstart_afs_trig_max,"pmid_afs_gauss_std,pstart_afs_trig_max","(75, 101)",2,-0.32253900345678077
kinterior_degen + pmid_n_atoms_on_plane,"kinterior_degen,pmid_n_atoms_on_plane","(11, 88)",2,-0.32265136625829455
kpath_real_distance + pmid_plane_mean_Z,"kpath_real_distance,pmid_plane_mean_Z","(15, 92)",2,-0.3227542158550508
pstart_afs_gauss_max + pstart_grdf_gauss_std,"pstart_afs_gauss_max,pstart_grdf_gauss_std","(98, 109)",2,-0.3227697366413159
pmid_grdf_bessel_max + pstart_afs_bessel_std,"pmid_grdf_bessel_max,pstart_afs_bessel_std","(79, 97)",2,-0.3229040758784598
bandgap + pmid_afs_trig_max,"bandgap,pmid_afs_trig_max","(6, 76)",2,-0.3229607699771707
pstart_grdf_bessel_std + pstart_grdf_gauss_std,"pstart_grdf_bessel_std,pstart_grdf_gauss_std","(106, 109)",2,-0.3229817120574878
mean_Z + pmid_plane_mean_Z,"mean_Z,pmid_plane_mean_Z","(26, 92)",2,-0.3231341178647071
pline_grdf_bessel_max + pmid_plane_mean_mass,"pline_grdf_bessel_max,pmid_plane_mean_mass","(54, 93)",2,-0.323380984242401
pstart_afs_gauss_std + pstart_afs_trig_max,"pstart_afs_gauss_std,pstart_afs_trig_max","(100, 101)",2,-0.3234084276729927
pline_plane_max_mass + pstart_grdf_bessel_max,"pline_plane_max_mass,pstart_grdf_bessel_max","(66, 104)",2,-0.323591611851308
X_diff + pend_plane_sum_Z4,"X_diff,pend_plane_sum_Z4","(3, 52)",2,-0.3238291737307094
pend_afs_bessel_std + pend_grdf_bessel_mean,"pend_afs_bessel_std,pend_grdf_bessel_mean","(30, 38)",2,-0.323867817461417
pend_plane_mean_Z + pstart_plane_heavy_frac,"pend_plane_mean_Z,pstart_plane_heavy_frac","(50, 114)",2,-0.3239444532201784
pend_plane_sum_Z4 + pstart_afs_bessel_max,"pend_plane_sum_Z4,pstart_afs_bessel_max","(52, 95)",2,-0.32416413008972306
X_diff + pend_afs_gauss_std,"X_diff,pend_afs_gauss_std","(3, 33)",2,-0.32428727886929504
kend_frac_y + pmid_grdf_bessel_max,"kend_frac_y,pmid_grdf_bessel_max","(10, 79)",2,-0.32434632748663417
kvec_y + mean_Z,"kvec_y,mean_Z","(21, 26)",2,-0.32454148583420717
pmid_plane_mean_mass + pstart_grdf_gauss_std,"pmid_plane_mean_mass,pstart_grdf_gauss_std","(93, 109)",2,-0.3246249332124625
E_pfrac_VBM + pmid_grdf_bessel_max,"E_pfrac_VBM,pmid_grdf_bessel_max","(1, 79)",2,-0.32482468689331223
pmid_afs_trig_max + pmid_grdf_trig_std,"pmid_afs_trig_max,pmid_grdf_trig_std","(76, 87)",2,-0.32486916637018415
pend_afs_trig_std + radius_mean,"pend_afs_trig_std,radius_mean","(36, 121)",2,-0.32487796229223803
pmid_n_atoms_on_plane + pstart_grdf_bessel_std,"pmid_n_atoms_on_plane,pstart_grdf_bessel_std","(88, 106)",2,-0.32489316476026286
pend_afs_bessel_max + pmid_plane_sum_Z4,"pend_afs_bessel_max,pmid_plane_sum_Z4","(28, 94)",2,-0.3249383265850468
ehull + pend_plane_max_mass,"ehull,pend_plane_max_mass","(7, 49)",2,-0.3249537115659356
ehull + max_mass,"ehull,max_mass","(7, 25)",2,-0.3249537115659356
ehull + pmid_plane_max_mass,"ehull,pmid_plane_max_mass","(7, 91)",2,-0.3249537115659356
ehull + pstart_plane_max_mass,"ehull,pstart_plane_max_mass","(7, 116)",2,-0.3249537115659356
pend_plane_sum_Z4 + pline_grdf_bessel_mean,"pend_plane_sum_Z4,pline_grdf_bessel_mean","(52, 55)",2,-0.3249822863972746
mean_Z + pend_plane_mean_Z,"mean_Z,pend_plane_mean_Z","(26, 50)",2,-0.32506708348066393
kend_frac_x + pend_grdf_bessel_max,"kend_frac_x,pend_grdf_bessel_max","(9, 37)",2,-0.32518499261933403
kmid_frac_y + pend_plane_sum_Z4,"kmid_frac_y,pend_plane_sum_Z4","(13, 52)",2,-0.32518559600463814
pline_grdf_trig_std + pmid_plane_sum_Z4,"pline_grdf_trig_std,pmid_plane_sum_Z4","(62, 94)",2,-0.3252164767760029
pline_grdf_gauss_mean + radius_mean,"pline_grdf_gauss_mean,radius_mean","(58, 121)",2,-0.3252837458705954
kend_frac_x + pstart_grdf_bessel_mean,"kend_frac_x,pstart_grdf_bessel_mean","(9, 105)",2,-0.3252947113842283
pline_grdf_gauss_max + pmid_afs_bessel_max,"pline_grdf_gauss_max,pmid_afs_bessel_max","(57, 70)",2,-0.32529875981091216
pstart_n_atoms_on_plane + sum_Z4,"pstart_n_atoms_on_plane,sum_Z4","(113, 122)",2,-0.32534100847748393
pmid_plane_mean_mass + sum_Z4,"pmid_plane_mean_mass,sum_Z4","(93, 122)",2,-0.3253603376988561
pstart_plane_mean_Z + sum_Z4,"pstart_plane_mean_Z,sum_Z4","(117, 122)",2,-0.32536305506066
pend_grdf_trig_std + pstart_grdf_trig_std,"pend_grdf_trig_std,pstart_grdf_trig_std","(45, 112)",2,-0.3254301482638545
pend_afs_trig_max + pmid_grdf_gauss_mean,"pend_afs_trig_max,pmid_grdf_gauss_mean","(34, 83)",2,-0.32544533895080835
pend_grdf_bessel_mean + pmid_afs_bessel_std,"pend_grdf_bessel_mean,pmid_afs_bessel_std","(38, 72)",2,-0.32574554468258354
pstart_grdf_bessel_mean + radius_diff,"pstart_grdf_bessel_mean,radius_diff","(105, 120)",2,-0.3257592333455775
pmid_afs_trig_mean + pmid_grdf_bessel_mean,"pmid_afs_trig_mean,pmid_grdf_bessel_mean","(77, 80)",2,-0.32580477684179704
kvec_y + pline_grdf_bessel_std,"kvec_y,pline_grdf_bessel_std","(21, 56)",2,-0.32585332305429315
pend_afs_gauss_max + pend_n_atoms_on_plane,"pend_afs_gauss_max,pend_n_atoms_on_plane","(31, 46)",2,-0.3259175358798277
pend_afs_bessel_max + pline_grdf_gauss_std,"pend_afs_bessel_max,pline_grdf_gauss_std","(28, 59)",2,-0.326171419407571
pend_grdf_bessel_std + pend_n_atoms_on_plane,"pend_grdf_bessel_std,pend_n_atoms_on_plane","(39, 46)",2,-0.3263145036805866
pend_grdf_gauss_mean + pline_grdf_gauss_std,"pend_grdf_gauss_mean,pline_grdf_gauss_std","(41, 59)",2,-0.3264614774951005
band_binary + kvec_y,"band_binary,kvec_y","(5, 21)",2,-0.32647286945116644
E_pfrac_CBM + pstart_grdf_gauss_mean,"E_pfrac_CBM,pstart_grdf_gauss_mean","(0, 108)",2,-0.326768931177653
n_elements + radius_mean,"n_elements,radius_mean","(27, 121)",2,-0.3268482484976519
mean_Z + radius_mean,"mean_Z,radius_mean","(26, 121)",2,-0.32696892641678676
kstart_frac_y + pstart_plane_sum_Z4,"kstart_frac_y,pstart_plane_sum_Z4","(18, 119)",2,-0.327015244714708
kpath_real_distance + pstart_afs_trig_max,"kpath_real_distance,pstart_afs_trig_max","(15, 101)",2,-0.3270280505419211
pend_grdf_bessel_mean + pstart_grdf_gauss_mean,"pend_grdf_bessel_mean,pstart_grdf_gauss_mean","(38, 108)",2,-0.32708445531347363
pend_afs_bessel_max + pmid_grdf_trig_std,"pend_afs_bessel_max,pmid_grdf_trig_std","(28, 87)",2,-0.3270967342270687
plane_angle_deg + pstart_afs_bessel_max,"plane_angle_deg,pstart_afs_bessel_max","(53, 95)",2,-0.32710442800388334
pend_plane_mean_Z + pstart_afs_bessel_std,"pend_plane_mean_Z,pstart_afs_bessel_std","(50, 97)",2,-0.3271048426772344
pline_grdf_gauss_max + radius_mean,"pline_grdf_gauss_max,radius_mean","(57, 121)",2,-0.32710762868950205
pline_plane_heavy_frac + pstart_afs_bessel_max,"pline_plane_heavy_frac,pstart_afs_bessel_max","(64, 95)",2,-0.3271822091306735
pend_afs_gauss_mean + pmid_afs_bessel_max,"pend_afs_gauss_mean,pmid_afs_bessel_max","(32, 70)",2,-0.3272074161265394
n_elements + pmid_plane_mean_Z,"n_elements,pmid_plane_mean_Z","(27, 92)",2,-0.32725459759114395
pstart_grdf_gauss_std + pstart_plane_mean_Z,"pstart_grdf_gauss_std,pstart_plane_mean_Z","(109, 117)",2,-0.32768992705604133
bandgap + kvec_x,"bandgap,kvec_x","(6, 20)",2,-0.3277619256780021
pend_afs_trig_mean + pstart_afs_bessel_max,"pend_afs_trig_mean,pstart_afs_bessel_max","(35, 95)",2,-0.32777895917578287
pend_afs_bessel_max + pline_plane_max_Z,"pend_afs_bessel_max,pline_plane_max_Z","(28, 65)",2,-0.328249211267451
kstart_degen + pstart_plane_sum_Z4,"kstart_degen,pstart_plane_sum_Z4","(16, 119)",2,-0.3282702225279766
pstart_grdf_trig_std + pstart_plane_mean_mass,"pstart_grdf_trig_std,pstart_plane_mean_mass","(112, 118)",2,-0.3282805489666505
kvec_x + pstart_afs_bessel_max,"kvec_x,pstart_afs_bessel_max","(20, 95)",2,-0.3282867887159376
pline_plane_max_Z + pstart_afs_bessel_max,"pline_plane_max_Z,pstart_afs_bessel_max","(65, 95)",2,-0.3284095271702462
pline_grdf_bessel_max + pmid_plane_sum_Z4,"pline_grdf_bessel_max,pmid_plane_sum_Z4","(54, 94)",2,-0.32854578353624725
pline_n_atoms_on_plane + pstart_afs_bessel_max,"pline_n_atoms_on_plane,pstart_afs_bessel_max","(63, 95)",2,-0.3286497560242193
ehull + pstart_plane_mean_mass,"ehull,pstart_plane_mean_mass","(7, 118)",2,-0.3286545682870151
E_pfrac_VBM + pstart_afs_bessel_std,"E_pfrac_VBM,pstart_afs_bessel_std","(1, 97)",2,-0.3287223206771377
pend_grdf_gauss_mean + pstart_plane_mean_mass,"pend_grdf_gauss_mean,pstart_plane_mean_mass","(41, 118)",2,-0.3287240376495197
pstart_afs_gauss_max + pstart_grdf_bessel_std,"pstart_afs_gauss_max,pstart_grdf_bessel_std","(98, 106)",2,-0.32878350087383174
X_mean + kstart_frac_y,"X_mean,kstart_frac_y","(4, 18)",2,-0.3289166814336384
kstart_degen + pmid_plane_mean_Z,"kstart_degen,pmid_plane_mean_Z","(16, 92)",2,-0.3289812031130196
kmid_frac_y + pstart_grdf_bessel_mean,"kmid_frac_y,pstart_grdf_bessel_mean","(13, 105)",2,-0.3290110776046044
band_binary + pend_plane_mean_Z,"band_binary,pend_plane_mean_Z","(5, 50)",2,-0.3290315235893269
pend_grdf_gauss_mean + pline_plane_max_Z,"pend_grdf_gauss_mean,pline_plane_max_Z","(41, 65)",2,-0.32904397243457784
pend_grdf_trig_std + pstart_afs_bessel_std,"pend_grdf_trig_std,pstart_afs_bessel_std","(45, 97)",2,-0.32928359119242034
pend_grdf_gauss_mean + pstart_plane_mean_Z,"pend_grdf_gauss_mean,pstart_plane_mean_Z","(41, 117)",2,-0.32935598642663166
pline_grdf_trig_max + pmid_grdf_bessel_max,"pline_grdf_trig_max,pmid_grdf_bessel_max","(60, 79)",2,-0.3294477557461043
pmid_afs_bessel_max + pmid_afs_trig_max,"pmid_afs_bessel_max,pmid_afs_trig_max","(70, 76)",2,-0.3295481990265029
mean_Z + pstart_plane_mean_mass,"mean_Z,pstart_plane_mean_mass","(26, 118)",2,-0.3296296422624286
pline_grdf_trig_mean + pmid_grdf_bessel_max,"pline_grdf_trig_mean,pmid_grdf_bessel_max","(61, 79)",2,-0.32964544870974916
pline_grdf_gauss_mean + pstart_afs_bessel_max,"pline_grdf_gauss_mean,pstart_afs_bessel_max","(58, 95)",2,-0.3296822771389468
n_elements + pend_plane_sum_Z4,"n_elements,pend_plane_sum_Z4","(27, 52)",2,-0.32975228860072253
pline_grdf_bessel_max + pstart_plane_sum_Z4,"pline_grdf_bessel_max,pstart_plane_sum_Z4","(54, 119)",2,-0.3298656689249327
kstart_degen + pend_grdf_bessel_max,"kstart_degen,pend_grdf_bessel_max","(16, 37)",2,-0.3298822554133886
pmid_grdf_trig_std + pstart_afs_bessel_std,"pmid_grdf_trig_std,pstart_afs_bessel_std","(87, 97)",2,-0.3298956701436052
pend_grdf_gauss_max + pmid_grdf_bessel_max,"pend_grdf_gauss_max,pmid_grdf_bessel_max","(40, 79)",2,-0.32990345084709194
band_binary + ehull,"band_binary,ehull","(5, 7)",2,-0.33009708980101193
pline_grdf_bessel_std + radius_mean,"pline_grdf_bessel_std,radius_mean","(56, 121)",2,-0.33024429319284127
mean_Z + pstart_grdf_bessel_max,"mean_Z,pstart_grdf_bessel_max","(26, 104)",2,-0.3304347376206348
kstart_frac_x + pstart_plane_sum_Z4,"kstart_frac_x,pstart_plane_sum_Z4","(17, 119)",2,-0.330641759430164
pline_grdf_bessel_max + pstart_grdf_bessel_max,"pline_grdf_bessel_max,pstart_grdf_bessel_max","(54, 104)",2,-0.3306885691554942
kvec_z + pmid_grdf_bessel_max,"kvec_z,pmid_grdf_bessel_max","(22, 79)",2,-0.3307159102396796
pline_grdf_bessel_mean + pstart_plane_sum_Z4,"pline_grdf_bessel_mean,pstart_plane_sum_Z4","(55, 119)",2,-0.33073606531456795
pstart_afs_bessel_max + pstart_afs_gauss_max,"pstart_afs_bessel_max,pstart_afs_gauss_max","(95, 98)",2,-0.3307622430524488
X_diff + pmid_plane_sum_Z4,"X_diff,pmid_plane_sum_Z4","(3, 94)",2,-0.33078415459204
kstart_frac_y + pstart_grdf_bessel_mean,"kstart_frac_y,pstart_grdf_bessel_mean","(18, 105)",2,-0.3308236594361911
pend_afs_bessel_max + pend_grdf_bessel_max,"pend_afs_bessel_max,pend_grdf_bessel_max","(28, 37)",2,-0.33085892971605946
pstart_plane_sum_Z4 + radius_diff,"pstart_plane_sum_Z4,radius_diff","(119, 120)",2,-0.33097717768530266
kmid_frac_x + pstart_n_atoms_on_plane,"kmid_frac_x,pstart_n_atoms_on_plane","(12, 113)",2,-0.33108417084676767
kmid_frac_x + pend_grdf_bessel_max,"kmid_frac_x,pend_grdf_bessel_max","(12, 37)",2,-0.3311493291995948
pend_afs_bessel_std + pstart_n_atoms_on_plane,"pend_afs_bessel_std,pstart_n_atoms_on_plane","(30, 113)",2,-0.33123611359899224
kstart_degen + radius_mean,"kstart_degen,radius_mean","(16, 121)",2,-0.3314051101066348
pend_plane_mean_mass + pline_plane_sum_Z4,"pend_plane_mean_mass,pline_plane_sum_Z4","(51, 69)",2,-0.33141023063477915
E_pfrac_CBM + pstart_grdf_gauss_max,"E_pfrac_CBM,pstart_grdf_gauss_max","(0, 107)",2,-0.3314382747177009
ktotal_weight + pmid_grdf_bessel_max,"ktotal_weight,pmid_grdf_bessel_max","(19, 79)",2,-0.3315604958435716
pstart_grdf_bessel_mean + pstart_plane_max_mass,"pstart_grdf_bessel_mean,pstart_plane_max_mass","(105, 116)",2,-0.3316277279970513
pline_grdf_gauss_max + pmid_grdf_bessel_max,"pline_grdf_gauss_max,pmid_grdf_bessel_max","(57, 79)",2,-0.3319179165769669
pend_afs_bessel_max + pmid_plane_max_mass,"pend_afs_bessel_max,pmid_plane_max_mass","(28, 91)",2,-0.33217338481664976
pend_afs_bessel_max + pstart_plane_max_mass,"pend_afs_bessel_max,pstart_plane_max_mass","(28, 116)",2,-0.33217338481664976
pend_afs_bessel_max + pend_plane_max_mass,"pend_afs_bessel_max,pend_plane_max_mass","(28, 49)",2,-0.33217338481664976
max_Z4 + pend_afs_bessel_max,"max_Z4,pend_afs_bessel_max","(24, 28)",2,-0.33219663510498626
max_Z + pend_afs_bessel_max,"max_Z,pend_afs_bessel_max","(23, 28)",2,-0.33219663510498626
pline_plane_heavy_frac + pmid_afs_bessel_max,"pline_plane_heavy_frac,pmid_afs_bessel_max","(64, 70)",2,-0.3323658136637905
n_elements + pstart_grdf_bessel_mean,"n_elements,pstart_grdf_bessel_mean","(27, 105)",2,-0.3324419791563662
kend_frac_x + pstart_afs_trig_mean,"kend_frac_x,pstart_afs_trig_mean","(9, 102)",2,-0.3325283046720361
X_mean + pmid_grdf_gauss_mean,"X_mean,pmid_grdf_gauss_mean","(4, 83)",2,-0.332633229552372
band_binary + pend_plane_sum_Z4,"band_binary,pend_plane_sum_Z4","(5, 52)",2,-0.3327067945216275
kend_frac_x + pmid_plane_sum_Z4,"kend_frac_x,pmid_plane_sum_Z4","(9, 94)",2,-0.33276982096226154
kpath_real_distance + pend_afs_bessel_max,"kpath_real_distance,pend_afs_bessel_max","(15, 28)",2,-0.3327874174160472
pstart_afs_bessel_max + pstart_grdf_trig_std,"pstart_afs_bessel_max,pstart_grdf_trig_std","(95, 112)",2,-0.3328659043269171
pend_grdf_bessel_mean + pstart_afs_gauss_std,"pend_grdf_bessel_mean,pstart_afs_gauss_std","(38, 100)",2,-0.3328718727378122
pend_afs_gauss_max + pmid_afs_bessel_max,"pend_afs_gauss_max,pmid_afs_bessel_max","(31, 70)",2,-0.3328740345766935
pline_plane_mean_mass + radius_mean,"pline_plane_mean_mass,radius_mean","(68, 121)",2,-0.3328866709397114
kmid_frac_y + pmid_grdf_bessel_max,"kmid_frac_y,pmid_grdf_bessel_max","(13, 79)",2,-0.3329852312848748
pmid_grdf_gauss_max + pstart_n_atoms_on_plane,"pmid_grdf_gauss_max,pstart_n_atoms_on_plane","(82, 113)",2,-0.3330250607083255
X_mean + kmid_frac_x,"X_mean,kmid_frac_x","(4, 12)",2,-0.3330713413681267
E_pfrac_CBM + pmid_plane_mean_mass,"E_pfrac_CBM,pmid_plane_mean_mass","(0, 93)",2,-0.3333474780226596
pline_grdf_gauss_mean + pmid_afs_bessel_max,"pline_grdf_gauss_mean,pmid_afs_bessel_max","(58, 70)",2,-0.33352636895119653
mean_Z + pend_afs_bessel_max,"mean_Z,pend_afs_bessel_max","(26, 28)",2,-0.3336426595019091
kvec_y + pend_afs_trig_mean,"kvec_y,pend_afs_trig_mean","(21, 35)",2,-0.3337189241122954
pmid_grdf_gauss_mean + pstart_plane_heavy_frac,"pmid_grdf_gauss_mean,pstart_plane_heavy_frac","(83, 114)",2,-0.3337239000091081
X_mean + pline_grdf_gauss_mean,"X_mean,pline_grdf_gauss_mean","(4, 58)",2,-0.3337735423486605
bandgap + pmid_afs_gauss_max,"bandgap,pmid_afs_gauss_max","(6, 73)",2,-0.3338535460291995
pend_afs_bessel_std + pmid_afs_bessel_max,"pend_afs_bessel_std,pmid_afs_bessel_max","(30, 70)",2,-0.3339978566948948
kstart_degen + pmid_plane_sum_Z4,"kstart_degen,pmid_plane_sum_Z4","(16, 94)",2,-0.33402180834968104
pend_afs_gauss_max + pmid_grdf_bessel_max,"pend_afs_gauss_max,pmid_grdf_bessel_max","(31, 79)",2,-0.33403683063634804
pend_grdf_gauss_mean + pend_plane_mean_mass,"pend_grdf_gauss_mean,pend_plane_mean_mass","(41, 51)",2,-0.3341073243833431
kstart_frac_x + pend_afs_bessel_max,"kstart_frac_x,pend_afs_bessel_max","(17, 28)",2,-0.3342288479205445
pend_n_atoms_on_plane + pmid_n_atoms_on_plane,"pend_n_atoms_on_plane,pmid_n_atoms_on_plane","(46, 88)",2,-0.33423235878732893
bandgap + mean_Z,"bandgap,mean_Z","(6, 26)",2,-0.3344203696982431
pend_plane_mean_Z + pmid_n_atoms_on_plane,"pend_plane_mean_Z,pmid_n_atoms_on_plane","(50, 88)",2,-0.3345383448758155
pend_grdf_gauss_mean + pline_grdf_trig_std,"pend_grdf_gauss_mean,pline_grdf_trig_std","(41, 62)",2,-0.3345426257427778
pline_plane_mean_mass + pstart_grdf_bessel_max,"pline_plane_mean_mass,pstart_grdf_bessel_max","(68, 104)",2,-0.3346917265546564
pend_afs_bessel_max + pstart_plane_sum_Z4,"pend_afs_bessel_max,pstart_plane_sum_Z4","(28, 119)",2,-0.3347025042193584
pend_grdf_bessel_mean + pstart_grdf_gauss_max,"pend_grdf_bessel_mean,pstart_grdf_gauss_max","(38, 107)",2,-0.33484772774260885
pline_grdf_bessel_mean + pstart_plane_mean_mass,"pline_grdf_bessel_mean,pstart_plane_mean_mass","(55, 118)",2,-0.3350695657762401
kstart_frac_y + pmid_plane_sum_Z4,"kstart_frac_y,pmid_plane_sum_Z4","(18, 94)",2,-0.33514749130807464
kstart_frac_y + pend_plane_mean_Z,"kstart_frac_y,pend_plane_mean_Z","(18, 50)",2,-0.33518185137756273
pmid_grdf_bessel_mean + pstart_grdf_gauss_std,"pmid_grdf_bessel_mean,pstart_grdf_gauss_std","(80, 109)",2,-0.33523490803677325
kend_frac_x + pend_grdf_gauss_mean,"kend_frac_x,pend_grdf_gauss_mean","(9, 41)",2,-0.3352413960417435
ktotal_weight + radius_mean,"ktotal_weight,radius_mean","(19, 121)",2,-0.335289887137561
pend_afs_bessel_max + pstart_grdf_trig_std,"pend_afs_bessel_max,pstart_grdf_trig_std","(28, 112)",2,-0.3353031186971811
pstart_afs_gauss_std + pstart_plane_heavy_frac,"pstart_afs_gauss_std,pstart_plane_heavy_frac","(100, 114)",2,-0.3353147878892342
pend_grdf_bessel_max + pmid_grdf_gauss_mean,"pend_grdf_bessel_max,pmid_grdf_gauss_mean","(37, 83)",2,-0.3353198276746611
kstart_frac_y + pmid_plane_mean_Z,"kstart_frac_y,pmid_plane_mean_Z","(18, 92)",2,-0.3353767451356443
bandgap + pstart_afs_bessel_mean,"bandgap,pstart_afs_bessel_mean","(6, 96)",2,-0.3353966622954749
kstart_frac_x + radius_mean,"kstart_frac_x,radius_mean","(17, 121)",2,-0.3354431359728219
pend_grdf_trig_std + pstart_afs_trig_mean,"pend_grdf_trig_std,pstart_afs_trig_mean","(45, 102)",2,-0.3355134556052024
pend_afs_bessel_max + pline_plane_max_mass,"pend_afs_bessel_max,pline_plane_max_mass","(28, 66)",2,-0.33564356018418073
pline_grdf_bessel_mean + pmid_plane_sum_Z4,"pline_grdf_bessel_mean,pmid_plane_sum_Z4","(55, 94)",2,-0.3357016466315656
max_Z + pmid_plane_mean_Z,"max_Z,pmid_plane_mean_Z","(23, 92)",2,-0.3357799474059194
pmid_plane_max_Z + pmid_plane_mean_Z,"pmid_plane_max_Z,pmid_plane_mean_Z","(90, 92)",2,-0.3357799474059194
pend_plane_max_Z + pmid_plane_mean_Z,"pend_plane_max_Z,pmid_plane_mean_Z","(48, 92)",2,-0.3357799474059194
max_Z4 + pmid_plane_mean_Z,"max_Z4,pmid_plane_mean_Z","(24, 92)",2,-0.3357799474059194
ehull + kvec_z,"ehull,kvec_z","(7, 22)",2,-0.33584194034737097
E_pfrac_VBM + pend_grdf_bessel_max,"E_pfrac_VBM,pend_grdf_bessel_max","(1, 37)",2,-0.33602631455889787
pend_n_atoms_on_plane + pstart_grdf_bessel_mean,"pend_n_atoms_on_plane,pstart_grdf_bessel_mean","(46, 105)",2,-0.33610781584251603
kstart_degen + pend_plane_sum_Z4,"kstart_degen,pend_plane_sum_Z4","(16, 52)",2,-0.33615536867408735
pend_grdf_gauss_mean + plane_angle_deg,"pend_grdf_gauss_mean,plane_angle_deg","(41, 53)",2,-0.33630201056413345
bandgap + pstart_afs_bessel_std,"bandgap,pstart_afs_bessel_std","(6, 97)",2,-0.33635001972679973
pline_plane_mean_Z + pmid_afs_bessel_max,"pline_plane_mean_Z,pmid_afs_bessel_max","(67, 70)",2,-0.3363502548113376
pend_plane_sum_Z4 + pline_grdf_bessel_max,"pend_plane_sum_Z4,pline_grdf_bessel_max","(52, 54)",2,-0.3364236094639152
pmid_afs_bessel_max + pstart_grdf_bessel_std,"pmid_afs_bessel_max,pstart_grdf_bessel_std","(70, 106)",2,-0.3364719007620566
pend_afs_gauss_mean + pmid_afs_trig_max,"pend_afs_gauss_mean,pmid_afs_trig_max","(32, 76)",2,-0.33662172599292434
kvec_y + pmid_plane_mean_Z,"kvec_y,pmid_plane_mean_Z","(21, 92)",2,-0.3367782055426046
pline_plane_sum_Z4 + pstart_afs_bessel_max,"pline_plane_sum_Z4,pstart_afs_bessel_max","(69, 95)",2,-0.33688700575123487
pend_grdf_gauss_mean + pline_plane_sum_Z4,"pend_grdf_gauss_mean,pline_plane_sum_Z4","(41, 69)",2,-0.3369912560770862
kmid_frac_y + pmid_afs_bessel_max,"kmid_frac_y,pmid_afs_bessel_max","(13, 70)",2,-0.3370158740191771
pend_afs_bessel_max + pstart_n_atoms_on_plane,"pend_afs_bessel_max,pstart_n_atoms_on_plane","(28, 113)",2,-0.3370293018940986
pmid_afs_trig_mean + pstart_afs_bessel_max,"pmid_afs_trig_mean,pstart_afs_bessel_max","(77, 95)",2,-0.3372087646171257
pline_plane_mean_Z + pstart_afs_bessel_max,"pline_plane_mean_Z,pstart_afs_bessel_max","(67, 95)",2,-0.3372502859215825
kvec_y + kvec_z,"kvec_y,kvec_z","(21, 22)",2,-0.3372962815375848
pmid_n_atoms_on_plane + pstart_grdf_trig_std,"pmid_n_atoms_on_plane,pstart_grdf_trig_std","(88, 112)",2,-0.3373676030718229
kpath_real_distance + pstart_plane_mean_mass,"kpath_real_distance,pstart_plane_mean_mass","(15, 118)",2,-0.3374497738917025
bandgap + pend_plane_sum_Z4,"bandgap,pend_plane_sum_Z4","(6, 52)",2,-0.3375403284063513
kvec_z + pmid_afs_bessel_max,"kvec_z,pmid_afs_bessel_max","(22, 70)",2,-0.3375533063711311
pmid_grdf_bessel_mean + pstart_plane_heavy_frac,"pmid_grdf_bessel_mean,pstart_plane_heavy_frac","(80, 114)",2,-0.33756077336516277
pline_grdf_bessel_mean + pmid_plane_mean_Z,"pline_grdf_bessel_mean,pmid_plane_mean_Z","(55, 92)",2,-0.3376003748249356
pend_grdf_bessel_max + pline_plane_sum_Z4,"pend_grdf_bessel_max,pline_plane_sum_Z4","(37, 69)",2,-0.3376120365426819
kstart_frac_x + pmid_plane_sum_Z4,"kstart_frac_x,pmid_plane_sum_Z4","(17, 94)",2,-0.3377199258309452
ehull + pstart_afs_bessel_max,"ehull,pstart_afs_bessel_max","(7, 95)",2,-0.33773227423675245
pline_grdf_gauss_max + pstart_n_atoms_on_plane,"pline_grdf_gauss_max,pstart_n_atoms_on_plane","(57, 113)",2,-0.3380188945778969
kstart_frac_x + pend_plane_mean_Z,"kstart_frac_x,pend_plane_mean_Z","(17, 50)",2,-0.3380309898824628
pmid_plane_mean_Z + pstart_plane_max_mass,"pmid_plane_mean_Z,pstart_plane_max_mass","(92, 116)",2,-0.33804471290789345
E_pfrac_CBM + pend_grdf_gauss_max,"E_pfrac_CBM,pend_grdf_gauss_max","(0, 40)",2,-0.3380498562329163
pstart_afs_bessel_max + pstart_plane_max_Z,"pstart_afs_bessel_max,pstart_plane_max_Z","(95, 115)",2,-0.3381455320879834
pend_plane_mean_Z + pmid_grdf_gauss_mean,"pend_plane_mean_Z,pmid_grdf_gauss_mean","(50, 83)",2,-0.33820615604604065
pline_plane_sum_Z4 + pmid_plane_mean_Z,"pline_plane_sum_Z4,pmid_plane_mean_Z","(69, 92)",2,-0.3383532367944245
E_pfrac_CBM + bandgap,"E_pfrac_CBM,bandgap","(0, 6)",2,-0.3383840375104626
pline_grdf_bessel_std + pstart_n_atoms_on_plane,"pline_grdf_bessel_std,pstart_n_atoms_on_plane","(56, 113)",2,-0.33840358601565235
pmid_grdf_gauss_mean + pmid_plane_mean_mass,"pmid_grdf_gauss_mean,pmid_plane_mean_mass","(83, 93)",2,-0.338523006031245
pend_afs_trig_max + pmid_afs_gauss_std,"pend_afs_trig_max,pmid_afs_gauss_std","(34, 75)",2,-0.33860045658469384
pend_afs_gauss_max + pmid_n_atoms_on_plane,"pend_afs_gauss_max,pmid_n_atoms_on_plane","(31, 88)",2,-0.3389166291083879
pend_grdf_bessel_mean + pstart_grdf_bessel_std,"pend_grdf_bessel_mean,pstart_grdf_bessel_std","(38, 106)",2,-0.3389407833382906
pstart_grdf_bessel_max + sum_Z4,"pstart_grdf_bessel_max,sum_Z4","(104, 122)",2,-0.33898570882319456
ktotal_weight + pmid_n_atoms_on_plane,"ktotal_weight,pmid_n_atoms_on_plane","(19, 88)",2,-0.33910257769738567
pline_plane_mean_mass + pstart_afs_bessel_max,"pline_plane_mean_mass,pstart_afs_bessel_max","(68, 95)",2,-0.33912365283873147
pend_afs_bessel_max + pline_grdf_bessel_mean,"pend_afs_bessel_max,pline_grdf_bessel_mean","(28, 55)",2,-0.33934042797480246
X_mean + pline_plane_sum_Z4,"X_mean,pline_plane_sum_Z4","(4, 69)",2,-0.3393532002439995
pend_plane_mean_mass + sum_Z4,"pend_plane_mean_mass,sum_Z4","(51, 122)",2,-0.3394038473516835
kinterior_degen + radius_mean,"kinterior_degen,radius_mean","(11, 121)",2,-0.3395334358457132
bandgap + pend_afs_bessel_mean,"bandgap,pend_afs_bessel_mean","(6, 29)",2,-0.33966333218478445
pline_plane_heavy_frac + pmid_grdf_bessel_max,"pline_plane_heavy_frac,pmid_grdf_bessel_max","(64, 79)",2,-0.3398808390393833
pend_afs_bessel_max + pend_afs_trig_max,"pend_afs_bessel_max,pend_afs_trig_max","(28, 34)",2,-0.34003317698024105
pmid_grdf_gauss_std + radius_mean,"pmid_grdf_gauss_std,radius_mean","(84, 121)",2,-0.340066351038541
pstart_afs_trig_std + radius_mean,"pstart_afs_trig_std,radius_mean","(103, 121)",2,-0.3401525880613402
band_binary + pstart_grdf_bessel_max,"band_binary,pstart_grdf_bessel_max","(5, 104)",2,-0.34018869810663244
pend_plane_max_mass + pend_plane_mean_Z,"pend_plane_max_mass,pend_plane_mean_Z","(49, 50)",2,-0.3402181693974489
max_mass + pend_plane_mean_Z,"max_mass,pend_plane_mean_Z","(25, 50)",2,-0.3402181693974489
pline_grdf_bessel_max + radius_mean,"pline_grdf_bessel_max,radius_mean","(54, 121)",2,-0.3402422314930447
pmid_afs_trig_max + pmid_grdf_bessel_mean,"pmid_afs_trig_max,pmid_grdf_bessel_mean","(76, 80)",2,-0.34032431317715345
E_pfrac_VBM + pend_plane_mean_Z,"E_pfrac_VBM,pend_plane_mean_Z","(1, 50)",2,-0.3403273838933128
kend_frac_x + kvec_y,"kend_frac_x,kvec_y","(9, 21)",2,-0.34033190800374274
pline_plane_mean_Z + pstart_grdf_bessel_max,"pline_plane_mean_Z,pstart_grdf_bessel_max","(67, 104)",2,-0.3403810440070051
kstart_frac_y + kvec_y,"kstart_frac_y,kvec_y","(18, 21)",2,-0.3404383091663746
pend_plane_mean_mass + pmid_grdf_gauss_mean,"pend_plane_mean_mass,pmid_grdf_gauss_mean","(51, 83)",2,-0.3404648264426847
kpath_real_distance + pmid_afs_bessel_max,"kpath_real_distance,pmid_afs_bessel_max","(15, 70)",2,-0.34047082137108736
pstart_n_atoms_on_plane + pstart_plane_sum_Z4,"pstart_n_atoms_on_plane,pstart_plane_sum_Z4","(113, 119)",2,-0.34055224074249213
pmid_grdf_bessel_mean + pstart_grdf_trig_std,"pmid_grdf_bessel_mean,pstart_grdf_trig_std","(80, 112)",2,-0.3406645625609141
kstart_frac_y + pend_grdf_gauss_mean,"kstart_frac_y,pend_grdf_gauss_mean","(18, 41)",2,-0.34069131474375897
pmid_afs_bessel_max + pmid_afs_bessel_std,"pmid_afs_bessel_max,pmid_afs_bessel_std","(70, 72)",2,-0.3407022201982882
pline_grdf_bessel_std + pstart_afs_bessel_max,"pline_grdf_bessel_std,pstart_afs_bessel_max","(56, 95)",2,-0.34075757854839867
bandgap + pend_plane_mean_mass,"bandgap,pend_plane_mean_mass","(6, 51)",2,-0.34079161696247523
pend_grdf_bessel_std + pstart_n_atoms_on_plane,"pend_grdf_bessel_std,pstart_n_atoms_on_plane","(39, 113)",2,-0.34094743057324745
ehull + pend_afs_gauss_max,"ehull,pend_afs_gauss_max","(7, 31)",2,-0.3410014741431478
kvec_y + pline_grdf_gauss_std,"kvec_y,pline_grdf_gauss_std","(21, 59)",2,-0.34117493935218934
plane_angle_deg + pmid_afs_bessel_max,"plane_angle_deg,pmid_afs_bessel_max","(53, 70)",2,-0.34129086126628655
X_diff + mean_Z,"X_diff,mean_Z","(3, 26)",2,-0.3413399485538831
X_diff + pend_afs_bessel_max,"X_diff,pend_afs_bessel_max","(3, 28)",2,-0.34139149869074664
pend_afs_bessel_max + pline_plane_sum_Z4,"pend_afs_bessel_max,pline_plane_sum_Z4","(28, 69)",2,-0.3413942294027079
pend_plane_sum_Z4 + radius_diff,"pend_plane_sum_Z4,radius_diff","(52, 120)",2,-0.34139464126764374
pend_grdf_bessel_max + pstart_afs_bessel_max,"pend_grdf_bessel_max,pstart_afs_bessel_max","(37, 95)",2,-0.3415749980164967
pmid_plane_mean_Z + pstart_afs_bessel_std,"pmid_plane_mean_Z,pstart_afs_bessel_std","(92, 97)",2,-0.34157948562102
kstart_frac_y + radius_mean,"kstart_frac_y,radius_mean","(18, 121)",2,-0.3416363039630369
pend_afs_bessel_max + pstart_plane_mean_mass,"pend_afs_bessel_max,pstart_plane_mean_mass","(28, 118)",2,-0.34181075606121036
pline_plane_max_Z + pstart_grdf_bessel_max,"pline_plane_max_Z,pstart_grdf_bessel_max","(65, 104)",2,-0.34183231219675936
n_elements + pstart_grdf_bessel_max,"n_elements,pstart_grdf_bessel_max","(27, 104)",2,-0.34185437991895584
kvec_y + pline_plane_mean_Z,"kvec_y,pline_plane_mean_Z","(21, 67)",2,-0.34187520328869775
pend_plane_mean_mass + pstart_grdf_gauss_std,"pend_plane_mean_mass,pstart_grdf_gauss_std","(51, 109)",2,-0.34187838794340525
pline_plane_sum_Z4 + pmid_afs_bessel_max,"pline_plane_sum_Z4,pmid_afs_bessel_max","(69, 70)",2,-0.34199303301364475
pmid_plane_mean_mass + radius_diff,"pmid_plane_mean_mass,radius_diff","(93, 120)",2,-0.34199310778714936
pmid_plane_sum_Z4 + radius_diff,"pmid_plane_sum_Z4,radius_diff","(94, 120)",2,-0.34205931571166703
ehull + pline_grdf_bessel_mean,"ehull,pline_grdf_bessel_mean","(7, 55)",2,-0.34214735619463654
pmid_afs_trig_std + radius_mean,"pmid_afs_trig_std,radius_mean","(78, 121)",2,-0.34215158074664076
pend_n_atoms_on_plane + pmid_afs_bessel_max,"pend_n_atoms_on_plane,pmid_afs_bessel_max","(46, 70)",2,-0.3421906723220897
pend_plane_mean_mass + radius_diff,"pend_plane_mean_mass,radius_diff","(51, 120)",2,-0.34219996485501436
mean_Z + pmid_plane_mean_mass,"mean_Z,pmid_plane_mean_mass","(26, 93)",2,-0.34222488951512997
kstart_frac_y + pend_afs_bessel_max,"kstart_frac_y,pend_afs_bessel_max","(18, 28)",2,-0.342286517581247
kpath_real_distance + pstart_grdf_bessel_max,"kpath_real_distance,pstart_grdf_bessel_max","(15, 104)",2,-0.342331762154672
pend_grdf_bessel_mean + pmid_grdf_gauss_mean,"pend_grdf_bessel_mean,pmid_grdf_gauss_mean","(38, 83)",2,-0.34240847302041366
pstart_grdf_gauss_mean + radius_mean,"pstart_grdf_gauss_mean,radius_mean","(108, 121)",2,-0.3426560070766209
mean_Z + pstart_afs_bessel_max,"mean_Z,pstart_afs_bessel_max","(26, 95)",2,-0.34276111712021573
pend_afs_bessel_max + radius_diff,"pend_afs_bessel_max,radius_diff","(28, 120)",2,-0.3427858189935681
pend_plane_mean_mass + pstart_plane_mean_Z,"pend_plane_mean_mass,pstart_plane_mean_Z","(51, 117)",2,-0.342915874566782
kmid_frac_x + pstart_grdf_bessel_max,"kmid_frac_x,pstart_grdf_bessel_max","(12, 104)",2,-0.34304868306155434
X_mean + kstart_frac_x,"X_mean,kstart_frac_x","(4, 17)",2,-0.34317479649260285
kmid_frac_x + pmid_grdf_bessel_max,"kmid_frac_x,pmid_grdf_bessel_max","(12, 79)",2,-0.34323496871998316
pend_grdf_gauss_mean + pline_grdf_bessel_mean,"pend_grdf_gauss_mean,pline_grdf_bessel_mean","(41, 55)",2,-0.34323513392200516
ehull + pmid_plane_max_Z,"ehull,pmid_plane_max_Z","(7, 90)",2,-0.3432358290662439
ehull + pstart_plane_max_Z,"ehull,pstart_plane_max_Z","(7, 115)",2,-0.3432358290662439
ehull + max_Z4,"ehull,max_Z4","(7, 24)",2,-0.3432358290662439
ehull + max_Z,"ehull,max_Z","(7, 23)",2,-0.3432358290662439
ehull + pend_plane_max_Z,"ehull,pend_plane_max_Z","(7, 48)",2,-0.3432358290662439
pend_afs_trig_max + pend_afs_trig_mean,"pend_afs_trig_max,pend_afs_trig_mean","(34, 35)",2,-0.3432596389657915
pstart_afs_trig_max + pstart_grdf_trig_std,"pstart_afs_trig_max,pstart_grdf_trig_std","(101, 112)",2,-0.34327004958076357
E_pfrac_CBM + kvec_y,"E_pfrac_CBM,kvec_y","(0, 21)",2,-0.34334073636995494
pmid_plane_max_mass + pstart_grdf_bessel_mean,"pmid_plane_max_mass,pstart_grdf_bessel_mean","(91, 105)",2,-0.34343881513084185
max_mass + pstart_grdf_bessel_mean,"max_mass,pstart_grdf_bessel_mean","(25, 105)",2,-0.34343881513084185
pend_plane_max_mass + pstart_grdf_bessel_mean,"pend_plane_max_mass,pstart_grdf_bessel_mean","(49, 105)",2,-0.34343881513084185
pend_grdf_bessel_max + pline_grdf_bessel_max,"pend_grdf_bessel_max,pline_grdf_bessel_max","(37, 54)",2,-0.3434760555629663
pline_plane_mean_mass + pmid_afs_bessel_max,"pline_plane_mean_mass,pmid_afs_bessel_max","(68, 70)",2,-0.34359146273424557
bandgap + radius_diff,"bandgap,radius_diff","(6, 120)",2,-0.3438585221582683
pline_n_atoms_on_plane + pmid_afs_bessel_max,"pline_n_atoms_on_plane,pmid_afs_bessel_max","(63, 70)",2,-0.34391909770973783
pmid_grdf_trig_std + radius_mean,"pmid_grdf_trig_std,radius_mean","(87, 121)",2,-0.34409797388105834
kstart_degen + pend_grdf_gauss_mean,"kstart_degen,pend_grdf_gauss_mean","(16, 41)",2,-0.3441363240510461
kstart_frac_x + pstart_grdf_bessel_mean,"kstart_frac_x,pstart_grdf_bessel_mean","(17, 105)",2,-0.34415353850172353
pline_plane_max_Z + pstart_n_atoms_on_plane,"pline_plane_max_Z,pstart_n_atoms_on_plane","(65, 113)",2,-0.3443432139039172
X_mean + pstart_grdf_trig_std,"X_mean,pstart_grdf_trig_std","(4, 112)",2,-0.3443479290257076
n_elements + pend_plane_mean_Z,"n_elements,pend_plane_mean_Z","(27, 50)",2,-0.34476621954765774
kstart_degen + pend_plane_mean_Z,"kstart_degen,pend_plane_mean_Z","(16, 50)",2,-0.34485027860857376
kstart_frac_x + pmid_afs_bessel_max,"kstart_frac_x,pmid_afs_bessel_max","(17, 70)",2,-0.3448998127290436
pend_plane_max_Z + pstart_grdf_bessel_mean,"pend_plane_max_Z,pstart_grdf_bessel_mean","(48, 105)",2,-0.3449961725346888
max_Z4 + pstart_grdf_bessel_mean,"max_Z4,pstart_grdf_bessel_mean","(24, 105)",2,-0.3449961725346888
pmid_plane_max_Z + pstart_grdf_bessel_mean,"pmid_plane_max_Z,pstart_grdf_bessel_mean","(90, 105)",2,-0.3449961725346888
max_Z + pstart_grdf_bessel_mean,"max_Z,pstart_grdf_bessel_mean","(23, 105)",2,-0.3449961725346888
kvec_y + pend_afs_gauss_max,"kvec_y,pend_afs_gauss_max","(21, 31)",2,-0.34509050795637913
kstart_degen + pstart_grdf_bessel_max,"kstart_degen,pstart_grdf_bessel_max","(16, 104)",2,-0.34515954848804575
band_binary + pstart_afs_bessel_max,"band_binary,pstart_afs_bessel_max","(5, 95)",2,-0.3452987826365642
X_diff + pstart_plane_mean_Z,"X_diff,pstart_plane_mean_Z","(3, 117)",2,-0.3453820741558661
pline_grdf_bessel_mean + pmid_plane_mean_mass,"pline_grdf_bessel_mean,pmid_plane_mean_mass","(55, 93)",2,-0.3454303938532753
pend_plane_mean_mass + pline_grdf_bessel_mean,"pend_plane_mean_mass,pline_grdf_bessel_mean","(51, 55)",2,-0.34547676807034905
X_diff + pstart_grdf_gauss_mean,"X_diff,pstart_grdf_gauss_mean","(3, 108)",2,-0.34549970265609015
pend_afs_trig_max + pmid_plane_mean_mass,"pend_afs_trig_max,pmid_plane_mean_mass","(34, 93)",2,-0.3455668047526959
pline_grdf_gauss_max + pmid_grdf_bessel_mean,"pline_grdf_gauss_max,pmid_grdf_bessel_mean","(57, 80)",2,-0.34559116452493
pend_afs_bessel_max + pmid_n_atoms_on_plane,"pend_afs_bessel_max,pmid_n_atoms_on_plane","(28, 88)",2,-0.3456032898575003
pend_grdf_bessel_std + pmid_afs_bessel_max,"pend_grdf_bessel_std,pmid_afs_bessel_max","(39, 70)",2,-0.34578691513240545
pmid_afs_bessel_max + pstart_grdf_bessel_max,"pmid_afs_bessel_max,pstart_grdf_bessel_max","(70, 104)",2,-0.3458485130687355
pline_grdf_bessel_max + pstart_afs_bessel_max,"pline_grdf_bessel_max,pstart_afs_bessel_max","(54, 95)",2,-0.3462579425149573
pmid_plane_mean_mass + pstart_plane_mean_Z,"pmid_plane_mean_mass,pstart_plane_mean_Z","(93, 117)",2,-0.3462722620785422
pstart_plane_mean_Z + pstart_plane_mean_mass,"pstart_plane_mean_Z,pstart_plane_mean_mass","(117, 118)",2,-0.34631233378733894
pend_grdf_bessel_max + pstart_afs_gauss_max,"pend_grdf_bessel_max,pstart_afs_gauss_max","(37, 98)",2,-0.3463830839726644
E_pfrac_VBM + pend_plane_mean_mass,"E_pfrac_VBM,pend_plane_mean_mass","(1, 51)",2,-0.34640645420199767
pend_afs_trig_max + pstart_grdf_bessel_mean,"pend_afs_trig_max,pstart_grdf_bessel_mean","(34, 105)",2,-0.3464366490469205
pend_afs_bessel_max + pend_plane_sum_Z4,"pend_afs_bessel_max,pend_plane_sum_Z4","(28, 52)",2,-0.34663527079363926
pend_grdf_gauss_mean + pline_grdf_gauss_mean,"pend_grdf_gauss_mean,pline_grdf_gauss_mean","(41, 58)",2,-0.3466642025871375
pmid_plane_mean_Z + pstart_plane_max_Z,"pmid_plane_mean_Z,pstart_plane_max_Z","(92, 115)",2,-0.34691880698997424
E_pfrac_CBM + pstart_n_atoms_on_plane,"E_pfrac_CBM,pstart_n_atoms_on_plane","(0, 113)",2,-0.34692706720834404
pend_grdf_gauss_mean + pstart_plane_sum_Z4,"pend_grdf_gauss_mean,pstart_plane_sum_Z4","(41, 119)",2,-0.34701807602508783
kstart_frac_x + pend_plane_sum_Z4,"kstart_frac_x,pend_plane_sum_Z4","(17, 52)",2,-0.34702772535369475
pend_grdf_bessel_max + pline_grdf_bessel_mean,"pend_grdf_bessel_max,pline_grdf_bessel_mean","(37, 55)",2,-0.34751373839721234
pline_grdf_gauss_std + radius_mean,"pline_grdf_gauss_std,radius_mean","(59, 121)",2,-0.34753989313658834
ehull + pend_grdf_bessel_max,"ehull,pend_grdf_bessel_max","(7, 37)",2,-0.34774610903523706
pend_grdf_gauss_mean + pstart_afs_bessel_max,"pend_grdf_gauss_mean,pstart_afs_bessel_max","(41, 95)",2,-0.3478976142917875
pend_grdf_trig_std + pmid_afs_trig_max,"pend_grdf_trig_std,pmid_afs_trig_max","(45, 76)",2,-0.34790380403746657
kvec_x + pend_plane_mean_Z,"kvec_x,pend_plane_mean_Z","(20, 50)",2,-0.348004448380775
pmid_afs_bessel_std + pmid_afs_trig_max,"pmid_afs_bessel_std,pmid_afs_trig_max","(72, 76)",2,-0.348208652110613
pend_afs_bessel_std + pstart_grdf_trig_std,"pend_afs_bessel_std,pstart_grdf_trig_std","(30, 112)",2,-0.3482664056954341
max_Z + pend_plane_mean_Z,"max_Z,pend_plane_mean_Z","(23, 50)",2,-0.3482721144890352
pend_plane_max_Z + pend_plane_mean_Z,"pend_plane_max_Z,pend_plane_mean_Z","(48, 50)",2,-0.3482721144890352
max_Z4 + pend_plane_mean_Z,"max_Z4,pend_plane_mean_Z","(24, 50)",2,-0.3482721144890352
bandgap + pend_afs_trig_max,"bandgap,pend_afs_trig_max","(6, 34)",2,-0.348304656259958
pend_plane_mean_Z + pline_grdf_bessel_mean,"pend_plane_mean_Z,pline_grdf_bessel_mean","(50, 55)",2,-0.34837614919607357
pline_plane_max_mass + pmid_afs_bessel_max,"pline_plane_max_mass,pmid_afs_bessel_max","(66, 70)",2,-0.34839247434760756
pmid_grdf_bessel_max + pstart_afs_gauss_max,"pmid_grdf_bessel_max,pstart_afs_gauss_max","(79, 98)",2,-0.3486248816917031
pend_afs_trig_max + pmid_afs_bessel_max,"pend_afs_trig_max,pmid_afs_bessel_max","(34, 70)",2,-0.34864076681763556
ehull + mean_Z,"ehull,mean_Z","(7, 26)",2,-0.3486678170601934
kpath_real_distance + pend_plane_mean_Z,"kpath_real_distance,pend_plane_mean_Z","(15, 50)",2,-0.34871476994334916
X_diff + pend_afs_gauss_max,"X_diff,pend_afs_gauss_max","(3, 31)",2,-0.34873331989451994
pend_afs_gauss_max + pstart_afs_trig_mean,"pend_afs_gauss_max,pstart_afs_trig_mean","(31, 102)",2,-0.3488283827041263
pend_n_atoms_on_plane + radius_mean,"pend_n_atoms_on_plane,radius_mean","(46, 121)",2,-0.34887139430715347
kend_frac_y + pmid_grdf_bessel_mean,"kend_frac_y,pmid_grdf_bessel_mean","(10, 80)",2,-0.3488795708225455
bandgap + pmid_plane_mean_mass,"bandgap,pmid_plane_mean_mass","(6, 93)",2,-0.34892943982574964
pend_grdf_gauss_mean + pmid_plane_mean_mass,"pend_grdf_gauss_mean,pmid_plane_mean_mass","(41, 93)",2,-0.3491957796826308
pend_afs_trig_max + pend_plane_mean_mass,"pend_afs_trig_max,pend_plane_mean_mass","(34, 51)",2,-0.349474848984865
pend_n_atoms_on_plane + pstart_n_atoms_on_plane,"pend_n_atoms_on_plane,pstart_n_atoms_on_plane","(46, 113)",2,-0.34948539410508356
kvec_y + pstart_afs_gauss_mean,"kvec_y,pstart_afs_gauss_mean","(21, 99)",2,-0.34960390109851225
pend_grdf_gauss_mean + pend_plane_heavy_frac,"pend_grdf_gauss_mean,pend_plane_heavy_frac","(41, 47)",2,-0.349639719837171
kvec_y + pline_grdf_trig_std,"kvec_y,pline_grdf_trig_std","(21, 62)",2,-0.34988253367605654
pend_plane_mean_Z + pmid_plane_max_mass,"pend_plane_mean_Z,pmid_plane_max_mass","(50, 91)",2,-0.3499326363254006
pend_plane_mean_Z + pstart_plane_max_mass,"pend_plane_mean_Z,pstart_plane_max_mass","(50, 116)",2,-0.3499326363254006
kstart_degen + pstart_grdf_bessel_mean,"kstart_degen,pstart_grdf_bessel_mean","(16, 105)",2,-0.34994336972216783
pend_afs_trig_max + pmid_grdf_trig_std,"pend_afs_trig_max,pmid_grdf_trig_std","(34, 87)",2,-0.35004698093781894
pline_plane_max_Z + pmid_afs_bessel_max,"pline_plane_max_Z,pmid_afs_bessel_max","(65, 70)",2,-0.3500940187661953
bandgap + pend_grdf_bessel_max,"bandgap,pend_grdf_bessel_max","(6, 37)",2,-0.3501068653270262
bandgap + pend_grdf_gauss_mean,"bandgap,pend_grdf_gauss_mean","(6, 41)",2,-0.3501359252039118
pmid_afs_trig_std + pstart_afs_trig_mean,"pmid_afs_trig_std,pstart_afs_trig_mean","(78, 102)",2,-0.3507400035290484
kvec_y + pline_plane_max_mass,"kvec_y,pline_plane_max_mass","(21, 66)",2,-0.35076818339201377
pstart_plane_mean_mass + radius_mean,"pstart_plane_mean_mass,radius_mean","(118, 121)",2,-0.3507932558221839
pstart_plane_mean_Z + radius_diff,"pstart_plane_mean_Z,radius_diff","(117, 120)",2,-0.3507951576189686
pend_afs_trig_std + pstart_afs_trig_mean,"pend_afs_trig_std,pstart_afs_trig_mean","(36, 102)",2,-0.3508493962833253
pline_grdf_bessel_mean + radius_mean,"pline_grdf_bessel_mean,radius_mean","(55, 121)",2,-0.35093529145334423
kvec_y + pline_n_atoms_on_plane,"kvec_y,pline_n_atoms_on_plane","(21, 63)",2,-0.350982501055914
X_diff + pstart_afs_trig_max,"X_diff,pstart_afs_trig_max","(3, 101)",2,-0.3511115880223364
kend_frac_x + pend_plane_sum_Z4,"kend_frac_x,pend_plane_sum_Z4","(9, 52)",2,-0.35122398687090006
X_mean + ehull,"X_mean,ehull","(4, 7)",2,-0.35129271816551694
pline_plane_max_mass + pstart_n_atoms_on_plane,"pline_plane_max_mass,pstart_n_atoms_on_plane","(66, 113)",2,-0.3514207121937819
ehull + kstart_degen,"ehull,kstart_degen","(7, 16)",2,-0.3514983355931761
pstart_grdf_bessel_max + pstart_plane_max_mass,"pstart_grdf_bessel_max,pstart_plane_max_mass","(104, 116)",2,-0.3518330843911714
kpath_real_distance + radius_mean,"kpath_real_distance,radius_mean","(15, 121)",2,-0.3518596414924697
X_mean + pline_grdf_bessel_mean,"X_mean,pline_grdf_bessel_mean","(4, 55)",2,-0.35189728047762425
pmid_afs_gauss_std + pmid_grdf_bessel_max,"pmid_afs_gauss_std,pmid_grdf_bessel_max","(75, 79)",2,-0.351899553809195
X_mean + kstart_degen,"X_mean,kstart_degen","(4, 16)",2,-0.3519333806898756
n_elements + pmid_afs_bessel_max,"n_elements,pmid_afs_bessel_max","(27, 70)",2,-0.3520435775038262
pmid_afs_bessel_max + pstart_plane_sum_Z4,"pmid_afs_bessel_max,pstart_plane_sum_Z4","(70, 119)",2,-0.3522842332092174
pmid_grdf_bessel_mean + pstart_afs_gauss_max,"pmid_grdf_bessel_mean,pstart_afs_gauss_max","(80, 98)",2,-0.35238613800694385
pend_grdf_gauss_max + pstart_n_atoms_on_plane,"pend_grdf_gauss_max,pstart_n_atoms_on_plane","(40, 113)",2,-0.35238893521601433
pmid_grdf_gauss_mean + pmid_plane_heavy_frac,"pmid_grdf_gauss_mean,pmid_plane_heavy_frac","(83, 89)",2,-0.35242581978622567
pend_afs_trig_std + pmid_afs_bessel_max,"pend_afs_trig_std,pmid_afs_bessel_max","(36, 70)",2,-0.35247351280681666
pstart_afs_trig_max + pstart_grdf_bessel_max,"pstart_afs_trig_max,pstart_grdf_bessel_max","(101, 104)",2,-0.3527075282835472
mean_Z + pend_plane_mean_mass,"mean_Z,pend_plane_mean_mass","(26, 51)",2,-0.3528338173114638
X_diff + pend_plane_mean_Z,"X_diff,pend_plane_mean_Z","(3, 50)",2,-0.35313255976703667
pend_plane_mean_Z + pstart_afs_trig_mean,"pend_plane_mean_Z,pstart_afs_trig_mean","(50, 102)",2,-0.3532489184982686
pend_afs_trig_std + pstart_n_atoms_on_plane,"pend_afs_trig_std,pstart_n_atoms_on_plane","(36, 113)",2,-0.3532742062075881
pstart_grdf_trig_std + radius_mean,"pstart_grdf_trig_std,radius_mean","(112, 121)",2,-0.3534211803036428
X_mean + kend_frac_x,"X_mean,kend_frac_x","(4, 9)",2,-0.353438522090434
pend_n_atoms_on_plane + pstart_afs_gauss_max,"pend_n_atoms_on_plane,pstart_afs_gauss_max","(46, 98)",2,-0.3534993195471899
pend_afs_trig_max + pstart_afs_gauss_mean,"pend_afs_trig_max,pstart_afs_gauss_mean","(34, 99)",2,-0.353616174951469
E_pfrac_CBM + pend_plane_mean_mass,"E_pfrac_CBM,pend_plane_mean_mass","(0, 51)",2,-0.3537089553207021
pmid_afs_bessel_max + pstart_afs_gauss_max,"pmid_afs_bessel_max,pstart_afs_gauss_max","(70, 98)",2,-0.3546241860488747
pend_grdf_bessel_mean + pstart_grdf_gauss_std,"pend_grdf_bessel_mean,pstart_grdf_gauss_std","(38, 109)",2,-0.3546496722788479
pend_afs_gauss_std + pmid_grdf_bessel_max,"pend_afs_gauss_std,pmid_grdf_bessel_max","(33, 79)",2,-0.3547339283820278
kstart_frac_y + pend_plane_sum_Z4,"kstart_frac_y,pend_plane_sum_Z4","(18, 52)",2,-0.3547411959033523
kstart_frac_x + pstart_afs_bessel_max,"kstart_frac_x,pstart_afs_bessel_max","(17, 95)",2,-0.35488503178591035
pend_grdf_gauss_mean + radius_diff,"pend_grdf_gauss_mean,radius_diff","(41, 120)",2,-0.3549569129790962
kstart_degen + pstart_afs_bessel_max,"kstart_degen,pstart_afs_bessel_max","(16, 95)",2,-0.354985581810846
X_diff + bandgap,"X_diff,bandgap","(3, 6)",2,-0.35513516681428847
kmid_frac_x + pend_grdf_gauss_mean,"kmid_frac_x,pend_grdf_gauss_mean","(12, 41)",2,-0.3552077824005726
pend_plane_mean_Z + pline_plane_sum_Z4,"pend_plane_mean_Z,pline_plane_sum_Z4","(50, 69)",2,-0.3552250778995509
kstart_frac_x + pend_grdf_gauss_mean,"kstart_frac_x,pend_grdf_gauss_mean","(17, 41)",2,-0.3552458322972642
pend_plane_sum_Z4 + pmid_afs_bessel_max,"pend_plane_sum_Z4,pmid_afs_bessel_max","(52, 70)",2,-0.3553354750751278
pend_afs_bessel_max + pmid_grdf_bessel_max,"pend_afs_bessel_max,pmid_grdf_bessel_max","(28, 79)",2,-0.35552384841117446
E_pfrac_CBM + pstart_afs_gauss_mean,"E_pfrac_CBM,pstart_afs_gauss_mean","(0, 99)",2,-0.35557897033095226
kend_frac_x + pstart_grdf_bessel_max,"kend_frac_x,pstart_grdf_bessel_max","(9, 104)",2,-0.35566309115450256
kvec_y + pline_plane_sum_Z4,"kvec_y,pline_plane_sum_Z4","(21, 69)",2,-0.35584326087120377
pline_grdf_gauss_std + pstart_n_atoms_on_plane,"pline_grdf_gauss_std,pstart_n_atoms_on_plane","(59, 113)",2,-0.35586026475690985
kstart_frac_y + pstart_afs_bessel_max,"kstart_frac_y,pstart_afs_bessel_max","(18, 95)",2,-0.3559917939531684
pend_plane_mean_Z + pmid_plane_max_Z,"pend_plane_mean_Z,pmid_plane_max_Z","(50, 90)",2,-0.3560198060021552
pend_plane_mean_Z + pstart_plane_max_Z,"pend_plane_mean_Z,pstart_plane_max_Z","(50, 115)",2,-0.3560198060021552
pstart_afs_trig_mean + pstart_grdf_trig_std,"pstart_afs_trig_mean,pstart_grdf_trig_std","(102, 112)",2,-0.3560563512670434
mean_Z + pmid_afs_bessel_max,"mean_Z,pmid_afs_bessel_max","(26, 70)",2,-0.35608259339038684
pend_afs_bessel_max + pline_grdf_trig_std,"pend_afs_bessel_max,pline_grdf_trig_std","(28, 62)",2,-0.3564658275390068
pline_grdf_gauss_std + pstart_afs_bessel_max,"pline_grdf_gauss_std,pstart_afs_bessel_max","(59, 95)",2,-0.35661110124590106
X_diff + kvec_x,"X_diff,kvec_x","(3, 20)",2,-0.35665522676390504
E_pfrac_CBM + pend_afs_trig_max,"E_pfrac_CBM,pend_afs_trig_max","(0, 34)",2,-0.35666620169951685
pmid_grdf_bessel_max + pstart_afs_bessel_max,"pmid_grdf_bessel_max,pstart_afs_bessel_max","(79, 95)",2,-0.3567719767295384
mean_Z + radius_diff,"mean_Z,radius_diff","(26, 120)",2,-0.3568425880701399
kvec_x + mean_Z,"kvec_x,mean_Z","(20, 26)",2,-0.3568573472294706
pend_grdf_gauss_mean + pline_grdf_bessel_max,"pend_grdf_gauss_mean,pline_grdf_bessel_max","(41, 54)",2,-0.356897111844676
kvec_y + pline_plane_max_Z,"kvec_y,pline_plane_max_Z","(21, 65)",2,-0.3569687630669545
pline_grdf_gauss_mean + pstart_n_atoms_on_plane,"pline_grdf_gauss_mean,pstart_n_atoms_on_plane","(58, 113)",2,-0.35719039624554644
pline_grdf_bessel_std + pmid_grdf_bessel_mean,"pline_grdf_bessel_std,pmid_grdf_bessel_mean","(56, 80)",2,-0.3572571058428961
kvec_y + pline_plane_mean_mass,"kvec_y,pline_plane_mean_mass","(21, 68)",2,-0.3574436530314309
pline_plane_max_mass + radius_mean,"pline_plane_max_mass,radius_mean","(66, 121)",2,-0.35754317705239846
kvec_x + pstart_grdf_bessel_mean,"kvec_x,pstart_grdf_bessel_mean","(20, 105)",2,-0.35759904947015697
pline_grdf_trig_max + pstart_afs_bessel_max,"pline_grdf_trig_max,pstart_afs_bessel_max","(60, 95)",2,-0.35760903131300903
pend_plane_mean_mass + pline_grdf_bessel_max,"pend_plane_mean_mass,pline_grdf_bessel_max","(51, 54)",2,-0.357687114415773
pmid_afs_trig_max + pmid_grdf_bessel_max,"pmid_afs_trig_max,pmid_grdf_bessel_max","(76, 79)",2,-0.35770839800181886
kinterior_degen + pmid_grdf_bessel_mean,"kinterior_degen,pmid_grdf_bessel_mean","(11, 80)",2,-0.35797194665866366
kvec_y + n_elements,"kvec_y,n_elements","(21, 27)",2,-0.3580593001732899
pmid_afs_trig_max + pstart_grdf_trig_std,"pmid_afs_trig_max,pstart_grdf_trig_std","(76, 112)",2,-0.3582304591974389
pend_grdf_gauss_std + pmid_afs_bessel_max,"pend_grdf_gauss_std,pmid_afs_bessel_max","(42, 70)",2,-0.3583355139965277
pmid_afs_bessel_std + pstart_n_atoms_on_plane,"pmid_afs_bessel_std,pstart_n_atoms_on_plane","(72, 113)",2,-0.35846295559492225
pend_afs_bessel_max + pstart_afs_gauss_mean,"pend_afs_bessel_max,pstart_afs_gauss_mean","(28, 99)",2,-0.3585051535027145
pend_afs_bessel_max + pstart_afs_bessel_std,"pend_afs_bessel_max,pstart_afs_bessel_std","(28, 97)",2,-0.35855009058916654
pmid_afs_bessel_max + pmid_grdf_bessel_max,"pmid_afs_bessel_max,pmid_grdf_bessel_max","(70, 79)",2,-0.35861427535623625
pstart_afs_trig_mean + pstart_plane_heavy_frac,"pstart_afs_trig_mean,pstart_plane_heavy_frac","(102, 114)",2,-0.35864692107349383
pmid_afs_trig_max + pstart_grdf_bessel_max,"pmid_afs_trig_max,pstart_grdf_bessel_max","(76, 104)",2,-0.3586764043174099
band_binary + pmid_grdf_bessel_max,"band_binary,pmid_grdf_bessel_max","(5, 79)",2,-0.35872825379485845
kstart_frac_x + pstart_grdf_bessel_max,"kstart_frac_x,pstart_grdf_bessel_max","(17, 104)",2,-0.3587292730580182
pline_plane_sum_Z4 + pstart_grdf_bessel_max,"pline_plane_sum_Z4,pstart_grdf_bessel_max","(69, 104)",2,-0.35886013827472935
pend_grdf_bessel_mean + pstart_plane_heavy_frac,"pend_grdf_bessel_mean,pstart_plane_heavy_frac","(38, 114)",2,-0.35911143345680074
pline_grdf_bessel_std + pmid_afs_bessel_max,"pline_grdf_bessel_std,pmid_afs_bessel_max","(56, 70)",2,-0.3591611775734564
pend_afs_bessel_max + pmid_afs_trig_mean,"pend_afs_bessel_max,pmid_afs_trig_mean","(28, 77)",2,-0.3592428772882058
pline_grdf_trig_std + radius_mean,"pline_grdf_trig_std,radius_mean","(62, 121)",2,-0.35925984655023346
pmid_n_atoms_on_plane + pstart_afs_trig_mean,"pmid_n_atoms_on_plane,pstart_afs_trig_mean","(88, 102)",2,-0.3595626922027063
pmid_afs_trig_mean + pstart_afs_trig_mean,"pmid_afs_trig_mean,pstart_afs_trig_mean","(77, 102)",2,-0.35962670438510136
kpath_real_distance + pstart_plane_sum_Z4,"kpath_real_distance,pstart_plane_sum_Z4","(15, 119)",2,-0.3597579464084134
pend_afs_gauss_max + pend_afs_trig_max,"pend_afs_gauss_max,pend_afs_trig_max","(31, 34)",2,-0.3600179386902229
pend_grdf_gauss_max + radius_mean,"pend_grdf_gauss_max,radius_mean","(40, 121)",2,-0.3600751102676235
pline_grdf_bessel_max + pmid_afs_bessel_max,"pline_grdf_bessel_max,pmid_afs_bessel_max","(54, 70)",2,-0.3601915789969989
kstart_degen + pmid_afs_bessel_max,"kstart_degen,pmid_afs_bessel_max","(16, 70)",2,-0.3602421997427831
pmid_grdf_gauss_mean + pstart_plane_mean_mass,"pmid_grdf_gauss_mean,pstart_plane_mean_mass","(83, 118)",2,-0.3603443354036192
pstart_afs_trig_max + pstart_grdf_bessel_std,"pstart_afs_trig_max,pstart_grdf_bessel_std","(101, 106)",2,-0.36038310668877277
ehull + pmid_plane_mean_Z,"ehull,pmid_plane_mean_Z","(7, 92)",2,-0.36040410895624997
pend_afs_gauss_max + pmid_afs_trig_max,"pend_afs_gauss_max,pmid_afs_trig_max","(31, 76)",2,-0.36046086830364193
pstart_grdf_bessel_max + pstart_grdf_bessel_mean,"pstart_grdf_bessel_max,pstart_grdf_bessel_mean","(104, 105)",2,-0.36067674186365084
kvec_y + pline_grdf_gauss_mean,"kvec_y,pline_grdf_gauss_mean","(21, 58)",2,-0.3607470450285709
pend_plane_heavy_frac + pmid_grdf_bessel_max,"pend_plane_heavy_frac,pmid_grdf_bessel_max","(47, 79)",2,-0.3608349532826142
pstart_grdf_bessel_max + pstart_plane_max_Z,"pstart_grdf_bessel_max,pstart_plane_max_Z","(104, 115)",2,-0.3608631457615585
kpath_real_distance + pend_plane_mean_mass,"kpath_real_distance,pend_plane_mean_mass","(15, 51)",2,-0.3610364456222537
pend_afs_gauss_mean + pstart_afs_trig_mean,"pend_afs_gauss_mean,pstart_afs_trig_mean","(32, 102)",2,-0.3611390071991676
pend_grdf_gauss_std + radius_mean,"pend_grdf_gauss_std,radius_mean","(42, 121)",2,-0.3612257371201172
pend_afs_trig_max + pstart_afs_gauss_std,"pend_afs_trig_max,pstart_afs_gauss_std","(34, 100)",2,-0.3613960204756602
pline_plane_max_Z + radius_mean,"pline_plane_max_Z,radius_mean","(65, 121)",2,-0.3614978950590979
pmid_afs_trig_max + pstart_afs_trig_max,"pmid_afs_trig_max,pstart_afs_trig_max","(76, 101)",2,-0.36156638911188416
pend_grdf_bessel_mean + pmid_afs_trig_mean,"pend_grdf_bessel_mean,pmid_afs_trig_mean","(38, 77)",2,-0.36162136656169247
pstart_grdf_bessel_mean + pstart_plane_max_Z,"pstart_grdf_bessel_mean,pstart_plane_max_Z","(105, 115)",2,-0.3616946252311647
pmid_plane_max_mass + pstart_grdf_bessel_max,"pmid_plane_max_mass,pstart_grdf_bessel_max","(91, 104)",2,-0.3617751372225114
pend_plane_max_mass + pstart_grdf_bessel_max,"pend_plane_max_mass,pstart_grdf_bessel_max","(49, 104)",2,-0.3617751372225114
max_mass + pstart_grdf_bessel_max,"max_mass,pstart_grdf_bessel_max","(25, 104)",2,-0.3617751372225114
pline_grdf_bessel_mean + pmid_afs_bessel_max,"pline_grdf_bessel_mean,pmid_afs_bessel_max","(55, 70)",2,-0.36179263516574267
ehull + kend_degen,"ehull,kend_degen","(7, 8)",2,-0.3617989529569831
pline_grdf_trig_std + pmid_grdf_bessel_max,"pline_grdf_trig_std,pmid_grdf_bessel_max","(62, 79)",2,-0.36185487592583765
pend_afs_gauss_std + pstart_n_atoms_on_plane,"pend_afs_gauss_std,pstart_n_atoms_on_plane","(33, 113)",2,-0.3620123942115037
kmid_frac_y + radius_mean,"kmid_frac_y,radius_mean","(13, 121)",2,-0.36230149781644416
pmid_afs_gauss_mean + pmid_afs_trig_max,"pmid_afs_gauss_mean,pmid_afs_trig_max","(74, 76)",2,-0.3625578175174941
kstart_degen + kvec_y,"kstart_degen,kvec_y","(16, 21)",2,-0.3626073107481852
kvec_y + plane_angle_deg,"kvec_y,plane_angle_deg","(21, 53)",2,-0.36269903358181577
pline_n_atoms_on_plane + pmid_grdf_bessel_max,"pline_n_atoms_on_plane,pmid_grdf_bessel_max","(63, 79)",2,-0.3627456095420845
pmid_afs_bessel_std + pstart_grdf_trig_std,"pmid_afs_bessel_std,pstart_grdf_trig_std","(72, 112)",2,-0.3627473889529124
E_pfrac_CBM + pstart_grdf_bessel_max,"E_pfrac_CBM,pstart_grdf_bessel_max","(0, 104)",2,-0.3627670450654103
X_mean + pmid_afs_trig_max,"X_mean,pmid_afs_trig_max","(4, 76)",2,-0.3629898295186875
kvec_x + pstart_plane_sum_Z4,"kvec_x,pstart_plane_sum_Z4","(20, 119)",2,-0.3630037169694734
pline_grdf_trig_mean + pmid_afs_bessel_max,"pline_grdf_trig_mean,pmid_afs_bessel_max","(61, 70)",2,-0.3633092205657687
pline_grdf_bessel_mean + pstart_afs_bessel_max,"pline_grdf_bessel_mean,pstart_afs_bessel_max","(55, 95)",2,-0.3633582479776224
pline_grdf_trig_std + pstart_n_atoms_on_plane,"pline_grdf_trig_std,pstart_n_atoms_on_plane","(62, 113)",2,-0.3633923186200804
kvec_y + pstart_grdf_gauss_mean,"kvec_y,pstart_grdf_gauss_mean","(21, 108)",2,-0.36352499621514167
pend_afs_gauss_max + pend_grdf_bessel_mean,"pend_afs_gauss_max,pend_grdf_bessel_mean","(31, 38)",2,-0.36355665827068606
kend_degen + radius_mean,"kend_degen,radius_mean","(8, 121)",2,-0.36364760622431885
pend_grdf_bessel_max + pstart_plane_mean_Z,"pend_grdf_bessel_max,pstart_plane_mean_Z","(37, 117)",2,-0.3636490934184259
n_elements + pmid_grdf_bessel_max,"n_elements,pmid_grdf_bessel_max","(27, 79)",2,-0.3636629236066258
pline_grdf_bessel_mean + pstart_grdf_bessel_mean,"pline_grdf_bessel_mean,pstart_grdf_bessel_mean","(55, 105)",2,-0.3636874972176397
kstart_frac_y + pmid_afs_bessel_max,"kstart_frac_y,pmid_afs_bessel_max","(18, 70)",2,-0.36378943945937914
pline_plane_mean_mass + pstart_n_atoms_on_plane,"pline_plane_mean_mass,pstart_n_atoms_on_plane","(68, 113)",2,-0.3638536411268136
pend_grdf_bessel_max + pstart_afs_gauss_std,"pend_grdf_bessel_max,pstart_afs_gauss_std","(37, 100)",2,-0.3638796823640476
ktotal_weight + pmid_grdf_bessel_mean,"ktotal_weight,pmid_grdf_bessel_mean","(19, 80)",2,-0.36418605556809464
pend_grdf_bessel_mean + pmid_afs_trig_max,"pend_grdf_bessel_mean,pmid_afs_trig_max","(38, 76)",2,-0.3642751026853305
kvec_x + pmid_grdf_gauss_mean,"kvec_x,pmid_grdf_gauss_mean","(20, 83)",2,-0.36434405703777967
pline_plane_max_mass + pmid_grdf_bessel_max,"pline_plane_max_mass,pmid_grdf_bessel_max","(66, 79)",2,-0.364604074240792
pline_plane_mean_Z + pstart_n_atoms_on_plane,"pline_plane_mean_Z,pstart_n_atoms_on_plane","(67, 113)",2,-0.36466405316750033
pend_afs_trig_max + pend_n_atoms_on_plane,"pend_afs_trig_max,pend_n_atoms_on_plane","(34, 46)",2,-0.36469547598176477
pmid_plane_max_mass + radius_mean,"pmid_plane_max_mass,radius_mean","(91, 121)",2,-0.36472163198772584
pstart_plane_max_mass + radius_mean,"pstart_plane_max_mass,radius_mean","(116, 121)",2,-0.36472163198772584
max_mass + radius_mean,"max_mass,radius_mean","(25, 121)",2,-0.36472163198772584
pend_plane_max_mass + radius_mean,"pend_plane_max_mass,radius_mean","(49, 121)",2,-0.36472163198772584
pmid_afs_trig_max + pmid_afs_trig_std,"pmid_afs_trig_max,pmid_afs_trig_std","(76, 78)",2,-0.3648582615775629
pmid_n_atoms_on_plane + radius_mean,"pmid_n_atoms_on_plane,radius_mean","(88, 121)",2,-0.36497441096628247
pmid_plane_mean_Z + sum_Z4,"pmid_plane_mean_Z,sum_Z4","(92, 122)",2,-0.3650607707421848
ehull + kstart_frac_y,"ehull,kstart_frac_y","(7, 18)",2,-0.3651131228287861
pmid_afs_trig_max + pstart_afs_bessel_std,"pmid_afs_trig_max,pstart_afs_bessel_std","(76, 97)",2,-0.3651752844037653
bandgap + pstart_plane_mean_Z,"bandgap,pstart_plane_mean_Z","(6, 117)",2,-0.3652347519602769
kpath_real_distance + pmid_plane_mean_mass,"kpath_real_distance,pmid_plane_mean_mass","(15, 93)",2,-0.36544045472414877
pline_plane_heavy_frac + pstart_n_atoms_on_plane,"pline_plane_heavy_frac,pstart_n_atoms_on_plane","(64, 113)",2,-0.365705231556171
pline_grdf_gauss_std + pmid_grdf_bessel_max,"pline_grdf_gauss_std,pmid_grdf_bessel_max","(59, 79)",2,-0.3657486432038568
kvec_y + pstart_plane_sum_Z4,"kvec_y,pstart_plane_sum_Z4","(21, 119)",2,-0.36582611125694037
pend_afs_bessel_max + pend_grdf_trig_std,"pend_afs_bessel_max,pend_grdf_trig_std","(28, 45)",2,-0.36600190698029544
pend_n_atoms_on_plane + pstart_grdf_gauss_mean,"pend_n_atoms_on_plane,pstart_grdf_gauss_mean","(46, 108)",2,-0.3661010781763372
pstart_grdf_bessel_mean + radius_mean,"pstart_grdf_bessel_mean,radius_mean","(105, 121)",2,-0.36625696635200267
X_mean + mean_Z,"X_mean,mean_Z","(4, 26)",2,-0.3664995382399455
pmid_grdf_bessel_max + pmid_plane_mean_Z,"pmid_grdf_bessel_max,pmid_plane_mean_Z","(79, 92)",2,-0.366867095637217
pend_afs_trig_mean + pmid_grdf_bessel_mean,"pend_afs_trig_mean,pmid_grdf_bessel_mean","(35, 80)",2,-0.36690959972858167
pend_plane_mean_mass + radius_mean,"pend_plane_mean_mass,radius_mean","(51, 121)",2,-0.3670169915973821
pstart_afs_bessel_max + pstart_grdf_bessel_mean,"pstart_afs_bessel_max,pstart_grdf_bessel_mean","(95, 105)",2,-0.3670598051811126
pend_afs_trig_max + pend_grdf_trig_std,"pend_afs_trig_max,pend_grdf_trig_std","(34, 45)",2,-0.3671579509605784
kstart_frac_y + pmid_grdf_bessel_max,"kstart_frac_y,pmid_grdf_bessel_max","(18, 79)",2,-0.3673769233354882
pend_plane_sum_Z4 + pstart_grdf_bessel_mean,"pend_plane_sum_Z4,pstart_grdf_bessel_mean","(52, 105)",2,-0.36751564489193805
kstart_frac_x + pstart_n_atoms_on_plane,"kstart_frac_x,pstart_n_atoms_on_plane","(17, 113)",2,-0.3675727174851171
n_elements + pstart_n_atoms_on_plane,"n_elements,pstart_n_atoms_on_plane","(27, 113)",2,-0.36757554920913743
pend_plane_mean_Z + sum_Z4,"pend_plane_mean_Z,sum_Z4","(50, 122)",2,-0.36760688294708227
pend_afs_bessel_max + pmid_plane_mean_mass,"pend_afs_bessel_max,pmid_plane_mean_mass","(28, 93)",2,-0.3680334305482641
kstart_degen + pmid_grdf_bessel_max,"kstart_degen,pmid_grdf_bessel_max","(16, 79)",2,-0.36813078751823053
kstart_frac_x + kvec_y,"kstart_frac_x,kvec_y","(17, 21)",2,-0.36816931649407525
kstart_frac_x + pend_grdf_bessel_max,"kstart_frac_x,pend_grdf_bessel_max","(17, 37)",2,-0.36824409443802153
pmid_afs_bessel_max + pstart_afs_bessel_std,"pmid_afs_bessel_max,pstart_afs_bessel_std","(70, 97)",2,-0.36829509486719314
pend_grdf_bessel_mean + pstart_grdf_trig_std,"pend_grdf_bessel_mean,pstart_grdf_trig_std","(38, 112)",2,-0.36843662410706157
pline_plane_sum_Z4 + radius_mean,"pline_plane_sum_Z4,radius_mean","(69, 121)",2,-0.36856552745405635
pend_grdf_gauss_mean + pmid_n_atoms_on_plane,"pend_grdf_gauss_mean,pmid_n_atoms_on_plane","(41, 88)",2,-0.36860217959556574
kinterior_degen + pstart_afs_trig_mean,"kinterior_degen,pstart_afs_trig_mean","(11, 102)",2,-0.36881830631863777
plane_angle_deg + pstart_n_atoms_on_plane,"plane_angle_deg,pstart_n_atoms_on_plane","(53, 113)",2,-0.3688289150335632
pend_grdf_bessel_mean + pstart_afs_bessel_std,"pend_grdf_bessel_mean,pstart_afs_bessel_std","(38, 97)",2,-0.369239821233517
X_diff + pend_plane_heavy_frac,"X_diff,pend_plane_heavy_frac","(3, 47)",2,-0.36925667253198274
ehull + pstart_plane_mean_Z,"ehull,pstart_plane_mean_Z","(7, 117)",2,-0.3693332123544103
pstart_afs_bessel_max + pstart_plane_mean_Z,"pstart_afs_bessel_max,pstart_plane_mean_Z","(95, 117)",2,-0.36934723849389456
kpath_real_distance + pend_grdf_bessel_max,"kpath_real_distance,pend_grdf_bessel_max","(15, 37)",2,-0.3694169972785473
pstart_grdf_bessel_std + radius_mean,"pstart_grdf_bessel_std,radius_mean","(106, 121)",2,-0.3694485543356437
kstart_degen + pstart_n_atoms_on_plane,"kstart_degen,pstart_n_atoms_on_plane","(16, 113)",2,-0.36964333036950475
pend_grdf_gauss_mean + pmid_grdf_gauss_mean,"pend_grdf_gauss_mean,pmid_grdf_gauss_mean","(41, 83)",2,-0.36964929054893675
pend_afs_trig_max + pstart_afs_gauss_max,"pend_afs_trig_max,pstart_afs_gauss_max","(34, 98)",2,-0.3699203507387704
pend_grdf_bessel_mean + pmid_plane_heavy_frac,"pend_grdf_bessel_mean,pmid_plane_heavy_frac","(38, 89)",2,-0.36992063531746716
pend_plane_mean_Z + pline_grdf_bessel_max,"pend_plane_mean_Z,pline_grdf_bessel_max","(50, 54)",2,-0.37005035390802093
ehull + pline_grdf_bessel_max,"ehull,pline_grdf_bessel_max","(7, 54)",2,-0.37014599057725495
pend_afs_gauss_max + pmid_grdf_bessel_mean,"pend_afs_gauss_max,pmid_grdf_bessel_mean","(31, 80)",2,-0.3704943577784008
kvec_x + pstart_n_atoms_on_plane,"kvec_x,pstart_n_atoms_on_plane","(20, 113)",2,-0.37055185717154737
X_mean + pend_grdf_gauss_mean,"X_mean,pend_grdf_gauss_mean","(4, 41)",2,-0.37058926381926593
bandgap + pstart_afs_bessel_max,"bandgap,pstart_afs_bessel_max","(6, 95)",2,-0.37066041490429025
pend_afs_trig_max + pstart_grdf_gauss_mean,"pend_afs_trig_max,pstart_grdf_gauss_mean","(34, 108)",2,-0.3708200076332504
ehull + pend_plane_mean_Z,"ehull,pend_plane_mean_Z","(7, 50)",2,-0.37083818662409007
X_diff + pstart_plane_heavy_frac,"X_diff,pstart_plane_heavy_frac","(3, 114)",2,-0.3708871185242123
max_mass + pend_afs_bessel_max,"max_mass,pend_afs_bessel_max","(25, 28)",2,-0.37092909142391706
pend_afs_trig_max + pstart_afs_trig_max,"pend_afs_trig_max,pstart_afs_trig_max","(34, 101)",2,-0.3711686770579326
pstart_afs_gauss_max + pstart_afs_trig_mean,"pstart_afs_gauss_max,pstart_afs_trig_mean","(98, 102)",2,-0.37128098972683854
kvec_y + pstart_afs_gauss_max,"kvec_y,pstart_afs_gauss_max","(21, 98)",2,-0.3714077293409167
pend_grdf_bessel_mean + pmid_afs_gauss_max,"pend_grdf_bessel_mean,pmid_afs_gauss_max","(38, 73)",2,-0.37141637060370203
pend_plane_mean_Z + pstart_plane_mean_Z,"pend_plane_mean_Z,pstart_plane_mean_Z","(50, 117)",2,-0.3714810097868984
pline_plane_max_Z + pmid_grdf_bessel_max,"pline_plane_max_Z,pmid_grdf_bessel_max","(65, 79)",2,-0.37158293418715216
max_Z4 + pstart_grdf_bessel_max,"max_Z4,pstart_grdf_bessel_max","(24, 104)",2,-0.3716634280702325
pend_plane_max_Z + pstart_grdf_bessel_max,"pend_plane_max_Z,pstart_grdf_bessel_max","(48, 104)",2,-0.3716634280702325
max_Z + pstart_grdf_bessel_max,"max_Z,pstart_grdf_bessel_max","(23, 104)",2,-0.3716634280702325
pmid_plane_max_Z + pstart_grdf_bessel_max,"pmid_plane_max_Z,pstart_grdf_bessel_max","(90, 104)",2,-0.3716634280702325
pstart_grdf_gauss_std + pstart_plane_mean_mass,"pstart_grdf_gauss_std,pstart_plane_mean_mass","(109, 118)",2,-0.37174303536017894
pend_afs_trig_std + pmid_n_atoms_on_plane,"pend_afs_trig_std,pmid_n_atoms_on_plane","(36, 88)",2,-0.3718118396286305
pmid_grdf_bessel_mean + pmid_plane_heavy_frac,"pmid_grdf_bessel_mean,pmid_plane_heavy_frac","(80, 89)",2,-0.3718747729762094
pstart_grdf_bessel_mean + pstart_plane_mean_Z,"pstart_grdf_bessel_mean,pstart_plane_mean_Z","(105, 117)",2,-0.37191556429457384
X_diff + pstart_plane_mean_mass,"X_diff,pstart_plane_mean_mass","(3, 118)",2,-0.37226753162834003
ktotal_weight + pstart_afs_trig_mean,"ktotal_weight,pstart_afs_trig_mean","(19, 102)",2,-0.37241954859582266
kvec_y + pstart_afs_bessel_max,"kvec_y,pstart_afs_bessel_max","(21, 95)",2,-0.37244001944856586
pline_grdf_bessel_std + pmid_grdf_bessel_max,"pline_grdf_bessel_std,pmid_grdf_bessel_max","(56, 79)",2,-0.37244750394622095
pmid_afs_trig_max + pstart_grdf_bessel_std,"pmid_afs_trig_max,pstart_grdf_bessel_std","(76, 106)",2,-0.37294417808849006
pend_grdf_gauss_mean + pend_plane_mean_Z,"pend_grdf_gauss_mean,pend_plane_mean_Z","(41, 50)",2,-0.37301960796800626
pend_afs_bessel_max + pstart_plane_mean_Z,"pend_afs_bessel_max,pstart_plane_mean_Z","(28, 117)",2,-0.37305289982058426
pend_grdf_bessel_mean + pend_plane_heavy_frac,"pend_grdf_bessel_mean,pend_plane_heavy_frac","(38, 47)",2,-0.37308604384696115
ktotal_weight + pend_grdf_bessel_mean,"ktotal_weight,pend_grdf_bessel_mean","(19, 38)",2,-0.37312890510309077
pmid_n_atoms_on_plane + radius_diff,"pmid_n_atoms_on_plane,radius_diff","(88, 120)",2,-0.3732743480966363
pend_plane_mean_Z + radius_diff,"pend_plane_mean_Z,radius_diff","(50, 120)",2,-0.3735248919963551
ehull + radius_diff,"ehull,radius_diff","(7, 120)",2,-0.37361718262326815
pmid_grdf_bessel_max + pmid_grdf_gauss_mean,"pmid_grdf_bessel_max,pmid_grdf_gauss_mean","(79, 83)",2,-0.3737210103913774
kend_frac_y + pend_grdf_bessel_mean,"kend_frac_y,pend_grdf_bessel_mean","(10, 38)",2,-0.3738534382678856
X_diff + pend_plane_mean_mass,"X_diff,pend_plane_mean_mass","(3, 51)",2,-0.3740365081709655
pstart_afs_trig_mean + radius_mean,"pstart_afs_trig_mean,radius_mean","(102, 121)",2,-0.3744955832500558
kend_frac_x + pmid_grdf_bessel_max,"kend_frac_x,pmid_grdf_bessel_max","(9, 79)",2,-0.374843118888056
mean_Z + pend_grdf_bessel_max,"mean_Z,pend_grdf_bessel_max","(26, 37)",2,-0.37500666654007764
X_diff + pmid_plane_mean_Z,"X_diff,pmid_plane_mean_Z","(3, 92)",2,-0.3750309240897829
pline_plane_heavy_frac + pmid_grdf_bessel_mean,"pline_plane_heavy_frac,pmid_grdf_bessel_mean","(64, 80)",2,-0.37520568546713035
pend_grdf_bessel_max + pstart_afs_trig_max,"pend_grdf_bessel_max,pstart_afs_trig_max","(37, 101)",2,-0.3752546112420614
pline_grdf_gauss_std + pmid_grdf_bessel_mean,"pline_grdf_gauss_std,pmid_grdf_bessel_mean","(59, 80)",2,-0.3752582964799097
pline_plane_mean_Z + pmid_grdf_bessel_max,"pline_plane_mean_Z,pmid_grdf_bessel_max","(67, 79)",2,-0.37538749302269026
kpath_real_distance + pmid_plane_sum_Z4,"kpath_real_distance,pmid_plane_sum_Z4","(15, 94)",2,-0.3755617056418955
pstart_plane_max_Z + radius_mean,"pstart_plane_max_Z,radius_mean","(115, 121)",2,-0.3758038882596771
max_Z4 + radius_mean,"max_Z4,radius_mean","(24, 121)",2,-0.3758038882596771
pend_plane_max_Z + radius_mean,"pend_plane_max_Z,radius_mean","(48, 121)",2,-0.3758038882596771
max_Z + radius_mean,"max_Z,radius_mean","(23, 121)",2,-0.3758038882596771
pmid_plane_max_Z + radius_mean,"pmid_plane_max_Z,radius_mean","(90, 121)",2,-0.3758038882596771
pmid_plane_mean_mass + radius_mean,"pmid_plane_mean_mass,radius_mean","(93, 121)",2,-0.3759954815345753
ehull + pmid_plane_mean_mass,"ehull,pmid_plane_mean_mass","(7, 93)",2,-0.37607158269458274
pend_afs_bessel_max + pend_plane_mean_mass,"pend_afs_bessel_max,pend_plane_mean_mass","(28, 51)",2,-0.37630240293335293
pmid_afs_bessel_max + pmid_grdf_trig_std,"pmid_afs_bessel_max,pmid_grdf_trig_std","(70, 87)",2,-0.3763830909179041
X_diff + pstart_grdf_bessel_max,"X_diff,pstart_grdf_bessel_max","(3, 104)",2,-0.37655395945226894
pend_afs_trig_mean + pstart_afs_trig_mean,"pend_afs_trig_mean,pstart_afs_trig_mean","(35, 102)",2,-0.3767750320765393
pstart_grdf_bessel_mean + pstart_plane_sum_Z4,"pstart_grdf_bessel_mean,pstart_plane_sum_Z4","(105, 119)",2,-0.37679905868733005
pend_grdf_gauss_mean + pmid_plane_mean_Z,"pend_grdf_gauss_mean,pmid_plane_mean_Z","(41, 92)",2,-0.37680551873618395
kvec_y + pstart_plane_mean_mass,"kvec_y,pstart_plane_mean_mass","(21, 118)",2,-0.37720377767361624
pend_grdf_bessel_mean + pline_grdf_gauss_max,"pend_grdf_bessel_mean,pline_grdf_gauss_max","(38, 57)",2,-0.37726841540748773
pend_grdf_gauss_mean + pend_n_atoms_on_plane,"pend_grdf_gauss_mean,pend_n_atoms_on_plane","(41, 46)",2,-0.377415238825406
X_diff + pmid_plane_mean_mass,"X_diff,pmid_plane_mean_mass","(3, 93)",2,-0.3775472415846704
pline_plane_sum_Z4 + pstart_n_atoms_on_plane,"pline_plane_sum_Z4,pstart_n_atoms_on_plane","(69, 113)",2,-0.37763363410444767
pend_afs_trig_mean + pmid_afs_bessel_max,"pend_afs_trig_mean,pmid_afs_bessel_max","(35, 70)",2,-0.3776453603678725
pend_plane_mean_Z + pstart_plane_mean_mass,"pend_plane_mean_Z,pstart_plane_mean_mass","(50, 118)",2,-0.3777185183675023
pstart_afs_bessel_std + pstart_grdf_trig_std,"pstart_afs_bessel_std,pstart_grdf_trig_std","(97, 112)",2,-0.37807349396965156
kinterior_degen + pend_grdf_bessel_mean,"kinterior_degen,pend_grdf_bessel_mean","(11, 38)",2,-0.3782165543364242
bandgap + pmid_afs_bessel_mean,"bandgap,pmid_afs_bessel_mean","(6, 71)",2,-0.3783293631343613
kvec_y + pmid_plane_sum_Z4,"kvec_y,pmid_plane_sum_Z4","(21, 94)",2,-0.37836819203189476
pmid_afs_bessel_max + pstart_grdf_bessel_mean,"pmid_afs_bessel_max,pstart_grdf_bessel_mean","(70, 105)",2,-0.37855860633473515
kpath_angle_deg + pend_grdf_bessel_mean,"kpath_angle_deg,pend_grdf_bessel_mean","(14, 38)",2,-0.37864234678900777
max_Z + pstart_afs_bessel_max,"max_Z,pstart_afs_bessel_max","(23, 95)",2,-0.3787693294889361
pend_plane_max_Z + pstart_afs_bessel_max,"pend_plane_max_Z,pstart_afs_bessel_max","(48, 95)",2,-0.3787693294889361
pmid_plane_max_Z + pstart_afs_bessel_max,"pmid_plane_max_Z,pstart_afs_bessel_max","(90, 95)",2,-0.3787693294889361
max_Z4 + pstart_afs_bessel_max,"max_Z4,pstart_afs_bessel_max","(24, 95)",2,-0.3787693294889361
pend_grdf_bessel_mean + pend_grdf_gauss_mean,"pend_grdf_bessel_mean,pend_grdf_gauss_mean","(38, 41)",2,-0.37898738003103377
X_mean + pend_grdf_bessel_max,"X_mean,pend_grdf_bessel_max","(4, 37)",2,-0.37931975906800985
pmid_grdf_bessel_max + pstart_afs_gauss_std,"pmid_grdf_bessel_max,pstart_afs_gauss_std","(79, 100)",2,-0.3793209338445379
kvec_x + pmid_plane_mean_mass,"kvec_x,pmid_plane_mean_mass","(20, 93)",2,-0.3795137561655985
pline_grdf_trig_mean + pstart_n_atoms_on_plane,"pline_grdf_trig_mean,pstart_n_atoms_on_plane","(61, 113)",2,-0.37952041812686466
pmid_grdf_bessel_max + pstart_afs_trig_max,"pmid_grdf_bessel_max,pstart_afs_trig_max","(79, 101)",2,-0.3797287007479275
pstart_grdf_bessel_max + pstart_plane_mean_Z,"pstart_grdf_bessel_max,pstart_plane_mean_Z","(104, 117)",2,-0.37984552543765054
pline_grdf_trig_max + pmid_grdf_bessel_mean,"pline_grdf_trig_max,pmid_grdf_bessel_mean","(60, 80)",2,-0.37990766319847213
pstart_afs_bessel_max + pstart_plane_max_mass,"pstart_afs_bessel_max,pstart_plane_max_mass","(95, 116)",2,-0.38031454374191814
pmid_plane_mean_Z + pstart_plane_mean_mass,"pmid_plane_mean_Z,pstart_plane_mean_mass","(92, 118)",2,-0.3804089599410202
pend_n_atoms_on_plane + pmid_afs_trig_max,"pend_n_atoms_on_plane,pmid_afs_trig_max","(46, 76)",2,-0.3804298168087096
pline_n_atoms_on_plane + pstart_n_atoms_on_plane,"pline_n_atoms_on_plane,pstart_n_atoms_on_plane","(63, 113)",2,-0.3808411188845696
kpath_real_distance + pend_plane_sum_Z4,"kpath_real_distance,pend_plane_sum_Z4","(15, 52)",2,-0.38085405763582064
pmid_afs_bessel_max + radius_diff,"pmid_afs_bessel_max,radius_diff","(70, 120)",2,-0.38098804163924926
X_diff + pmid_plane_heavy_frac,"X_diff,pmid_plane_heavy_frac","(3, 89)",2,-0.3810145417252383
kvec_y + pend_plane_mean_Z,"kvec_y,pend_plane_mean_Z","(21, 50)",2,-0.38103377549697404
pstart_plane_mean_Z + radius_mean,"pstart_plane_mean_Z,radius_mean","(117, 121)",2,-0.3814791904971292
pmid_afs_trig_max + pstart_afs_gauss_max,"pmid_afs_trig_max,pstart_afs_gauss_max","(76, 98)",2,-0.38173020411107295
pstart_grdf_bessel_max + radius_diff,"pstart_grdf_bessel_max,radius_diff","(104, 120)",2,-0.3822263254713099
pmid_plane_heavy_frac + pstart_n_atoms_on_plane,"pmid_plane_heavy_frac,pstart_n_atoms_on_plane","(89, 113)",2,-0.38233245390282755
pend_grdf_bessel_max + pmid_plane_mean_Z,"pend_grdf_bessel_max,pmid_plane_mean_Z","(37, 92)",2,-0.38248386332314943
mean_Z + pstart_grdf_bessel_mean,"mean_Z,pstart_grdf_bessel_mean","(26, 105)",2,-0.38263001728674706
pmid_plane_mean_mass + pstart_plane_mean_mass,"pmid_plane_mean_mass,pstart_plane_mean_mass","(93, 118)",2,-0.3826677337304639
pline_grdf_bessel_max + pmid_grdf_bessel_max,"pline_grdf_bessel_max,pmid_grdf_bessel_max","(54, 79)",2,-0.38283322833764083
kvec_y + pend_afs_trig_max,"kvec_y,pend_afs_trig_max","(21, 34)",2,-0.3830405597294365
pend_grdf_gauss_mean + pstart_afs_trig_mean,"pend_grdf_gauss_mean,pstart_afs_trig_mean","(41, 102)",2,-0.3830488427024662
pend_afs_trig_max + pmid_n_atoms_on_plane,"pend_afs_trig_max,pmid_n_atoms_on_plane","(34, 88)",2,-0.3830511502875537
pline_grdf_trig_std + pstart_afs_bessel_max,"pline_grdf_trig_std,pstart_afs_bessel_max","(62, 95)",2,-0.38312287057327366
pstart_n_atoms_on_plane + pstart_plane_mean_Z,"pstart_n_atoms_on_plane,pstart_plane_mean_Z","(113, 117)",2,-0.3831587984546193
max_mass + pstart_afs_bessel_max,"max_mass,pstart_afs_bessel_max","(25, 95)",2,-0.38330003727156914
pmid_plane_max_mass + pstart_afs_bessel_max,"pmid_plane_max_mass,pstart_afs_bessel_max","(91, 95)",2,-0.38330003727156914
pend_plane_max_mass + pstart_afs_bessel_max,"pend_plane_max_mass,pstart_afs_bessel_max","(49, 95)",2,-0.38330003727156914
kvec_x + pend_grdf_bessel_max,"kvec_x,pend_grdf_bessel_max","(20, 37)",2,-0.38346544066342964
X_diff + pmid_grdf_gauss_max,"X_diff,pmid_grdf_gauss_max","(3, 82)",2,-0.38362647500755215
pmid_plane_mean_Z + radius_diff,"pmid_plane_mean_Z,radius_diff","(92, 120)",2,-0.3836273586413758
pmid_afs_gauss_std + pstart_n_atoms_on_plane,"pmid_afs_gauss_std,pstart_n_atoms_on_plane","(75, 113)",2,-0.3836712734431103
pend_grdf_bessel_max + pend_plane_max_mass,"pend_grdf_bessel_max,pend_plane_max_mass","(37, 49)",2,-0.38374313731619397
pend_grdf_bessel_max + pmid_plane_max_mass,"pend_grdf_bessel_max,pmid_plane_max_mass","(37, 91)",2,-0.38374313731619397
pend_grdf_bessel_max + pstart_plane_max_mass,"pend_grdf_bessel_max,pstart_plane_max_mass","(37, 116)",2,-0.38374313731619397
pend_grdf_trig_std + pmid_afs_bessel_max,"pend_grdf_trig_std,pmid_afs_bessel_max","(45, 70)",2,-0.38375684133389837
pmid_afs_bessel_max + pstart_grdf_trig_std,"pmid_afs_bessel_max,pstart_grdf_trig_std","(70, 112)",2,-0.3838450917441378
pend_grdf_bessel_max + pstart_plane_max_Z,"pend_grdf_bessel_max,pstart_plane_max_Z","(37, 115)",2,-0.3846632633504085
pend_grdf_bessel_max + pmid_plane_max_Z,"pend_grdf_bessel_max,pmid_plane_max_Z","(37, 90)",2,-0.3846632633504085
pend_grdf_bessel_max + pend_plane_max_Z,"pend_grdf_bessel_max,pend_plane_max_Z","(37, 48)",2,-0.3846632633504085
pend_plane_heavy_frac + pstart_n_atoms_on_plane,"pend_plane_heavy_frac,pstart_n_atoms_on_plane","(47, 113)",2,-0.38515463899276253
pend_afs_trig_max + pstart_grdf_trig_std,"pend_afs_trig_max,pstart_grdf_trig_std","(34, 112)",2,-0.38521875362702607
pend_plane_mean_mass + pstart_plane_mean_mass,"pend_plane_mean_mass,pstart_plane_mean_mass","(51, 118)",2,-0.3853321242326629
pline_grdf_trig_max + pmid_afs_bessel_max,"pline_grdf_trig_max,pmid_afs_bessel_max","(60, 70)",2,-0.38546493594388237
pmid_grdf_bessel_max + pmid_plane_max_mass,"pmid_grdf_bessel_max,pmid_plane_max_mass","(79, 91)",2,-0.38564654067791254
pmid_grdf_bessel_max + pstart_plane_max_mass,"pmid_grdf_bessel_max,pstart_plane_max_mass","(79, 116)",2,-0.38564654067791254
pmid_plane_sum_Z4 + pstart_grdf_bessel_mean,"pmid_plane_sum_Z4,pstart_grdf_bessel_mean","(94, 105)",2,-0.3858695982119569
pstart_n_atoms_on_plane + radius_diff,"pstart_n_atoms_on_plane,radius_diff","(113, 120)",2,-0.38599273836755216
pend_plane_mean_Z + pstart_plane_sum_Z4,"pend_plane_mean_Z,pstart_plane_sum_Z4","(50, 119)",2,-0.3860021981145436
pend_afs_gauss_std + pstart_afs_gauss_std,"pend_afs_gauss_std,pstart_afs_gauss_std","(33, 100)",2,-0.3860569407163603
pend_plane_mean_Z + pstart_afs_bessel_max,"pend_plane_mean_Z,pstart_afs_bessel_max","(50, 95)",2,-0.38611343511338403
E_pfrac_VBM + pstart_grdf_bessel_max,"E_pfrac_VBM,pstart_grdf_bessel_max","(1, 104)",2,-0.3862080037362502
kpath_angle_deg + pmid_grdf_bessel_mean,"kpath_angle_deg,pmid_grdf_bessel_mean","(14, 80)",2,-0.3862943163411291
pmid_afs_gauss_std + pstart_afs_gauss_std,"pmid_afs_gauss_std,pstart_afs_gauss_std","(75, 100)",2,-0.38653006327964035
plane_angle_deg + pmid_grdf_bessel_max,"plane_angle_deg,pmid_grdf_bessel_max","(53, 79)",2,-0.3866380271400708
pend_afs_bessel_max + pend_n_atoms_on_plane,"pend_afs_bessel_max,pend_n_atoms_on_plane","(28, 46)",2,-0.38664246177508355
pend_grdf_bessel_mean + pline_plane_heavy_frac,"pend_grdf_bessel_mean,pline_plane_heavy_frac","(38, 64)",2,-0.38677443996986505
pline_grdf_trig_mean + pmid_grdf_bessel_mean,"pline_grdf_trig_mean,pmid_grdf_bessel_mean","(61, 80)",2,-0.3870919940183375
pline_grdf_gauss_mean + pmid_grdf_bessel_max,"pline_grdf_gauss_mean,pmid_grdf_bessel_max","(58, 79)",2,-0.38729939317577033
pstart_afs_bessel_max + radius_diff,"pstart_afs_bessel_max,radius_diff","(95, 120)",2,-0.3876498630963616
pmid_grdf_trig_std + pmid_n_atoms_on_plane,"pmid_grdf_trig_std,pmid_n_atoms_on_plane","(87, 88)",2,-0.3878592431013771
kvec_y + pend_plane_sum_Z4,"kvec_y,pend_plane_sum_Z4","(21, 52)",2,-0.38808888643338146
X_mean + pmid_plane_mean_Z,"X_mean,pmid_plane_mean_Z","(4, 92)",2,-0.3889783206581391
kvec_z + pmid_grdf_bessel_mean,"kvec_z,pmid_grdf_bessel_mean","(22, 80)",2,-0.3890365855272979
pmid_afs_bessel_max + pstart_plane_max_Z,"pmid_afs_bessel_max,pstart_plane_max_Z","(70, 115)",2,-0.3890593174570493
pmid_afs_bessel_max + pmid_plane_max_Z,"pmid_afs_bessel_max,pmid_plane_max_Z","(70, 90)",2,-0.3890593174570493
kpath_real_distance + kvec_y,"kpath_real_distance,kvec_y","(15, 21)",2,-0.38910811282641705
kpath_real_distance + pstart_grdf_bessel_mean,"kpath_real_distance,pstart_grdf_bessel_mean","(15, 105)",2,-0.3892459896303729
ehull + n_elements,"ehull,n_elements","(7, 27)",2,-0.38942265827941247
pmid_grdf_bessel_max + pmid_plane_heavy_frac,"pmid_grdf_bessel_max,pmid_plane_heavy_frac","(79, 89)",2,-0.3898351913233987
pend_grdf_bessel_max + pstart_grdf_bessel_max,"pend_grdf_bessel_max,pstart_grdf_bessel_max","(37, 104)",2,-0.3899236294982923
kvec_x + pmid_plane_sum_Z4,"kvec_x,pmid_plane_sum_Z4","(20, 94)",2,-0.38998632494414165
pstart_plane_mean_Z + pstart_plane_sum_Z4,"pstart_plane_mean_Z,pstart_plane_sum_Z4","(117, 119)",2,-0.39010703314016143
pend_grdf_gauss_mean + pmid_grdf_bessel_mean,"pend_grdf_gauss_mean,pmid_grdf_bessel_mean","(41, 80)",2,-0.39011822822459835
X_diff + radius_mean,"X_diff,radius_mean","(3, 121)",2,-0.3901355737032248
pline_grdf_trig_max + pstart_n_atoms_on_plane,"pline_grdf_trig_max,pstart_n_atoms_on_plane","(60, 113)",2,-0.3901704444976008
pline_grdf_trig_std + pmid_afs_bessel_max,"pline_grdf_trig_std,pmid_afs_bessel_max","(62, 70)",2,-0.3902652279434729
X_diff + X_mean,"X_diff,X_mean","(3, 4)",2,-0.39029935204695193
pend_grdf_bessel_max + pmid_afs_bessel_max,"pend_grdf_bessel_max,pmid_afs_bessel_max","(37, 70)",2,-0.3903030756305139
pend_afs_bessel_max + pstart_grdf_bessel_mean,"pend_afs_bessel_max,pstart_grdf_bessel_mean","(28, 105)",2,-0.3905935147564553
pline_plane_mean_mass + pmid_grdf_bessel_max,"pline_plane_mean_mass,pmid_grdf_bessel_max","(68, 79)",2,-0.39092776866393464
pmid_afs_bessel_max + pstart_n_atoms_on_plane,"pmid_afs_bessel_max,pstart_n_atoms_on_plane","(70, 113)",2,-0.391323931015315
pend_grdf_trig_std + pmid_n_atoms_on_plane,"pend_grdf_trig_std,pmid_n_atoms_on_plane","(45, 88)",2,-0.3914401278153711
pend_grdf_gauss_mean + pstart_plane_heavy_frac,"pend_grdf_gauss_mean,pstart_plane_heavy_frac","(41, 114)",2,-0.39148656889970274
pend_afs_gauss_std + pend_afs_trig_max,"pend_afs_gauss_std,pend_afs_trig_max","(33, 34)",2,-0.39173714656364794
ehull + kstart_frac_x,"ehull,kstart_frac_x","(7, 17)",2,-0.3918480833698167
ehull + pend_afs_bessel_std,"ehull,pend_afs_bessel_std","(7, 30)",2,-0.39206539625439196
pend_n_atoms_on_plane + pmid_grdf_gauss_mean,"pend_n_atoms_on_plane,pmid_grdf_gauss_mean","(46, 83)",2,-0.39237304990372524
pline_grdf_gauss_std + pmid_afs_bessel_max,"pline_grdf_gauss_std,pmid_afs_bessel_max","(59, 70)",2,-0.3923956626034458
X_mean + pend_afs_trig_max,"X_mean,pend_afs_trig_max","(4, 34)",2,-0.39243575511429574
X_mean + pstart_afs_trig_max,"X_mean,pstart_afs_trig_max","(4, 101)",2,-0.39290172749804064
pend_grdf_bessel_max + sum_Z4,"pend_grdf_bessel_max,sum_Z4","(37, 122)",2,-0.3929655402737603
pmid_plane_mean_Z + pstart_plane_mean_Z,"pmid_plane_mean_Z,pstart_plane_mean_Z","(92, 117)",2,-0.3930995734993221
pline_grdf_bessel_max + pstart_n_atoms_on_plane,"pline_grdf_bessel_max,pstart_n_atoms_on_plane","(54, 113)",2,-0.39324386287426133
X_mean + pend_plane_mean_Z,"X_mean,pend_plane_mean_Z","(4, 50)",2,-0.3933081692095302
pend_grdf_trig_std + pend_n_atoms_on_plane,"pend_grdf_trig_std,pend_n_atoms_on_plane","(45, 46)",2,-0.39379301839486525
pend_afs_trig_max + pend_grdf_bessel_mean,"pend_afs_trig_max,pend_grdf_bessel_mean","(34, 38)",2,-0.39400334902248735
pend_grdf_gauss_mean + pstart_grdf_bessel_mean,"pend_grdf_gauss_mean,pstart_grdf_bessel_mean","(41, 105)",2,-0.3942021551379492
pstart_grdf_gauss_max + radius_mean,"pstart_grdf_gauss_max,radius_mean","(107, 121)",2,-0.3944372877925023
pend_grdf_gauss_mean + pmid_plane_heavy_frac,"pend_grdf_gauss_mean,pmid_plane_heavy_frac","(41, 89)",2,-0.39456450761797623
pline_plane_sum_Z4 + pmid_grdf_bessel_max,"pline_plane_sum_Z4,pmid_grdf_bessel_max","(69, 79)",2,-0.39485759438509993
pend_plane_mean_mass + pstart_afs_trig_mean,"pend_plane_mean_mass,pstart_afs_trig_mean","(51, 102)",2,-0.3951400644893324
X_mean + kpath_angle_deg,"X_mean,kpath_angle_deg","(4, 14)",2,-0.3952736872902964
kvec_y + pend_afs_bessel_max,"kvec_y,pend_afs_bessel_max","(21, 28)",2,-0.3954799554753931
kvec_x + pend_plane_sum_Z4,"kvec_x,pend_plane_sum_Z4","(20, 52)",2,-0.39557413658570434
pline_n_atoms_on_plane + pmid_grdf_bessel_mean,"pline_n_atoms_on_plane,pmid_grdf_bessel_mean","(63, 80)",2,-0.3956196425346917
kvec_z + pend_grdf_bessel_mean,"kvec_z,pend_grdf_bessel_mean","(22, 38)",2,-0.39588273175945876
bandgap + pend_afs_gauss_max,"bandgap,pend_afs_gauss_max","(6, 31)",2,-0.3959704571749822
kvec_y + pmid_afs_trig_max,"kvec_y,pmid_afs_trig_max","(21, 76)",2,-0.39629526925642555
pend_grdf_bessel_max + radius_mean,"pend_grdf_bessel_max,radius_mean","(37, 121)",2,-0.39633375800340065
pend_afs_bessel_std + pmid_n_atoms_on_plane,"pend_afs_bessel_std,pmid_n_atoms_on_plane","(30, 88)",2,-0.3963390142640707
pmid_plane_mean_Z + pstart_afs_bessel_max,"pmid_plane_mean_Z,pstart_afs_bessel_max","(92, 95)",2,-0.39634478797802036
pstart_afs_gauss_mean + pstart_afs_trig_mean,"pstart_afs_gauss_mean,pstart_afs_trig_mean","(99, 102)",2,-0.3965738635704615
pend_afs_bessel_max + pmid_plane_mean_Z,"pend_afs_bessel_max,pmid_plane_mean_Z","(28, 92)",2,-0.39668121788895694
pend_afs_trig_max + pstart_grdf_bessel_std,"pend_afs_trig_max,pstart_grdf_bessel_std","(34, 106)",2,-0.39721818690278693
pend_afs_gauss_std + pmid_n_atoms_on_plane,"pend_afs_gauss_std,pmid_n_atoms_on_plane","(33, 88)",2,-0.3973488402982975
pline_plane_mean_Z + pmid_grdf_bessel_mean,"pline_plane_mean_Z,pmid_grdf_bessel_mean","(67, 80)",2,-0.39745016235412556
kvec_x + pend_plane_mean_mass,"kvec_x,pend_plane_mean_mass","(20, 51)",2,-0.3975144802577776
pend_grdf_bessel_max + pstart_grdf_bessel_mean,"pend_grdf_bessel_max,pstart_grdf_bessel_mean","(37, 105)",2,-0.3976819920470679
mean_Z + pmid_grdf_bessel_max,"mean_Z,pmid_grdf_bessel_max","(26, 79)",2,-0.3978178162852099
pmid_grdf_bessel_max + pstart_grdf_gauss_mean,"pmid_grdf_bessel_max,pstart_grdf_gauss_mean","(79, 108)",2,-0.39823745431821345
kstart_frac_y + pstart_n_atoms_on_plane,"kstart_frac_y,pstart_n_atoms_on_plane","(18, 113)",2,-0.39852272568653563
kstart_frac_x + pmid_grdf_bessel_max,"kstart_frac_x,pmid_grdf_bessel_max","(17, 79)",2,-0.3989045535614824
pmid_afs_bessel_max + pstart_plane_mean_mass,"pmid_afs_bessel_max,pstart_plane_mean_mass","(70, 118)",2,-0.3990715544393537
pmid_grdf_bessel_max + pstart_plane_max_Z,"pmid_grdf_bessel_max,pstart_plane_max_Z","(79, 115)",2,-0.39912272909968977
pmid_grdf_bessel_max + pmid_plane_max_Z,"pmid_grdf_bessel_max,pmid_plane_max_Z","(79, 90)",2,-0.39912272909968977
pmid_plane_mean_Z + pstart_n_atoms_on_plane,"pmid_plane_mean_Z,pstart_n_atoms_on_plane","(92, 113)",2,-0.3994699076221755
pstart_n_atoms_on_plane + pstart_plane_heavy_frac,"pstart_n_atoms_on_plane,pstart_plane_heavy_frac","(113, 114)",2,-0.3997154456118593
pend_grdf_bessel_max + pstart_grdf_gauss_std,"pend_grdf_bessel_max,pstart_grdf_gauss_std","(37, 109)",2,-0.39978200628130445
kinterior_degen + pstart_n_atoms_on_plane,"kinterior_degen,pstart_n_atoms_on_plane","(11, 113)",2,-0.39992028850583405
pend_grdf_bessel_max + pend_plane_mean_Z,"pend_grdf_bessel_max,pend_plane_mean_Z","(37, 50)",2,-0.40004091386808194
bandgap + pmid_plane_mean_Z,"bandgap,pmid_plane_mean_Z","(6, 92)",2,-0.4002408512514298
pmid_grdf_bessel_max + sum_Z4,"pmid_grdf_bessel_max,sum_Z4","(79, 122)",2,-0.4007358436804189
bandgap + pend_plane_mean_Z,"bandgap,pend_plane_mean_Z","(6, 50)",2,-0.40076309686233935
kmid_frac_y + pstart_n_atoms_on_plane,"kmid_frac_y,pstart_n_atoms_on_plane","(13, 113)",2,-0.4009419007573376
ehull + pend_plane_mean_mass,"ehull,pend_plane_mean_mass","(7, 51)",2,-0.40109853553609937
pmid_n_atoms_on_plane + pstart_afs_bessel_std,"pmid_n_atoms_on_plane,pstart_afs_bessel_std","(88, 97)",2,-0.40136582969864243
max_mass + pend_grdf_bessel_max,"max_mass,pend_grdf_bessel_max","(25, 37)",2,-0.40140857356077814
kend_degen + pstart_afs_trig_mean,"kend_degen,pstart_afs_trig_mean","(8, 102)",2,-0.4018525458127568
pmid_grdf_bessel_mean + pstart_afs_trig_max,"pmid_grdf_bessel_mean,pstart_afs_trig_max","(80, 101)",2,-0.4019080725093698
max_Z4 + pend_grdf_bessel_max,"max_Z4,pend_grdf_bessel_max","(24, 37)",2,-0.4019779481367206
max_Z + pend_grdf_bessel_max,"max_Z,pend_grdf_bessel_max","(23, 37)",2,-0.4019779481367206
kvec_y + pmid_plane_mean_mass,"kvec_y,pmid_plane_mean_mass","(21, 93)",2,-0.4021259588293823
kmid_frac_y + pmid_grdf_bessel_mean,"kmid_frac_y,pmid_grdf_bessel_mean","(13, 80)",2,-0.40252713491811976
pstart_n_atoms_on_plane + pstart_plane_mean_mass,"pstart_n_atoms_on_plane,pstart_plane_mean_mass","(113, 118)",2,-0.4031405180049272
X_diff + pstart_afs_trig_mean,"X_diff,pstart_afs_trig_mean","(3, 102)",2,-0.40319534289591114
pline_grdf_trig_std + pstart_afs_trig_mean,"pline_grdf_trig_std,pstart_afs_trig_mean","(62, 102)",2,-0.40329961392605096
ehull + pstart_n_atoms_on_plane,"ehull,pstart_n_atoms_on_plane","(7, 113)",2,-0.4034503374308578
bandgap + pstart_afs_gauss_max,"bandgap,pstart_afs_gauss_max","(6, 98)",2,-0.40349954442044444
pend_plane_mean_mass + pmid_afs_bessel_max,"pend_plane_mean_mass,pmid_afs_bessel_max","(51, 70)",2,-0.4035215366508714
pend_grdf_bessel_max + pmid_afs_trig_max,"pend_grdf_bessel_max,pmid_afs_trig_max","(37, 76)",2,-0.403789223916613
pmid_plane_sum_Z4 + pstart_plane_mean_Z,"pmid_plane_sum_Z4,pstart_plane_mean_Z","(94, 117)",2,-0.4038551941397035
pend_grdf_bessel_mean + pline_grdf_trig_max,"pend_grdf_bessel_mean,pline_grdf_trig_max","(38, 60)",2,-0.40432364365955553
pmid_afs_gauss_std + pmid_n_atoms_on_plane,"pmid_afs_gauss_std,pmid_n_atoms_on_plane","(75, 88)",2,-0.40438430782458673
pline_plane_mean_Z + pstart_afs_trig_mean,"pline_plane_mean_Z,pstart_afs_trig_mean","(67, 102)",2,-0.4044581039732428
X_mean + pmid_n_atoms_on_plane,"X_mean,pmid_n_atoms_on_plane","(4, 88)",2,-0.40483010935859126
pend_afs_gauss_mean + pend_n_atoms_on_plane,"pend_afs_gauss_mean,pend_n_atoms_on_plane","(32, 46)",2,-0.4048409947978996
pend_afs_bessel_max + pend_afs_trig_mean,"pend_afs_bessel_max,pend_afs_trig_mean","(28, 35)",2,-0.40494280121886134
pline_plane_max_Z + pmid_grdf_bessel_mean,"pline_plane_max_Z,pmid_grdf_bessel_mean","(65, 80)",2,-0.40494851391675085
pend_grdf_bessel_mean + pline_grdf_trig_mean,"pend_grdf_bessel_mean,pline_grdf_trig_mean","(38, 61)",2,-0.40499673725304586
bandgap + pmid_afs_bessel_max,"bandgap,pmid_afs_bessel_max","(6, 70)",2,-0.40499851779708784
X_diff + pstart_grdf_bessel_mean,"X_diff,pstart_grdf_bessel_mean","(3, 105)",2,-0.4051226329316943
pmid_afs_bessel_max + pmid_plane_max_mass,"pmid_afs_bessel_max,pmid_plane_max_mass","(70, 91)",2,-0.40527352611044265
pmid_afs_bessel_max + pstart_plane_max_mass,"pmid_afs_bessel_max,pstart_plane_max_mass","(70, 116)",2,-0.40527352611044265
kvec_y + pline_grdf_bessel_max,"kvec_y,pline_grdf_bessel_max","(21, 54)",2,-0.40558172140010224
pend_afs_trig_max + pmid_afs_trig_max,"pend_afs_trig_max,pmid_afs_trig_max","(34, 76)",2,-0.40585456983794604
kvec_x + pstart_plane_mean_mass,"kvec_x,pstart_plane_mean_mass","(20, 118)",2,-0.4062405274984334
pmid_grdf_bessel_max + pstart_grdf_gauss_std,"pmid_grdf_bessel_max,pstart_grdf_gauss_std","(79, 109)",2,-0.40637160395193384
kvec_y + pend_plane_mean_mass,"kvec_y,pend_plane_mean_mass","(21, 51)",2,-0.4064685864665286
kvec_y + pstart_afs_trig_mean,"kvec_y,pstart_afs_trig_mean","(21, 102)",2,-0.4065106367718325
max_mass + pmid_grdf_bessel_max,"max_mass,pmid_grdf_bessel_max","(25, 79)",2,-0.4065171267727159
pend_plane_max_mass + pmid_grdf_bessel_max,"pend_plane_max_mass,pmid_grdf_bessel_max","(49, 79)",2,-0.4065171267727159
kend_degen + pmid_grdf_bessel_mean,"kend_degen,pmid_grdf_bessel_mean","(8, 80)",2,-0.4066440155478762
pline_plane_mean_mass + pstart_afs_trig_mean,"pline_plane_mean_mass,pstart_afs_trig_mean","(68, 102)",2,-0.4068176571115947
pmid_grdf_bessel_max + pmid_n_atoms_on_plane,"pmid_grdf_bessel_max,pmid_n_atoms_on_plane","(79, 88)",2,-0.40716428104975383
pend_plane_mean_mass + pmid_plane_mean_Z,"pend_plane_mean_mass,pmid_plane_mean_Z","(51, 92)",2,-0.40718002198198516
pmid_afs_bessel_max + pstart_afs_bessel_max,"pmid_afs_bessel_max,pstart_afs_bessel_max","(70, 95)",2,-0.40720166085884396
pmid_grdf_bessel_mean + sum_Z4,"pmid_grdf_bessel_mean,sum_Z4","(80, 122)",2,-0.4072945052687338
pmid_grdf_bessel_max + pstart_plane_mean_Z,"pmid_grdf_bessel_max,pstart_plane_mean_Z","(79, 117)",2,-0.40744983268312945
pend_afs_bessel_max + pend_plane_mean_Z,"pend_afs_bessel_max,pend_plane_mean_Z","(28, 50)",2,-0.4078821207544605
pend_grdf_bessel_max + pend_grdf_gauss_mean,"pend_grdf_bessel_max,pend_grdf_gauss_mean","(37, 41)",2,-0.4078849371606085
pline_grdf_gauss_mean + pmid_grdf_bessel_mean,"pline_grdf_gauss_mean,pmid_grdf_bessel_mean","(58, 80)",2,-0.4079733340002279
max_Z4 + pmid_afs_bessel_max,"max_Z4,pmid_afs_bessel_max","(24, 70)",2,-0.40807810583505894
pend_plane_max_Z + pmid_afs_bessel_max,"pend_plane_max_Z,pmid_afs_bessel_max","(48, 70)",2,-0.40807810583505894
max_Z + pmid_afs_bessel_max,"max_Z,pmid_afs_bessel_max","(23, 70)",2,-0.40807810583505894
pline_plane_max_mass + pmid_grdf_bessel_mean,"pline_plane_max_mass,pmid_grdf_bessel_mean","(66, 80)",2,-0.4081111073447722
pmid_afs_bessel_max + pstart_plane_mean_Z,"pmid_afs_bessel_max,pstart_plane_mean_Z","(70, 117)",2,-0.4085090621662536
bandgap + pend_afs_bessel_max,"bandgap,pend_afs_bessel_max","(6, 28)",2,-0.40856470608414386
pmid_plane_mean_Z + pstart_plane_sum_Z4,"pmid_plane_mean_Z,pstart_plane_sum_Z4","(92, 119)",2,-0.4086156286194197
pline_grdf_bessel_max + pmid_grdf_bessel_mean,"pline_grdf_bessel_max,pmid_grdf_bessel_mean","(54, 80)",2,-0.4087195018070764
pend_grdf_gauss_mean + pmid_plane_sum_Z4,"pend_grdf_gauss_mean,pmid_plane_sum_Z4","(41, 94)",2,-0.4090649068752025
pstart_afs_bessel_std + pstart_n_atoms_on_plane,"pstart_afs_bessel_std,pstart_n_atoms_on_plane","(97, 113)",2,-0.40933647439317306
E_pfrac_CBM + pmid_grdf_gauss_mean,"E_pfrac_CBM,pmid_grdf_gauss_mean","(0, 83)",2,-0.40939866193690894
pstart_afs_bessel_std + pstart_afs_trig_mean,"pstart_afs_bessel_std,pstart_afs_trig_mean","(97, 102)",2,-0.40943753868667443
ktotal_weight + pstart_n_atoms_on_plane,"ktotal_weight,pstart_n_atoms_on_plane","(19, 113)",2,-0.4098642067365354
E_pfrac_CBM + pend_grdf_bessel_mean,"E_pfrac_CBM,pend_grdf_bessel_mean","(0, 38)",2,-0.41007777040112037
pmid_afs_bessel_max + pmid_plane_mean_mass,"pmid_afs_bessel_max,pmid_plane_mean_mass","(70, 93)",2,-0.4103047259702307
pline_grdf_bessel_mean + pstart_n_atoms_on_plane,"pline_grdf_bessel_mean,pstart_n_atoms_on_plane","(55, 113)",2,-0.41033695819286037
pline_plane_sum_Z4 + pstart_afs_trig_mean,"pline_plane_sum_Z4,pstart_afs_trig_mean","(69, 102)",2,-0.4105231410953559
kvec_y + pmid_n_atoms_on_plane,"kvec_y,pmid_n_atoms_on_plane","(21, 88)",2,-0.4105256262173051
plane_angle_deg + pmid_grdf_bessel_mean,"plane_angle_deg,pmid_grdf_bessel_mean","(53, 80)",2,-0.41069339115081827
pend_plane_mean_Z + pmid_plane_sum_Z4,"pend_plane_mean_Z,pmid_plane_sum_Z4","(50, 94)",2,-0.41113441932865624
ehull + radius_mean,"ehull,radius_mean","(7, 121)",2,-0.4115467043818934
pend_plane_sum_Z4 + pstart_plane_sum_Z4,"pend_plane_sum_Z4,pstart_plane_sum_Z4","(52, 119)",2,-0.4115521792917585
pmid_afs_bessel_max + pmid_afs_trig_mean,"pmid_afs_bessel_max,pmid_afs_trig_mean","(70, 77)",2,-0.41166188809522347
pend_grdf_gauss_mean + pend_plane_sum_Z4,"pend_grdf_gauss_mean,pend_plane_sum_Z4","(41, 52)",2,-0.41174617646837774
pend_plane_mean_Z + pmid_plane_mean_mass,"pend_plane_mean_Z,pmid_plane_mean_mass","(50, 93)",2,-0.4117483336423763
pmid_afs_trig_std + pstart_n_atoms_on_plane,"pmid_afs_trig_std,pstart_n_atoms_on_plane","(78, 113)",2,-0.4118405241329427
pstart_grdf_bessel_max + pstart_plane_mean_mass,"pstart_grdf_bessel_max,pstart_plane_mean_mass","(104, 118)",2,-0.4119907938245836
pmid_n_atoms_on_plane + pstart_afs_gauss_max,"pmid_n_atoms_on_plane,pstart_afs_gauss_max","(88, 98)",2,-0.4120307607797814
mean_Z + pstart_plane_sum_Z4,"mean_Z,pstart_plane_sum_Z4","(26, 119)",2,-0.4121406907487719
pend_plane_sum_Z4 + pmid_plane_sum_Z4,"pend_plane_sum_Z4,pmid_plane_sum_Z4","(52, 94)",2,-0.41248760078538405
band_binary + pmid_grdf_bessel_mean,"band_binary,pmid_grdf_bessel_mean","(5, 80)",2,-0.4132153186921654
pmid_n_atoms_on_plane + pstart_afs_gauss_std,"pmid_n_atoms_on_plane,pstart_afs_gauss_std","(88, 100)",2,-0.41336253468743517
X_diff + pstart_grdf_gauss_max,"X_diff,pstart_grdf_gauss_max","(3, 107)",2,-0.41337843204108965
ehull + pend_afs_bessel_max,"ehull,pend_afs_bessel_max","(7, 28)",2,-0.4136443848817269
X_diff + pend_grdf_gauss_max,"X_diff,pend_grdf_gauss_max","(3, 40)",2,-0.41398752812481365
X_diff + ehull,"X_diff,ehull","(3, 7)",2,-0.4140599164470539
pmid_plane_mean_Z + pstart_afs_trig_mean,"pmid_plane_mean_Z,pstart_afs_trig_mean","(92, 102)",2,-0.4141088528952793
pstart_afs_trig_mean + pstart_grdf_bessel_std,"pstart_afs_trig_mean,pstart_grdf_bessel_std","(102, 106)",2,-0.41421746217174055
pstart_grdf_gauss_std + radius_mean,"pstart_grdf_gauss_std,radius_mean","(109, 121)",2,-0.414629228285868
pend_grdf_bessel_max + pstart_plane_sum_Z4,"pend_grdf_bessel_max,pstart_plane_sum_Z4","(37, 119)",2,-0.41503828305001084
pend_grdf_bessel_mean + pline_plane_mean_Z,"pend_grdf_bessel_mean,pline_plane_mean_Z","(38, 67)",2,-0.4151438150919248
pstart_afs_trig_mean + pstart_plane_mean_mass,"pstart_afs_trig_mean,pstart_plane_mean_mass","(102, 118)",2,-0.41514615910347336
pline_grdf_bessel_std + pstart_afs_trig_mean,"pline_grdf_bessel_std,pstart_afs_trig_mean","(56, 102)",2,-0.4152406033905125
pend_plane_mean_Z + pend_plane_sum_Z4,"pend_plane_mean_Z,pend_plane_sum_Z4","(50, 52)",2,-0.4155246065527214
pmid_plane_mean_mass + pstart_plane_sum_Z4,"pmid_plane_mean_mass,pstart_plane_sum_Z4","(93, 119)",2,-0.4159120073999508
pend_plane_mean_mass + pstart_plane_sum_Z4,"pend_plane_mean_mass,pstart_plane_sum_Z4","(51, 119)",2,-0.4159848661732761
pmid_plane_sum_Z4 + pstart_plane_sum_Z4,"pmid_plane_sum_Z4,pstart_plane_sum_Z4","(94, 119)",2,-0.4160537340559639
pmid_afs_bessel_max + pmid_n_atoms_on_plane,"pmid_afs_bessel_max,pmid_n_atoms_on_plane","(70, 88)",2,-0.4160807609415905
kmid_frac_x + pmid_grdf_bessel_mean,"kmid_frac_x,pmid_grdf_bessel_mean","(12, 80)",2,-0.4160871100979568
pend_plane_mean_mass + pmid_plane_mean_mass,"pend_plane_mean_mass,pmid_plane_mean_mass","(51, 93)",2,-0.41623271724710137
kvec_y + pline_grdf_bessel_mean,"kvec_y,pline_grdf_bessel_mean","(21, 55)",2,-0.41625513378908074
pend_grdf_bessel_max + pmid_n_atoms_on_plane,"pend_grdf_bessel_max,pmid_n_atoms_on_plane","(37, 88)",2,-0.4164923547411214
pend_grdf_bessel_mean + pline_plane_max_mass,"pend_grdf_bessel_mean,pline_plane_max_mass","(38, 66)",2,-0.41663181052952425
pmid_afs_trig_max + pmid_n_atoms_on_plane,"pmid_afs_trig_max,pmid_n_atoms_on_plane","(76, 88)",2,-0.41680574292207845
plane_angle_deg + pstart_afs_trig_mean,"plane_angle_deg,pstart_afs_trig_mean","(53, 102)",2,-0.41689127475636506
pmid_plane_mean_mass + pstart_n_atoms_on_plane,"pmid_plane_mean_mass,pstart_n_atoms_on_plane","(93, 113)",2,-0.41770501963878737
kmid_frac_y + pend_grdf_bessel_mean,"kmid_frac_y,pend_grdf_bessel_mean","(13, 38)",2,-0.4178009875044286
kvec_y + pmid_afs_bessel_max,"kvec_y,pmid_afs_bessel_max","(21, 70)",2,-0.4182178053522877
pmid_grdf_bessel_max + pstart_plane_sum_Z4,"pmid_grdf_bessel_max,pstart_plane_sum_Z4","(79, 119)",2,-0.41834385804958585
pmid_grdf_gauss_mean + radius_mean,"pmid_grdf_gauss_mean,radius_mean","(83, 121)",2,-0.4184041639170082
pline_grdf_trig_std + pmid_grdf_bessel_mean,"pline_grdf_trig_std,pmid_grdf_bessel_mean","(62, 80)",2,-0.4184564218438904
pline_grdf_bessel_mean + pmid_grdf_bessel_max,"pline_grdf_bessel_mean,pmid_grdf_bessel_max","(55, 79)",2,-0.41876759627144333
pstart_grdf_bessel_max + pstart_plane_sum_Z4,"pstart_grdf_bessel_max,pstart_plane_sum_Z4","(104, 119)",2,-0.41897615540836386
pmid_afs_bessel_std + pmid_n_atoms_on_plane,"pmid_afs_bessel_std,pmid_n_atoms_on_plane","(72, 88)",2,-0.4190383541347614
pend_grdf_bessel_mean + pline_plane_mean_mass,"pend_grdf_bessel_mean,pline_plane_mean_mass","(38, 68)",2,-0.4194998763552714
pmid_afs_trig_max + pstart_afs_gauss_mean,"pmid_afs_trig_max,pstart_afs_gauss_mean","(76, 99)",2,-0.4204237628192692
pmid_plane_mean_Z + pmid_plane_sum_Z4,"pmid_plane_mean_Z,pmid_plane_sum_Z4","(92, 94)",2,-0.4205398164020968
pend_plane_sum_Z4 + pstart_plane_mean_Z,"pend_plane_sum_Z4,pstart_plane_mean_Z","(52, 117)",2,-0.4207668872887879
pend_plane_mean_Z + pstart_grdf_bessel_mean,"pend_plane_mean_Z,pstart_grdf_bessel_mean","(50, 105)",2,-0.4207911462045658
pmid_plane_mean_mass + pstart_afs_trig_mean,"pmid_plane_mean_mass,pstart_afs_trig_mean","(93, 102)",2,-0.4208501260032337
X_mean + pmid_grdf_bessel_max,"X_mean,pmid_grdf_bessel_max","(4, 79)",2,-0.42105890610842034
ehull + pmid_afs_bessel_std,"ehull,pmid_afs_bessel_std","(7, 72)",2,-0.4211003849628411
pend_grdf_bessel_max + radius_diff,"pend_grdf_bessel_max,radius_diff","(37, 120)",2,-0.42160785720887395
pmid_grdf_trig_std + pstart_n_atoms_on_plane,"pmid_grdf_trig_std,pstart_n_atoms_on_plane","(87, 113)",2,-0.4219361806399382
pend_grdf_bessel_mean + pline_grdf_bessel_std,"pend_grdf_bessel_mean,pline_grdf_bessel_std","(38, 56)",2,-0.4224054636221643
pmid_grdf_bessel_max + pmid_plane_sum_Z4,"pmid_grdf_bessel_max,pmid_plane_sum_Z4","(79, 94)",2,-0.42242329821562985
pmid_plane_sum_Z4 + pstart_grdf_bessel_max,"pmid_plane_sum_Z4,pstart_grdf_bessel_max","(94, 104)",2,-0.42243685853865537
E_pfrac_CBM + pmid_grdf_bessel_max,"E_pfrac_CBM,pmid_grdf_bessel_max","(0, 79)",2,-0.42319292148149146
pend_grdf_bessel_mean + pstart_afs_trig_max,"pend_grdf_bessel_mean,pstart_afs_trig_max","(38, 101)",2,-0.42324587665754854
pstart_plane_mean_mass + pstart_plane_sum_Z4,"pstart_plane_mean_mass,pstart_plane_sum_Z4","(118, 119)",2,-0.4234030869763939
n_elements + pmid_grdf_bessel_mean,"n_elements,pmid_grdf_bessel_mean","(27, 80)",2,-0.42395944279353986
pend_plane_mean_Z + pmid_plane_mean_Z,"pend_plane_mean_Z,pmid_plane_mean_Z","(50, 92)",2,-0.4241147122172283
pend_afs_bessel_max + pmid_afs_bessel_max,"pend_afs_bessel_max,pmid_afs_bessel_max","(28, 70)",2,-0.42413431928207074
pmid_grdf_bessel_max + radius_mean,"pmid_grdf_bessel_max,radius_mean","(79, 121)",2,-0.4242226568979851
pend_afs_bessel_std + pstart_afs_trig_mean,"pend_afs_bessel_std,pstart_afs_trig_mean","(30, 102)",2,-0.4243302294348329
pmid_plane_sum_Z4 + pstart_n_atoms_on_plane,"pmid_plane_sum_Z4,pstart_n_atoms_on_plane","(94, 113)",2,-0.42500291670690354
kpath_real_distance + pstart_n_atoms_on_plane,"kpath_real_distance,pstart_n_atoms_on_plane","(15, 113)",2,-0.4251053686127949
pmid_afs_trig_std + pmid_n_atoms_on_plane,"pmid_afs_trig_std,pmid_n_atoms_on_plane","(78, 88)",2,-0.4254052608305237
pmid_plane_mean_Z + pmid_plane_mean_mass,"pmid_plane_mean_Z,pmid_plane_mean_mass","(92, 93)",2,-0.4255422034925084
pline_plane_mean_mass + pmid_grdf_bessel_mean,"pline_plane_mean_mass,pmid_grdf_bessel_mean","(68, 80)",2,-0.4255883180450953
pend_afs_trig_max + pmid_grdf_bessel_mean,"pend_afs_trig_max,pmid_grdf_bessel_mean","(34, 80)",2,-0.4258107959168241
pend_grdf_trig_std + pstart_n_atoms_on_plane,"pend_grdf_trig_std,pstart_n_atoms_on_plane","(45, 113)",2,-0.4259057564880745
pmid_afs_gauss_max + pstart_n_atoms_on_plane,"pmid_afs_gauss_max,pstart_n_atoms_on_plane","(73, 113)",2,-0.4262282523114266
pend_afs_bessel_std + radius_mean,"pend_afs_bessel_std,radius_mean","(30, 121)",2,-0.4264607356679771
ehull + pstart_afs_bessel_std,"ehull,pstart_afs_bessel_std","(7, 97)",2,-0.4278058231261207
pend_n_atoms_on_plane + pmid_grdf_bessel_mean,"pend_n_atoms_on_plane,pmid_grdf_bessel_mean","(46, 80)",2,-0.4280100426294373
pmid_afs_bessel_max + pstart_afs_gauss_mean,"pmid_afs_bessel_max,pstart_afs_gauss_mean","(70, 99)",2,-0.42806122516580203
kend_degen + pend_grdf_bessel_mean,"kend_degen,pend_grdf_bessel_mean","(8, 38)",2,-0.42810094449299746
pend_afs_trig_max + pend_grdf_bessel_max,"pend_afs_trig_max,pend_grdf_bessel_max","(34, 37)",2,-0.42812367761675096
pend_plane_sum_Z4 + pmid_plane_mean_mass,"pend_plane_sum_Z4,pmid_plane_mean_mass","(52, 93)",2,-0.4286171131418584
pmid_afs_trig_max + pstart_afs_trig_mean,"pmid_afs_trig_max,pstart_afs_trig_mean","(76, 102)",2,-0.42867347718867643
pend_grdf_bessel_mean + pline_plane_max_Z,"pend_grdf_bessel_mean,pline_plane_max_Z","(38, 65)",2,-0.42882618690144414
pend_grdf_bessel_mean + pline_n_atoms_on_plane,"pend_grdf_bessel_mean,pline_n_atoms_on_plane","(38, 63)",2,-0.4288350847662604
max_mass + pmid_afs_bessel_max,"max_mass,pmid_afs_bessel_max","(25, 70)",2,-0.42892322731359245
pend_plane_max_mass + pmid_afs_bessel_max,"pend_plane_max_mass,pmid_afs_bessel_max","(49, 70)",2,-0.42892322731359245
pmid_afs_bessel_max + pmid_plane_mean_Z,"pmid_afs_bessel_max,pmid_plane_mean_Z","(70, 92)",2,-0.4290654323592338
max_Z4 + pmid_grdf_bessel_max,"max_Z4,pmid_grdf_bessel_max","(24, 79)",2,-0.4293936168684606
pend_plane_max_Z + pmid_grdf_bessel_max,"pend_plane_max_Z,pmid_grdf_bessel_max","(48, 79)",2,-0.4293936168684606
max_Z + pmid_grdf_bessel_max,"max_Z,pmid_grdf_bessel_max","(23, 79)",2,-0.4293936168684606
X_mean + pmid_plane_mean_mass,"X_mean,pmid_plane_mean_mass","(4, 93)",2,-0.4294054971043934
mean_Z + pmid_plane_sum_Z4,"mean_Z,pmid_plane_sum_Z4","(26, 94)",2,-0.42973529883163925
pstart_afs_trig_mean + pstart_grdf_bessel_mean,"pstart_afs_trig_mean,pstart_grdf_bessel_mean","(102, 105)",2,-0.42973852477472274
kvec_x + kvec_y,"kvec_x,kvec_y","(20, 21)",2,-0.429859018151193
pend_grdf_bessel_mean + pline_grdf_gauss_std,"pend_grdf_bessel_mean,pline_grdf_gauss_std","(38, 59)",2,-0.42994336881956485
pend_grdf_bessel_mean + pstart_afs_gauss_max,"pend_grdf_bessel_mean,pstart_afs_gauss_max","(38, 98)",2,-0.4299615651363206
E_pfrac_VBM + pstart_afs_trig_mean,"E_pfrac_VBM,pstart_afs_trig_mean","(1, 102)",2,-0.43005179945950356
kmid_frac_x + pend_grdf_bessel_mean,"kmid_frac_x,pend_grdf_bessel_mean","(12, 38)",2,-0.43014479313335097
max_Z + pstart_afs_trig_mean,"max_Z,pstart_afs_trig_mean","(23, 102)",2,-0.43103084559065563
max_Z4 + pstart_afs_trig_mean,"max_Z4,pstart_afs_trig_mean","(24, 102)",2,-0.43103084559065563
pmid_plane_max_Z + pstart_afs_trig_mean,"pmid_plane_max_Z,pstart_afs_trig_mean","(90, 102)",2,-0.43103084559065563
pend_plane_max_Z + pstart_afs_trig_mean,"pend_plane_max_Z,pstart_afs_trig_mean","(48, 102)",2,-0.43103084559065563
mean_Z + pend_plane_sum_Z4,"mean_Z,pend_plane_sum_Z4","(26, 52)",2,-0.4311275188647411
pmid_n_atoms_on_plane + pstart_n_atoms_on_plane,"pmid_n_atoms_on_plane,pstart_n_atoms_on_plane","(88, 113)",2,-0.4314350306718566
pstart_afs_trig_mean + pstart_plane_max_Z,"pstart_afs_trig_mean,pstart_plane_max_Z","(102, 115)",2,-0.4314562342283995
pmid_plane_sum_Z4 + pstart_plane_mean_mass,"pmid_plane_sum_Z4,pstart_plane_mean_mass","(94, 118)",2,-0.43161091057662215
X_diff + pmid_afs_trig_max,"X_diff,pmid_afs_trig_max","(3, 76)",2,-0.431785733112806
pmid_plane_mean_Z + radius_mean,"pmid_plane_mean_Z,radius_mean","(92, 121)",2,-0.43242703437723173
pend_n_atoms_on_plane + pstart_grdf_bessel_max,"pend_n_atoms_on_plane,pstart_grdf_bessel_max","(46, 104)",2,-0.4325019076344524
pstart_afs_trig_mean + pstart_plane_mean_Z,"pstart_afs_trig_mean,pstart_plane_mean_Z","(102, 117)",2,-0.4325226080690168
ehull + pstart_grdf_bessel_mean,"ehull,pstart_grdf_bessel_mean","(7, 105)",2,-0.4326378509993368
pline_plane_heavy_frac + pstart_afs_trig_mean,"pline_plane_heavy_frac,pstart_afs_trig_mean","(64, 102)",2,-0.43288664690581075
pend_grdf_bessel_max + pmid_plane_sum_Z4,"pend_grdf_bessel_max,pmid_plane_sum_Z4","(37, 94)",2,-0.433010031421026
E_pfrac_CBM + pend_grdf_bessel_max,"E_pfrac_CBM,pend_grdf_bessel_max","(0, 37)",2,-0.4334040542697177
pend_plane_mean_Z + radius_mean,"pend_plane_mean_Z,radius_mean","(50, 121)",2,-0.433739883867433
pline_plane_sum_Z4 + pmid_grdf_bessel_mean,"pline_plane_sum_Z4,pmid_grdf_bessel_mean","(69, 80)",2,-0.43410513003783413
pline_plane_max_mass + pstart_afs_trig_mean,"pline_plane_max_mass,pstart_afs_trig_mean","(66, 102)",2,-0.43447289042692694
kmid_frac_y + pstart_afs_trig_mean,"kmid_frac_y,pstart_afs_trig_mean","(13, 102)",2,-0.4346495618125659
kend_frac_x + pmid_grdf_bessel_mean,"kend_frac_x,pmid_grdf_bessel_mean","(9, 80)",2,-0.4349307353706312
pmid_grdf_bessel_mean + radius_mean,"pmid_grdf_bessel_mean,radius_mean","(80, 121)",2,-0.43512176963053484
kend_frac_x + pend_grdf_bessel_mean,"kend_frac_x,pend_grdf_bessel_mean","(9, 38)",2,-0.43526618149038443
pline_grdf_bessel_mean + pmid_grdf_bessel_mean,"pline_grdf_bessel_mean,pmid_grdf_bessel_mean","(55, 80)",2,-0.43550167886290386
pmid_n_atoms_on_plane + pstart_grdf_bessel_max,"pmid_n_atoms_on_plane,pstart_grdf_bessel_max","(88, 104)",2,-0.4356733416705462
pend_grdf_bessel_mean + sum_Z4,"pend_grdf_bessel_mean,sum_Z4","(38, 122)",2,-0.4358408861716988
X_mean + pend_plane_mean_mass,"X_mean,pend_plane_mean_mass","(4, 51)",2,-0.43595331651258495
pend_plane_sum_Z4 + pmid_plane_mean_Z,"pend_plane_sum_Z4,pmid_plane_mean_Z","(52, 92)",2,-0.4359685115099035
pstart_grdf_gauss_mean + pstart_n_atoms_on_plane,"pstart_grdf_gauss_mean,pstart_n_atoms_on_plane","(108, 113)",2,-0.4360740133664451
pend_afs_bessel_max + radius_mean,"pend_afs_bessel_max,radius_mean","(28, 121)",2,-0.4363746467945614
bandgap + ehull,"bandgap,ehull","(6, 7)",2,-0.43657490292273915
pend_afs_bessel_max + pstart_afs_bessel_max,"pend_afs_bessel_max,pstart_afs_bessel_max","(28, 95)",2,-0.43670712545804785
pend_plane_sum_Z4 + pstart_n_atoms_on_plane,"pend_plane_sum_Z4,pstart_n_atoms_on_plane","(52, 113)",2,-0.43679645429826436
pend_grdf_bessel_max + pmid_grdf_bessel_max,"pend_grdf_bessel_max,pmid_grdf_bessel_max","(37, 79)",2,-0.43682252459393955
pline_grdf_gauss_mean + pstart_afs_trig_mean,"pline_grdf_gauss_mean,pstart_afs_trig_mean","(58, 102)",2,-0.4369278380142118
pend_grdf_bessel_mean + pline_grdf_gauss_mean,"pend_grdf_bessel_mean,pline_grdf_gauss_mean","(38, 58)",2,-0.43700543719079377
X_diff + pmid_n_atoms_on_plane,"X_diff,pmid_n_atoms_on_plane","(3, 88)",2,-0.43753739186330715
kvec_x + pend_grdf_gauss_mean,"kvec_x,pend_grdf_gauss_mean","(20, 41)",2,-0.43767912300186823
pend_plane_mean_mass + pstart_grdf_bessel_mean,"pend_plane_mean_mass,pstart_grdf_bessel_mean","(51, 105)",2,-0.4376942085940822
X_mean + pstart_plane_sum_Z4,"X_mean,pstart_plane_sum_Z4","(4, 119)",2,-0.4377168179956213
pstart_afs_gauss_max + pstart_n_atoms_on_plane,"pstart_afs_gauss_max,pstart_n_atoms_on_plane","(98, 113)",2,-0.438049727957422
pend_plane_sum_Z4 + pstart_grdf_bessel_max,"pend_plane_sum_Z4,pstart_grdf_bessel_max","(52, 104)",2,-0.43814611953893945
kstart_frac_y + pmid_grdf_bessel_mean,"kstart_frac_y,pmid_grdf_bessel_mean","(18, 80)",2,-0.4382722640304369
n_elements + pend_grdf_bessel_mean,"n_elements,pend_grdf_bessel_mean","(27, 38)",2,-0.43835858773652436
pend_plane_mean_Z + pmid_grdf_bessel_max,"pend_plane_mean_Z,pmid_grdf_bessel_max","(50, 79)",2,-0.43864167781474367
band_binary + pstart_afs_trig_mean,"band_binary,pstart_afs_trig_mean","(5, 102)",2,-0.43872356050872946
kstart_degen + pmid_grdf_bessel_mean,"kstart_degen,pmid_grdf_bessel_mean","(16, 80)",2,-0.43904636020511967
pend_plane_mean_Z + pend_plane_mean_mass,"pend_plane_mean_Z,pend_plane_mean_mass","(50, 51)",2,-0.43927179461551197
pmid_plane_max_mass + pstart_afs_trig_mean,"pmid_plane_max_mass,pstart_afs_trig_mean","(91, 102)",2,-0.43935491378911795
max_mass + pstart_afs_trig_mean,"max_mass,pstart_afs_trig_mean","(25, 102)",2,-0.43935491378911795
pend_plane_max_mass + pstart_afs_trig_mean,"pend_plane_max_mass,pstart_afs_trig_mean","(49, 102)",2,-0.43935491378911795
pend_grdf_bessel_mean + plane_angle_deg,"pend_grdf_bessel_mean,plane_angle_deg","(38, 53)",2,-0.43953349483588317
pend_plane_mean_mass + pmid_plane_sum_Z4,"pend_plane_mean_mass,pmid_plane_sum_Z4","(51, 94)",2,-0.4399653124909485
pline_grdf_gauss_std + pstart_afs_trig_mean,"pline_grdf_gauss_std,pstart_afs_trig_mean","(59, 102)",2,-0.44045816911527524
E_pfrac_CBM + pmid_grdf_bessel_mean,"E_pfrac_CBM,pmid_grdf_bessel_mean","(0, 80)",2,-0.44136575477514894
pend_grdf_bessel_max + pend_n_atoms_on_plane,"pend_grdf_bessel_max,pend_n_atoms_on_plane","(37, 46)",2,-0.441537061137676
pend_n_atoms_on_plane + pstart_afs_gauss_mean,"pend_n_atoms_on_plane,pstart_afs_gauss_mean","(46, 99)",2,-0.44176322678717755
pmid_afs_gauss_mean + pstart_n_atoms_on_plane,"pmid_afs_gauss_mean,pstart_n_atoms_on_plane","(74, 113)",2,-0.4427933228093696
pend_grdf_bessel_mean + pline_plane_sum_Z4,"pend_grdf_bessel_mean,pline_plane_sum_Z4","(38, 69)",2,-0.44364113021195395
pstart_afs_trig_std + pstart_n_atoms_on_plane,"pstart_afs_trig_std,pstart_n_atoms_on_plane","(103, 113)",2,-0.4436825251835506
kvec_x + pmid_grdf_bessel_max,"kvec_x,pmid_grdf_bessel_max","(20, 79)",2,-0.44409340192908575
pstart_afs_trig_max + pstart_n_atoms_on_plane,"pstart_afs_trig_max,pstart_n_atoms_on_plane","(101, 113)",2,-0.4441771799147574
kstart_frac_x + pstart_afs_trig_mean,"kstart_frac_x,pstart_afs_trig_mean","(17, 102)",2,-0.4442922393746576
max_mass + pmid_grdf_bessel_mean,"max_mass,pmid_grdf_bessel_mean","(25, 80)",2,-0.4444144625931018
pend_plane_max_mass + pmid_grdf_bessel_mean,"pend_plane_max_mass,pmid_grdf_bessel_mean","(49, 80)",2,-0.4444144625931018
pmid_grdf_bessel_max + pstart_grdf_bessel_mean,"pmid_grdf_bessel_max,pstart_grdf_bessel_mean","(79, 105)",2,-0.44442734579381576
pend_plane_sum_Z4 + pmid_grdf_bessel_max,"pend_plane_sum_Z4,pmid_grdf_bessel_max","(52, 79)",2,-0.4444871610367797
pend_grdf_bessel_mean + pline_grdf_trig_std,"pend_grdf_bessel_mean,pline_grdf_trig_std","(38, 62)",2,-0.44484754011405697
kpath_real_distance + pstart_afs_trig_mean,"kpath_real_distance,pstart_afs_trig_mean","(15, 102)",2,-0.4448903837977487
pmid_plane_mean_Z + pstart_grdf_bessel_mean,"pmid_plane_mean_Z,pstart_grdf_bessel_mean","(92, 105)",2,-0.4450531649013719
pend_plane_mean_Z + pstart_grdf_bessel_max,"pend_plane_mean_Z,pstart_grdf_bessel_max","(50, 104)",2,-0.445526568780377
pstart_afs_bessel_max + radius_mean,"pstart_afs_bessel_max,radius_mean","(95, 121)",2,-0.4457695493108888
pend_plane_sum_Z4 + pstart_plane_mean_mass,"pend_plane_sum_Z4,pstart_plane_mean_mass","(52, 118)",2,-0.44578969397860957
X_mean + pstart_plane_mean_mass,"X_mean,pstart_plane_mean_mass","(4, 118)",2,-0.4460774481114189
pline_grdf_bessel_mean + pstart_afs_trig_mean,"pline_grdf_bessel_mean,pstart_afs_trig_mean","(55, 102)",2,-0.4467006852703433
pstart_afs_bessel_max + pstart_n_atoms_on_plane,"pstart_afs_bessel_max,pstart_n_atoms_on_plane","(95, 113)",2,-0.44679901947609524
pend_afs_gauss_std + pmid_afs_trig_max,"pend_afs_gauss_std,pmid_afs_trig_max","(33, 76)",2,-0.44687840693855446
pmid_plane_mean_mass + pmid_plane_sum_Z4,"pmid_plane_mean_mass,pmid_plane_sum_Z4","(93, 94)",2,-0.4470464523026484
pstart_grdf_bessel_mean + pstart_n_atoms_on_plane,"pstart_grdf_bessel_mean,pstart_n_atoms_on_plane","(105, 113)",2,-0.4481999961014589
pstart_grdf_bessel_mean + pstart_plane_mean_mass,"pstart_grdf_bessel_mean,pstart_plane_mean_mass","(105, 118)",2,-0.4485051377441465
kstart_degen + pstart_afs_trig_mean,"kstart_degen,pstart_afs_trig_mean","(16, 102)",2,-0.44874604675526875
pline_plane_max_Z + pstart_afs_trig_mean,"pline_plane_max_Z,pstart_afs_trig_mean","(65, 102)",2,-0.4492333307509141
pmid_afs_bessel_std + radius_mean,"pmid_afs_bessel_std,radius_mean","(72, 121)",2,-0.449326173599626
pline_grdf_gauss_max + pstart_afs_trig_mean,"pline_grdf_gauss_max,pstart_afs_trig_mean","(57, 102)",2,-0.44990241591760627
pend_grdf_bessel_mean + pline_grdf_bessel_max,"pend_grdf_bessel_mean,pline_grdf_bessel_max","(38, 54)",2,-0.4504644450316027
pmid_grdf_bessel_max + radius_diff,"pmid_grdf_bessel_max,radius_diff","(79, 120)",2,-0.45081722334340224
X_mean + pstart_grdf_bessel_mean,"X_mean,pstart_grdf_bessel_mean","(4, 105)",2,-0.4509255544834218
pend_plane_max_Z + pmid_grdf_bessel_mean,"pend_plane_max_Z,pmid_grdf_bessel_mean","(48, 80)",2,-0.45106575810489885
max_Z + pmid_grdf_bessel_mean,"max_Z,pmid_grdf_bessel_mean","(23, 80)",2,-0.45106575810489885
max_Z4 + pmid_grdf_bessel_mean,"max_Z4,pmid_grdf_bessel_mean","(24, 80)",2,-0.45106575810489885
kpath_real_distance + pmid_grdf_bessel_mean,"kpath_real_distance,pmid_grdf_bessel_mean","(15, 80)",2,-0.4513331417796021
pstart_afs_gauss_std + pstart_n_atoms_on_plane,"pstart_afs_gauss_std,pstart_n_atoms_on_plane","(100, 113)",2,-0.4513547789836204
pend_afs_gauss_max + pstart_n_atoms_on_plane,"pend_afs_gauss_max,pstart_n_atoms_on_plane","(31, 113)",2,-0.4514710943360242
X_diff + pmid_grdf_gauss_mean,"X_diff,pmid_grdf_gauss_mean","(3, 83)",2,-0.45200459264801046
pmid_afs_trig_max + pstart_afs_gauss_std,"pmid_afs_trig_max,pstart_afs_gauss_std","(76, 100)",2,-0.4521350855369253
pstart_n_atoms_on_plane + radius_mean,"pstart_n_atoms_on_plane,radius_mean","(113, 121)",2,-0.4526839645066671
pend_plane_mean_Z + pstart_n_atoms_on_plane,"pend_plane_mean_Z,pstart_n_atoms_on_plane","(50, 113)",2,-0.452869535218311
pmid_grdf_bessel_max + pstart_grdf_bessel_max,"pmid_grdf_bessel_max,pstart_grdf_bessel_max","(79, 104)",2,-0.4529644669692884
X_mean + kvec_y,"X_mean,kvec_y","(4, 21)",2,-0.45318943382832294
kstart_degen + pend_grdf_bessel_mean,"kstart_degen,pend_grdf_bessel_mean","(16, 38)",2,-0.4543167812242985
X_mean + pmid_plane_sum_Z4,"X_mean,pmid_plane_sum_Z4","(4, 94)",2,-0.4544744497222493
pend_plane_mean_mass + pstart_grdf_bessel_max,"pend_plane_mean_mass,pstart_grdf_bessel_max","(51, 104)",2,-0.45470617227994337
pend_afs_trig_max + pstart_afs_trig_mean,"pend_afs_trig_max,pstart_afs_trig_mean","(34, 102)",2,-0.45475638211526714
pline_n_atoms_on_plane + pstart_afs_trig_mean,"pline_n_atoms_on_plane,pstart_afs_trig_mean","(63, 102)",2,-0.45534011219580695
pend_plane_mean_Z + pmid_afs_bessel_max,"pend_plane_mean_Z,pmid_afs_bessel_max","(50, 70)",2,-0.4554277803214776
pstart_afs_trig_mean + pstart_afs_trig_std,"pstart_afs_trig_mean,pstart_afs_trig_std","(102, 103)",2,-0.45543788252710005
kpath_real_distance + pend_grdf_bessel_mean,"kpath_real_distance,pend_grdf_bessel_mean","(15, 38)",2,-0.4561693444599557
bandgap + pstart_afs_trig_mean,"bandgap,pstart_afs_trig_mean","(6, 102)",2,-0.45711213829900343
pend_grdf_bessel_max + pend_plane_mean_mass,"pend_grdf_bessel_max,pend_plane_mean_mass","(37, 51)",2,-0.457141035476554
pstart_afs_trig_mean + pstart_grdf_bessel_max,"pstart_afs_trig_mean,pstart_grdf_bessel_max","(102, 104)",2,-0.45730070359510966
pmid_grdf_bessel_max + pstart_plane_heavy_frac,"pmid_grdf_bessel_max,pstart_plane_heavy_frac","(79, 114)",2,-0.4573395150768743
X_mean + pend_plane_sum_Z4,"X_mean,pend_plane_sum_Z4","(4, 52)",2,-0.4574071013452027
pend_grdf_bessel_max + pend_plane_sum_Z4,"pend_grdf_bessel_max,pend_plane_sum_Z4","(37, 52)",2,-0.45744310595682264
bandgap + pstart_grdf_bessel_mean,"bandgap,pstart_grdf_bessel_mean","(6, 105)",2,-0.4574465315809311
pmid_plane_mean_Z + pstart_grdf_bessel_max,"pmid_plane_mean_Z,pstart_grdf_bessel_max","(92, 104)",2,-0.4583667062834973
pend_afs_trig_max + pmid_grdf_bessel_max,"pend_afs_trig_max,pmid_grdf_bessel_max","(34, 79)",2,-0.458831312522773
bandgap + pmid_grdf_bessel_max,"bandgap,pmid_grdf_bessel_max","(6, 79)",2,-0.45972301472243504
kpath_real_distance + pmid_grdf_bessel_max,"kpath_real_distance,pmid_grdf_bessel_max","(15, 79)",2,-0.46089025559395463
pend_grdf_bessel_max + pstart_plane_mean_mass,"pend_grdf_bessel_max,pstart_plane_mean_mass","(37, 118)",2,-0.4611565938943416
ehull + pend_afs_trig_mean,"ehull,pend_afs_trig_mean","(7, 35)",2,-0.46160648171572377
band_binary + pend_grdf_bessel_mean,"band_binary,pend_grdf_bessel_mean","(5, 38)",2,-0.4622775343222546
pmid_plane_mean_mass + pstart_grdf_bessel_mean,"pmid_plane_mean_mass,pstart_grdf_bessel_mean","(93, 105)",2,-0.46335925606864414
pmid_grdf_bessel_mean + pmid_n_atoms_on_plane,"pmid_grdf_bessel_mean,pmid_n_atoms_on_plane","(80, 88)",2,-0.4633852640441926
pstart_afs_trig_mean + pstart_plane_max_mass,"pstart_afs_trig_mean,pstart_plane_max_mass","(102, 116)",2,-0.46339184453950166
X_diff + pend_grdf_bessel_max,"X_diff,pend_grdf_bessel_max","(3, 37)",2,-0.46518563184417283
X_diff + kvec_y,"X_diff,kvec_y","(3, 21)",2,-0.46528156020329375
kvec_y + pend_n_atoms_on_plane,"kvec_y,pend_n_atoms_on_plane","(21, 46)",2,-0.4653779256885576
pmid_afs_gauss_std + pmid_afs_trig_max,"pmid_afs_gauss_std,pmid_afs_trig_max","(75, 76)",2,-0.46577842697520955
X_mean + pend_n_atoms_on_plane,"X_mean,pend_n_atoms_on_plane","(4, 46)",2,-0.46597508279279987
pend_grdf_bessel_mean + radius_mean,"pend_grdf_bessel_mean,radius_mean","(38, 121)",2,-0.4660225253636214
X_diff + pend_n_atoms_on_plane,"X_diff,pend_n_atoms_on_plane","(3, 46)",2,-0.4662941150916537
ehull + pmid_afs_bessel_max,"ehull,pmid_afs_bessel_max","(7, 70)",2,-0.4667109018530411
kstart_frac_y + pend_grdf_bessel_mean,"kstart_frac_y,pend_grdf_bessel_mean","(18, 38)",2,-0.4670356596729127
pline_grdf_trig_max + pstart_afs_trig_mean,"pline_grdf_trig_max,pstart_afs_trig_mean","(60, 102)",2,-0.4671799732003336
kstart_frac_y + pstart_afs_trig_mean,"kstart_frac_y,pstart_afs_trig_mean","(18, 102)",2,-0.46718839251766103
n_elements + pstart_afs_trig_mean,"n_elements,pstart_afs_trig_mean","(27, 102)",2,-0.4674387723686221
pmid_grdf_bessel_mean + pstart_grdf_bessel_mean,"pmid_grdf_bessel_mean,pstart_grdf_bessel_mean","(80, 105)",2,-0.4677255867406596
pmid_grdf_bessel_max + pmid_plane_mean_mass,"pmid_grdf_bessel_max,pmid_plane_mean_mass","(79, 93)",2,-0.467737609314414
pend_plane_mean_mass + pend_plane_sum_Z4,"pend_plane_mean_mass,pend_plane_sum_Z4","(51, 52)",2,-0.467919284472264
pend_grdf_bessel_max + pmid_plane_mean_mass,"pend_grdf_bessel_max,pmid_plane_mean_mass","(37, 93)",2,-0.4681252943049065
pstart_afs_trig_mean + pstart_n_atoms_on_plane,"pstart_afs_trig_mean,pstart_n_atoms_on_plane","(102, 113)",2,-0.46828878796504725
kstart_frac_x + pmid_grdf_bessel_mean,"kstart_frac_x,pmid_grdf_bessel_mean","(17, 80)",2,-0.468897803272856
pend_afs_gauss_mean + pstart_n_atoms_on_plane,"pend_afs_gauss_mean,pstart_n_atoms_on_plane","(32, 113)",2,-0.46916121787884074
pstart_afs_trig_max + pstart_afs_trig_mean,"pstart_afs_trig_max,pstart_afs_trig_mean","(101, 102)",2,-0.4704117563922702
pend_grdf_bessel_mean + pstart_grdf_bessel_mean,"pend_grdf_bessel_mean,pstart_grdf_bessel_mean","(38, 105)",2,-0.47097243022388396
pend_grdf_gauss_mean + pmid_grdf_bessel_max,"pend_grdf_gauss_mean,pmid_grdf_bessel_max","(41, 79)",2,-0.4709777299655463
pend_n_atoms_on_plane + pmid_grdf_bessel_max,"pend_n_atoms_on_plane,pmid_grdf_bessel_max","(46, 79)",2,-0.47144038027765145
max_Z4 + pend_grdf_bessel_mean,"max_Z4,pend_grdf_bessel_mean","(24, 38)",2,-0.4715932882422247
max_Z + pend_grdf_bessel_mean,"max_Z,pend_grdf_bessel_mean","(23, 38)",2,-0.4715932882422247
pend_afs_gauss_mean + pmid_n_atoms_on_plane,"pend_afs_gauss_mean,pmid_n_atoms_on_plane","(32, 88)",2,-0.4719474348560949
kvec_z + pstart_afs_trig_mean,"kvec_z,pstart_afs_trig_mean","(22, 102)",2,-0.47230099093092637
pmid_plane_sum_Z4 + pstart_afs_trig_mean,"pmid_plane_sum_Z4,pstart_afs_trig_mean","(94, 102)",2,-0.4731043894638692
pend_grdf_bessel_mean + pline_grdf_bessel_mean,"pend_grdf_bessel_mean,pline_grdf_bessel_mean","(38, 55)",2,-0.47326055456234445
pline_grdf_trig_mean + pstart_afs_trig_mean,"pline_grdf_trig_mean,pstart_afs_trig_mean","(61, 102)",2,-0.47431647371212293
X_diff + pend_grdf_gauss_mean,"X_diff,pend_grdf_gauss_mean","(3, 41)",2,-0.4751235401125184
pstart_grdf_gauss_std + pstart_n_atoms_on_plane,"pstart_grdf_gauss_std,pstart_n_atoms_on_plane","(109, 113)",2,-0.4751295846729553
pend_grdf_gauss_mean + radius_mean,"pend_grdf_gauss_mean,radius_mean","(41, 121)",2,-0.47586738651877913
pend_afs_trig_max + pstart_grdf_bessel_max,"pend_afs_trig_max,pstart_grdf_bessel_max","(34, 104)",2,-0.4760167705952106
mean_Z + pend_grdf_bessel_mean,"mean_Z,pend_grdf_bessel_mean","(26, 38)",2,-0.476091287634598
pstart_afs_bessel_std + radius_mean,"pstart_afs_bessel_std,radius_mean","(97, 121)",2,-0.47632025596243643
pend_grdf_bessel_mean + pstart_plane_mean_Z,"pend_grdf_bessel_mean,pstart_plane_mean_Z","(38, 117)",2,-0.477441273772638
kvec_y + pmid_grdf_gauss_mean,"kvec_y,pmid_grdf_gauss_mean","(21, 83)",2,-0.478053041328285
pend_grdf_bessel_mean + pend_n_atoms_on_plane,"pend_grdf_bessel_mean,pend_n_atoms_on_plane","(38, 46)",2,-0.4783452761422401
pmid_plane_mean_mass + pstart_grdf_bessel_max,"pmid_plane_mean_mass,pstart_grdf_bessel_max","(93, 104)",2,-0.47879137645757075
X_mean + pmid_grdf_bessel_mean,"X_mean,pmid_grdf_bessel_mean","(4, 80)",2,-0.4794145803227945
E_pfrac_CBM + pend_grdf_gauss_mean,"E_pfrac_CBM,pend_grdf_gauss_mean","(0, 41)",2,-0.4797331331259319
pmid_grdf_bessel_mean + pstart_plane_max_mass,"pmid_grdf_bessel_mean,pstart_plane_max_mass","(80, 116)",2,-0.4798878030953217
pmid_grdf_bessel_mean + pmid_plane_max_mass,"pmid_grdf_bessel_mean,pmid_plane_max_mass","(80, 91)",2,-0.4798878030953217
pmid_grdf_bessel_mean + pstart_plane_sum_Z4,"pmid_grdf_bessel_mean,pstart_plane_sum_Z4","(80, 119)",2,-0.48046555064163227
pmid_afs_gauss_mean + pmid_n_atoms_on_plane,"pmid_afs_gauss_mean,pmid_n_atoms_on_plane","(74, 88)",2,-0.48067239285202756
kvec_x + pend_grdf_bessel_mean,"kvec_x,pend_grdf_bessel_mean","(20, 38)",2,-0.4807238215235358
pstart_grdf_gauss_max + pstart_n_atoms_on_plane,"pstart_grdf_gauss_max,pstart_n_atoms_on_plane","(107, 113)",2,-0.4807778855479655
pmid_grdf_bessel_mean + radius_diff,"pmid_grdf_bessel_mean,radius_diff","(80, 120)",2,-0.4811225815940842
max_mass + pend_grdf_bessel_mean,"max_mass,pend_grdf_bessel_mean","(25, 38)",2,-0.48117210928170573
pline_grdf_bessel_max + pstart_afs_trig_mean,"pline_grdf_bessel_max,pstart_afs_trig_mean","(54, 102)",2,-0.4837001300911732
kvec_y + pstart_grdf_bessel_max,"kvec_y,pstart_grdf_bessel_max","(21, 104)",2,-0.4849731032950788
pend_grdf_bessel_mean + pmid_n_atoms_on_plane,"pend_grdf_bessel_mean,pmid_n_atoms_on_plane","(38, 88)",2,-0.48520398651256913
pmid_grdf_bessel_max + pstart_plane_mean_mass,"pmid_grdf_bessel_max,pstart_plane_mean_mass","(79, 118)",2,-0.4854256476201181
bandgap + radius_mean,"bandgap,radius_mean","(6, 121)",2,-0.48568166240351446
pend_plane_mean_mass + pmid_grdf_bessel_max,"pend_plane_mean_mass,pmid_grdf_bessel_max","(51, 79)",2,-0.4871893831543395
pmid_grdf_bessel_mean + pmid_plane_mean_Z,"pmid_grdf_bessel_mean,pmid_plane_mean_Z","(80, 92)",2,-0.4878878961053868
pend_grdf_bessel_mean + pstart_plane_max_mass,"pend_grdf_bessel_mean,pstart_plane_max_mass","(38, 116)",2,-0.48808278912570796
pend_grdf_bessel_mean + pend_plane_max_mass,"pend_grdf_bessel_mean,pend_plane_max_mass","(38, 49)",2,-0.48808278912570796
pend_grdf_bessel_mean + pmid_plane_max_mass,"pend_grdf_bessel_mean,pmid_plane_max_mass","(38, 91)",2,-0.48808278912570796
mean_Z + pmid_grdf_bessel_mean,"mean_Z,pmid_grdf_bessel_mean","(26, 80)",2,-0.48810808029580655
pend_plane_mean_mass + pstart_n_atoms_on_plane,"pend_plane_mean_mass,pstart_n_atoms_on_plane","(51, 113)",2,-0.48837227681173356
pend_plane_sum_Z4 + pstart_afs_trig_mean,"pend_plane_sum_Z4,pstart_afs_trig_mean","(52, 102)",2,-0.48887657972686227
pend_afs_bessel_max + pstart_afs_trig_mean,"pend_afs_bessel_max,pstart_afs_trig_mean","(28, 102)",2,-0.488988744710629
pmid_afs_bessel_std + pstart_afs_trig_mean,"pmid_afs_bessel_std,pstart_afs_trig_mean","(72, 102)",2,-0.48958331377413006
pend_grdf_bessel_mean + pmid_plane_mean_Z,"pend_grdf_bessel_mean,pmid_plane_mean_Z","(38, 92)",2,-0.49049351645946204
kvec_x + pmid_grdf_bessel_mean,"kvec_x,pmid_grdf_bessel_mean","(20, 80)",2,-0.49067366222025904
pend_grdf_bessel_mean + pend_plane_mean_Z,"pend_grdf_bessel_mean,pend_plane_mean_Z","(38, 50)",2,-0.49083035997326513
pend_grdf_bessel_mean + pstart_plane_sum_Z4,"pend_grdf_bessel_mean,pstart_plane_sum_Z4","(38, 119)",2,-0.49159022824361986
kvec_y + radius_diff,"kvec_y,radius_diff","(21, 120)",2,-0.49208582654826055
pstart_grdf_bessel_max + pstart_n_atoms_on_plane,"pstart_grdf_bessel_max,pstart_n_atoms_on_plane","(104, 113)",2,-0.49267042786048154
pmid_grdf_bessel_mean + pstart_plane_mean_Z,"pmid_grdf_bessel_mean,pstart_plane_mean_Z","(80, 117)",2,-0.4930652892738136
kstart_frac_x + pend_grdf_bessel_mean,"kstart_frac_x,pend_grdf_bessel_mean","(17, 38)",2,-0.4942942170876538
pmid_afs_bessel_max + pmid_grdf_bessel_mean,"pmid_afs_bessel_max,pmid_grdf_bessel_mean","(70, 80)",2,-0.49467961855770215
pmid_afs_bessel_max + radius_mean,"pmid_afs_bessel_max,radius_mean","(70, 121)",2,-0.4949659101942161
X_diff + pend_afs_trig_max,"X_diff,pend_afs_trig_max","(3, 34)",2,-0.4967948221917025
kvec_y + pend_grdf_bessel_max,"kvec_y,pend_grdf_bessel_max","(21, 37)",2,-0.49774498761148944
bandgap + pend_n_atoms_on_plane,"bandgap,pend_n_atoms_on_plane","(6, 46)",2,-0.498347324196507
pmid_grdf_bessel_mean + pstart_plane_max_Z,"pmid_grdf_bessel_mean,pstart_plane_max_Z","(80, 115)",2,-0.4992368155240138
pmid_grdf_bessel_mean + pmid_plane_max_Z,"pmid_grdf_bessel_mean,pmid_plane_max_Z","(80, 90)",2,-0.4992368155240138
X_diff + pmid_grdf_bessel_mean,"X_diff,pmid_grdf_bessel_mean","(3, 80)",2,-0.5041153155347814
pend_afs_bessel_mean + radius_mean,"pend_afs_bessel_mean,radius_mean","(29, 121)",2,-0.5043557083862342
pend_afs_bessel_max + pmid_grdf_bessel_mean,"pend_afs_bessel_max,pmid_grdf_bessel_mean","(28, 80)",2,-0.5044311324748645
pend_grdf_bessel_mean + pstart_plane_max_Z,"pend_grdf_bessel_mean,pstart_plane_max_Z","(38, 115)",2,-0.5056138259152634
pend_grdf_bessel_mean + pmid_plane_max_Z,"pend_grdf_bessel_mean,pmid_plane_max_Z","(38, 90)",2,-0.5056138259152634
pend_grdf_bessel_mean + pend_plane_max_Z,"pend_grdf_bessel_mean,pend_plane_max_Z","(38, 48)",2,-0.5056138259152634
X_mean + pend_grdf_bessel_mean,"X_mean,pend_grdf_bessel_mean","(4, 38)",2,-0.5068104961454357
pend_grdf_bessel_max + pmid_grdf_bessel_mean,"pend_grdf_bessel_max,pmid_grdf_bessel_mean","(37, 80)",2,-0.5074194208433058
pend_plane_mean_Z + pmid_grdf_bessel_mean,"pend_plane_mean_Z,pmid_grdf_bessel_mean","(50, 80)",2,-0.5082072739257746
pend_grdf_bessel_mean + pstart_grdf_bessel_max,"pend_grdf_bessel_mean,pstart_grdf_bessel_max","(38, 104)",2,-0.5083041206205804
kvec_y + pstart_grdf_bessel_mean,"kvec_y,pstart_grdf_bessel_mean","(21, 105)",2,-0.5091795615316412
pend_afs_trig_max + pstart_n_atoms_on_plane,"pend_afs_trig_max,pstart_n_atoms_on_plane","(34, 113)",2,-0.5097959966770846
bandgap + pmid_grdf_bessel_mean,"bandgap,pmid_grdf_bessel_mean","(6, 80)",2,-0.5101119916978689
pend_afs_bessel_max + pend_grdf_bessel_mean,"pend_afs_bessel_max,pend_grdf_bessel_mean","(28, 38)",2,-0.5106268439588255
bandgap + pend_grdf_bessel_mean,"bandgap,pend_grdf_bessel_mean","(6, 38)",2,-0.5118608886549034
pend_grdf_bessel_mean + radius_diff,"pend_grdf_bessel_mean,radius_diff","(38, 120)",2,-0.5119150684053022
pmid_afs_bessel_mean + radius_mean,"pmid_afs_bessel_mean,radius_mean","(71, 121)",2,-0.5134623684140455
pstart_plane_sum_Z4 + radius_mean,"pstart_plane_sum_Z4,radius_mean","(119, 121)",2,-0.5155793341222388
pmid_grdf_bessel_mean + pmid_plane_sum_Z4,"pmid_grdf_bessel_mean,pmid_plane_sum_Z4","(80, 94)",2,-0.516234952868712
ehull + pmid_grdf_bessel_mean,"ehull,pmid_grdf_bessel_mean","(7, 80)",2,-0.5163482537144877
pmid_grdf_bessel_mean + pstart_afs_trig_mean,"pmid_grdf_bessel_mean,pstart_afs_trig_mean","(80, 102)",2,-0.5193675704973677
pstart_grdf_trig_std + pstart_n_atoms_on_plane,"pstart_grdf_trig_std,pstart_n_atoms_on_plane","(112, 113)",2,-0.5195468355868782
kvec_y + pstart_n_atoms_on_plane,"kvec_y,pstart_n_atoms_on_plane","(21, 113)",2,-0.5210697758974323
pmid_grdf_bessel_mean + pstart_afs_bessel_max,"pmid_grdf_bessel_mean,pstart_afs_bessel_max","(80, 95)",2,-0.5224646819777488
pmid_grdf_bessel_mean + pstart_grdf_bessel_max,"pmid_grdf_bessel_mean,pstart_grdf_bessel_max","(80, 104)",2,-0.5224702413004458
pmid_afs_bessel_max + pstart_afs_trig_mean,"pmid_afs_bessel_max,pstart_afs_trig_mean","(70, 102)",2,-0.5244174978772954
pend_plane_sum_Z4 + pmid_grdf_bessel_mean,"pend_plane_sum_Z4,pmid_grdf_bessel_mean","(52, 80)",2,-0.5250322222312728
bandgap + pstart_n_atoms_on_plane,"bandgap,pstart_n_atoms_on_plane","(6, 113)",2,-0.5259222369095624
X_diff + pend_grdf_bessel_mean,"X_diff,pend_grdf_bessel_mean","(3, 38)",2,-0.5260574220637915
bandgap + kvec_y,"bandgap,kvec_y","(6, 21)",2,-0.5265033034579535
pend_grdf_bessel_mean + pmid_plane_sum_Z4,"pend_grdf_bessel_mean,pmid_plane_sum_Z4","(38, 94)",2,-0.526762299180539
X_mean + pstart_n_atoms_on_plane,"X_mean,pstart_n_atoms_on_plane","(4, 113)",2,-0.5288924201657795
X_diff + pmid_grdf_bessel_max,"X_diff,pmid_grdf_bessel_max","(3, 79)",2,-0.529204110050137
pend_grdf_bessel_max + pstart_afs_trig_mean,"pend_grdf_bessel_max,pstart_afs_trig_mean","(37, 102)",2,-0.5302402676981607
pstart_afs_bessel_max + pstart_afs_trig_mean,"pstart_afs_bessel_max,pstart_afs_trig_mean","(95, 102)",2,-0.5306748234045653
pmid_afs_trig_max + pstart_n_atoms_on_plane,"pmid_afs_trig_max,pstart_n_atoms_on_plane","(76, 113)",2,-0.531174353506457
pmid_plane_sum_Z4 + radius_mean,"pmid_plane_sum_Z4,radius_mean","(94, 121)",2,-0.5325410928908969
kvec_y + pend_grdf_gauss_mean,"kvec_y,pend_grdf_gauss_mean","(21, 41)",2,-0.5337229861102084
pend_grdf_bessel_mean + pend_plane_sum_Z4,"pend_grdf_bessel_mean,pend_plane_sum_Z4","(38, 52)",2,-0.5363767378940099
kvec_y + pmid_grdf_bessel_max,"kvec_y,pmid_grdf_bessel_max","(21, 79)",2,-0.5373455154177254
pend_plane_sum_Z4 + radius_mean,"pend_plane_sum_Z4,radius_mean","(52, 121)",2,-0.5381382707817528
pend_plane_mean_mass + pmid_grdf_bessel_mean,"pend_plane_mean_mass,pmid_grdf_bessel_mean","(51, 80)",2,-0.539658835875757
pmid_grdf_gauss_mean + pstart_n_atoms_on_plane,"pmid_grdf_gauss_mean,pstart_n_atoms_on_plane","(83, 113)",2,-0.5404544637160624
pmid_grdf_bessel_mean + pstart_n_atoms_on_plane,"pmid_grdf_bessel_mean,pstart_n_atoms_on_plane","(80, 113)",2,-0.5421466621985729
pstart_grdf_bessel_std + pstart_n_atoms_on_plane,"pstart_grdf_bessel_std,pstart_n_atoms_on_plane","(106, 113)",2,-0.5460951526268704
pend_grdf_bessel_max + pend_grdf_bessel_mean,"pend_grdf_bessel_max,pend_grdf_bessel_mean","(37, 38)",2,-0.5465781291033478
ehull + pend_grdf_bessel_mean,"ehull,pend_grdf_bessel_mean","(7, 38)",2,-0.5475447979523975
X_diff + pstart_n_atoms_on_plane,"X_diff,pstart_n_atoms_on_plane","(3, 113)",2,-0.548873838014017
pstart_afs_bessel_mean + radius_mean,"pstart_afs_bessel_mean,radius_mean","(96, 121)",2,-0.549935691963398
pend_grdf_bessel_mean + pstart_afs_trig_mean,"pend_grdf_bessel_mean,pstart_afs_trig_mean","(38, 102)",2,-0.5502558207832836
pend_grdf_bessel_mean + pstart_n_atoms_on_plane,"pend_grdf_bessel_mean,pstart_n_atoms_on_plane","(38, 113)",2,-0.5531552964101684
pend_grdf_bessel_mean + pmid_plane_mean_mass,"pend_grdf_bessel_mean,pmid_plane_mean_mass","(38, 93)",2,-0.555744038198472
pstart_afs_gauss_mean + pstart_n_atoms_on_plane,"pstart_afs_gauss_mean,pstart_n_atoms_on_plane","(99, 113)",2,-0.5574393085029475
pend_grdf_bessel_mean + pend_plane_mean_mass,"pend_grdf_bessel_mean,pend_plane_mean_mass","(38, 51)",2,-0.5578670478419749
pmid_n_atoms_on_plane + pstart_afs_gauss_mean,"pmid_n_atoms_on_plane,pstart_afs_gauss_mean","(88, 99)",2,-0.5580453088838064
pmid_grdf_bessel_mean + pmid_plane_mean_mass,"pmid_grdf_bessel_mean,pmid_plane_mean_mass","(80, 93)",2,-0.558905634461072
pmid_grdf_bessel_max + pstart_n_atoms_on_plane,"pmid_grdf_bessel_max,pstart_n_atoms_on_plane","(79, 113)",2,-0.5608143450252298
pend_grdf_bessel_mean + pmid_grdf_bessel_mean,"pend_grdf_bessel_mean,pmid_grdf_bessel_mean","(38, 80)",2,-0.5608858445829448
pend_grdf_bessel_max + pstart_n_atoms_on_plane,"pend_grdf_bessel_max,pstart_n_atoms_on_plane","(37, 113)",2,-0.5612019142135646
pmid_grdf_bessel_mean + pstart_plane_mean_mass,"pmid_grdf_bessel_mean,pstart_plane_mean_mass","(80, 118)",2,-0.5624762664646573
pmid_grdf_bessel_max + pstart_afs_trig_mean,"pmid_grdf_bessel_max,pstart_afs_trig_mean","(79, 102)",2,-0.5636220800481593
pend_grdf_bessel_mean + pstart_plane_mean_mass,"pend_grdf_bessel_mean,pstart_plane_mean_mass","(38, 118)",2,-0.5647502551926707
pend_grdf_bessel_mean + pmid_afs_bessel_max,"pend_grdf_bessel_mean,pmid_afs_bessel_max","(38, 70)",2,-0.5685854578845285
pmid_grdf_bessel_max + pmid_grdf_bessel_mean,"pmid_grdf_bessel_max,pmid_grdf_bessel_mean","(79, 80)",2,-0.5705279848722693
pend_grdf_gauss_mean + pstart_n_atoms_on_plane,"pend_grdf_gauss_mean,pstart_n_atoms_on_plane","(41, 113)",2,-0.5738919213332926
pstart_afs_trig_mean + radius_diff,"pstart_afs_trig_mean,radius_diff","(102, 120)",2,-0.5744027399116337
pend_grdf_bessel_mean + pstart_afs_bessel_max,"pend_grdf_bessel_mean,pstart_afs_bessel_max","(38, 95)",2,-0.5780156564701047
kvec_y + pend_grdf_bessel_mean,"kvec_y,pend_grdf_bessel_mean","(21, 38)",2,-0.5847121796579674
bandgap + pmid_n_atoms_on_plane,"bandgap,pmid_n_atoms_on_plane","(6, 88)",2,-0.5853752207658991
kvec_y + pmid_grdf_bessel_mean,"kvec_y,pmid_grdf_bessel_mean","(21, 80)",2,-0.6110900500355805
pend_grdf_bessel_mean + pmid_grdf_bessel_max,"pend_grdf_bessel_mean,pmid_grdf_bessel_max","(38, 79)",2,-0.619117093909843
ehull + pstart_afs_trig_mean,"ehull,pstart_afs_trig_mean","(7, 102)",2,-0.6989452687991969
