uid,grdf_gauss_2.0_mean,grdf_gauss_2.0_std,zw_grdf_gauss_2.0_mean,zw_grdf_gauss_2.0_std,grdf_gauss_2.6_mean,grdf_gauss_2.6_std,zw_grdf_gauss_2.6_mean,zw_grdf_gauss_2.6_std,grdf_gauss_3.2_mean,grdf_gauss_3.2_std,zw_grdf_gauss_3.2_mean,zw_grdf_gauss_3.2_std,grdf_gauss_3.8_mean,grdf_gauss_3.8_std,zw_grdf_gauss_3.8_mean,zw_grdf_gauss_3.8_std,grdf_gauss_4.4_mean,grdf_gauss_4.4_std,zw_grdf_gauss_4.4_mean,zw_grdf_gauss_4.4_std,grdf_gauss_5.0_mean,grdf_gauss_5.0_std,zw_grdf_gauss_5.0_mean,zw_grdf_gauss_5.0_std,grdf_cos_k1_mean,grdf_cos_k1_std,grdf_cos_k2_mean,grdf_cos_k2_std,grdf_cos_k3_mean,grdf_cos_k3_std,grdf_bessel_n0_mean,grdf_bessel_n0_std,grdf_bessel_n1_mean,grdf_bessel_n1_std,grdf_bessel_n2_mean,grdf_bessel_n2_std,afs_m1_mean,afs_m1_std,afs_m2_mean,afs_m2_std,afs_m3_mean,afs_m3_std,coord_num,bond_mean,bond_std,angle_mean,angle_std,max_Z,max_Z4,max_mass,radius_mean,radius_diff,n_elements,mean_Z,sum_Z4
001dfe9a7fa2,0.9004462885795852,0.31824250799372855,33.20653023933708,11.73693520492732,1.6549684650318441,0.5767318626346342,61.01071723659941,21.31818954629214,1.0120912482885798,0.2039776258454222,36.925876800543826,8.327954293714305,1.3884003802755542,0.2113436089872278,49.36623348008403,4.591449412482901,1.6494345796665453,0.21430484488023507,58.724554233445424,4.774020765664359,0.7996196310419766,0.05570517399831552,28.88551686931567,2.8337939126997047,-0.882554592028438,0.21260122813355373,-1.8953116620891366,0.3566358429899459,0.5603302152987384,0.6695442992194246,1.91194400844517,0.3311051857369692,1.4922404514926473,0.12885775133448388,0.6445162135823396,0.02354751073273473,-0.2885054180571471,0.2838611620482112,-0.7325303374128337,0.6112724855097442,0.7398995990089138,0.7060913001225873,2.6666666666666665,2.549101451862095,1.1548555556295557e-08,108.31421379125892,3.5720276829448583,40,2560000,91.224,1.35,0.40000000000000013,2,37.0,3896336
001e03f2c095,1.713829279889308,0.5675885732617686,70.44680323802554,25.72822408543702,3.697385555945647,0.7819903219030306,152.97819736011175,63.74264773046799,3.9900593971862564,0.1881641966739034,161.37512848374033,76.54437292240029,2.591974998653975,0.09302603418437422,102.22138014191243,43.03152716856877,1.5277801931925523,0.053538621491027893,54.96511119702213,10.24358618582176,0.8726498418437445,0.09870529992876181,29.700795847032712,2.671535870243861,-0.9333907587869884,0.25949825346906474,-5.015068707156916,0.6616129607894482,0.33726450114538037,0.6667450915531971,4.115967350247106,0.5898531968824923,2.899309302284068,0.2724297094969377,1.1409630592419235,0.06913606007564013,-0.37074408705848855,0.7514483655853343,-4.864683001759752,1.2628922741559856,-1.0109494202160973,0.5259071946704208,10.666666666666666,2.9641643059789073,0.37330485787912826,94.58242415274904,36.335098196442324,74,29986576,183.84,1.1666666666666667,0.3500000000000001,3,41.333333333333336,31388448
0155c4de2320,0.29752989527862156,0.10519240450086129,12.44656659689848,4.400515576225571,1.2056457758923182,0.4261747815045621,50.43523907871421,17.82865378093005,1.1640455996487227,0.4056955910645474,48.65858413238087,17.007881346867347,0.3837507557926578,0.038647514230985384,15.447687074736647,2.2960161211231496,0.552636212183888,0.1956562853059175,20.71079556225136,5.033777066909626,0.6167234366787536,0.16848120713437464,23.461878343146754,3.41376750390625,-0.5048867450497599,0.185436800888632,-1.185072199191784,0.5142995783002345,-0.03552634266702378,0.22666378130647127,1.1076650767469978,0.27109982870723387,0.8665161065798975,0.10930027381092217,0.37412322641420664,0.01225095820182522,-0.26064992946898846,0.20960329966757899,-0.5556968770764775,0.5203408430093951,0.6448551178967108,0.5385739310996278,2.6666666666666665,2.882991913604817,6.8820231832625834e-09,110.57767615057739,3.2303653852850402,50,6250000,118.71,1.2999999999999998,0.30000000000000004,2,42.5,7750625
01a2d5e89adc,0.10199097606540752,0.058773574034327286,6.763267091440612,3.898896024223119,0.7775318411580787,0.4403478973110018,51.471038102507606,29.263696492991762,1.5200788425760312,0.717314118348794,98.97319132966341,48.68634893490772,1.245616664409797,0.0007974484581547814,74.3902577509151,5.542892862596561,0.846535293151477,0.24641811152407833,47.915823593598425,8.683105386234793,0.26461999815052323,0.011022134806445118,16.150345925544134,4.244076231060881,-0.6382382334739333,0.09407522394515079,-1.646070691093894,0.5988410665150995,1.1359644061104803,0.19946896464538647,1.1749451150777537,0.3458498205784965,0.9686586682855066,0.1886533710472159,0.4106119442955797,0.051619199214421055,-0.14750777056130576,0.22343019730214125,-0.5169106336642512,0.5933834127445711,0.07081420175649679,0.02785575302526141,3.0,3.1427334936371323,7.038614212034556e-05,102.01373138391472,23.785934546937813,83,47458321,208.9804,1.5,0.20000000000000018,2,68.0,55348802
03bcf7dcdaf2,0.18793534014159763,4.92657589370837e-05,9.582833532078624,0.002496572948530289,1.2248550294495237,0.0023881181370958705,62.45323973286726,0.11878332732219281,2.2425102838653426,0.04836458985538332,114.29845528565346,2.38675401650121,1.611358497249873,0.1999749846461081,81.96916340836857,9.622053118614076,1.316630467612522,0.10024970646786559,67.04649517991709,3.9398050707535694,0.7335453576912916,0.06620632123359259,37.47630564333551,4.037255031447648,-1.1211670881957798,0.03766522226849466,-2.2270236008120374,0.1346622448396902,1.4339601740024062,0.19627689706495446,1.7716767438086138,0.0675771186360666,1.5088214382532468,0.0572896197474217,0.6644322963748219,0.022577315216736154,-0.27952486613401906,0.057335994411959364,-1.066667311854542,0.0009137490764421517,-0.23898807468964756,0.17001924438069493,5.0,3.1738080502007353,0.1531915250124172,106.03262404685415,32.59957920836375,52,7311616,127.6,1.4249999999999998,0.050000000000000044,2,51.0,13561616
0428a52595e8,1.5539694070229235,0.545956309565293,29.146807739682902,10.259725653099803,1.680289904976137,0.48948444054537565,31.2731869576879,9.656644305687355,1.6839878775315065,0.1620968106976827,29.75405914810412,0.16103455474713632,2.651301327928928,0.3757851548537821,46.52560115029282,1.8659761369956844,1.814860684640414,0.08138384257021321,32.67152735222489,3.6616022708849485,0.6331752891969766,0.1135192807141904,11.623806525560937,2.7671812963979265,-0.8941937967214478,0.23550336790791046,-2.936230673109098,0.12107770622488942,1.02256339355152,0.8285843295298075,2.787298536530668,0.3451028405989291,2.036932757248101,0.11929851544531264,0.8386910331784515,0.02425996450158684,-0.10794608370381403,0.4048833650027862,-1.4355967039545057,0.44252105434728234,0.4786724995598572,0.7257004703613884,2.6666666666666665,2.2851522565867652,7.463907282096194e-09,108.88483196260418,1.7848729475136471,22,234256,47.867,1.2,0.3999999999999999,2,19.0,299792
0460cce85156,1.168505983664145,0.6675790029509703,30.588848538378205,10.851235999757792,1.9881860096185502,0.5086762281107998,64.87249937259055,25.300257511289793,2.2983358212858955,0.6084740027631718,79.3849426561527,31.814570785984962,2.775127134267252,0.14028470519237476,89.3544797475402,14.39143004410907,1.9005409603923256,0.0955026043337062,60.92743651010613,8.917589699897729,0.6305214536184308,0.08679356760674783,20.811741085274615,5.376292833574407,-1.0535018420845106,0.35099750486042236,-3.408194687107875,0.5170719146229761,1.4802670356103524,0.7400927010664782,2.9020153218193387,0.4115962827854041,2.178906548894363,0.2291138308747711,0.8971661345386831,0.08748862749201293,-0.24498409843745036,0.3667542964328992,-2.1050592518017157,0.8839851309166104,0.002557976738610957,0.54948411577432,3.8,2.632012565431996,0.31016375598399637,104.39756978647054,25.957158727639623,48,5308416,112.411,1.2333333333333332,0.55,3,32.333333333333336,6695377
04979b21e197,0.6092403344802131,0.3381342923362178,38.29271279243261,21.387005056367656,1.8398186242640557,0.8563825422539261,114.20572541792032,55.03617354277538,1.9198009196132777,0.1793963837682834,112.97549097941791,16.26052153988952,1.3787865996957245,0.41979776911928984,76.49732487822486,18.303363515932514,0.661245550815682,0.06606441133545327,38.04750047822131,1.624024552325956,0.2950498414577963,0.044346942495062,16.837795826997745,0.2735910569643032,-0.42033437756808234,0.3253731209958489,-2.5220738538782044,0.4981963203324619,0.40581986713876805,0.7893738074142095,1.887601502023418,0.38867824238490584,1.335550328304234,0.12739338867967567,0.5164754496431085,0.006679752918644169,-0.16548328646209787,0.4653183622336774,-1.1927546124663038,0.9801496942086977,-0.009344596688820567,0.28479349588352787,3.75,2.8443417485893336,0.23666224112066772,90.64655043834512,29.6215591232814,75,31640625,186.207,1.375,0.04999999999999982,2,64.0,39531106
04fdd7d1ec5c,0.30308676718838207,0.10621975644285851,12.143132302347729,4.6212315524629295,1.570315422789048,0.5227039006226251,63.018384960617595,23.603138295721315,2.2869608397025596,0.5424173512580056,90.87302128774702,30.57003799302865,1.9543431765788482,0.03817256583935342,76.35916973442885,24.610334854399255,1.3536594198239449,0.006063236928515552,53.385310862549915,19.405674085697267,0.5516484574165953,0.04736870507603793,21.583050476949335,6.717579272096936,-1.0848916902483223,0.038026939817935264,-2.6077849438989937,0.5930743240941992,1.437554948969589,0.131248959202439,2.0188061968606057,0.39254465581405756,1.6525806068818147,0.23573249479749298,0.7091598889060409,0.07574542645859862,-0.0980430675245063,0.44894248892583566,-1.2563309638993354,0.6496751367119564,-0.15286504531148767,0.3463566633196581,4.0,2.975715078007483,0.007658056583842184,98.27627982909007,22.548488842689345,52,7311616,127.6,1.2833333333333332,0.44999999999999996,3,40.0,14160338
05a06afa3b20,1.456831402559869,0.48006492061926914,59.35591677614704,21.26601206686341,3.441018971034375,0.8064839202135762,138.33604572507633,41.91271356177419,3.8612036072242257,0.22242453881646024,151.33161029075816,29.530825716301422,2.5747450259770326,0.07322234518629361,100.40794591487645,16.888074752879035,1.440977143726634,0.008652905803267621,55.75222136218437,6.068757371399001,0.7975388639213671,0.11888373185829133,30.017112781209562,3.573103623650004,-0.9567418414384088,0.23317065769917572,-4.78465049358267,0.695268939449097,0.5709200394269145,0.5687831326434941,3.8305826896715653,0.5712388006830837,2.734474079258462,0.2724056322942524,1.0813129387672848,0.07010372910264873,-0.3319672689560125,0.7384154433900122,-4.521883874441306,1.288758931879129,-0.9241147994677216,0.4863573673484062,10.666666666666666,3.0299538314318815,0.3774235152988907,94.56205775481907,36.28243006312948,74,29986576,183.84,1.3166666666666667,0.30000000000000004,3,50.0,34434608
06ebe3806790,3.040653376267561,0.13376837201613992,93.79772154687156,32.44836345663876,4.288093926142379,0.3227523537067288,170.4174239582545,116.85172807507413,4.270927505068638,0.4499049036690345,175.89785979950048,125.22114281215796,3.2564977398587738,0.8034593805972671,134.15090769556883,84.1143910499115,2.4388114950617243,0.47067097479225684,90.21240069606958,46.23765648102758,1.4401141386127094,0.028272027750883503,46.30797963250913,19.914196685958423,-0.9130623372390937,0.2714899346110647,-5.798958012994876,0.7642627446658796,-0.20012566417010677,0.6318060774617542,5.7326157953506645,0.5515743359513703,3.845335808715851,0.4439587290822453,1.509481500794148,0.18485717266871457,-1.0877429625587962,0.33622322291574525,-5.368989959663679,1.9886151864474375,-0.5111154618997236,0.4066442593646542,9.5,2.5958667008824197,0.4124856249302719,98.11478474736057,38.50482807551873,77,35153041,192.217,0.9750000000000001,0.7500000000000001,2,42.5,35157137
08401460f377,0.9320803614380023,0.3293967667969664,46.11541856146611,16.303515825817254,1.6624918650444256,0.5778397353125585,82.15421664770376,28.95797479256024,1.0287751513369914,0.19233975031002215,49.0271331000369,15.093718625021998,1.4627177350045553,0.22166813280056297,63.721911686414415,9.60320285160881,1.6790197361453842,0.20273447163421443,73.17213853032703,8.630097988111038,0.7937326738917442,0.06325782632760532,36.45572178284629,7.534329856157622,-0.8935846884361643,0.21329944399708378,-1.9470628089564543,0.3497378439774198,0.5990984501224822,0.6797263656235166,1.9559702893359248,0.3340736500774433,1.523417704961757,0.13006392582688434,0.6568139903788726,0.024164191397413964,-0.2876063134141686,0.28460938797727875,-0.7332049029975192,0.6100607684896492,0.7370301993454386,0.706534429714388,2.6666666666666665,2.5357492724831436,1.783942771282923e-09,108.25476341007135,3.761131984616009,72,26873856,178.49,1.35,0.40000000000000013,2,53.0,28210192
0a5e44762c75,2.3919735684614456,0.0,20.900541738231887,0.6920826365030823,2.103259987953715,3.1401849173675503e-16,19.88500912577219,6.233432940421469,3.2876774363907932,0.0,32.03634743915171,13.30187119871489,2.3248163511198197,0.0,21.93574061047387,6.726052809078988,0.8172295335965014,7.850462293418876e-17,7.299847277121184,0.8301271854124903,0.5451879360576699,7.850462293418876e-17,4.780570802423258,0.2205820337039035,0.20126884176062992,7.076311083754595e-17,-3.882447173906545,0.0,-0.5372329690002522,1.7554167342883506e-16,4.124945049095324,0.0,2.436008626420299,0.0,0.8775193688406684,0.0,-0.7199336609958497,1.1102230246251565e-16,-0.7199336609958505,4.440892098500626e-16,-0.4930081305120717,4.726604209672303e-16,9.0,2.762768114731134,0.640717498786002,99.99999997946139,46.368092442042766,15,50625,30.973762,0.925,0.15000000000000002,2,10.0,51250
0b7696e1f4c9,1.5522438819529845,0.5154527233526772,68.01696870131413,24.911306076034563,3.5349478788121176,0.7935974981565371,154.41320196421265,53.50497793873967,3.8868758418068325,0.22671722466008568,165.10960994672448,47.16804165774452,2.580554393990553,0.0896117026668291,108.74695863425582,28.021422025637722,1.4775397420363818,0.02268920747544535,60.87816770040092,9.932328242085795,0.8191838461178248,0.11374855143655528,32.60469742281806,4.217271529768366,-0.9450512903300962,0.24745288465118756,-4.861145614899958,0.6861951010172748,0.48447626645976244,0.6099978184817764,3.9286573708906896,0.5771067719080857,2.7897171301564447,0.2717574824339201,1.1009299844284928,0.06959400440824208,-0.34101207234715086,0.7455226596205702,-4.634537560794691,1.2764978503770454,-0.9502630854099529,0.5035341479727834,10.666666666666666,3.007647243530215,0.3798660068505706,94.50648838921795,36.16305539034779,74,29986576,183.84,1.3,0.25,3,44.0,31654688
0c0fbdaf8f4a,0.5352483164602535,0.19471425902477227,19.491265811461584,7.8059682361385265,1.965827773584335,0.6787457699126772,70.35623648684951,26.443004543818997,2.1735555715546453,0.49103966189818526,74.69794983118761,23.989734422057282,2.139869131430046,0.2002371703551057,68.44972175095934,15.626877388108095,1.6644559668066903,0.18909120020495263,53.34355628432308,12.944677425628878,0.5983167786652732,0.055853353498934985,20.148071662628826,6.018328792658468,-1.0885194898646458,0.16184359809839008,-2.9275851432170144,0.5391670384031104,1.4330792962744472,0.5319837083190929,2.3170469359440236,0.38968100443680215,1.8383342635619362,0.1881352396411917,0.7748373658492591,0.04721436182214022,-0.16833585076811472,0.5022231810593119,-1.5594716696574036,0.7598540335913664,-0.40855746713123803,0.3294811437853075,4.0,2.83890591112975,0.037787219331512543,102.68857833441895,30.69487924130982,51,6765201,121.76,1.2,0.44999999999999996,3,34.0,8185058
0f02957b17cf,0.17997915628509276,0.08346036497818815,9.291109456297143,4.295148310657087,1.1404593751581897,0.4441154445765552,58.93680303263855,22.88080061957805,1.911629338474432,0.6315253371793662,98.93830457234526,32.59478784742103,1.4930791472198353,0.19825525342916975,77.55744344513568,10.039377168708443,1.4767667433451475,0.18006862778393146,76.92344158189654,10.278528122557388,0.7079937614933168,0.0864236102624804,36.86845631590231,4.83621733423511,-1.1252865371134282,0.08737636969112814,-1.9858332012658746,0.6221973074661112,1.424800563248122,0.1948333460927123,1.6402853528583285,0.3560212202388767,1.4254938210233468,0.20026192260767345,0.6372114709036788,0.057313251193696374,-0.18423581967325178,0.27632267757508167,-0.9505283985441549,0.5477573565516304,-0.18553187059409149,0.23575895518291226,4.0,3.1094706815274678,0.10741562287355633,101.53005642404712,30.035668258023488,53,7890481,127.6,1.4166666666666667,0.050000000000000044,3,52.0,21967298
0f1f68e6fa79,0.9983929937592819,0.33173904050004543,38.504507578932625,16.670252995710054,2.3360605993079617,0.6190923410280992,95.12712488641235,38.96815800863115,2.241721439397895,0.17919598195706923,95.2299591927204,22.20300596019345,2.453340959049659,0.2142018841503733,101.55257247298198,25.999197239672803,1.7916813006766277,0.22229861999433104,70.09331533374377,7.587138580715963,0.6949842364895286,0.047911959369992624,28.173154150121015,4.148453652029992,-1.0734818072859214,0.13687568484514018,-3.345255366031986,0.3247023355462709,1.2098865757132815,0.5191303810798055,2.787809508525963,0.33665701165899187,2.120045316505527,0.15803993076733744,0.8775991166841244,0.043674423027623706,-0.3011621064282334,0.4129724999465731,-2.0952814874254555,0.6237610916508514,0.14312502495086837,0.4789933442462457,3.8,2.643936719398315,0.0980452980686498,104.57209603011783,22.685231834990788,52,7311616,127.6,1.25,0.3999999999999999,3,37.333333333333336,11462866
114b3382699c,0.3417581560070131,0.1670715733660703,14.193635195896428,6.909273914255894,1.559333407408692,0.5868200746342124,65.10322220139832,23.92236121171049,2.3426586735527457,0.5587563548893225,100.68251010046883,18.14910295730457,2.2373443487569684,0.13166205169171652,101.75584011019312,13.677482865431129,1.3659034097526803,0.016439134966807774,62.60065194093405,10.544349535459624,0.5206550656466281,0.06776208506056904,23.038970487686424,1.077852661199886,-1.1135329950945292,0.07757139720793521,-2.7675729521114256,0.6164730495955907,1.6203668827405895,0.27756118302662913,2.109778576588365,0.4246946453923071,1.7210035926442184,0.25380407132966126,0.7347289714670905,0.08268016348208766,-0.13685444884522738,0.4280461514691642,-1.6800590695083713,0.7669621904544462,-0.17408782728180713,0.30627377523499516,4.0,2.980329621116516,0.14112456821478675,97.47201151353337,23.62314313055027,53,7890481,127.6,1.3166666666666667,0.25,3,46.0,16388018
11db0908d9ef,0.3019157584869769,0.141429135646596,16.084278430655242,7.515264641158382,1.4834506709894983,0.5490871478311805,78.84769087766047,29.78102554644351,2.2139788348735987,0.545500719239144,115.26606042006078,37.74629030429624,1.987943366037613,0.12260458957449882,99.07038358030246,33.92662689905817,1.3696643707115232,0.010871013809401893,68.39467628096705,26.579688019611584,0.5335754526177859,0.05586947585845488,26.94847541325485,9.189976447800133,-1.0877123955996717,0.06775113636415718,-2.5493697922928162,0.5894911472867975,1.4925566531213883,0.24936176183187847,1.9759603545172437,0.3996719988047824,1.626514951740974,0.23974889155252818,0.7001740499159119,0.07805044546597462,-0.10777483534199378,0.4164817022269237,-1.180279838570237,0.6357876376643835,-0.10103283175561835,0.3347703417982137,4.0,3.002214552071894,0.12344284079759749,98.0261281002797,22.820295215580202,83,47458321,208.9804,1.3,0.4500000000000002,3,50.666666666666664,50295282
14411dde597c,0.09270905690799212,0.032777599806574576,6.1117702916647,2.1608370650117705,0.6930597934492125,0.24503251990886984,45.689400758769146,16.153609894715068,1.2279781482752468,0.4339650062825745,80.95157485858037,28.61473240693095,0.5325568193498658,0.18029877077592363,35.02664554070791,12.112692685407845,0.21550060904337995,0.006541133317270136,13.334520322454928,1.6561263140338511,0.38050756142056086,0.07831671898137825,22.771577665976707,0.49258389224590016,-0.43292821714209956,0.044193304899663166,-1.0081755664251788,0.48717489045178736,0.22808324944733305,0.11724622266257831,0.819990475312753,0.25258047592916844,0.6670223601835349,0.148073343476875,0.2898556426783174,0.04129567814450135,-0.15238361917906465,0.14673756903072602,-0.38093850315456734,0.3214015004519597,0.3915871692957906,0.36757480331154385,2.6666666666666665,3.138185885366485,9.898436508741248e-09,108.53893787032294,2.862192392659998,82,45212176,207.2,1.6,0.40000000000000013,2,67.5,53102657
159f028a85d0,0.8750455576501995,0.310546702604067,38.02528448307442,12.828413447110128,2.6810556449175302,0.7676191394176263,118.9332955306064,31.69372397998677,3.3724723282790503,0.39366990497596516,155.2601322135325,12.656219640497032,2.578911356368238,0.0419248489362037,120.92918628641739,15.395756751226628,1.296863524653566,0.09278853295434777,59.97965945485388,4.326538257446147,0.655660526025295,0.059532516111933165,30.977473714664654,4.671794118669388,-1.0219432977593814,0.1671165889802683,-4.089002667987636,0.7266921653198837,1.1816893884196435,0.3551856275861997,3.109484139475129,0.5192551277203931,2.315302144227873,0.2695634031890617,0.9329819279073682,0.07397554490556911,-0.22974279593284805,0.6535257600323965,-3.3938043906588358,1.1880087453438584,-0.6409684527074804,0.40076349899642316,5.5,2.9089983856125103,0.33143397615526227,92.28848073457434,29.341389450297733,52,7311616,127.6,1.4166666666666667,0.050000000000000044,3,39.333333333333336,10755088
16490f81af26,0.5872772727623977,0.053205643473555796,32.337261945529555,4.311019056593566,1.8336024265791087,0.2217220087555588,102.57848781146289,18.099087691791123,1.5089530810819256,0.21900786041162507,86.15858400679704,21.13011471555036,1.1180550727650518,0.05583210338757094,64.4350018719285,24.03148515477192,1.4569713659652934,0.05692601897519028,83.76652625200269,31.20778004359249,0.9516904707127765,0.14999941373930084,56.05726757217429,20.740996931298326,-1.011707064807283,0.12419672302302597,-1.9465941572585357,0.16802597226233743,0.4772225801246127,0.07357245627349308,1.8859640962281565,0.19927471603481012,1.5265894668282982,0.16626576213991368,0.671840939771827,0.0771025771227277,-0.3716205456233313,0.20564920047034566,-1.1406152190724312,0.250368325984793,0.9163045821026576,0.43872497930769316,3.5,2.778183064524657,0.04756619067431375,105.96637291953333,8.32548448124679,81,43046721,204.3833,1.525,0.75,2,57.5,44383057
1667d1443160,0.43695289862747305,0.16137242352048226,23.065014424021367,8.450103732426127,1.875144610456817,0.6180736925661917,100.70800055955654,36.60470325718656,2.5784125542714107,0.5145568923826781,139.53755674311932,37.45584386755047,2.317365213101257,0.039782178108899044,124.19430692032971,15.570026503611928,1.3266064662054318,0.03828925053100132,71.12776983613624,9.509833235890286,0.5791976159348856,0.04666456407219125,31.174356070138206,5.658880129040998,-1.1023949452805606,0.07999485473609853,-3.082652743365411,0.6459832499742404,1.5044228414798038,0.20979530265898003,2.3447114532619038,0.4369378780113803,1.864745067416073,0.2513605439725714,0.7838067562934848,0.07722594429541443,-0.13556124344397372,0.5163301811416304,-2.084651034172359,0.8739108047243324,-0.3022156759719978,0.3489625669982242,4.0,2.891169807004965,0.03121741338644371,97.70775898909538,23.368714056803835,72,26873856,178.49,1.45,0.15000000000000013,3,48.666666666666664,34419728
1811d52ac455,0.9754484738990159,0.7830829030451018,23.933536373440024,14.23474856227222,1.4860052698414925,0.41683463063274184,53.12586084555115,17.007599922012453,1.922989101606717,0.5932661211879241,82.62741337004864,43.260288894253186,2.0335576343379227,0.22997026259139364,78.90577894357173,28.019980793536252,1.6716983705999475,0.17427552466926388,63.45068322420635,20.062030173285258,0.7652735366434436,0.11558337255614311,29.811436556407767,9.665728729152594,-0.9936406366903278,0.48663325123960677,-2.5567874419084466,0.37513948922582074,1.1232612932858417,0.9835045041017088,2.3525174589925126,0.41470973509227865,1.808754761074469,0.19338211255576523,0.7655537247161944,0.08649858972043488,-0.14697275214458227,0.3162487082417619,-1.2035896839729432,0.45370773587874186,0.2378454617228012,0.6105491270680937,3.8,2.7908565381838586,0.43164970165234584,104.33191785141791,24.319414135668296,82,45212176,207.2,1.3166666666666667,0.8,3,43.666666666666664,46599137
18e377cce57f,0.479133515034448,0.1798111734670062,18.61904774942236,6.451449612523592,1.9603826733519891,0.6387658873638027,77.98395633434345,24.32728625683822,2.654223840875295,0.4952442385248723,111.60520274764856,15.827745523568451,2.3600099830788843,0.049070614361691696,105.05422948627387,20.034035938571375,1.3172140112641468,0.043449943699939556,58.137755682329754,9.370779613813562,0.5925823456447544,0.037323209753274536,25.650860395986786,2.751868311837661,-1.094992535772929,0.09202007583904927,-3.1907799973132374,0.6547552545168486,1.4815527763801741,0.23201962278855065,2.4237833789251635,0.44507253302759453,1.9118265686364,0.25236123906325086,0.7992516876297721,0.07625711244206299,-0.13927230706185598,0.5348672395603795,-2.211027988217848,0.9035125439144321,-0.33266912705092727,0.3598091779040015,4.0,2.8693263320655418,0.039785512570185366,97.65546430030219,23.471621081779595,52,7311616,127.6,1.45,0.15000000000000013,3,38.0,10105872
18e62ba75259,0.2598408619703018,0.09302200639911258,12.291353776416877,4.573749112493565,1.4292507809363784,0.5033376238835152,67.27418417593093,24.36924783286704,2.026377360438934,0.62747162099382,94.66306606007159,30.586278789317813,1.6317593135697326,0.03771528536605668,74.61792840582,8.193193660035673,1.5890569247155728,0.22846354320909146,71.94070049061013,9.830838845106095,0.6663613876319946,0.03723559765363217,30.376459667672748,3.203735310837751,-1.1234455179621363,0.10718986497241317,-2.2870308688691416,0.6001966667152814,1.433332442965116,0.2545230830441304,1.8510482895053493,0.3618594120558254,1.557918442272079,0.19331690995451353,0.6822702551168528,0.052700374140370876,-0.2266241036449067,0.3297530737608271,-1.154229506105563,0.6532900920535102,-0.2428778824688088,0.3167621972518344,4.0,3.009802185815968,0.020448908221182154,102.53969978736234,31.189363873217417,52,7311616,127.6,1.3333333333333333,0.30000000000000004,3,46.0,15577442
1a3bdd1b142a,0.4962825898014034,4.440892098500626e-16,32.00926555627413,2.9501683016519564e-06,1.568541351914014,6.661338147750939e-16,101.16798568630759,0.0010098904236883754,1.1803143045211484,2.220446049250313e-16,76.13677219674696,0.08190636589491618,0.32096360579767164,2.7755575615628914e-16,20.87038050905148,1.5738995322816756,0.5256269178896212,3.3306690738754696e-16,34.67065186002767,7.165595715818505,0.5855519966890017,1.7554167342883506e-16,38.596184679131404,7.729360133920624,-0.3611569722213428,3.065703529144609e-16,-1.429162595172251,2.220446049250313e-16,-0.3441858295596044,1.1102230246251565e-15,1.3054090479739775,2.220446049250313e-16,0.938593025114653,7.850462293418876e-17,0.38248437848020783,5.551115123125783e-17,-0.41850530638833533,5.551115123125783e-17,-0.5563824903399277,2.830524433501838e-16,0.918092026293752,2.830524433501838e-16,3.0,2.779462634279613,2.6330734718862942e-09,116.67696402321376,6.611132629834328e-08,80,40960000,200.59,1.45,0.10000000000000009,2,66.0,48271616
1a3be826b3e0,0.9871986151042816,0.3563017821678888,28.883438509941573,11.483200806079582,2.490088654070713,0.795591046560272,71.2963728080427,25.126799720891906,2.6350924558014492,0.25451146961901333,72.83347479872482,14.616865054385844,2.7616501477131172,0.31560200995219173,75.03736391266881,13.433426663305827,1.5673596342489915,0.03826775453807554,43.152770306764694,7.963941478034772,0.5368465847720869,0.07531384381456678,14.926128454070515,3.176613418038713,-0.9757828479032445,0.22352279110236978,-3.811244190427448,0.4961110352511271,1.3546902632994937,0.701259014783954,2.956357999899162,0.4338114936891155,2.1994943410554506,0.19003961433806152,0.886173234390926,0.04278389280705233,-0.14037749102189914,0.6581149789852954,-2.8001087987166335,0.9387219962110946,-0.6851575564402452,0.2764937941048054,4.0,2.6626881637733026,0.04503381526079659,102.39229122368116,30.60615385876474,34,1336336,78.96,1.0999999999999999,0.1499999999999999,3,28.0,2605778
1a850181de67,0.9743353131129734,0.33294977557866523,46.69414448676784,24.064991941004287,2.3137968044127986,0.6238501356889135,115.60645662437567,56.42972446507678,2.2267004422173686,0.16554451304237863,108.03346907549655,30.23434458470279,2.394253084340367,0.24203763118901986,108.34508066293279,19.293089659068553,1.770278888304464,0.23326524166216475,77.11226298493418,7.409681985294599,0.6988805964250964,0.05412182507092563,31.885671407101192,5.599857639779223,-1.067781790949576,0.14479571730229604,-3.29179080557915,0.3107469166060835,1.179991979393224,0.5453137039104916,2.749618264490819,0.3300223553685803,2.093988453443542,0.15156471964336082,0.8680787468714859,0.041333270627767406,-0.293586060776435,0.410345180316717,-2.0119519048329666,0.5088743216817917,0.10859211167084577,0.5150093112932408,4.4,2.766136941566327,0.30128365010349256,96.33964095354783,28.22157680185945,77,35153041,192.217,1.25,0.3999999999999999,3,48.0,42515282
1dcd471c2288,1.028197357940792,0.45716026623811384,26.754372091434146,10.430694554426735,2.4115697201316504,0.7773773558235145,67.10673637060447,22.357674900315715,2.720267582652769,0.3333878601560628,77.37249868047707,22.927380753868082,2.840830360622711,0.2877372330444753,77.4456973258986,16.722411371939685,1.5545558305699358,0.06272127992132896,41.99490227121089,6.525744208230858,0.5213741959215227,0.06919228977297515,14.457210718266113,3.185631631881057,-0.9769029090699797,0.24514030380896068,-3.8558644265636524,0.5063591440214944,1.4042807600548197,0.7361798433306799,2.995518217126184,0.46137979817035984,2.2237405756709925,0.19992840701489964,0.8950951153491306,0.045575288305100374,-0.15245856812117478,0.6326734016851221,-2.7801299758312985,0.9464113647843952,-0.6356923641982678,0.3185082364865683,4.0,2.6679151310443774,0.1552232812376903,101.1232209673729,28.88928093762346,35,1500625,79.904,1.0999999999999999,0.1499999999999999,3,28.0,2752082
1e2c6946ca41,0.4927891001306756,0.17421863763689543,30.15283250579937,10.660348965678102,1.446863501321202,0.5104700076642126,88.52315586136173,31.260557735964174,1.083259238823785,0.34932546134294085,66.03054659227736,22.11027707655942,0.7525369177601625,0.009278494255141607,43.918653246497605,4.573798235605082,1.182992631891503,0.1865595567717257,67.54394496898526,2.3689615777675406,0.8113452791829997,0.07124820589468463,46.688438820801345,0.2093808264837565,-0.7944528341876093,0.15847885929086494,-1.4240205076562515,0.47644038807597655,0.2716053640338549,0.3690904082323595,1.4531263685429423,0.3165371392211446,1.17898370300326,0.1440682977802248,0.5226902980571843,0.030985025945551827,-0.25793516010415457,0.2684071765352614,-0.6798199907962488,0.5518178159303596,0.6539174089411238,0.6532900440780187,2.6666666666666665,2.7479989632234316,9.508716597641714e-08,107.74597457270198,5.402363922114219,72,26873856,178.49,1.475,0.15000000000000013,2,62.0,34185472
204ef2affa10,0.5575734729137078,0.19712680793964607,18.65998505713105,6.597115000197442,1.497771522267519,0.528687819990806,50.1262741055971,17.691638892655913,1.0026712521996102,0.32112290333911836,33.604710352742494,10.68189280464587,0.6251303300710452,0.08798962462253189,21.373898651553873,3.554202659300425,1.1275806782493023,0.2794438307474113,38.7306323338014,10.708001812575931,0.7686231414592791,0.08095277941561073,26.240560926461495,3.4242583384626566,-0.7021997838171136,0.21345815665120774,-1.3859089813170886,0.43852027547904904,0.08247464526214492,0.5025075466141586,1.4371366419689917,0.29322308571563777,1.1352879284363444,0.10952651868070358,0.49723273292190723,0.012992760089465356,-0.29210788695052203,0.2557619376056067,-0.6759373772399782,0.600703401781124,0.7450344080656167,0.6545122849830014,2.6666666666666665,2.711371206788875,9.537639446180585e-09,109.57793292516844,0.31929512981347147,35,1500625,79.904,1.2,0.10000000000000009,2,33.5,2549201
20f098bd3f31,1.8397549998565426,0.2524822970118179,46.04036480028212,6.144962398636942,2.204260381393253,0.6048376408366682,55.0425203317235,14.185195823660933,1.7749251194186164,0.34813022207113486,57.19193967209738,31.14709772311078,1.7280878847470995,0.3492092514083067,72.54980490080698,51.39586594820761,1.2927472988129893,0.30547137341646247,51.87070741120215,33.77886873041679,0.6049487363769717,0.08697573538733532,17.513143114169235,6.079620114954752,-0.357448257360116,0.22250571795011917,-2.9579918086274075,0.33871558433321175,-0.22611617133959455,0.7635377218783531,2.8735538330689647,0.2658936011506202,1.8953014397824468,0.11717453875555255,0.7301008449665853,0.03795331187608596,-0.4641403013014392,0.20753020114481754,-0.9657464896683962,0.14475066724375002,-0.0013320629791592348,0.0963226177886275,6.0,2.777130610363661,0.5309464154526626,102.70516761142957,41.169708846223706,82,45212176,207.2,1.2,1.2000000000000002,2,45.0,45216272
211bcb7f05d6,0.9807212000895271,2.220446049250313e-16,32.349052814266656,0.007656634208359492,2.038260013072109,0.0,67.23477103002662,0.20326097511571817,2.1156396913814515,3.1401849173675503e-16,69.8034223129437,1.2784567959014126,2.1748981048878964,3.1401849173675503e-16,71.76754975443146,1.9051714007020522,1.1242097098587145,1.5700924586837752e-16,37.092077247911554,0.6726637080615987,0.3228521409418827,5.551115123125783e-17,10.650080601960848,0.05627012586182456,-0.594419167892009,1.7554167342883506e-16,-3.1580503062717407,3.1401849173675503e-16,0.8621402641376317,1.1102230246251565e-16,2.440686538295642,3.1401849173675503e-16,1.7401016237463927,0.0,0.6795778357579625,7.850462293418876e-17,-0.12345668690546258,3.5381555418772973e-17,-1.7499449729293743,2.220446049250313e-16,-0.03209162997191023,2.220446049250313e-16,3.0,2.5642211273911686,3.902082750518223e-11,91.26657591286518,1.7249496312229306e-09,34,1336336,78.96,1.2,0.10000000000000009,2,33.0,2384912
21e7665ac8f4,1.5319915603313694,0.76438400764437,52.97188227654016,29.240106062466854,2.915750356360549,0.6908411709527211,90.43126729752163,43.14039344712242,3.17596673389919,0.3504902534750481,84.36716579746826,32.229263920453455,2.2883159374790223,0.22451562696533822,60.647652380956266,21.685837277339772,1.5023067011806726,0.08164329671733403,38.8643689370469,8.244065827426468,0.7433207449482786,0.0348902008203808,19.100407459326895,3.387722865199711,-0.8219114266688736,0.3777078421635949,-4.124982831840217,0.23220248456579867,0.4582973394133162,1.1215057516284983,3.459684241537504,0.4497554689305208,2.4463124234206894,0.13284520786472057,0.9680448326215119,0.01386826747030375,-0.24907542830415252,0.5385462466971334,-3.134546056186717,0.8100122943079616,-0.5104286801995612,0.7921358819581328,9.0,2.9831831784797505,0.41970352279278683,95.84282339868129,35.9066826293507,75,31640625,186.207,1.175,0.3500000000000001,2,46.0,31724146
23a0796492d1,0.17747322032885432,0.02331514402877352,12.06276768253271,1.935156976392205,1.1048040766819245,0.15133715086241012,75.20020770208612,12.561007647442674,1.6347485755582585,0.2326288886351149,111.42274516157204,19.312603778005403,0.657114221521524,0.08034979629732192,44.58335057134538,6.8670710942705995,0.45421162929250986,0.034624859332727666,29.498510400947428,0.6598904104016804,0.5883567919708254,0.0934504197866997,37.757234503011226,1.5569310214846726,-0.625262889845488,0.07213475147565603,-1.4140842802395812,0.28860212431988214,0.25109660262009403,0.03485845872857758,1.1993143568132347,0.1312492890203162,0.9707585603089782,0.06058680626144188,0.4226161745169822,0.008707814217659052,-0.34237274075478175,0.04812534037215606,-0.6569993672670783,0.296038005376677,0.7690315330047616,0.13976412735566388,3.5,3.062069436610286,0.007095287985362438,111.40115382863455,8.837033823703326,83,47458321,208.9804,1.5,0.20000000000000018,2,67.5,54769937
248fffac5959,1.1312956846201763,0.22522986503888642,45.23377993720067,9.004078039633328,2.06342574148114,0.43744913563423143,82.91833434203684,17.702359911968458,1.8226138811726813,0.3926372534139194,75.71502625929291,22.30414170900874,1.706327992105724,0.5130015401168053,72.12056257721476,29.509831755392426,0.9924142660105383,0.3513483110674188,40.62652107198639,15.407400824329846,0.39379885898376793,0.18678211155094757,15.254308368753623,7.116726771841315,-0.4549908285655222,0.3326386842849929,-2.8123121265386732,0.5694862413085277,0.278030318097955,0.7074596548649923,2.3286910400308773,0.3077295152927192,1.6128122506493725,0.18118208404900607,0.6258907950869981,0.07619593507065289,-0.23455757849809086,0.42338588550268924,-1.1885281197338657,0.6196231371127041,-0.4036284759940572,0.26611144547975696,3.5,2.632792677819322,0.30302742471988375,96.34375125507742,40.260132139503824,47,4879681,107.8682,1.375,0.4500000000000002,2,40.5,6216017
24d6cc0a0fed,1.4447268138579015,0.47625655683316176,67.68949965500234,24.50895836620982,3.4360429361453515,0.8082023903257691,158.11093837006527,53.690375240878815,3.864070204350284,0.22707917981418455,171.67061967059726,50.13916006600258,2.5722926927552874,0.07323437233299333,113.25385099808086,29.979052039827515,1.4344685573031262,0.012639963171015853,61.80998439872986,9.04956740367045,0.7963646924583433,0.11838984846050016,32.58980676266685,2.7925276091986615,-0.9588911015119018,0.23081228037598625,-4.779131816789186,0.6983739914140209,0.5769134825984442,0.5628702633233374,3.821835947966689,0.5717888312841648,2.730005274053078,0.2736944391489715,1.0798559981300515,0.07074832715350801,-0.3336878744171842,0.7371104367393362,-4.517369214568113,1.2950674539654972,-0.9254389109646994,0.48114947526840773,10.666666666666666,3.0318351359716003,0.37637084900616563,94.55431037888695,36.26894270348402,74,29986576,183.84,1.3166666666666667,0.30000000000000004,3,50.0,34434608
287dcf4f1a19,1.1542263368086272,0.6480951709958607,24.193912261338205,7.949849478865167,1.8917674866342036,0.437118982447522,51.21299821118073,23.275699971302284,2.257576590657716,0.4237625913370676,61.1086365527827,30.307843124368954,2.29588557469378,0.17076116089871302,58.508674085356255,27.656292859535963,1.7036239963002735,0.1990355348612393,45.96120883982707,26.022965679535982,0.699287503327682,0.11326448834754567,19.073780294562,9.860865300431067,-0.9238658006560208,0.38856892299844165,-3.1053652075166798,0.3290902691233629,1.0825902556527356,0.7614858371342029,2.7505145038490193,0.35297172433476737,2.03333247555251,0.17133227634819265,0.8350129577925861,0.07362871379757173,-0.07300292063438121,0.39924855673901627,-1.7403914464952333,0.4556273946184158,-0.09952668698297125,0.4606919513050876,4.8,2.805775111346289,0.4444989896183645,97.51190180071882,32.31345631606803,83,47458321,208.9804,1.2,0.6000000000000001,3,38.0,47574482
2b3b022fdf0a,0.29362864400587074,0.16804239318809125,15.801727703747805,9.071219212169927,1.3315749457861805,0.712195891950315,70.84426879291615,38.92743894797322,1.7972144563891732,0.5121170949404433,88.3138160396604,32.85592580892726,1.4269837544470296,0.33513702360963654,58.42830396024159,4.196206509626877,0.7275654234174681,0.134848561103467,31.29512600142632,4.960975648927507,0.2009184429665523,0.03366591784797652,10.14154970709869,6.558178768735267,-0.5426799704154527,0.20875152495004415,-2.170985217255453,0.5577321548930668,0.866219842566883,0.54000211160391,1.5456334860065004,0.37247900329255007,1.1683163003062056,0.16200706592571776,0.4691708766957093,0.030460145920601187,-0.17035742817994984,0.3637205035068635,-0.8872745180093529,0.8271958806450127,0.01797119198616784,0.10183861148040392,3.0,2.9160510697610267,1.4455760488679572e-05,102.6554043338803,23.590724226239367,83,47458321,208.9804,1.375,0.4500000000000002,2,59.0,48958946
2d41b3dd1772,0.12916485268051092,0.0614978564260996,8.505072326355181,4.037414713239412,0.9534599113458867,0.38067856761708707,62.841130557292125,25.032023929514448,1.8245237929958902,0.6231444884845943,120.15187058041785,41.85735801073142,1.3668126803111462,0.25575470588185867,87.61061246501009,23.79922366330807,1.3354500387824795,0.14680889060321947,81.42633488265466,7.098348618235435,0.7405052178059602,0.10878124230318502,44.736225135314434,1.8013102121120248,-1.096447036467567,0.0712453337524786,-1.7668704058680564,0.6192946298169983,1.3591035118429013,0.16882668196171896,1.4823866271292585,0.33960272538255454,1.315746108629191,0.1970710605345113,0.5960683808505757,0.05752792173282493,-0.1608416298793277,0.2370613572638715,-0.8221484480535842,0.4752333302489481,-0.15202299214476017,0.20395749075341327,4.0,3.177881478955021,0.1092311089559516,101.59175681289943,29.999744839375822,83,47458321,208.9804,1.4666666666666668,0.20000000000000018,3,62.666666666666664,62660418
2ddba2a8216d,2.036463036475861,0.5530703804990927,55.30482020052957,25.97464074354953,3.0024444209474566,0.43221504141839956,77.70064325603019,33.28923096213511,3.3606623307490415,0.3395856986282194,78.3785256536909,27.09928616840631,3.2834154418720205,0.19740167124475252,80.40263564697406,38.44023864631429,1.7059335465499508,0.15984547787732256,43.049218525832686,18.890824214984352,0.6376658967676785,0.05988857889768608,15.577762670623969,5.302527778421443,-0.816033860750306,0.16938951706861927,-4.8442176363628455,0.20001973241564208,0.8472458181493192,0.5265746082436034,4.056676845126377,0.3596415065874827,2.81353115976493,0.1539328881633689,1.0952819483317993,0.041657949917133584,0.07699066541636673,0.6386805877302802,-4.036267115031762,0.4840937507841637,-0.9621484597893695,0.12804856860038724,8.0,2.87105307074832,0.49849373203624503,92.13358508987581,33.68729072900943,77,35153041,192.217,1.1166666666666667,0.3500000000000001,3,36.0,35269202
2e44a755e594,1.212813775263793,0.4282503903773677,30.67853040139455,10.843769145026487,1.6741990022893496,0.5634647414482993,42.16597678767744,14.740783155698375,1.1219788774894524,0.04227009813034424,25.97589267457875,6.80500817586884,1.9173277347790207,0.37328210447984245,41.181624605569,6.652470352713797,1.781130513815954,0.11399354841367984,39.76057748745611,7.909633063706605,0.7165425142297778,0.1169618699003718,17.17539421224288,5.038300441128126,-0.8786755086632608,0.238527259952949,-2.2736361820274547,0.22543121410674394,0.7394551266626905,0.8233124302870097,2.2487556539657465,0.32529201624283155,1.6980781803777611,0.11126143100762638,0.7171420358346267,0.01774358388739143,-0.18991638161534755,0.3569744752695366,-1.1020851515568335,0.578815217158561,0.6680626342184336,0.728614264263513,2.6666666666666665,2.4221150378883665,3.1534618646820673e-09,109.06466826226104,1.231977950535365,40,2560000,91.224,1.275,0.55,2,28.0,2625536
2ea941c8bc3c,1.3345298110244117,0.5731812695423321,42.35478278162405,14.813892727538697,3.1687535371382864,0.800584673963432,113.5475120856177,39.51641061085097,3.862392904398511,0.40009123051044926,143.53122167626356,56.63089518143778,2.811985754865276,0.08722094119776616,98.4000608826063,27.098838872808777,1.4068788152334408,0.02584392843292793,47.898612857655586,8.196607847953581,0.5762889256183574,0.04145045247167183,19.704140364315045,3.455257410779979,-0.9387031279141201,0.21324577279952767,-4.773776625703861,0.6396805454855985,0.8952118874082858,0.6964927092232024,3.718919123941328,0.5955102060185301,2.6621189179285096,0.2953719319170221,1.0493185671677214,0.08539133263829847,-0.36945301180326795,0.6660085183132788,-4.216376291796466,1.3413088092194476,-1.0800572222218505,0.21182644671997314,10.0,3.0299896401081083,0.37272660924073686,97.18996589664275,37.85449537789736,52,7311616,127.6,1.2833333333333334,0.44999999999999996,3,36.666666666666664,10488848
2f6f133abcc8,2.0172956779872284,0.631543301210305,64.76921947120893,25.24029405682168,3.98603527395012,0.7446637406421046,125.8684644716439,58.591277827140466,4.07988956889563,0.13527183248401725,126.33818494214955,71.42371443491267,2.6431584774689565,0.08664703269215364,79.25002996436154,37.203164276595686,1.642068957282831,0.1221214426011831,43.05241594673043,7.4356114969697735,0.9532188508740789,0.05284707665230549,25.12266750439952,4.218593259377108,-0.8984256763880785,0.27993863018209275,-5.273572492688302,0.6123031209545446,0.09315276337809081,0.7640167346777633,4.437855822996659,0.5995954085656569,3.082038172144989,0.2685402806685567,1.2057170844079368,0.06725576159217103,-0.36319577794714214,0.7999785319752198,-5.460245155428191,1.3323240917493098,-1.2739588145829435,0.48392997419189615,10.666666666666666,2.895694883684765,0.3699777142352378,94.614547178413,36.37405626178833,74,29986576,183.84,1.2666666666666666,0.44999999999999996,3,44.0,33163808
304bc6a92d82,0.18975903353185605,0.06802554841135712,11.455893822837895,4.272915886982197,1.2223825710854157,0.4321304444829037,73.42985572633245,26.758183096252324,1.9619508204027156,0.6410558437761553,116.68106019546421,40.734972623412645,1.4489315970742525,0.10896422891213353,81.42688134647908,20.2566030166952,1.4797334573362704,0.2161279656554001,79.23598589274933,13.182242039529331,0.7020291956733268,0.07164222905293186,37.995745385292814,6.941006116135573,-1.10559534200031,0.09234356338399576,-2.043255759148541,0.6069008240221094,1.3724102277302543,0.15193918963918676,1.6770690191495232,0.3452845595080691,1.4419271170428056,0.18912904553479237,0.6404359518831971,0.0519674573215453,-0.2031828540349476,0.28994784759165554,-1.021654265734739,0.578310551150366,-0.20697761279110286,0.2857788448203355,4.0,3.076621856813416,0.020134266467438558,102.64882574920574,31.15330815426221,83,47458321,208.9804,1.3833333333333335,0.4500000000000002,3,56.666666666666664,56270562
321533580298,0.670550813812568,0.5926105690539043,18.497828162215573,12.82168310250236,1.3677884828035352,0.5435530302509324,48.334266814467654,11.381171060564258,1.6048406035878515,0.568979756233659,71.29206522971342,35.693535325314265,1.5817568344966229,0.23803287083974428,69.29932435464255,18.929124837312102,1.5469440077717835,0.08326423638274479,66.62087894331766,15.590520965451944,0.8127188237157075,0.0734257512944183,35.28134059131774,8.401502144637211,-1.0247447902918523,0.375251519166799,-2.0552985979693057,0.42197615968010344,0.9943975263132903,0.8431715946104231,1.9158199202513675,0.393807594550999,1.550785951821045,0.18128026149908838,0.6777046811059406,0.06857863915128326,-0.22686358772596799,0.2686820031845284,-1.010163781348774,0.5161670947204586,0.337406024143441,0.6627613158311659,3.8,2.9298478431836794,0.3777457503050362,104.55864278791412,25.070513850210904,52,7311616,127.6,1.2833333333333334,0.44999999999999996,3,39.0,13612241
323fb700d903,0.7999651606372451,0.2753020957407292,40.42545807250339,14.562458943766794,2.585487478326415,0.7579348316216501,130.8746861480984,40.11134544255587,3.338071491482746,0.41306710125035984,169.68861274362845,22.21487061606177,2.5894325427793796,0.009910172658489813,132.0089116391567,7.592714439089506,1.2730959571420317,0.09810532342418327,64.80905923642099,6.359712841967486,0.6355372545991521,0.03901087071578669,32.487789182887845,3.26649456370598,-1.0345790117662237,0.14621703302155495,-4.014965043778065,0.7274588375768609,1.2630233476579988,0.30423240301338184,3.028060703734067,0.5130828664648766,2.269993557377079,0.27153813638880786,0.9175149775736237,0.0758225163124605,-0.22830544710151535,0.6356967841695548,-3.2713697461202442,1.1779332577986064,-0.6210315178741145,0.3738597994568173,4.0,2.731850092524759,0.001910028077726747,96.97338598078184,24.65050813644626,74,29986576,183.84,1.3999999999999997,0.09999999999999987,3,56.0,40409888
3394b92523be,0.9498468085408014,2.4670761127879835e-05,38.37212244145376,0.0012395651442544692,1.832753178708512,0.0016797951583316945,74.05314119304339,0.0896108348838419,0.9118384681185223,0.02709541887392511,37.072128930794825,1.645726835370817,0.6546757692935588,0.10326498632724791,27.503194898484857,8.103006911384806,1.19678214741933,0.08733056331341167,49.60213941140948,11.059829167094874,0.8710552283113331,0.011626372665860647,35.43662582345781,3.350236298634762,-0.6452702042451632,0.023276458946342622,-1.5608648386025041,0.08526477735438504,-0.3264047678652374,0.1402160248356686,1.743105844572613,0.042557269294442084,1.2981568663364325,0.035999382502149145,0.5548460490286413,0.013626234922422544,-0.49106832017987356,5.574711848393976e-07,-0.5658507791005212,4.300894707320868e-07,1.0291497641274485,1.7820407520185988e-06,3.0,2.573205014113773,0.0008222590717125135,118.38951182826757,0.03157153092521949,48,5308416,112.411,1.35,0.40000000000000013,2,41.0,6644752
343d2125478e,0.30435683094556,0.17568869717220578,13.072147693463753,7.21262898908726,1.370483606143127,0.5931220901109203,61.039615275517484,24.454498867081536,2.112529138298063,0.546293528855984,98.44124868235538,28.441581964169185,2.10028668952831,0.20650562135511563,98.01146400203304,22.721259003627647,1.4061961036778186,0.014228424177047934,64.43065552493438,9.876514052843014,0.5035883313000352,0.06849603007214286,22.894796253874564,3.540202757894753,-1.1009919396890904,0.09745924444725662,-2.5043973801765342,0.5923042890869227,1.6169176135281649,0.3573591408375251,1.936805246849022,0.41605353073917706,1.6067235860644662,0.25025121680745166,0.6940408306204818,0.0833830813762634,-0.12105044103692213,0.3661164948543624,-1.063812020734622,0.6130418956865124,-0.04183352755253434,0.30020309700131476,4.0,3.0440483810455574,0.2052899106917992,97.45246771397353,23.537868561219874,53,7890481,126.90447,1.3333333333333333,0.30000000000000004,3,46.0,15992018
3995fa1bee6e,0.2219706656390479,0.06680270109988802,12.39958821201548,2.851390657790117,1.0821569810039358,0.08297574356360932,63.71666251789424,8.58620984961571,1.7971119302647554,0.5686667123078054,110.29554649513254,41.55563169797118,1.4202570943125687,0.36804714362830865,86.26868518080458,27.21203249591334,1.213005285215666,0.235911063695615,71.81471348096738,15.862063050714143,0.8561057388659059,0.15120318632161095,51.27587944859927,13.099874369040979,-1.1093768123093115,0.25877952046779024,-1.7869508085942156,0.40872048414928874,1.1716073829172224,0.43588776509884397,1.565876206848309,0.28137785615531524,1.3695968855165415,0.26971904346571807,0.6200169957423267,0.12411680008427135,-0.25081150206149866,0.12753934837809752,-0.7988190869865917,0.3154262282332018,-0.031040920742660016,0.16220041355470308,3.5,3.095463413516309,0.20388918648762538,105.25075556418179,27.670390101728575,82,45212176,207.2,1.6,0.40000000000000013,2,67.0,52523792
3a65ac9ff395,1.4506360746109006,0.4026043227575136,55.50488668812852,24.69384088160868,2.708992504822098,0.571011360733734,106.70786357125789,46.64977472709485,2.768518372129597,0.23744507857144112,100.95263649245928,24.590250998531356,2.866488672847251,0.1705229651140084,101.6700737497713,19.166437181484472,1.6509987959069725,0.15722344769623597,59.79746549024643,16.323666310563162,0.6283111793316383,0.04763147295095349,22.61153532257513,5.222924757427722,-0.9267732872237691,0.15500537613501134,-4.085468715219905,0.307066773762957,1.0130400644505262,0.5181457235483082,3.3588776040891224,0.3367357500218781,2.423856568330865,0.15295934734830377,0.967306242193731,0.04109745258042687,-0.0929259021176142,0.5512007183053107,-3.127696028941104,0.5854957778262108,-0.5030568537885826,0.28249208173776075,6.0,2.82105965261685,0.416686208828883,91.04452129624212,31.64613493580867,78,37015056,195.084,1.1666666666666667,0.3500000000000001,3,42.333333333333336,38402017
3bc08d486d65,0.19261285212251517,4.581772189210292e-16,12.577524044140997,0.00033106560543227914,1.0653091522811107,1.3322676295501878e-15,69.56878375149746,0.042602537466763124,1.475327774200272,1.5700924586837752e-16,96.48515431873514,1.2988913245727716,1.0570129304812839,5.661048867003676e-16,70.08601545603065,9.382662855413287,1.126019948487627,0.0,75.3489874100209,16.058144159013302,0.5284509786854548,1.1102230246251565e-16,35.24575302907976,6.511492424360702,-0.80168419927593,3.3306690738754696e-16,-1.6111739562249587,5.661048867003676e-16,0.9284304952611817,1.2779626727101132e-15,1.3281144258912883,5.661048867003676e-16,1.1153121514625755,0.0,0.4893757314433521,5.551115123125783e-17,-0.021211160071672314,4.85722573273506e-17,-0.689579690588277,7.2377686124476805e-16,0.06355350685436997,1.736110700089722e-16,3.0,3.011576254014478,3.5314875246858747e-09,91.75934637071104,3.775088593177614e-08,82,45212176,207.2,1.6,0.40000000000000013,2,67.0,52523792
3cf9ea4cebc4,0.4147330483595784,0.07437912295927958,20.824866711424175,3.6445589362562707,1.6192461322283886,0.25209302953743873,81.36336670722454,12.349887545292754,1.563393862529546,0.20247684046638909,78.61873864611033,9.827927306314796,0.8744840584625926,0.041003111962696855,44.092873091720435,1.2346837274310603,1.2478920443031858,0.036954141452322786,62.95872734798388,0.28985246667133197,0.9345195465070927,0.11811493432235648,47.00838530679179,5.079989737161989,-0.9739468352554974,0.08986111438339289,-1.7119619447862446,0.18320349664537516,0.41423914250375077,0.12190544022042865,1.6622379663175044,0.20513900758885859,1.3751097993027528,0.1578924872907653,0.6136011361391671,0.0699429789021039,-0.34115707920772254,0.20842672553738212,-1.0354411605324554,0.23748458633126399,0.8201436444632001,0.43521152299998633,3.5,2.8688087346900315,0.024584680114360505,105.56852550236728,9.158408784246,52,7311616,127.6,1.475,0.15000000000000013,2,50.5,13076417
3d4bfe131291,1.2438848003133811,0.4391146495004651,42.21397732225842,14.93308024665631,1.6767047284682617,0.5601242589096695,56.63875876946769,20.335430981344565,1.1726401049066082,0.03028457017408989,36.26142089759801,15.414462305952991,2.008565626717054,0.3711301864143773,57.244446391934076,24.672214021993284,1.8013682326175526,0.09289433456002162,53.1753518422182,20.052956602980167,0.7073470335273099,0.11728268210087806,22.66704558984,8.561890747510468,-0.8911732807928884,0.2371772055362001,-2.3453004678007843,0.22348837962819287,0.7894721463772609,0.8189238051542227,2.3046238452498966,0.3307126396456017,1.7372935823357387,0.1147630368550817,0.7323242458904579,0.019314121158037243,-0.18406485648310525,0.3615459904522267,-1.1389340089548792,0.5742970930381924,0.6484785434895376,0.7311876424398479,2.6666666666666665,2.409861437656056,5.735160606597457e-09,108.90892888767934,1.7105035348603834,72,26873856,178.49,1.275,0.55,2,44.0,26939392
3e134cb61e06,0.5418770013257939,0.305407163258568,20.222182445585823,11.549011982151946,1.7499839863198696,0.846634707666932,62.83135206633408,33.528551821495064,1.9639310460353563,0.2166260841846485,57.76604613254996,18.766141464986312,1.453096030733747,0.41425759395237716,34.4441070244218,5.25660549729165,0.6334262801764414,0.03952360193517025,19.99435287215418,15.125110361766529,0.2564679028018175,0.0296379924873006,7.739120403479553,5.3384739982139795,-0.4438514942339477,0.2972885257969339,-2.516236594038324,0.5052945626745192,0.5245630761503548,0.7362886146458658,1.8467261217196616,0.38719741489310644,1.3199824922838188,0.13690259427293983,0.5124817193380085,0.013014864712908886,-0.18629450236185577,0.44029490854367326,-1.1431451132486816,0.945184738377568,-0.024884547765650994,0.19184860593834652,3.75,2.900391026419812,0.2847584147040854,89.97497782183734,30.21448714464572,83,47458321,208.9804,1.3,0.6000000000000001,2,50.0,47541842
3e1923c616ad,0.9455511433835634,0.3341745259273996,40.472166197253536,14.805949655691279,2.6312135127743885,0.7391587802271566,113.520581840677,40.24092583721824,3.027268095461167,0.3039392520321294,127.35875500196748,35.947665891542606,2.502465897641415,0.04060234879331645,103.40524083114751,26.116089971778873,1.3974263330626713,0.06327566502831246,57.94378346707148,13.839535550139647,0.7150705997596173,0.08515863989114568,28.270314343053553,3.7278547667651796,-1.006298944511361,0.20486681700764145,-3.883305647475922,0.6764500611806312,1.1127828579702965,0.3987119615290879,3.0313171775000938,0.4857387455166646,2.2569871198567193,0.2345869777625358,0.912681335463927,0.057399329728554195,-0.15525940266048935,0.6706494727028682,-3.13393557839021,1.039020350812236,-0.4890281833188889,0.5379459630638985,5.166666666666667,2.843084438594437,0.3045263131689875,87.78835877390951,28.3886533686712,72,26873856,178.49,1.3666666666666665,0.40000000000000013,3,42.666666666666664,28444448
3eef25de07b3,1.1506708169072817,0.608798435006549,21.650189854363216,11.55616139697417,2.3833821035529335,0.7749443765917166,44.047860078389675,15.242304642211677,2.2717848590082577,0.2923256918641796,40.308167752447694,3.655056166033365,1.3642601150254192,0.25008699979998383,24.116118670186246,2.8049447029384913,0.6453511458720935,0.0586376800393403,11.512619716597337,0.10297100575947427,0.41035787750577135,0.07572739923926268,7.244547615894936,1.044747833876112,-0.3108105731741286,0.35189317585714464,-3.0221950402188114,0.2862579730584365,-0.21059158833523042,1.0063240493492354,2.4483113442589692,0.39934444573844224,1.6386088868506508,0.11554578255623056,0.6187508721426439,0.00708460611311637,-0.22629431652687687,0.4756651611699198,-1.6589207014178897,1.0498894574713882,-0.09096944116004962,0.5609400717349149,6.75,2.9756033774765975,0.4168118211510219,96.69145329167202,38.86351703931245,21,194481,44.955912,1.3,0.6000000000000001,2,19.0,278002
3fb52099b370,2.5013154394134647,0.73924099364956,52.0059920809472,17.282109598207423,4.4013802952838255,0.6599325157357795,89.86968623594557,26.474655236491753,4.20336350051453,0.15069346371086562,84.04569648864059,21.2653474426268,2.7764488734764456,0.04653063559205288,54.79156357542585,9.950977352690197,1.8171169936131486,0.17808130200158256,34.52994290439405,2.5137665554076305,1.0939435529085173,0.04902141657392532,21.578569526876866,3.39072506256681,-0.8237554096343634,0.31004767334189975,-5.683718556174018,0.5372982550330265,-0.24676577283756404,0.8897152213683127,4.960311111337098,0.6217926587062996,3.37131810072451,0.2689458974478145,1.3058551243888907,0.06810635744743013,-0.36684823964403007,0.8710415677840798,-6.378159903343659,1.4262366394528008,-1.6753389938685401,0.3917345676994977,10.666666666666666,2.7952070978096986,0.3671919317618285,94.56969588059943,36.275554999127145,42,3111696,95.94,1.2833333333333332,0.44999999999999996,3,27.333333333333332,3509008
40034665f9f1,0.3554655393429349,0.22105974014422738,13.812311796926585,7.815596646625651,1.3860069415993468,0.6471146831737838,60.1135703609694,23.27432239141697,2.0020362334820523,0.49943482680681917,101.00076335460092,39.61888793249591,2.0379941692436816,0.2399846390604016,104.81226805321404,50.806542761225245,1.4149029531555328,0.005402238929232557,69.79599019401,33.253555239505204,0.514996483492243,0.06999904481182048,24.275801928362696,9.392878906352705,-1.0771977841595004,0.12474671336990903,-2.4372704023894167,0.5838713625761638,1.5149942583063474,0.4492595831163602,1.9227892866543357,0.4254615618011823,1.5876626783426486,0.24583894736230652,0.6860903485387078,0.07971691121248395,-0.1310219666949516,0.35883285222881345,-1.0688395460419349,0.6278155939762566,0.055425561614163954,0.3582660857393181,4.0,3.041755388887692,0.25833643228878356,97.58731093092857,23.22488704660006,83,47458321,208.9804,1.3333333333333333,0.6000000000000001,3,50.666666666666664,55414338
433f707c632c,0.23653103116580285,0.13965192849681893,12.916822436165596,7.324811345728073,1.2006147525706587,0.5450450500246983,67.75479275167199,28.719874576472115,1.9652732568370581,0.5525267694428334,115.17524000276931,37.8918136603529,1.9028252489822775,0.23155765553394123,109.57965003464176,36.64458795153115,1.4082679281730623,0.0324919832684854,78.87995079291467,23.766988562854404,0.5090876709509783,0.05615783724461772,28.606926073582358,8.582807232852788,-1.0831614583977296,0.0917024167176764,-2.258327432811342,0.5702266271052835,1.5885055213300474,0.3366512318385549,1.7628922252670136,0.3925374548382077,1.4907520027674466,0.2424706418834799,0.6517006335510825,0.08291864386948711,-0.11787469666091117,0.3207129710738625,-0.9621605205215972,0.5584645060520614,-0.00481977994460762,0.2724588454628221,4.0,3.1054326434198214,0.2069731330038106,97.60514593109558,23.308841635733195,83,47458321,208.9804,1.3833333333333335,0.4500000000000002,3,56.666666666666664,56685138
449640ec4d30,2.0251580928694755,0.6335908167631167,60.6604464935815,23.65967950568142,3.9887217424504122,0.7425133656755829,116.92207344792594,51.88477082600149,4.079335663292246,0.13360238630155102,116.54644215631721,60.24447160537756,2.646391301592039,0.08554453286478786,73.64979638904634,31.709609446260895,1.6454174869990486,0.12427946376063256,40.81367893139505,6.664731244179525,0.9531819180058854,0.05166849904720846,23.799281868912654,3.738621162224966,-0.896632976743578,0.28091476852376945,-5.278160695168496,0.6097968158571888,0.08987269755553333,0.7671908222834802,4.444275005487651,0.5992073908723929,3.0852501030794977,0.2678714375263375,1.206726391593928,0.06697530665177942,-0.36082763735576945,0.7984181095035945,-5.46099865647781,1.3187457309881971,-1.2769941503814195,0.4797637142289775,10.666666666666666,2.8944608217528884,0.370477379984434,94.62036647696735,36.38563085148335,74,29986576,183.84,1.2666666666666666,0.44999999999999996,3,44.0,33163808
44ffc9d405b8,0.30362372568921614,0.0520732614392687,20.54354411627886,4.217972146846081,1.4216620698300375,0.21976246210783262,95.80481413755632,17.808577836115614,1.605713707291793,0.21974605957520424,107.79071393486859,18.180849004518304,0.73197164299752,0.052640955518267925,48.83891610913307,8.672515592207358,0.9738944666454186,0.015231585693617938,64.78316401667757,13.306769396651767,0.8521376102080604,0.06151305752283712,57.158439672722,12.815891163797854,-0.876615806634807,0.06271465223335361,-1.556196945524251,0.19776034484196672,0.3372042225458554,0.08557128423489123,1.475749540465665,0.1823407229262425,1.2264777451115512,0.13539666872335357,0.548231108194822,0.05743635837845078,-0.31552080925714676,0.18427332698627402,-0.9376897994669809,0.22217128805122313,0.7700121363482094,0.39189367352243276,3.5,2.944128667444885,0.018041049816368938,105.9079748618362,8.448631791027632,81,43046721,204.3833,1.65,0.5,2,66.5,50358337
450a3fc3ff50,1.5950529169412235,0.7806586648217095,23.971583284445963,11.451726123131555,2.7256797196987224,0.5596066823670148,42.400640636225944,7.12940468180308,2.3820706891291463,0.4135637340061321,38.75957289599515,8.75129252485143,1.3200710781120382,0.14953314337441595,21.37271953944876,4.256288502395131,0.8701073585599233,0.12131845192700959,14.11067464023023,2.8526658177494317,0.6633160780017298,0.01088567612905736,10.550494137295988,0.26805803014098134,-0.3188811519988678,0.36642851621099026,-3.264839964718796,0.1595228727882526,-0.5955715564104977,1.0624567422421052,2.888346352612049,0.4142393562128101,1.9043516807430678,0.11340037827107348,0.7227485308081578,0.0087180562078836,-0.236754233245349,0.4641220095432405,-1.9806185458652008,0.9875668612107346,-0.18119061165744366,0.8165355268770754,6.75,2.820873739282939,0.39680177614706874,95.40116739884849,37.03582184879878,17,83521,35.453,1.125,0.25,2,15.0,112082
49b7be14f786,0.4614430911842859,0.2325049620645319,18.478872709503996,8.240946065563037,1.7108742788020008,0.6601081488368175,73.08323178839811,26.156677338630647,2.0356420402071564,0.5450051304837181,91.46833665893861,36.721817293870025,1.973243815223886,0.15799099219410373,82.26141026330313,36.49288568887041,1.6750375489602136,0.21640038311643528,66.68508859695457,28.41230913102796,0.6156568644443726,0.037203405839455195,25.241925103053827,9.933239846647785,-1.1050130546190344,0.16736115757126052,-2.639232740766307,0.5597250216254234,1.4533185201104544,0.529387990841451,2.1252239642669726,0.3961671163103157,1.7226255975173166,0.1932145740514442,0.7373632591813676,0.04953024896648531,-0.2758777464463471,0.36682599086262446,-1.287915738649574,0.7516716111275786,-0.1576150404826335,0.3772874751812981,4.0,2.9129377222571926,0.16209711570791965,101.51022133362316,28.743796971012273,83,47458321,208.9804,1.25,0.6000000000000001,3,44.666666666666664,49024482
49f279264c91,0.4273721661123146,0.15109720533108992,11.30721840094265,3.997645028773905,1.379897304031476,0.4875281390565976,36.51145165859045,12.896351736737643,1.0750782365714817,0.363578849189355,28.581601729611418,9.491372943323672,0.44689024546390427,0.03604244253492355,13.461666982161347,2.6063494895819854,0.8194496490565412,0.2629667451755348,26.419595599234608,12.198633452550228,0.6934980994822912,0.13851411485274792,21.699121653381052,7.746142302645761,-0.5865810746682399,0.2133373820139744,-1.2688155133567192,0.47607576649205385,-0.03903475289458656,0.39254568675803,1.2629704270531217,0.27779240063787103,0.988836895785813,0.10190128771017981,0.4298510008872402,0.008358221760076614,-0.2869046664480858,0.23314770066449642,-0.6183151934300766,0.5750532959084717,0.7133957782226156,0.5992832549434461,2.6666666666666665,2.7882641345000776,4.213458132375846e-07,110.45057218118545,2.8681783596294377,35,1500625,79.904,1.475,0.6500000000000001,2,27.5,1660625
4a5edc763604,3.961816051967812,1.1322097734007351e-15,23.625919924989528,2.23426585998682,5.29005039157547,0.0,31.607127744175422,3.7031311700072607,3.624869407339241,7.021666937153402e-16,21.573283503688426,1.5284384536888886,2.774584361128003,3.1401849173675503e-16,16.476171825153635,0.732950676866186,2.2227757932405794,0.0,13.253349141472073,1.2300994031129484,1.1727194757043848,0.0,7.008059161899675,0.8359985594539343,0.9316090162131854,3.3306690738754696e-16,-5.6123453602937055,0.0,-2.0774342910011834,1.1322097734007351e-15,7.394937874313954,0.0,4.089029210070798,6.280369834735101e-16,1.451612995520922,1.5700924586837752e-16,-1.5548010686693048,1.0053497077208614e-15,-1.554801068669305,1.7763568394002505e-15,-1.408826763272795,1.2262814116578437e-15,12.0,2.3421109902466895,0.539292552615986,98.18181814206424,48.01859137315206,7,2401,14.0067,0.75,0.19999999999999996,2,6.0,3026
4c49d27e66e5,0.4450079822436595,0.27051878573812616,13.699650177907628,7.461205894697551,1.5534480684382685,0.6810904480258413,53.99341877920106,19.46960914266273,2.1767173054488116,0.4937710773476699,88.00183919622559,33.08689210977142,2.245612855273355,0.21258426169284478,91.60975145671974,38.10651100859296,1.3937741157752257,0.027983009044008036,54.30411931551731,19.279882284954834,0.5243170489418472,0.0698227987794234,19.54728527270683,4.900072114624856,-1.089256658801147,0.13827071211001982,-2.7034153534281344,0.607184844813409,1.5326419726609244,0.467308736496059,2.115311366966926,0.4496668827666447,1.7130306882478152,0.2519330910856554,0.7310885412940539,0.07886521644705209,-0.15149862435757075,0.40502806540964575,-1.6063118126644245,0.7560404255385543,-0.0108808203798089,0.38787983495833483,4.0,2.9784019579318066,0.2551937025006464,97.43575267180381,23.437459466285812,53,7890481,126.90447,1.2833333333333334,0.44999999999999996,3,40.0,14721218
4cb4ea247ef4,0.7788592309535747,0.49680136532669655,22.887472050325236,11.22392339977207,1.7917108196151852,0.5932330337886648,60.68743352946758,21.238019033248715,1.9421047225568482,0.4929738237435573,75.23862746274261,24.137537363898982,1.9988193778238972,0.3031150731281462,77.51843129973078,19.733722531046197,1.734621327614826,0.20960384873865626,65.7061607535326,14.915674914346106,0.7647673173028172,0.08840213601715627,29.778943567147007,7.863515837119885,-1.0846396163437237,0.3217082412702488,-2.6709132417665993,0.4420001890871399,1.2033034426823357,0.7557234603006104,2.316572231558555,0.3777806274296962,1.8267007421954837,0.20807131158698183,0.7780319906961553,0.08168183357683806,-0.2871905722877574,0.3211218043654143,-1.3564743807690942,0.5152431626562716,0.1929581547303084,0.7403511679456324,4.4,2.904936145472329,0.36752583087506857,100.85959505461727,29.678855449019252,52,7311616,127.6,1.2333333333333334,0.3999999999999999,3,32.666666666666664,8285762
4da5c6be60db,0.5882856376370543,0.287925293397853,18.59921904097235,8.019944655300668,1.9031520197398288,0.7049936086118697,64.2840361975638,22.56966493125576,2.1673168822621904,0.5061392494923261,76.35517334053914,28.466323541615697,2.257781879737844,0.1915451487619563,74.02508449633787,22.391065304696365,1.6774849916136372,0.18557904364868633,53.161077923415995,12.53494725306652,0.5877217386028607,0.05789980710773352,19.311153507475044,5.179344366401161,-1.096107771559451,0.18549061574114256,-2.9573202252180253,0.5505965829307027,1.5003464379789317,0.5936979223781006,2.3476577471699684,0.41674348959063273,1.8595561125576348,0.1982937270732058,0.7831989545562762,0.05002144608191373,-0.3093938933009183,0.4011467197922951,-1.76600174217004,0.9307281002942487,-0.22452474235318595,0.39982484646028393,4.0,2.8457147091600423,0.16152580285513943,101.3175520251552,28.81904065555989,51,6765201,121.76,1.2,0.44999999999999996,3,34.0,8331362
4f1ab08988cc,0.4212673205497845,0.15929299193111215,17.64321910156144,6.15927569990473,1.8422894492729112,0.6108603213441439,78.50399875762767,25.215779342339385,2.565836906081438,0.5218299111738524,113.46123385696194,18.99545644189679,2.3069294925568267,0.04972951222043442,106.48051656602587,15.073225825311459,1.3273395176078882,0.038721193083700034,61.12395053901136,8.099582104703241,0.572914338896212,0.049343077488737036,25.91090474090359,2.252312402896922,-1.104291043127767,0.07853050012740226,-3.0538128595982,0.6436123061513218,1.5198236095236952,0.2121176063322379,2.3200385217441215,0.4351301447429012,1.850070968629771,0.252188477924906,0.778777890529498,0.07827233034986045,-0.13053078225968626,0.5114650305969065,-2.0216644921924467,0.8800358163702454,-0.29580821884924824,0.3384288010831354,4.0,2.9007781446231085,0.03714634049013103,97.67733394516524,23.420132981562617,52,7311616,127.6,1.45,0.15000000000000013,3,38.0,10105872
4fcd8dcb9c90,2.4274422088427423,3.1401849173675503e-16,23.254184393657585,0.637385204614759,2.383780780997356,0.0,23.465108861349858,4.723905389516293,3.537249181329136,0.0,35.01679048502214,8.295018312983022,2.192158377916592,0.0,21.442016816103642,3.4529928376436025,0.8635800265019797,1.1102230246251565e-16,8.297616386778229,0.38810428956122145,0.6510200854877195,0.0,6.253918882677152,0.2838622828027919,0.26702577380391235,3.925231146709438e-17,-4.04906230026082,6.280369834735101e-16,-0.732491873038654,7.850462293418876e-17,4.39346590451793,0.0,2.571147570074811,0.0,0.9233329567590584,1.1102230246251565e-16,-0.8082461227190378,5.026748538604307e-16,-0.8082461227190381,9.453208419344607e-16,-0.6835058344074374,3.925231146709438e-16,9.0,2.692979133677684,0.6245326365295687,99.99999998323031,46.36809244854535,13,28561,26.9815386,0.95,0.6,2,10.0,30962
4fd8ad708fb0,0.7063780246917207,0.2518306669271944,22.44348620731414,8.324992071450808,2.1979763019909946,0.7396704480867866,71.0341430878205,26.30361474697586,2.302612630435758,0.3891640852664137,75.58088381428699,21.449037841981994,2.4033997809675562,0.276296740153995,79.10952507294343,25.758251467041,1.6377777552645423,0.13052570274209602,53.777488160231535,16.562541910585,0.5764332559010567,0.07946811403914757,18.78259062902987,4.874064853739596,-1.052223240611255,0.18658436085432134,-3.2643061024178466,0.511370820998882,1.4045275813306224,0.6203001992642156,2.5636776616900643,0.40281454125744043,1.980159077172371,0.18584744643589246,0.8196163951679827,0.044435402589093086,-0.16694176843950106,0.5705900120018486,-2.2589383817163626,0.8826641605383269,-0.5162429544828268,0.3231543226070988,4.0,2.762331971282437,0.025238224598378604,102.8365358435582,30.902590522301697,52,7311616,127.6,1.1833333333333333,0.3999999999999999,3,34.0,8581058
512afaae525a,3.325443958985147,0.717009949473625,75.30536575202004,28.076394521831748,4.027526439134016,0.3963226401185166,98.52482565489608,63.451284421267,4.197152222289092,0.038987235026470925,107.35293450884576,88.5505636576476,3.460336878364488,0.3153154601692573,71.7941226869753,38.43929923572425,1.732896702257421,0.13422065128678468,31.666135637934804,8.070402427609602,0.8903002992802823,0.17404445911244235,20.365338845639815,8.452332442689405,-0.44158724449694775,0.3234379797146176,-5.994625884877425,0.13380855530308455,-0.4252614428241261,1.0410343089728769,5.531652159275256,0.4742171258679063,3.5690919777672767,0.16119020741570309,1.3415722339137612,0.03411749153021588,-0.03219750253487345,0.9728009344837839,-6.195086711458557,0.1312621401474097,-1.570117822294647,0.5438887283442962,10.666666666666666,2.7077404693550515,0.47187634909522175,95.26296472138844,37.84583901241391,72,26873856,178.49,1.075,0.9500000000000001,2,40.0,26877952
52a5e2b280d4,1.1350749771009063,0.39761546400428144,33.30988213444401,11.03927208831874,2.863514570286268,0.7525163292267992,85.98959616422009,21.659617087162907,3.2319370699385352,0.26098339063110526,100.28417616022587,9.454365617439333,2.548086125066153,0.06090505896894806,79.73116871932395,9.012207704267254,1.4427751277899024,0.04279546332618181,44.98485933574045,4.338943770513332,0.7274233546818759,0.11774768355841092,23.107495613118203,4.826875042422695,-0.9754460770486112,0.23339933130643212,-4.162214525634481,0.6735708726342609,0.9670288365107899,0.47749715449705893,3.2793135652309413,0.5044629680992518,2.39946922517823,0.23531560320812211,0.960808483687111,0.0557525756372556,-0.18022804197667627,0.7029957571797113,-3.5142814004964777,1.079909020535328,-0.5854841422242366,0.5652406891195371,6.0,2.881797998638836,0.3710987122290145,88.59077611112558,28.8382020115567,40,2560000,91.224,1.3666666666666665,0.40000000000000013,3,32.0,4130592
548aa830244c,1.6697864353018952,0.5476278512209751,64.1024260034703,23.820005825371908,3.639153576515669,0.7764461573808248,140.59150237407297,46.01662864635291,3.9174877675890074,0.20537305403771308,148.833319134322,33.221750020747216,2.59388948834567,0.0898595309073187,98.10461750207948,20.419334918013362,1.5227037771601248,0.05172299426794972,57.03927969677367,10.55624284117472,0.8443783972939046,0.10614728212269202,31.37462989154832,5.552236912670285,-0.9299676889068405,0.26046932646459203,-4.953855915563412,0.665124506032203,0.3880866510839356,0.6511496557428018,4.04680805774346,0.5796782462946525,2.8558995595597945,0.26835405832458115,1.1242324482889934,0.06811839986153924,-0.3492009830912497,0.7538437027806946,-4.76311547524746,1.2472665094303446,-0.9772795754712967,0.5274959132591306,10.666666666666666,2.9810708804646224,0.38145714928547353,94.52554033425966,36.194682226501165,74,29986576,183.84,1.3,0.25,3,44.0,31654688
55e6ef39650c,0.7116919796508029,0.25157909669048245,13.12289475806436,4.638931545991258,1.5881216014375086,0.5575224190089565,29.278152747964892,10.284398633147006,0.9325859778552034,0.2392862747125838,17.074055936012584,4.517987663701076,0.7245159199553889,0.2537090078702667,12.675910563623878,3.969973982478132,1.1219905183992476,0.33951664958067534,19.71220649975299,4.956045043431072,0.7008057331897862,0.036976158317017636,12.550489800189482,0.021758781026726726,-0.6266164994920156,0.2668540880512915,-1.4923271935375189,0.3413665311080016,-0.014356643005546491,0.7093376956288655,1.5368293341310617,0.26440904381809716,1.1694774940987338,0.07029654880402458,0.5007779561569872,0.004944797790153616,-0.3331124456812458,0.24449299448570522,-0.640399566731276,0.6395518289822126,0.7756188499687514,0.6190608282921742,2.6666666666666665,2.633421069162168,8.208589530322996e-08,111.73663133731932,6.430371369096534,20,160000,40.078,1.4,0.8,2,18.5,243521
5974b6403c31,2.3093254837622594,0.699031093233361,60.57644724598057,24.396211212551442,4.2323666613841455,0.6883962837229956,109.66433961659895,48.48998496379819,4.1415960461967005,0.14949163435706012,104.53839256346424,48.67155129723296,2.7212380311960076,0.0630853938422339,66.73449316962439,24.92229415682212,1.7459117586962154,0.16659995098175884,39.44183941193083,8.021450171792045,1.0319328178055651,0.019307434611068854,24.493457401405518,6.350806942045022,-0.8533929710254121,0.30137226175241166,-5.510606942735347,0.5650245850986199,-0.11683447242821181,0.8435985926660204,4.744905889742194,0.6108278583810358,3.251509411385378,0.2675653871043632,1.264414866086824,0.0676534082627153,-0.3436134907935187,0.8606141612660321,-6.104498061041735,1.4249340953132703,-1.5661191129500975,0.4018387991345822,10.666666666666666,2.8356736287665205,0.371236743091561,94.57429824837952,36.28611366068629,74,29986576,183.84,1.25,0.3999999999999999,3,38.0,30383888
5b94060698bc,0.49492453890105637,0.2944557681108571,15.402999971292749,8.094450263972508,1.610917791696213,0.7001128227424042,56.82348096466087,20.569105205279865,1.9521235960095762,0.5364288361023186,80.26033905279348,32.308700129075255,2.0414775329574137,0.1933526433385574,82.02466805999569,31.690392063264003,1.6963699141959598,0.20777827138994379,63.40207072823168,18.029390559607986,0.6149443487548077,0.04582540593190848,22.607258814173406,4.8540237261793475,-1.1162991089186909,0.18721182410494977,-2.58283770872383,0.5765455295215159,1.5069301107293438,0.5920329248015733,2.1023060763456036,0.42329542181084945,1.7111153046531253,0.20508006429168363,0.7351643119083828,0.05324585962265827,-0.2653094548868721,0.3463568024542045,-1.187697354821995,0.7192882890860456,-0.05513330269873917,0.34221468120923937,4.0,2.941114948002865,0.24587670191328323,100.4761080273822,27.958972938954375,53,7890481,126.90447,1.2833333333333334,0.44999999999999996,3,40.0,14721218
5c3fe56a1a89,0.7940421282245431,0.2732798582742755,46.147130333230145,16.596432004814073,2.5796103492359417,0.7568736798319203,149.27092269956054,48.32036943790344,3.3396331205650776,0.41644311352725016,190.1951347117819,37.82133449692173,2.5897937667325728,0.010325919875497488,145.74894927831647,15.625915030500433,1.2708735821054615,0.09846730403853908,72.00351809992813,10.868916434229542,0.6333242197795519,0.037187674195774595,35.341684219433624,2.5586274107041227,-1.0354042637596612,0.1444659853079669,-4.011933919993203,0.7280292834426871,1.2688484370251725,0.3010895255109471,3.0232549377638627,0.5130519539236337,2.2673961377357306,0.2721727423562297,0.916609068055334,0.07622968635420616,-0.2290330076704803,0.6340821460867734,-3.265526266886733,1.1783560197387002,-0.6214907977957101,0.37069274186888984,4.0,2.7340724901160804,0.0020836775438028074,96.95433821443048,24.68723706318627,74,29986576,183.84,1.3999999999999997,0.09999999999999987,3,56.0,40409888
5d1a32a28ffa,0.9654964317434327,0.5740460866161239,25.79510003137592,9.402097672017009,1.930251567911196,0.4937949361702399,62.765169810351594,22.746808212953315,2.013668090274905,0.45820067251530316,70.39049392582712,27.606995411477897,2.1334959058622442,0.2018325033113073,70.01602859452007,13.078494610653776,1.7974350218502722,0.1382694671489811,58.59272864040827,9.311558896483044,0.7286563530912238,0.11244479766224043,24.09268836228724,5.862514580114283,-1.0273110466326778,0.3198734006403234,-2.8924192417417927,0.3422747867130211,1.1398676534249088,0.7230271563912525,2.5287564270867517,0.35112524051591476,1.9362876279035575,0.17050011156687972,0.8109043089652701,0.06553355075520494,-0.27712282538900646,0.3140745455279511,-1.5396503386381055,0.5655368254197923,0.18042648515479984,0.5462286602231148,4.2,2.786222912425679,0.3586681052150869,101.03439589046353,29.138913241169213,51,6765201,121.76,1.2,0.44999999999999996,3,33.333333333333336,8152162
5d829e480507,0.6323462025718093,0.3206486825624105,22.250721518302345,10.550952664631257,1.9331715715199767,0.7193327054596841,70.99348566452478,24.567513836737763,2.231844896318588,0.5059245187852961,87.00995042172853,21.134364696733186,2.3754070213997456,0.1870677385571176,95.8176977755129,22.39069868940094,1.6712063762053375,0.17503691775016794,66.86192442178276,14.718313740956335,0.5780013212641046,0.06022806554046431,22.40532310497568,1.5682005214815962,-1.096453691370388,0.1936835281034357,-3.0676105326805216,0.5609400193771629,1.5434305067546747,0.6106250603745209,2.4216383632172755,0.432788276520831,1.906363197926171,0.20571166433562024,0.7990824849406667,0.05223913833710535,-0.31103809945849226,0.40890387344949186,-1.8442031409824369,0.9596015921563851,-0.2400537736782505,0.3870355874391468,4.0,2.8327696373610123,0.18007202857106053,100.91853347866812,28.738908551756445,53,7890481,126.90447,1.2333333333333332,0.25,3,40.0,10412738
5e4ff1f56b4a,0.6598063549156454,1.2779626727101132e-15,23.90926041391228,0.025973905073501058,1.746904424860809,8.881784197001252e-16,63.802051754853764,1.3596252025779911,1.5589162164666206,8.881784197001252e-16,62.995873151476275,16.862311567628065,1.69634791102949,3.510833468576701e-16,80.63082405404901,49.548551053277365,1.2709219259591646,2.220446049250313e-16,59.392254100701116,34.49536577452558,0.44061608243391576,1.1102230246251565e-16,18.163080212082733,5.689924396928094,-0.7101354829739418,6.661338147750939e-16,-2.4207974218931216,3.1401849173675503e-16,0.8659024748418518,1.5543122344752192e-15,1.9527405158121691,6.661338147750939e-16,1.4732069230596785,2.220446049250313e-16,0.602601234319362,0.0,-0.09796984791101027,1.32021460364232e-16,-1.2799032725763921,1.5700924586837752e-16,0.18804230593235044,4.0269504754516817e-16,3.0,2.6962365157068544,4.896215052112057e-10,94.16552590769673,2.0106540384833407e-08,82,45212176,207.2,1.4,0.8,2,49.0,45277712
60065d3bbcf2,1.6898950651087576,0.55310693997826,55.520281114852814,17.86610211385688,3.6592662922008317,0.7747179702558584,121.76257104374137,27.411480869227137,3.9254648636654466,0.20325993726706626,131.406314693495,11.98756042128044,2.596047429290687,0.09053756752867026,86.83895750857617,7.287523424932841,1.5291935046711096,0.05680625518161935,51.2232226212899,5.208322036226816,0.8497798469647148,0.10397640173579177,28.58196853887694,4.32952231803885,-0.9277288381497821,0.2622660242013737,-4.971433654112107,0.6624501599405491,0.37000208231463577,0.6586168105753455,4.068564202326528,0.5808122185084493,2.8683021484153532,0.26834243018744014,1.1286610016848582,0.06809850100118432,-0.35186851409255776,0.7549985678783206,-4.788513324774234,1.2447866922995834,-0.9840243188250491,0.5308630804012635,10.666666666666666,2.9762073446361184,0.3813066518716356,94.52118398101422,36.18474192025967,42,3111696,95.94,1.3333333333333333,0.30000000000000004,3,33.333333333333336,4779808
6152fa4b5f1b,1.164431634682878,0.6817290795010839,28.267631737360908,12.00159498752679,1.974926809986285,0.5008704745050472,55.956986739774116,18.30138268336607,2.253312971754041,0.5836733437202268,68.02947640814988,22.451988795661872,2.7100134907773303,0.14389379782805806,79.97072574346772,13.270985896164317,1.9003473971358207,0.11049608711566059,55.91680824111681,8.765212963141002,0.6398154493574025,0.09165232685163616,18.862167928433088,3.811243520585002,-1.0452533801377089,0.36781557104805007,-3.3488218205427303,0.490485236972497,1.4375082368919903,0.7719123213270559,2.8695246569779838,0.40946670911541444,2.1550387405484424,0.22076163750147074,0.8883608098732498,0.08529261557666869,-0.2476276343460527,0.3656708503578204,-1.8225091036669383,0.6029902535833854,0.10159706678770883,0.6582773036631732,3.8,2.635062208972089,0.31318722771905894,104.57993353879505,25.690345648011842,34,1336336,78.96,1.1333333333333333,0.25,3,27.0,2435537
62bb754c4cb2,0.9343540759091296,0.3306402339175802,44.18135280800593,16.30627758849404,2.7481462778718586,0.7718049343072254,133.4522109702147,44.16844390661846,3.3868277159427085,0.3634342993583493,168.01198269825923,30.32457161860338,2.574246834648665,0.043136668899602576,128.08518013823405,17.587912969892944,1.3164555352895841,0.08568446276697553,65.3205879814052,11.868567634992763,0.6715479381437511,0.074298663647425,33.65335775713956,6.867212514516901,-1.0119360329757925,0.18108921756027432,-4.138962930124291,0.720643713151721,1.121978937250474,0.37876191517868124,3.1682301334342746,0.520683229959342,2.347537040046184,0.2653056496011141,0.9439357719108842,0.07129330261978493,-0.22672106283917245,0.6671441153075722,-3.4770533804033756,1.1853352239183617,-0.6508394008124956,0.4253358545766307,6.333333333333333,2.966939854011626,0.3677763396684418,89.18950626098238,29.947542135923978,74,29986576,183.84,1.3833333333333335,0.04999999999999982,3,50.0,37629968
644f7c1c85c7,2.1850160959218505,0.6746528040489411,52.26228678874653,18.35699707538994,4.12393406955433,0.71327062868727,96.69523611823563,34.42795533228606,4.1101574219533665,0.1561249904456751,93.76075964444901,33.494736617215736,2.6881722995203297,0.07956383075367296,60.301973448651346,16.990457758436033,1.7014918348452295,0.1510814584518976,35.68967593666166,2.996501559094042,0.9956318010887308,0.02882689396068654,21.42464321354925,2.7727749176959207,-0.8721082768852576,0.2957163438705697,-5.40550331555577,0.5884366171231967,-0.02753098492244548,0.8147672987264443,4.611012768508513,0.6067937361558029,3.1772073140080104,0.2676441237788198,1.2386287055642984,0.06716134656740297,-0.34504063013085945,0.8310722409225406,-5.802082530759466,1.3715661729656135,-1.4371409543835585,0.4376694519147036,10.666666666666666,2.8617054180304975,0.37234127249402504,94.56264210177495,36.263255224934326,42,3111696,95.94,1.2833333333333332,0.44999999999999996,3,27.333333333333332,3509008
648de0a225fe,0.6934637761906762,0.11842886961403386,34.28345014581022,5.85476714354395,1.7999807275750666,0.3806618820012319,88.96050123092226,18.81365242574934,1.6016268759691137,0.3261418521176818,78.74598993593723,15.35587358658922,1.4116379478197274,0.4541553066577708,68.72715826666284,19.5773000814721,0.9816907267374999,0.2955346507243336,48.0245676082951,13.372453372648812,0.3939113409856624,0.1730186814473581,19.499941918087206,8.576061595056226,-0.5412303660647844,0.2703484305879281,-2.3518496312149533,0.520310475920701,0.4807366025435897,0.5281823598027338,1.8886623913302154,0.27998569195644013,1.3732165591734358,0.18168816201637403,0.5484885488951939,0.07612312534133617,-0.20202124094474355,0.3587588767072628,-0.8232320322153159,0.6502008231028721,-0.3306426895053727,0.24004449548069806,3.0,2.682423149194048,0.029878297246691828,111.81379999856041,37.72800652403576,52,7311616,127.6,1.5,0.20000000000000018,2,49.5,12191297
6523c349753c,1.019615421862094,0.3574739189730887,41.81872423381885,14.870734622928122,2.848028118940506,0.7828739283147637,121.28836108956999,35.88866987556297,3.43568153791783,0.33978453842133227,154.42919078820933,23.905205157312327,2.576465658502214,0.05083399997901708,117.84054833445595,21.43537677781117,1.343487191521983,0.07736500439032001,60.52952994065195,9.770015209783383,0.6908850290972147,0.09216393869452828,32.103835130038675,7.305260670381007,-1.000210122785408,0.19573669289787093,-4.229767118766407,0.7174778167373048,1.0429930267570422,0.41961297993826846,3.263796783440774,0.5267527165533296,2.401935063592042,0.2632236548304885,0.9627522051871682,0.06922646456813913,-0.23424453413007165,0.6837628995563442,-3.617949105627309,1.1977779345765234,-0.6753529924114257,0.4491654899015027,8.666666666666666,3.0919884837855816,0.4018124202240348,92.29247529028623,34.07685562293247,74,29986576,183.84,1.3833333333333335,0.04999999999999982,3,50.0,37629968
653f8247e25e,0.25228249095022753,0.0005927295533455433,12.863347201248503,0.029568319378421384,1.2308972374274578,0.022624299337396514,62.74135373839043,1.124495862092323,1.72322389508972,0.20460503967329258,87.66646211404525,10.073354796945988,1.7082599005673194,0.43841197370773033,86.67890320564187,21.05256658843582,1.5478207103786268,0.22293476540578563,78.71408730448502,10.008918602786421,0.6202219756705564,0.030746210441131773,31.598259551364904,1.183941793441054,-1.104765613751862,0.19212490334634214,-2.068059976078319,0.2778770458264153,1.48603577155675,0.4118259739295953,1.6991224266226062,0.20022224518568324,1.4550201966972738,0.19454563696557098,0.6442506352171402,0.09000963669351265,-0.13314069924854677,0.11891956101281412,-0.879276049532586,0.11892776441009575,0.13679121330103594,0.094147680056647,3.0,2.9514224857583415,0.0002668274434851816,91.07094462464555,0.013760958392170132,52,7311616,127.6,1.4249999999999998,0.050000000000000044,2,51.0,13561616
65c3ae4ecac2,1.5430786438640403,0.45718750488096355,60.67918113132722,29.64120867102327,2.7099233979213695,0.5571751003083854,106.77595229054297,46.90788355124334,2.7358867172632975,0.2699416736429035,98.61761235746556,22.170459359859958,2.9772551122712407,0.16574798343076952,103.06222247484784,16.27457706111594,1.764649259824175,0.19967371210511475,62.343131836114694,15.358233982693708,0.665996068826717,0.06050216549215706,24.988359822664147,7.293125390784905,-0.9535055910050124,0.16138788480483424,-4.146147928799594,0.24418023468879485,1.0846722969784188,0.5614690555629267,3.4411881037845062,0.34642956767413613,2.4830214519702665,0.15144749958675988,0.9919062255482795,0.04021762668124629,-0.09524108763413335,0.5506099947690082,-3.1026486955616495,0.6544827418710955,-0.36798227794390287,0.3725587114873039,4.4,2.587763611594092,0.2776559892335599,96.92741761069351,28.726323344997372,77,35153041,192.217,1.1666666666666667,0.3500000000000001,3,42.0,36540002
671e6de2497a,0.46927714244549,0.18202589509944928,18.18052993869021,7.5226993607301615,1.9068476286225708,0.6341566132214124,72.94663189910258,25.075141557343976,2.562748618802849,0.5005162028261323,98.62978207955344,16.038568974593552,2.3244655360854662,0.047078772789035536,92.24882789474869,14.020569649375924,1.3312660826867138,0.03693889144328888,52.95907334514313,8.77202619013603,0.588573754598749,0.0419795567296062,23.105132447639843,2.062002515448695,-1.0976914072203818,0.09029639541175787,-3.097083784715396,0.645192678574747,1.4713530004326196,0.23737567661329864,2.3692277628788734,0.44023359156881325,1.8777819704867882,0.24870355263032326,0.7883489682197132,0.07485830132849484,-0.13608628291882605,0.5229729245734218,-2.1104100616796404,0.8788456583470763,-0.2795767948407914,0.37598662668682276,4.0,2.879076149010795,0.07043985454776597,97.78256843875612,23.214817957989506,52,7311616,127.6,1.2333333333333332,0.25,3,40.0,9998162
694ac91aec01,0.2667762087676322,0.09431942921339043,10.986519391076579,3.884306861450635,1.1527089272481488,0.40748390756624714,47.47224226526631,16.779832874677158,1.1893278502332512,0.41612669824762244,49.03529261394982,17.04485344698636,0.4421842657876074,0.07829875369971133,19.187887789764417,1.7336308900833761,0.6470579582173928,0.11700796528114461,30.887713453850797,10.683163389802358,0.6737319873487331,0.14152495749284116,32.306000770153425,11.486869805468146,-0.6062813023831686,0.1324668055253336,-1.1557592950643822,0.5173522876398965,0.07617630934885596,0.14604763493082704,1.1163461943832849,0.2861021714507456,0.9067922210095937,0.1370629098886481,0.40167281121660087,0.028616979814812656,-0.22728325524522677,0.2198142719177191,-0.569994095421911,0.4798331447979639,0.5838873106743242,0.5498852489328007,2.6666666666666665,2.909724495851739,9.914478115358445e-09,108.49332270622764,3.0056415573734396,53,7890481,126.90447,1.325,0.1499999999999999,2,42.5,8939057
6d976a1e88b3,0.429528287606875,0.24399578372725508,15.86258324369316,9.018538485737771,1.5830965331610225,0.8044461693209386,58.30434041190456,29.828755038956494,1.8981228224985651,0.3448238528924401,68.86309643050699,13.510149087428896,1.4519814786175442,0.4032820868537707,51.55977855051661,13.374476230292661,0.6631920538905973,0.07290158250676355,23.748038670473,1.647800741689472,0.2277401527352329,0.0022855918747221714,8.202597591606835,0.48102147792551553,-0.48637927903277867,0.26271372677493343,-2.3778748943411117,0.5293847870268384,0.6698433026406848,0.662773884440726,1.7206532019824237,0.38155236271140736,1.2571369053401664,0.14694745469660783,0.4945736500053597,0.01976416312096892,-0.18377467497600394,0.411394094520473,-1.0373512965554876,0.9111054635222811,0.0009177304608920661,0.14978528428656165,3.0,2.821001519065705,0.00028318370787317154,102.88267089580555,23.405904611713154,39,2313441,88.90585,1.475,0.6500000000000001,2,37.0,3814066
6e2a4c6f4f57,1.0922215159244795,0.40004695702111526,59.63932953035816,21.274483560467175,2.965288466518207,0.7930463775060518,163.34935810173667,53.780761567001186,3.6256118933185455,0.3376900339911189,195.665740313815,57.186605184686066,2.589190224020619,0.038899674589016935,136.98381824569904,33.851962022224754,1.3232513100375145,0.08356236512939937,69.62066820750488,12.883562628889498,0.7005761739231714,0.09740464070215404,34.79377706225194,2.597436145803958,-0.9926754974059341,0.19602386952805662,-4.390185860758792,0.7241155898265698,0.9586901779853639,0.44267740602087047,3.3967496847938716,0.548228244376001,2.4819591783873043,0.2743583433901937,0.9909255027519853,0.07326179385741365,-0.2779944611577602,0.6836767106069642,-3.857012800488363,1.2557780671576553,-0.7444933059912392,0.43585564414705646,10.666666666666666,3.1407876440659788,0.38841968430914753,94.53601585957578,36.26513913123906,74,29986576,183.84,1.3,0.25,3,53.333333333333336,38634528
6e4ac7453419,2.1396412630437442,0.6351637308638324,49.743929584097266,17.088724436215674,2.048902878504859,0.19038725710959445,39.01216732447047,14.191895231335517,3.0473389707096605,0.7015829922798766,60.40017719829256,37.03316085518308,2.9810592431827616,0.10201754427162484,70.42134334262143,45.359879541497065,1.4854991023221442,0.3147336329927523,37.38248287313325,21.938928466401656,0.5887687023988232,0.08618089872902376,15.81296608424742,12.08741233046153,-0.44983290828112654,0.1571218986838678,-4.03231417485357,0.31275586313371506,0.5577241436120758,0.3914401183022412,3.896192373964512,0.24755824752579847,2.5504993330557038,0.07102204342601888,0.9781842088112764,0.024176468113987985,0.15842476335178282,0.515118510749907,-2.6477955317011355,0.552795440102958,-0.05812157711649998,0.327330607058888,9.333333333333334,2.9383793135696896,0.6243039935609738,92.31903385321043,38.65684716339515,72,26873856,178.49,1.075,0.9500000000000001,2,40.0,26877952
70cbc0e44d36,0.25647869485677705,0.14677563964733645,14.073412640437107,7.684925734188461,1.256964530396606,0.5574321222788363,71.3922235448115,29.420386212038846,1.852292115117432,0.5945027430854234,109.82924978378514,38.49684534137383,1.5863851015715413,0.22021592733107168,91.62330250341012,30.727027754339233,1.556848453302264,0.19434825862337826,84.08300660227799,16.761365132494642,0.6914610340400599,0.07349974218171137,36.968907389707226,5.557039507743795,-1.1231098523152772,0.1266423505746235,-2.0804960886900834,0.6160838937719483,1.4203779609973342,0.36411121256214674,1.7285549344619577,0.3787058868427774,1.4792424992047977,0.20200077393387073,0.6560417240975228,0.05581251140783095,-0.21034610620630337,0.286214393807896,-0.9968551469936052,0.5944428875896152,-0.09643054241337563,0.2516545573091826,4.0,3.0772737881044985,0.1935213257263146,100.92418586675025,28.77515850377524,83,47458321,208.9804,1.3833333333333335,0.4500000000000002,3,56.666666666666664,56685138
70e7ab872359,0.8284782785880603,0.2840049434225631,33.204595031298126,12.364693569983809,2.477757985600667,0.7211014711883216,98.4492744508135,32.58527984711668,2.8903996097935925,0.32760636935751486,111.98312854668377,23.18377266342479,2.461354390884035,0.027069999014110502,93.99810554063784,13.436631182605485,1.3752373809818035,0.06550110435714282,52.79902976148239,8.516369614734224,0.703191358857878,0.06051320082619045,26.422745417174724,2.330341410329331,-1.0284133474573502,0.178817323529153,-3.6908575852538745,0.6691580289452922,1.1921892968271457,0.33732344574686035,2.870587501716292,0.47010551049156674,2.1649527401007385,0.23362298816153526,0.8823150116057885,0.05899198198143844,-0.1435301787237669,0.6420878894935371,-2.882707079068139,0.9981023544759113,-0.42331863496493677,0.5211726788393013,4.666666666666667,2.813795619906205,0.23111324425618254,87.76344838684584,27.825312483055004,72,26873856,178.49,1.4166666666666667,0.40000000000000013,3,48.666666666666664,30770192
72b286460831,2.3367263725042107,0.7044555451430772,52.12540751433027,17.950190144355275,4.257147880019908,0.6842593586726465,93.24939913617801,30.940366576903653,4.14865262008617,0.1515288815626964,88.63342419724587,27.475054635207993,2.7280253397453014,0.060685551856080176,57.366632540205295,13.530885289199027,1.755132567513147,0.1690832474076489,35.09703583019424,3.471183211625895,1.0409336488648508,0.021144432914456387,21.565941419831216,3.423010911472906,-0.8490207277846982,0.30279906586534094,-5.533928623282292,0.5615272087764442,-0.13734203266713074,0.8499952962269669,4.774805007344149,0.6123346346706809,3.2680259393485964,0.2679812567959009,1.2701260104968206,0.067919246320217,-0.34574186238083066,0.8625470797202242,-6.143133865481477,1.4254711204348114,-1.581581791769579,0.4005188735332303,10.666666666666666,2.830008615526433,0.3710565847480102,94.56626881409277,36.26896854234163,42,3111696,95.94,1.2833333333333332,0.44999999999999996,3,27.333333333333332,3509008
740bf2751050,3.0450846608038287,0.13596733606610478,66.09120527495097,17.85824472719582,4.247698519036296,0.3239167632392648,108.9996257302394,63.675147437410494,4.304453716090432,0.44987823012785155,113.18357213766872,68.92254125711968,3.310236721314878,0.8017671320679033,88.60746450522856,48.20520794053857,2.448465933854535,0.4603928943752222,60.73368428093345,26.35879980154325,1.4436213421912985,0.01800603519410971,31.8424347133137,10.600664618900323,-0.9156320190650327,0.25728491161910005,-5.804327336222999,0.7724791747904354,-0.1647704186494238,0.6291607952615279,5.770819452098689,0.5499475248934644,3.8676987805123524,0.438214351050089,1.5190770961485938,0.18074032187489036,-1.0920361373365344,0.320773890380846,-5.261129119044043,2.0028377547219973,-0.4934232062455379,0.3956935132783214,9.5,2.5922143899563483,0.42127443985358615,98.16750773018049,38.67711284942271,45,4100625,102.9055,0.9750000000000001,0.7500000000000001,2,26.5,4104721
75ee10091f43,1.3391896377115007,0.5297776933513803,57.98698107183401,20.5646203089787,3.1794715480429208,0.7773642813104807,149.56183425609026,59.000991456719966,3.790802346377618,0.30862283728269546,179.69878737378443,80.30061249292933,2.596030873422905,0.07295066512795774,118.21016518429947,47.4134869383871,1.3876980081049155,0.041628942666379044,59.69655733505101,14.978053322878923,0.7625397956510263,0.11820991644938873,29.72330897375198,3.431016795853238,-0.963924487781752,0.2395804780437396,-4.615119367420444,0.6982406783126903,0.7381000574377391,0.5650855515075673,3.6653246837179307,0.5748263162065569,2.6348864977486923,0.27344533992275444,1.0454191787484692,0.07046037271082282,-0.30694493967088105,0.699765857149881,-4.184529269068216,1.2475538235396249,-0.7957628793062316,0.5035346812681176,10.666666666666666,3.0715212167735313,0.38856418496120215,94.5545018151607,36.34929835413973,74,29986576,183.84,1.25,0.3999999999999999,3,47.333333333333336,37363728
7a8373382b33,0.7338363494360268,0.001497371640333444,20.738747969232943,0.020848886864723488,2.135852462300207,0.04372371735502341,59.94935169370435,0.42764379188541474,2.455009221513119,0.27365871807248926,67.47352710122675,0.6579225357808276,2.269487401051166,0.25910688416833105,67.32601018250699,18.630957419902867,1.6635478374028299,0.12504804782087187,55.64586121693273,27.44274976917526,0.6388032572305873,0.07057147737416032,20.90786782003795,8.24123397362963,-1.0511893183327328,0.012740531903031782,-3.268439917169821,0.27930057803778674,1.3790370912251526,0.13472010233346068,2.5829757343457103,0.12532592576768964,1.9910487337468423,0.07788348263287422,0.8237329512206523,0.022395164989579955,-0.35259973806442335,0.025123333818839348,-1.8715446654744172,0.3153137843654991,-0.41080631323001615,0.09685271815474684,5.0,2.9122858252138775,0.28491521174824364,104.56076143929185,30.96672601614523,50,6250000,118.71,1.225,0.44999999999999996,2,33.0,6315536
7c2657e15a6f,0.31089074449160997,0.10991582827901022,20.2437327452075,7.157221848812044,1.2272972042548227,0.43376996166123594,79.91446563675787,28.249640383137788,1.1662091796160698,0.40425454861467564,75.86168343781834,26.556579070005665,0.49491345499995854,0.06162136995382925,31.115415311620495,6.893597682944726,0.7905425891304857,0.13018782689299122,47.30533375907729,0.2701619415437943,0.7165872006765115,0.1290432114296907,42.626280195875076,1.748995204232302,-0.6654703147514999,0.13485396947345007,-1.2043289190212876,0.5100127441272191,0.11660678049670203,0.19501869641264571,1.1929095983373854,0.29458949714048244,0.9741513644046544,0.1409009055870814,0.43355145768715914,0.030424064911250923,-0.2334962247045723,0.23413372792866763,-0.6006966183863899,0.49651726004638397,0.5971005414208129,0.5784463334418979,2.6666666666666665,2.872014240400892,5.3377522932407446e-08,108.1193204784174,4.1940326252462246,80,40960000,200.59,1.45,0.10000000000000009,2,66.5,48850481
7cf77f91eef0,1.1679754171768333,0.846562374516603,21.176227032084604,11.119854993047548,1.6870197307020791,0.32012672075775617,43.990979014585704,17.349170297664926,2.3203165139314397,0.5741160648624692,64.77249962743511,34.69191345004792,2.3163124642246897,0.27312517989555934,63.24575164710168,36.84394460181422,1.7353889402733575,0.2548076000652259,47.86659835831458,28.34922343763193,0.7221025767729026,0.12228578974381865,19.199797312540195,8.769518783259466,-0.9188343326473566,0.5521597981534528,-3.0402105457431166,0.39578724187745123,1.168646503934672,1.0306389954587751,2.7642338995803817,0.41608195234472006,2.0355967087625286,0.2048289382792779,0.8373511217456702,0.09868049154726716,-0.09815097239173041,0.35050075218886967,-1.4592094275058116,0.5090555684839531,0.0689970589759528,0.5537320810228545,6.2,2.9672053691504248,0.5147936483766598,87.72706501506822,33.85564654980723,82,45212176,207.2,1.2666666666666666,0.8,3,37.666666666666664,45328337
7edb67bf350a,0.8583366081863902,1.3534507977638375e-08,24.296302875113287,0.06805195148899901,1.9334256570375068,4.695064325107719e-06,55.3006446796401,2.217308709684844,1.9177968100322875,0.00040361955445447157,58.999474842471436,17.13372279666555,2.078185966277066,0.008225636496888683,67.6405143780228,31.709206427027212,1.2185269119013749,0.03971757980780515,39.08953993100143,15.547360169818413,0.40519104930507516,0.045437244525984855,12.833438453218585,3.6641039896886833,-0.6821074969588988,0.04070240308985887,-2.9153671010907827,0.013559675561239546,0.9426726704073942,0.01913492051294067,2.2878619491572763,0.0124594887026819,1.6746066894179665,0.021347877383290602,0.667923127106625,0.013258098843905435,-0.10218639472089726,2.0542465374584484e-08,-1.5911887222768266,9.080573376563095e-08,0.029289507321532345,6.375576125892957e-08,3.0,2.611164725778352,0.000289168155635148,91.83916602642863,0.006551765875903007,50,6250000,118.71,1.225,0.44999999999999996,2,33.0,6315536
7f0ca28e3229,0.11656503849054693,0.041211961983532,6.000552622141716,2.1215155821908005,0.7810008250116435,0.276123695118289,40.2044807894635,14.214332189347044,1.2403677441759169,0.4382392730076042,63.85227033612807,22.5589673610442,0.4881838339373464,0.16081886034535486,25.147938936750347,8.2496342256962,0.23838032087951877,0.027770511913422107,12.434140451283099,1.6874994474603449,0.42549547159265727,0.10505512364423693,22.274285999139817,5.956009018072023,-0.4382095134858926,0.07111692797468404,-1.0359618813842284,0.5055181399615352,0.1633122394363048,0.07633049764422818,0.8620402613044776,0.2580762753113968,0.6944307582550723,0.14228126780453476,0.30097962786226945,0.0358765401438058,-0.1718072052596731,0.158572901692046,-0.41568524748917063,0.35867821666829613,0.44149547882726886,0.4018316142020437,2.6666666666666665,3.092550886805049,9.739803396481338e-09,108.99254999154289,1.453111743010923,53,7890481,126.90447,1.4249999999999998,0.050000000000000044,2,51.5,14140481
7fe9c5cb910c,0.38043906372147734,0.1445931055307136,17.94878488137822,7.709787138632833,1.7298583378360382,0.573685678612312,79.03923411976812,30.288193512633583,2.332499832774305,0.5001493911221632,101.10586664067041,36.44391716355154,2.003799213042109,0.05135250049263557,84.84953177951435,40.54765292458407,1.3534081261098674,0.011518070722606813,59.15339297400476,32.81209755868849,0.583163232234185,0.04024532908843592,24.64233566838968,9.677682940094488,-1.0787968034935158,0.07114216423291826,-2.736139825580769,0.6028302599852872,1.3565004790669812,0.20270998869221354,2.1352423345610476,0.40482556417751375,1.7225780372029558,0.23330345989391038,0.7337742608801321,0.07171367300546737,-0.0944339285857852,0.48764194844645875,-1.3569263276724088,0.6933555468443833,-0.15215432292706557,0.4064543771054144,4.0,2.9291397102648262,0.060763799057694835,98.39691210803429,22.3898292782988,83,47458321,208.9804,1.25,0.6000000000000001,3,44.666666666666664,48878178
81af2831dbb2,0.8380918886440737,0.2873235833570009,36.23747323382415,13.646065405922297,2.491557245738194,0.723170517186805,106.50629821819662,36.37904995740211,2.9038112239563656,0.32471322019904425,120.04301409074479,29.385095971493598,2.4664805475027927,0.028088698415781,100.18094310612548,20.808706319650078,1.3763883464119637,0.06447547694116648,56.237047956311464,11.810050434840345,0.7042316278126742,0.06280478784494133,27.7774364312916,2.798694640288337,-1.0266056702663975,0.18068026514792968,-3.7092500062678284,0.6700632995410862,1.1866843034037011,0.34079776093038044,2.885019235202607,0.47142912669462816,2.1733228741641804,0.2337072029156795,0.885061298876681,0.05881608212353405,-0.14474543399053635,0.6445256051602773,-2.905919792669478,1.0021511603346769,-0.4294653677705438,0.52224228420493,4.666666666666667,2.8104550216187083,0.23130300542773596,87.7521394958079,27.838307764491365,72,26873856,178.49,1.4166666666666667,0.40000000000000013,3,48.666666666666664,30770192
82b85dfd7723,0.5851556534424396,0.4650268769090028,17.489215462827374,8.893676350072424,1.544934149066614,0.48020478533160904,58.33870551965772,17.291290120993416,1.7621775197205793,0.5238289857988639,77.46964867985216,34.94510608233233,1.527620944115461,0.1668487850647133,67.19771703511552,16.681856243186505,1.5332724895849101,0.12877460039287475,66.66772170836497,17.880944252186673,0.8052160380513488,0.08632030163012853,34.33818586085888,6.93188173754377,-1.0299996089537675,0.2758785922910338,-2.188590591892038,0.3953907406834849,0.9844634014893353,0.6571944326228631,1.9584539009445987,0.3428571492787169,1.5827170933933719,0.15830695855926732,0.6875339470612751,0.05286834438768273,-0.28357773538066855,0.25935128371154836,-1.1296937754308498,0.5251604011364814,0.3040881059929653,0.5524029601795489,3.8,2.8991661702878346,0.28548434716791266,105.44726082423487,25.735595756566752,52,7311616,127.6,1.2833333333333332,0.44999999999999996,3,39.333333333333336,14127442
846b50801a93,1.019407067983973,0.36197424385109833,32.15704674643539,10.804775000914656,2.7174351533457237,0.7359401866430527,87.40345151928379,24.400614259465904,3.1011340141656194,0.2857814785767429,101.45897255720143,12.278648465617197,2.5155003141661565,0.04368145174390288,82.41274738882703,6.712357578914967,1.417060224560773,0.05446042015603729,46.3499529683205,4.414972596187179,0.7197049734589789,0.09921568770339348,23.748950965581184,4.199215306578219,-0.99238485056727,0.2168872825291069,-3.9864209962918924,0.6715452551298341,1.055756597491451,0.4210620313203825,3.124321677154761,0.4901382954987291,2.3095149222209415,0.2334123698272842,0.9301577181593462,0.05655337221966659,-0.15994552328875036,0.6807510949884068,-3.2721795122517423,1.040600688639714,-0.5219865755754969,0.5517060372190529,5.333333333333333,2.8386803425742437,0.31728463217224295,88.19181193285107,28.403125738820822,40,2560000,91.224,1.3666666666666665,0.40000000000000013,3,32.0,4130592
899032b4ad0c,1.0260011682134562,0.35879181229277085,38.91136207243402,12.804886589345577,2.859236682529573,0.7847660742089554,112.42415426511117,25.47188691257052,3.4467152110604604,0.33854139013106643,145.92594798135534,16.13144839244601,2.5769482603936202,0.049996295030922636,112.36569943687299,23.104495911432515,1.3438153781538251,0.07758204831704375,57.09013452282023,6.1349815243242345,0.6919105167201497,0.09308543029930139,30.798369026778953,7.035905271198324,-0.9993882901097889,0.19613900650838273,-4.241785483832895,0.7178350104751724,1.0356513398291203,0.4217079723144023,3.2741316569000314,0.527753031215669,2.4080611805902614,0.26362839965376605,0.9648812779691051,0.06934395227060615,-0.23647664018223422,0.6851219778704564,-3.636707324645966,1.20158677447256,-0.6809717093421482,0.44884382019564767,9.0,3.1041961197936296,0.4008420307311064,92.92354688878115,34.635977912062856,52,7311616,127.6,1.4166666666666667,0.050000000000000044,3,39.333333333333336,10755088
89b069b9f428,0.9624218579690623,0.5218814787096948,27.43083255526207,15.265733588035053,2.2203385404945584,0.8359889044107568,59.53617788269666,26.94489776333817,2.2121461542607546,0.17115051912318383,49.42864148507307,5.97124463313066,1.4112450582909322,0.2963121752830734,30.788342097702298,5.454984606538559,0.6119188301525329,0.02612591184469123,14.877314913773922,7.112157214823771,0.38152901473141865,0.0872745234528243,8.0520712097657,0.31256899556156115,-0.3693101080525729,0.3451344057499201,-2.8881049903497082,0.3696123948969659,-0.004431361278250667,0.9279093924795352,2.2817587236841606,0.4019207082243982,1.558485081237484,0.1228112655734575,0.5950173572031145,0.007649140588249351,-0.20265469740086012,0.48498581653356504,-1.5545428934861076,1.0572677393687968,-0.0764497192743471,0.47301442528357596,6.75,3.049406554937514,0.424933274084286,95.85943813385285,37.58481719756798,49,5764801,114.818,1.275,0.55,2,33.0,5848322
8b75f770fbf8,0.13591392074021227,0.07822177091350296,8.90252473558898,5.126735669420122,0.906762053367464,0.5090899998093639,59.255723979145756,33.44919582926467,1.5879303168833336,0.703653873692801,101.74279662963897,47.56726115618413,1.2797765192117154,0.04684783123444183,75.45504432731349,3.2632105145831036,0.8597822141942417,0.19456091606911546,49.16083217812688,4.746217771675431,0.279689785886972,0.0039035884962553566,16.729016919059045,3.0441750912306063,-0.6733235478881375,0.12502627932526328,-1.727945204584386,0.6408566031195949,1.0650462613913267,0.22241742474029658,1.2653653435835337,0.3692277779661952,1.0366120770252447,0.19271075835841,0.44079788098978745,0.04853841515210103,-0.11529608879596918,0.28125268836595196,-0.6033488772471084,0.6672706292895604,0.010060748967354396,0.0971000171467601,3.0,3.0855780777604225,2.1765945740924606e-05,101.5713189320849,23.65069276987712,81,43046721,204.3833,1.65,0.5,2,67.0,50937202
91367f7f5dce,2.4485193120973348,0.5943851912206293,44.61229364373098,13.014229855561258,3.3641042730401622,0.4787389018763078,60.87616915673192,14.864675506760232,4.277714358578535,0.15424314923757712,74.96971663277178,6.876087051437575,3.5021780117240993,0.17203708087457698,61.804516651178176,9.174155077605539,1.5723293623504362,0.12563837185905877,28.063655944276,4.783324077806033,0.7264058676112874,0.020356902832906483,12.773525994353694,1.3532322281807705,-0.7386698518509428,0.18593473919451772,-5.572725193531796,0.33907265094573025,0.5127273383062935,0.47440898203084425,4.769002321913161,0.4379201580442037,3.221835440273364,0.20463035296209822,1.2379973546270018,0.06000657860045463,0.15849676971517151,0.742891959634048,-5.39604827628415,0.5777513550862559,-1.49041236904517,0.1111520180599138,12.2,2.9968967664552126,0.5233070850081802,88.44763060132739,35.3572800901927,26,456976,55.845,1.1333333333333333,0.3999999999999999,3,19.0,573137
916afba26723,1.3223805669972257,0.5653470738789887,55.71713584089892,20.57493165504127,3.1560922010549723,0.8022159444454152,148.82083000644255,60.45332927087287,3.8477118765482703,0.3996680260144855,185.0553899158955,86.58799755015251,2.8124916136231435,0.08806283845737858,124.00827927839798,42.711345748766355,1.409034803250169,0.025825910230740795,59.73905285839297,13.410641113244106,0.571342175666362,0.04072193468369442,24.536080008765097,5.394309958932397,-0.939981508911591,0.21171059812297838,-4.761036801631486,0.6402695085746978,0.9110665396320964,0.6925817832770269,3.7032980927601677,0.5926853050291909,2.6531004660320643,0.29419745712844125,1.046003341745205,0.08495717748222865,-0.36646601430215514,0.6659154016767725,-4.195709825370686,1.3401412685954015,-1.0765579830119822,0.20913283254764223,10.0,3.0341528471194033,0.3734380352756377,97.19649683835694,37.864385016928104,74,29986576,183.84,1.25,0.3999999999999999,3,47.333333333333336,37363728
961c37d6e527,1.8172729524477174,0.5875143047071136,55.807566277952446,17.35613686285547,3.7757810182744027,0.7633218474081332,118.3521491201583,22.40235267935801,3.975997929012236,0.18923774526515788,126.90003213878602,10.457421071227573,2.616346707813157,0.09564218071153018,83.49308956748565,6.778408484713424,1.575208346851859,0.08570036626308689,50.521231219462635,5.562227511581513,0.8825291358356097,0.08833836707569578,28.42086002617668,3.992915685766877,-0.9147276684718646,0.27221024838209695,-5.081885680484969,0.6450898320603881,0.2673787759790338,0.7064444867521316,4.205500617982342,0.5876399834373602,2.946711555776354,0.267217959195041,1.1567271962343957,0.06700549260040052,-0.37100230719148186,0.7598935169676272,-4.936339637204136,1.225326288863142,-1.0234725809291647,0.5476329433941963,10.666666666666666,2.945984757937373,0.37943920531215963,94.52923556848049,36.199926524120144,42,3111696,95.94,1.3333333333333333,0.30000000000000004,3,33.333333333333336,4779808
9632fda9fd46,1.8341225719751098,0.615628557952619,24.471271256218788,8.359862961151078,1.7053854528910766,0.19635920104143956,21.216119094491344,3.9974829752218772,1.7435294410544249,0.657126888254122,18.398602509218833,3.290490693438093,2.171514265179082,0.3766326406421031,25.154080662690394,2.8208795134943156,1.6028752134470754,0.21170598456483064,20.50275386725611,6.616820770974164,0.5925424342014145,0.15721498999462963,7.829446547388308,2.821655759917185,-0.5214153064914279,0.21899968609251144,-2.888892372887535,0.2842901082258786,0.38830103403956145,0.8193670214227562,2.888460542128522,0.1912384416261705,1.957885812787158,0.020288855507724322,0.7723962320776822,0.003058953368604585,-0.046645077167340974,0.36396826265926474,-1.3155162005870549,0.004908698428316606,0.5080506522743432,0.3858989196509295,5.333333333333333,2.749881858320354,0.5878483434061431,85.93465772311126,30.148145479745562,20,160000,40.078,1.15,1.3,2,14.5,166561
968a6902b7f5,0.26927129513070575,0.10069764075226945,13.145469536017314,4.687992175008688,1.4440733203714426,0.5135049252000047,72.57051598833996,26.84486349927491,1.995799354004465,0.6099913559351636,101.9749590531365,39.051901019064,1.539347952812969,0.04328759896883129,73.07486929344337,25.549032940574083,1.5463282722672498,0.24194847495598337,70.49460486825093,24.51036616827109,0.6684899067730292,0.03252762525351565,31.46985832247549,11.796881885001273,-1.0865033184279953,0.12266780666692802,-2.242859022256534,0.5740554442921658,1.334399092081333,0.3085362777731217,1.8247900682996054,0.3488097632754241,1.5279499696803265,0.17951651716801145,0.6678982796361407,0.046491938476046706,-0.2461385659108113,0.3203005583654448,-1.1603025874143003,0.6579482456461473,-0.18782576392905415,0.3545406103334895,4.0,3.0047415615492388,0.044551281119054244,102.92401779926541,30.502444938964658,83,47458321,208.9804,1.3333333333333333,0.6000000000000001,3,50.666666666666664,54853458
978e95bef964,0.595005397761449,0.2103533320587087,31.484600226441227,11.131510967483361,1.5258252128183347,0.5378947286027794,80.72255503460018,28.536576611663058,1.0238100796607377,0.3144803977671443,53.62935400998713,18.63406585124005,0.8320059254724775,0.0674634022260106,39.48925654758983,9.484981540234772,1.3050618678822683,0.23254174577929249,59.61713213960862,8.661623608441687,0.8188882164730025,0.04493525368292294,38.46668174769352,5.976367784230398,-0.8014698959825127,0.18536949957297913,-1.5036375464029614,0.44521444113417824,0.28217743144137764,0.4772813090716556,1.5478042115622215,0.31578433684985846,1.2390961753749379,0.13291645321964368,0.5453058824224971,0.025003481551718904,-0.27559278951716876,0.2728878970193935,-0.7028783183533426,0.5846476365583785,0.7061825465519765,0.6772896805807105,2.6666666666666665,2.6914097508192496,1.6152216730004914e-08,108.24845899748303,3.7812180386920877,80,40960000,200.59,1.325,0.3500000000000001,2,57.5,42460625
988b11badabb,0.9458194978923257,0.333678442006199,38.39430518256384,12.821626352313672,2.766314059141019,0.7742187766072152,115.58670228371174,29.006264836560618,3.4032267394175446,0.36012038676774366,150.1344114058388,13.338035647969313,2.5754283560940268,0.0426715302062444,116.40325977396428,19.48425844264877,1.317600893903042,0.08554796803215255,58.4087066575857,5.708070319641257,0.6734752782066346,0.07658425904649194,30.899307985404505,6.101190378055743,-1.010383367112348,0.18228234067528046,-4.158283574448549,0.721094876399836,1.1098233256200931,0.38251262659051316,3.1852429282535986,0.5222870438690463,2.3575315419398457,0.26571188734165885,0.9473937518135532,0.07131954872912234,-0.22967681497647954,0.6694146825350288,-3.5068368102124716,1.1910886394803224,-0.6588188936315414,0.4262215709745399,6.333333333333333,2.962956664102164,0.36730558593986556,89.18032769035247,29.944141224617617,52,7311616,127.6,1.4166666666666667,0.050000000000000044,3,39.333333333333336,10755088
99fd027b1d0b,0.5207177088508875,0.2227264395570672,19.073528271225666,8.167494748710327,1.9436969595961522,0.6398197722879029,70.6064078978804,25.513434602568328,2.411560211303464,0.44422413325131205,85.59839619753787,35.74121882066174,2.130387266427928,0.0746137725977749,77.23836623825788,50.50951002871596,1.3616697810698597,0.03672289081416327,50.4673900184441,34.89179717799689,0.6330178950205786,0.022827452800005893,20.850946204608334,7.982809451981114,-1.0702780944487853,0.12056800414722528,-2.9562270880858623,0.6180589241233064,1.2758045726849534,0.3062474204077947,2.3291538712912128,0.42765855253627655,1.8398261213411011,0.23103992214947622,0.7746921639228287,0.0660953511070761,-0.11429853134525851,0.5364016735189134,-2.031013940413868,0.8232944956663234,-0.17809724358061504,0.4874891965592783,4.666666666666667,2.948066010146767,0.2317315685684348,88.30947902501956,27.344732813887997,83,47458321,208.9804,1.2,0.6000000000000001,3,38.666666666666664,47607378
9b27b6ad7899,0.5687201843267806,1.7692910529165157e-07,23.44981029715466,0.009117564699300182,1.6899950501042489,2.345345121280326e-06,69.72166131198958,0.43041992620739955,1.721351091818914,0.00023583386428557658,71.43768377106679,4.823504463256634,1.8252947512539686,0.005651895702912661,76.53369950019334,13.030552294581447,1.266499869535253,0.03209210054344383,53.269675258120344,9.60658510192885,0.4619766406182789,0.04317358329286579,19.540758102366862,3.348743033940281,-0.7915871454356869,0.0375019225251978,-2.490744144080659,0.015273210556764566,1.0561880477286762,0.01256945688800739,1.9667289393068832,0.01051035866797258,1.5130154371838,0.019010048450334067,0.6247528809131933,0.012070235283144335,-0.047372439009635975,8.153061306984122e-08,-1.3374033530510308,8.232407328057079e-08,0.011165075423891982,2.449028439861431e-07,3.0,2.7411410603289337,0.0004344712175955149,90.87260397989574,0.009220081519794907,50,6250000,118.71,1.2999999999999998,0.30000000000000004,2,42.0,7586336
9c2979187585,2.032596056670576,0.6354200372128481,56.54632158393784,21.542016903356824,3.992389550649006,0.7406309287278361,108.3278889852067,44.776500778785966,4.079609316339218,0.1325363149092721,107.44702775620637,49.39504655808451,2.6490963649017125,0.08480706039567994,68.3445759529808,26.08767470191392,1.6484643420465745,0.12616384049706378,38.624716985775656,5.268846690293834,0.9537284403365609,0.050495631494321486,22.53075259298957,3.2113654495710877,-0.8951524232387539,0.28165350639870046,-5.283078542160997,0.6077805073201216,0.08611046310294472,0.769886028899352,4.450893826184874,0.59901479462935,3.088705905199905,0.2674059162413434,1.2078607494087332,0.06677911981740735,-0.35467181835897543,0.8056534788614763,-5.510164940799395,1.3374248286941786,-1.302864487554159,0.4685151397848024,10.666666666666666,2.893162824545106,0.3707907100271433,94.62110764617906,36.38597041211048,74,29986576,183.84,1.2666666666666666,0.44999999999999996,3,44.0,33163808
9d0130e99f0c,0.4051332220393169,0.0012065653562754186,11.716099120812089,0.059286525904025736,1.5090112012695784,0.035106277180489136,44.32171383016255,1.9603441702922735,1.7862850108848698,0.26213535945053396,57.94544211932114,17.1409392018278,1.9334690281620563,0.4638686799364171,69.8514960856424,40.927392078737256,1.6082543299372059,0.19592910514275547,55.08623166283661,27.863439155655197,0.593826179508113,0.03069517981827869,18.880171874393476,5.846637318497549,-1.084968633977283,0.1963327898745885,-2.381557437248408,0.31620414304069944,1.464871298342504,0.4125353781920073,1.9373096845430022,0.22291424545706703,1.5971759854655971,0.2105668812065987,0.6912629967602513,0.09608994905186982,-0.1891690196873551,0.1481817768468172,-1.0415643304442495,0.16219789896222206,0.24164815644961452,0.11904171946522121,3.0,2.8351517692528425,0.0015759126168190705,92.65996878849516,0.07468987838464114,49,5764801,114.818,1.275,0.55,2,33.0,5848322
a0dbdc6630fa,0.43151603441726816,5.28085841456928e-16,22.78599086559285,0.00595763850697928,1.5119421632341545,6.661338147750939e-16,79.92482569103163,0.4246868969235109,1.5259410073016573,6.661338147750939e-16,82.1256181172602,7.1726480550881035,1.4495071008588147,3.510833468576701e-16,82.75303945750579,28.701601313415136,1.2622844229819448,0.0,72.5445855731334,27.21126172157619,0.47230936221325426,0.0,26.262603398440223,6.112335405350979,-0.776386138493778,5.026748538604307e-16,-2.1097054549982177,0.0,0.9360409489149701,5.026748538604307e-16,1.7044264300326266,0.0,1.342158516592996,1.5700924586837752e-16,0.564699611340107,0.0,-0.042397072217153206,5.908255262090379e-17,-0.8952725887064586,1.1102230246251565e-16,0.12681426374964197,2.498001805406602e-16,3.0,2.817769240125872,2.735889144768617e-09,92.70227328818281,1.1506283996638796e-08,82,45212176,207.2,1.475,0.6500000000000001,2,58.0,46548512
a148361e5e9a,0.9168668184574571,0.32933142670419957,31.13181754507939,10.58139410354591,2.5887826151519784,0.7293026294197937,88.9557803040971,26.021582075009665,2.985065507674444,0.31206141161495016,102.89773569653464,14.543221733638106,2.4845068573656026,0.05457412891334189,85.38541062026282,6.1363108021998185,1.3952045348261295,0.06557405334690099,48.002925463186436,4.625186252780857,0.7119557835378126,0.07942791223925083,24.393329429509937,3.0425707539225053,-1.0103394888678234,0.20121892121628604,-3.8268895278022765,0.6726737894183097,1.1294397736061035,0.39266718864125183,2.9868785390856334,0.48103140685797807,2.2306741500389236,0.23397613207387705,0.9038131478499672,0.05799196296340083,-0.14985534701315903,0.660847096143247,-3.0578730571155615,1.0205738493043774,-0.4682454377552204,0.5378261994290764,5.166666666666667,2.851295455677157,0.30125801029019666,87.85485951674895,28.372375734226683,40,2560000,91.224,1.3666666666666665,0.40000000000000013,3,32.0,4130592
a1d716aad84d,1.4506923615748042,0.4781703769229592,63.527367786217916,23.19570393326266,3.4382537952727463,0.8073816234523233,148.10835332664493,48.32884052452138,3.8623613688690868,0.2246718473551617,161.18200696549115,39.960318157365336,2.57354878597792,0.07309401496265595,106.64068534651913,23.601059906556838,1.4377512964499193,0.010680187310776513,58.751637213214906,8.192395957089204,0.7968897496335052,0.11866262759919474,31.294345107945848,3.3450880680335966,-0.9577987646606713,0.23203515012072926,-4.781660899487517,0.696780345756883,0.5741159846700247,0.5658759601976281,3.825996494150203,0.5714841170770354,2.732101559675163,0.27302027855770167,1.0805310580818868,0.07041282352706958,-0.3327283192640796,0.7377624143019696,-4.519183845002949,1.2918131183984478,-0.9246076172545735,0.4838238673663622,10.666666666666666,3.030950363733587,0.37693295526572185,94.5592006054139,36.277993022344724,74,29986576,183.84,1.3166666666666667,0.30000000000000004,3,50.0,34434608
a346b1c50933,0.42951919916330605,3.7895385886959516e-06,22.68051627021311,0.005579325911088629,1.508346901182607,0.0004112177811966152,79.73898709803044,0.42142561629656755,1.5208294230802504,0.01058786493124786,82.07529618193716,7.627322529993322,1.481386981340896,0.06458962113292468,86.15266455437495,33.21495301047852,1.3548721408450102,0.09337511677342997,80.18376725752654,34.97881341454813,0.5096386804936808,0.032359939095590796,29.226746399732583,8.988548738619297,-0.8343092426089981,0.061453468905004374,-2.107146768407164,0.02289714823219101,1.001842858828726,0.08785762722048697,1.7255171798086404,0.034698434786412886,1.3750391230077599,0.04291965223626171,0.5839135263550858,0.022869550764242977,-0.0476307101821118,2.433146020601462e-08,-0.8931079041312329,1.2460641568567965e-07,0.14235627215446178,6.582046482850323e-08,3.0,2.818992220258952,0.000748410360383835,93.03989759738236,0.016039697515061634,82,45212176,207.2,1.475,0.6500000000000001,2,58.0,46548512
a43351c43cd3,0.6981533965531745,0.3889955997346885,19.02381625199316,10.49011831690321,1.9498053927119383,0.8677573399715867,54.626511364254526,22.48160567829753,2.091337255625688,0.050577247763648275,64.65886703736471,3.677518346367525,1.4719497475403367,0.3615075152193526,48.42928534705017,16.68484348889664,0.5985409625348219,0.00541820649196835,18.87921149626938,3.695866408483997,0.30927117246792796,0.06614863373418352,10.118405298199331,3.285711517884769,-0.43377460299279413,0.31316063485695755,-2.6787852672861927,0.46516885815812153,0.3162120332707464,0.8026054720245962,2.0296888569550444,0.40031070588486467,1.4281663052496774,0.137172722323082,0.5527501428395332,0.013153724678615976,-0.18236122807360708,0.46996233149499594,-1.2969194189799143,0.9287430982365492,-0.11056423756452573,0.22823651284193275,3.75,2.827286922101092,0.28706065314576484,89.65240247877047,30.307311924563702,35,1500625,79.904,1.375,0.4500000000000002,2,28.0,1695106
a4c9c803de7d,0.22813393629326337,0.08065738291937387,8.319853978846039,2.9415075546928744,1.077456646327965,0.3808922003652062,39.29388025533065,13.890867954233839,1.209135470723278,0.42393540252815115,44.091238694095715,15.464404810601817,0.3904469468130205,0.07188932377493534,14.147901843856118,2.7001026324710917,0.3838494488349897,0.16727955940307238,13.581386196956906,5.678964548296395,0.5060147991174894,0.17426801817607593,17.969983087257088,5.737368141006913,-0.4259356761412101,0.17245384858925683,-1.1618363363038087,0.5239124853476953,-0.0014827565081943033,0.1386387692274721,1.0111721319092313,0.26057299730403843,0.7813432440004838,0.10815807545430352,0.33169067294441973,0.012225994545880699,-0.24749109448584383,0.18613697111445496,-0.48996677550790363,0.48048961709512034,0.5874866301580327,0.4741834128805559,2.6666666666666665,2.9468269109572898,4.445249058350761e-08,111.41747886407232,5.567270030084606,38,2085136,87.62,1.575,0.8500000000000001,2,36.5,3585761
a57169b6ba57,2.20930246123783,0.6156455449397757,35.23485908794611,11.300883560408224,2.3020946351568177,0.29117907367754486,31.201964084574783,5.142539489907551,3.5367276675414936,0.6259563748975506,48.20465219655918,11.906195544580497,3.0850608065331944,0.23085002465352483,47.03585214888425,17.48586786749655,1.451535466532046,0.28965378435667477,23.35158219471272,10.115895836789333,0.6516091725052527,0.07234099219125974,10.36805022427218,5.032101015253132,-0.4143421765223194,0.16709917410763006,-4.426708837134727,0.26657040980935315,0.5025314930645797,0.2525930123182723,4.252080236646867,0.27542575240854694,2.7560519465854725,0.08427380208144836,1.0489134052764182,0.026730031569525546,0.20348003669958178,0.5881483614036388,-3.214521134731703,0.7274790781405972,-0.3216882512382429,0.322065675694165,9.333333333333334,2.8561934200420818,0.5976070687591674,91.93644349286537,38.269911932175056,30,810000,65.409,0.925,0.8500000000000001,2,19.5,816561
a7233837cfe9,1.574570691595812,0.522123716539172,55.32703109927545,18.19191819197536,3.551020454760201,0.7907469009347237,125.33283016133771,31.17157646430149,3.8893833842780343,0.22250347476791058,136.6498024003601,15.325918857522437,2.5840788348838784,0.09103075260634724,90.65820234943463,8.430728587347492,1.4868947082158017,0.0282286711050288,51.9967886468701,3.686454629146298,0.8229408097024504,0.11295111176624203,28.632324323326912,3.9028134381541784,-0.9417618782571607,0.25052390029509203,-4.8764591122874235,0.6821942302320142,0.4686307331095385,0.6196615663693289,3.949101720858104,0.5772728086780008,2.8008900734880364,0.2706438527132169,1.1047865811338944,0.06903041327092091,-0.3412234965087031,0.747233767253743,-4.653272827328812,1.269627392356114,-0.9530408170636782,0.5101015786067064,10.666666666666666,3.003110304170103,0.38072069875541864,94.50757492656875,36.16243476101738,42,3111696,95.94,1.3333333333333333,0.30000000000000004,3,33.333333333333336,4779808
a7ad562f5ed6,0.7606479112384974,0.42142942584379284,27.917917158345503,15.818847440524058,2.0202121360062817,0.8659700507450762,69.77971376468244,35.32018943131956,2.124791115834692,0.01656692811757248,57.997277479421484,14.839467738602597,1.452856508482261,0.3599402713452651,36.42586061492864,11.179788295452123,0.5912609639125135,0.004641144993398026,19.30792655745334,15.807248878053647,0.3095473660450453,0.07714549778525101,7.835982206441407,2.6754082434443918,-0.3914318968661351,0.32473716630891647,-2.752779629261868,0.4339238348921264,0.2483802382213688,0.8443089713185121,2.0875302045686284,0.39565261971645005,1.4491504700074578,0.12911179212996932,0.5549217574972013,0.009899390477432428,-0.20052027768185848,0.4667956833608068,-1.323307172594903,0.9346025085440767,-0.11201906186888777,0.23052703552863502,3.75,2.7994370963788797,0.2845048382117847,89.77609588261377,30.35747639989452,81,43046721,204.3833,1.45,0.8999999999999999,2,49.0,43130242
a80866a2c6b4,0.4140012739191859,0.15149600948211256,19.27311721394639,7.7857336329320574,1.7621309532554397,0.6163160049915328,80.64572163774396,30.731507522344607,2.081310033388498,0.5478638707102618,91.62391549557118,33.307902309796894,1.8696282692441066,0.13915233935563434,74.99556433379837,28.8099868577925,1.6473494083300448,0.22257894173977602,65.94380547594734,28.08593591087651,0.6220874624712273,0.025153791331070808,26.31768210004032,11.194498126938152,-1.0937128110522598,0.14535856710423029,-2.6319891364813404,0.5494910455870691,1.3945444203238668,0.4543280766093135,2.106461769640408,0.3711510985911906,1.7076768915514293,0.18358035266872355,0.7305743840491052,0.04676797729985363,-0.28226100606667825,0.37532451013149376,-1.3515049364366714,0.7657459289370578,-0.23286795610621225,0.40580726262281736,4.0,2.9038551637706047,0.03831496854944822,102.86037921227522,30.630954583390405,83,47458321,208.9804,1.25,0.6000000000000001,3,44.666666666666664,48878178
a84d988e38ac,0.11705844555677779,0.060403925603427895,7.703953251198233,3.965918372662607,0.8892407285117282,0.37240345485281956,58.55201667329046,24.5179489000438,1.8586686790957352,0.5894925262543238,121.82247160403678,40.62831065797533,1.6993141054386827,0.24616207250729719,108.08719732284719,26.64887146242081,1.3540452354738892,0.05029984201824327,84.0498983201839,14.452220154631592,0.5333363022894896,0.021455535688393843,33.44273731806703,7.141823648584664,-1.0763544387449364,0.06625958314183003,-1.9463286896259486,0.5422707414206066,1.6319969630282865,0.19735017473904987,1.5213351069913756,0.3446422583101879,1.3370823122289395,0.23060824486595224,0.5965920700273614,0.0830826828239783,-0.12843526565040828,0.232574260046133,-0.7545911277256191,0.4395596996447404,-0.003713053974786181,0.14851728421172805,4.0,3.2088901005177846,0.13217554906938284,97.6632675902931,23.345937961609803,83,47458321,208.9804,1.4666666666666668,0.20000000000000018,3,62.666666666666664,62660418
a9f87eba4b96,2.1548470909672224,0.6677849559873962,64.75667271828155,25.786814939302555,4.101911289731324,0.7189670718937149,122.19883042806515,57.681903938956154,4.104866075613212,0.15441908692869566,119.89796940744746,65.87020856148827,2.678886522080767,0.08158016980883308,75.50871263870609,33.50450654019476,1.6909000092475202,0.1461959505160102,42.208826128404944,7.9449660917577765,0.9890784952419976,0.03215870668544639,25.532503244022603,5.755366737027785,-0.8773369499805419,0.2934606083934318,-5.3822113711710875,0.5934850346265217,-0.007768492806625393,0.805837516028966,4.580533353454325,0.6060691212012068,3.160678653038699,0.26815062583297117,1.232996134306813,0.06733687805869257,-0.3438682559177157,0.8298656004899516,-5.770318848901261,1.3769294302122557,-1.4247565158315751,0.43658380019595483,10.666666666666666,2.867608871334747,0.37189104532458667,94.56503650269445,36.26910149634873,74,29986576,183.84,1.25,0.3999999999999999,3,38.0,30383888
aa0e94e8944e,1.2140974842419545,0.001056519019324035,26.51158118130368,0.08279424211220658,2.110080535385401,0.027869308759934097,46.6513883295443,2.209121705715927,2.2689648709718346,0.14529849114648416,53.22469271951548,13.8819399395018,2.702372872676591,0.08668763829733125,63.78570337589548,20.22425648125666,1.5465409818869609,0.07241846521475415,35.06770869168364,7.65614457126781,0.535846758558602,0.02356712598848183,12.043359773438782,2.1295301385129393,-0.8757381804394064,0.012821422860034553,-3.4685905109100093,0.12704936764187527,1.21116157913892,0.034016525631555175,2.833944711001938,0.057429026901379396,2.07911277437897,0.03319091389348235,0.8369799971670244,0.008674107746371817,-0.21844752396847977,0.03670340617663356,-2.0790889750598645,0.09709123865535932,-0.09215769127296619,0.03563345894637489,3.0,2.479019848926991,0.0009280208856612667,98.46207000060963,4.387687735973776,34,1336336,78.96,1.125,0.04999999999999982,2,24.0,1374752
aa34f4a1c451,1.212550961432427,0.8232624086622538,21.22064036008923,11.16659591930173,1.801037127845289,0.36671751444306055,40.32245345571259,14.322212120728823,2.3909421597961407,0.5702756274864935,55.09989491146818,24.754234866943396,2.4672573851468136,0.2514167418332353,54.85180537447907,22.69429611082837,1.7893279135506746,0.23879643471939435,40.07220121204129,16.668108409563743,0.6898381919319699,0.10833784103744602,15.302412391832593,5.385593680919789,-0.9286362641226432,0.52518032715635,-3.219847524195722,0.4329640669396431,1.2364018156283838,0.9853026551083829,2.8809733102487542,0.41157376557422454,2.11316500975824,0.21122064910439461,0.8646336766455937,0.09803176857482696,-0.003665249995374814,0.45366190409137275,-1.6826667765195555,0.4873845038692084,-0.10085664147685465,0.5862684392198698,6.2,2.944024514765705,0.5116133599376019,87.61360227409264,33.85513243667427,50,6250000,118.71,1.1500000000000001,0.44999999999999996,3,27.0,6366161
aa9a981d89aa,0.9031796116854321,0.605989305518412,25.319863142073437,9.486882961484145,1.7961903913154091,0.4723396536776059,67.59446577569908,26.911164337005115,1.9450439774249157,0.49675993028804794,81.79832238357262,40.033170205410094,1.9611011340357236,0.1878779676640401,73.73652298754887,20.295814094283607,1.7297107045822429,0.1653817307370816,64.57154528192186,17.270935293969124,0.7549494793082544,0.11873993863071054,29.078542721561185,9.868470049346499,-1.015498539529602,0.3535383372264485,-2.69114040144487,0.3375999519345181,1.0713405740509194,0.7707711075947574,2.389023958599997,0.3557848158740062,1.8439358818611074,0.16644141420026645,0.77805377855655,0.06644011506267161,-0.24572516143356746,0.30161621047822695,-1.378283359428239,0.5686381173652627,0.21120351576665097,0.5340018057061104,3.8,2.7563479463006053,0.32126424442929913,105.50412052508577,25.41081109213226,83,47458321,208.9804,1.25,0.6000000000000001,3,44.0,48845282
ac7333c6ab94,1.1553627624929412,0.2471327465818805,42.773865758989615,7.1658029209933645,3.076312894691287,0.7830705019036931,112.63077978731317,22.601466566862868,2.1563949660238992,0.5827182977376539,78.95071396775744,14.515996678645841,1.3756578938075372,0.04211730383420093,55.45530779734331,11.831792548371627,1.7680898543516121,0.1481018443554064,73.59629837951834,22.793818461328073,1.2237289435555372,0.040251162573080965,49.46577813470006,8.3807479113184,-1.0584788378402292,0.16103278395334764,-3.07336546318963,0.7742830585522728,0.026706395426706483,0.4198261822899987,2.886959565957432,0.528782230739321,2.164559488098986,0.2770659440525021,0.9069020146408016,0.0766718999987434,-0.3270080643277612,0.599375218916761,-2.625791166010023,1.1283425846339565,0.6202759974146841,1.0833322224394086,5.5,2.712776661900072,0.053150704390701395,94.64269075580215,26.680971310046736,53,7890481,126.90447,1.375,0.04999999999999982,2,41.0,8597762
acdcd16c0d76,0.3873359348749342,0.23666058869809728,15.19205378129484,8.335997133206433,1.4363256725918558,0.6632870701048738,63.22984958256804,24.09654529558805,1.836985015855926,0.5494716631662698,94.75205491708793,38.89172932265902,1.7826369201060304,0.2166794996677582,90.60653367665077,41.94832783699962,1.6550789256567322,0.21225917707716216,76.15196172927132,28.3785118692361,0.6534389440352123,0.053044837437027106,29.309092941348222,9.15040358195809,-1.115189811918846,0.16967250857536675,-2.2922348217242354,0.5918696484801181,1.438723379132013,0.5277246654651451,1.8999285410399755,0.4052470084567564,1.5831879406801177,0.2016896250953837,0.6913395112662357,0.05304866633049645,-0.24824643593184134,0.3111974423840052,-1.0801898098985565,0.6584785036357013,-0.01645717664522045,0.3079265404498566,4.0,3.011589877315974,0.24897728118158538,100.56788997357795,27.926429125522795,83,47458321,208.9804,1.3333333333333333,0.6000000000000001,3,50.666666666666664,55414338
b10aab79a70e,0.7301142222475381,0.3262386528303917,29.675801223498528,11.637561835579298,1.5805031835598802,0.5168596648908113,67.20588288206345,22.76081752289868,1.4544970879866694,0.36699532423517456,55.13749985616636,14.048361342444624,1.7608710733030055,0.7574025253724159,58.29073044208271,15.961922926276447,1.7907849580990634,0.4241738376999587,63.53046073493914,16.865477005988115,0.8966448778370041,0.07008145600440481,34.432069079448176,9.947144543645859,-1.176243160270112,0.31686677705650934,-2.118040588464971,0.6170693760903,1.0490484348110087,0.855402839804554,2.0485681925158397,0.515373252706474,1.6845745279489144,0.37501290329242426,0.7461978386522189,0.1564129143980168,-0.37971691021873527,0.25635230653472135,-0.967953232126506,0.5484131558317558,0.5819100146058783,0.5277136588854594,2.6666666666666665,2.6458830355583247,0.16011913239534556,108.54415130022574,6.950308208110026,81,43046721,204.3833,1.3499999999999999,0.8999999999999999,3,44.0,44612882
b13beafa16aa,0.8374815737036285,0.45150015010435735,21.878595383458407,9.901829972564045,2.058246347671813,0.7479496754093993,62.08619040648349,20.647310389398296,2.376960692323271,0.45210669136304266,81.39956635157317,30.764594345843193,2.6389818385279056,0.24308350920149135,88.15199607769311,32.27232052048447,1.6322224963574214,0.13271557523454539,52.21759757507082,14.471021499513395,0.544007667409027,0.07259562291752344,17.35742989887574,4.089128391639152,-1.0466924444014019,0.24158112462784842,-3.367988267573844,0.5242544440886773,1.520242544796082,0.7279795262434949,2.6571285345492126,0.45858112437637183,2.035222788080343,0.20258506956849928,0.8383713154721003,0.04790054358673815,-0.18264167857352334,0.529430343633337,-2.2029423137535615,0.8785541837684779,-0.377167344025188,0.352773991956882,4.0,2.7658362964586716,0.22887575447979022,100.51929843777721,27.967202873191184,53,7890481,126.90447,1.1833333333333333,0.3999999999999999,3,34.0,9141938
b8fb10416122,0.8483585937637169,0.2908302444748532,39.29644196378138,14.4196206754414,2.5087415840316307,0.7290184354786674,114.76218442686802,39.03833618501245,2.9200416486934047,0.3243184231282753,128.68166697224407,35.37068771001417,2.4739426560195295,0.02514843492486392,106.97586430671613,28.22198435146965,1.3757337462818144,0.06810509776447819,59.74793347236933,14.570873040005486,0.7060615368069382,0.06404549757961767,29.167142581067257,2.19439309807054,-1.0244801368278298,0.1835273920203756,-3.7318488142785395,0.6732443685659676,1.1808789848601748,0.3476326188508296,2.9018892676309425,0.4742664647194714,2.1831479651377745,0.23430714851560375,0.8882479869292993,0.0586445760037493,-0.14638502579473253,0.6505399385151198,-2.9362965780491557,1.0132034787796207,-0.43910796514475364,0.5214045785442286,4.666666666666667,2.8065234489085813,0.23108360471446523,87.74085072484066,27.87083180684144,72,26873856,178.49,1.4166666666666667,0.40000000000000013,3,48.666666666666664,30770192
badda86cab42,0.2279064790702546,0.08020959961117148,11.562612425939065,4.345734652770562,1.3629304901415553,0.45824038209541557,69.38033157922378,26.101787267823664,2.1765926628269736,0.563169979013871,109.31754699286297,40.00808103310589,1.7718797153915047,0.07097020773777686,86.23561513363296,34.49429713576869,1.3326236284493715,0.020513940710793228,65.92002265617477,31.561383941790265,0.5390677573005666,0.03996906798241572,26.75605166141173,11.789299190315047,-1.0632547687690466,0.01520998621567038,-2.3683188007249547,0.5667946349775003,1.4308751276507798,0.0860028222685415,1.8378589535195127,0.3694505713799202,1.5313168167196596,0.22985572028686266,0.6641710771085599,0.07663986942599418,-0.09731983073223734,0.3971021592483897,-1.1335497533020498,0.5858586529157128,-0.1084082866713681,0.31461920908684265,4.0,3.0384108017626947,0.012599363545134138,98.4240309209944,22.367542474939466,83,47458321,208.9804,1.3333333333333333,0.6000000000000001,3,50.666666666666664,54853458
bf30e1249164,1.219962564102189,0.4182467386005597,62.81205799678639,22.284886200397917,2.1274211077717453,0.5777773489368389,108.26886628613978,39.22130350802693,2.2922487518905896,0.20990528511413312,112.81312745430587,40.8860761258499,2.4614706244483844,0.07560904093932379,117.62288969637318,30.89345669105894,2.0327869326107675,0.011394955099762297,95.09491119512234,16.10489836728056,0.8724465683925198,0.001304402445270486,41.160002863356674,9.138886294359898,-1.172290149169158,0.1471939171606522,-3.285782482732556,0.5263292910877951,1.2516779892670697,0.4405637525824561,2.91214236348654,0.4796614440852013,2.2243437414167437,0.24386290633747695,0.9320311269280301,0.07149532824946846,-0.41069264875740097,0.32532938156245844,-1.855040846396154,0.807676615163831,0.20385514846846808,0.6181781026639214,6.666666666666667,2.997865297676255,0.46070130127960907,101.31486547245271,36.18108579258746,76,33362176,190.23,1.225,0.15000000000000013,2,55.5,34862801
c04fc052f2ca,0.7979703972161484,0.27461346626872063,43.34387740004096,15.812954033735057,2.5838521079136725,0.757609045249656,140.10773340383813,44.88243494576617,3.3393890617494573,0.41432540718709676,179.76055790693223,30.557681483115367,2.5895650510963253,0.009878834760414972,138.63550936936093,10.310742020799728,1.2722225303834285,0.09827027209152017,68.35272655772847,9.125900469814376,0.6347200152799872,0.03836868339137937,33.92692397664745,3.4069738927298605,-1.0348501673270905,0.1455645012177845,-4.01449982731859,0.7277238121447202,1.264891744097142,0.3030808071241974,3.026763549078012,0.5131336076132654,2.2693227155137152,0.27181313468431556,0.91727908048313,0.07598960651015674,-0.2287152803546435,0.6351435217454955,-3.2701988779377267,1.1783568466498884,-0.6215313981699363,0.3725947409616591,4.0,2.7326085513257374,0.0020071818850629177,96.96515149330563,24.666443688742742,74,29986576,183.84,1.3999999999999997,0.09999999999999987,3,56.0,40409888
c10e77a99b6c,1.5903480244466175,0.44693005518533785,50.23704034449016,19.51399689095701,2.7063329541996675,0.5744450720644454,88.21621016342442,31.987145460650524,2.7824110535515687,0.24388259591260064,88.78168893157337,16.806653163722487,3.081167230484996,0.13865094783126178,94.66018017414642,7.83896141420782,1.772360356624444,0.17398701213511678,54.5581011909448,6.181640726154774,0.6433972043521574,0.062366682721372566,20.762836040275975,4.66133059827344,-0.9551088378172707,0.15533681680151565,-4.223141618849885,0.2805091922987799,1.1242682685721117,0.5248425561737997,3.501221765057958,0.3559090745614802,2.5208727030476483,0.16093559085716566,1.0053953080550009,0.04375153703988081,-0.08605645942087803,0.556110351523735,-3.1549672142677982,0.7132920070344669,-0.40775994503689966,0.3835258241980071,4.4,2.5853111311451937,0.3053107025006195,96.85045039054107,29.249620825305307,45,4100625,102.9055,1.1666666666666667,0.3500000000000001,3,31.333333333333332,5487586
c55716558616,1.145016352278463,0.39726933914033213,36.616542278424255,13.312381654211586,2.87594102110884,0.755878329604324,94.26302734919392,30.75911570444969,3.245899160922043,0.2547338893966516,107.9482302282532,19.39548444278786,2.5547371806494814,0.05337848273442532,84.85329435103047,11.558410431900912,1.4438228660415853,0.04104200799444318,48.03998956881452,8.2177367109867,0.7282289559681386,0.11934232208694638,24.26961980172251,5.235235411867455,-0.974928791268201,0.23347217930943212,-4.179740231187144,0.6733584946056173,0.9614974249764888,0.4776083575750566,3.294004591068805,0.5055154921737323,2.408415570800957,0.23533684664262614,0.9639686781175127,0.055508272609827554,-0.18265000134242712,0.7051548675688529,-3.5390836294963,1.0845113064907712,-0.5915942688174588,0.5651204856992775,6.0,2.8810034676831666,0.3745116243484508,88.53817618098424,28.841435375042085,72,26873856,178.49,1.3666666666666665,0.40000000000000013,3,42.666666666666664,28444448
c67fbd722c30,3.1701691718104055,0.713735028915196,47.559601163547484,19.216986552651075,4.641793944191336,0.27339407278336547,66.46182179285212,25.823659707518647,5.552941110032843,0.055943134390909706,76.51093204011914,21.71581279644694,3.7685510151027635,0.12716892433570826,52.54636498280504,16.1366208744775,1.723052410204384,0.11062595655223786,24.224129073932286,7.4596635146746,1.1031311395897743,0.06989899553839828,14.384276872322735,1.928970001756493,-0.5130402091874738,0.3896706799908226,-6.892421797083844,0.39969576048178374,-0.30504927392871745,0.5629123118879045,6.390095435562199,0.671060755271104,4.117429647659908,0.25721129138257276,1.5520922478561119,0.0577435738425384,0.3970230269848327,1.4050855405714044,-8.444815193717039,0.26799168577858096,-2.4170656427060955,0.5880790486117565,14.666666666666666,2.8416884177842303,0.5204581179470239,86.83996572343717,36.11292550850611,26,456976,55.845,0.95,0.8999999999999999,2,17.5,463537
c798e725e2fb,1.8066307823998538,0.5850835277008842,60.17606000454145,21.128913469262542,3.7629984406434094,0.7639016854764871,127.58675568266686,34.92117478370579,3.970034733141764,0.18856714812633504,135.01453043317832,20.7423252254385,2.615557427374648,0.09530654349139776,88.88836573492688,13.735378123920462,1.5720521236040055,0.08374960743954221,53.35513383825511,8.51325125598575,0.8784937809022882,0.08983230091162285,29.850325276918266,5.099517873593596,-0.9154912806466107,0.27198139909015806,-5.071295182803897,0.645772218081874,0.27806010232154765,0.703374814020453,4.1927148945457295,0.5868104414153746,2.9392106622739647,0.2668720252782212,1.1539876405481972,0.06686046077247008,-0.368429141258849,0.7594494440576679,-4.920121761753162,1.2253809643434648,-1.0184468781906661,0.5469483345987294,10.666666666666666,2.9488087820228626,0.37990080600106063,94.5340001235481,36.20931667525009,74,29986576,183.84,1.3,0.25,3,44.0,31654688
c96ef4fc869c,0.5506686948914916,0.22746661270487847,20.263365431464972,8.297473642046253,1.9400253999453654,0.6844952912659387,71.40508907536353,25.893563782410936,2.1264881609974853,0.47622261830682666,75.91995975233824,29.76029571091727,2.089002613024118,0.22500421476215807,69.26346434195656,37.528847424151856,1.6560392259445458,0.18791438829638832,55.92531444960216,33.59013727641888,0.5989543473832593,0.05747669674209425,21.226906803427113,10.760137330077054,-1.0732192008279764,0.17443299775031185,-2.8712518900685144,0.5177439866409447,1.3830405169969022,0.5743879577568758,2.290291560279632,0.38484465914035165,1.815290434003849,0.18080590640183797,0.7656837805918153,0.044062916327707306,-0.17017624864533296,0.4954539785802471,-1.5475458118481005,0.7428059128859839,-0.3556414546248239,0.34761708617488085,4.0,2.841630941215122,0.09521443076502399,102.46886362475554,29.52324280929387,83,47458321,208.9804,1.2,0.6000000000000001,3,38.666666666666664,47607378
c9aa3a9d876c,1.8462913390796447,0.5437476829239754,36.75750395061826,9.558351088046333,2.888991373489568,0.7635137599798818,63.09628229138487,28.08286142900452,3.803607092445376,0.42096855394637134,78.96552328133876,27.523941486322272,3.492721686655603,0.14461166851843305,69.99750075774357,18.965266195736046,1.5892600216637898,0.11090021215832052,32.17672757543504,7.950991050390846,0.6341718483839194,0.010891006379618507,12.424233001976157,1.9288644477692747,-0.9209883515104649,0.2363721031721181,-4.963765350240642,0.6689902702335793,1.0716258948330333,0.4161897373209447,4.148200598454021,0.49619056446048015,2.9066569706150114,0.2786362509442404,1.1423814069881195,0.09262527153435181,-0.15404780203676444,0.6020924223256672,-4.346436311379017,1.3284098805553415,-0.9490766044636982,0.2514130241450171,9.2,2.9694550058612053,0.5142242766165522,94.72566279909245,37.279936475806785,41,2825761,92.90638,1.1500000000000001,0.44999999999999996,3,24.0,2941922
cabd4ba0f21c,0.24214755021171222,0.08561201047318551,12.972419585754528,4.586440884751576,1.105921477108466,0.3909727038490312,59.24638453079075,20.946007392533733,1.2003363163254859,0.42167690366462385,64.26326315731033,22.65498192294597,0.3910123792482058,0.07934833035012308,20.05745831385161,5.744608910408679,0.47440555721219085,0.13736935997376334,20.89177853744974,0.851018161403933,0.6021560743226794,0.16342254619587235,26.7946914531674,1.9936098463922287,-0.5055797180802571,0.1532963175571901,-1.1379752875075642,0.5246802233060192,0.007103908088405396,0.13229906083629608,1.0476833369277214,0.27285920351139936,0.8302478629110134,0.12216452117342422,0.36075020382921447,0.020001272386374714,-0.235816374175189,0.20179220212795004,-0.5344291754330633,0.48138871706273423,0.5979108849829966,0.5177442806619651,2.6666666666666665,2.932854941649805,9.447944674285661e-09,109.84051353604514,1.0978416296123596,82,45212176,207.2,1.475,0.6500000000000001,2,58.5,46712801
ccc95033446d,1.4329661306396961,0.5017880475345906,38.84617010333921,13.69255836235796,1.6703727606482264,0.47193678861273936,43.425870343799126,14.454739709277643,1.1671599741238048,0.3007716774638374,21.139944909551655,4.540993207840212,1.6166435683093645,0.564543710737572,32.533705380938336,18.326964794401775,1.4430743138629163,0.050267381675375346,38.9556044805942,28.47679088583743,0.7115534357851184,0.1550040994308893,20.251707067752942,11.729374506556177,-0.6011105823256906,0.27087560165205715,-2.2325132334801334,0.07388640582523454,0.2203615400474718,1.0127167781676276,2.276161347954066,0.21280262517499127,1.6121681169045818,0.023424388350259163,0.6567778560662413,0.01227528216971226,-0.16099943122324684,0.3398528233911708,-0.8482429057354248,0.37074994231034186,0.6749729477123493,0.4836092493563988,2.6666666666666665,2.335161828953871,2.270140742055853e-09,113.94573672258585,12.04939132580342,82,45212176,207.2,1.15,1.3,2,45.5,45218737
cce78d90e899,1.0394684424409981,0.3639303968589221,38.65913875877961,14.596278194329912,2.743234324405535,0.7424092411963809,103.89529524545208,37.490787260117955,3.1268514504560865,0.27762626013964253,117.20714754317514,28.682412317523987,2.527990220640148,0.03722288991575523,93.40467387592817,16.88191401769019,1.4197249333861655,0.052726291057174336,52.63168810220555,11.065504093563046,0.7215972173520505,0.10308343563626968,26.24035314448595,5.235713200672364,-0.9906643543747241,0.2186759034026804,-4.021166606825187,0.6726369337697318,1.0443719747164448,0.42675955813769,3.153273977337426,0.492797943782241,2.326905133109666,0.2336446259179148,0.9362025117945798,0.05614988294734089,-0.16438325219615102,0.6855058909748533,-3.319211205744161,1.0513873587877054,-0.533470886786537,0.5529001697662873,5.333333333333333,2.83433616300783,0.32127393708337587,88.13500411668566,28.414320813520842,72,26873856,178.49,1.3666666666666665,0.40000000000000013,3,42.666666666666664,28444448
cf7927ab6730,0.5498732461532491,0.4798315553663409,16.830315717173498,9.090359381302731,1.4215808239387737,0.5074726848170363,60.18215430883261,18.75339231667942,1.7007247475557925,0.5137138459781285,90.05351084348467,46.855462307618126,1.4408300500540179,0.1958357561057418,72.64714738080525,23.77942668992328,1.4076745005673694,0.13332028377908658,67.38009309040999,14.57079299933693,0.8107480292891666,0.08506777635147837,38.869065532804164,7.8843539217580005,-0.9972463166867584,0.2991329941369331,-2.038932353489966,0.3989969063604534,0.9185360836596509,0.691798829214784,1.844893223731876,0.35049441087126443,1.4997737488024627,0.15629710713526213,0.6549923936497898,0.0526532519615496,-0.26184019747264026,0.2485416374273659,-1.0314580352119473,0.49959586728693517,0.3134737562711864,0.5371396976081746,3.8,2.946110932591861,0.3173280907566178,105.34730812966305,25.541490046864386,83,47458321,208.9804,1.3333333333333333,0.6000000000000001,3,50.0,54820562
d13cbee86f79,0.388193003036445,0.02402433155638246,21.339570371397755,1.9940223582609862,1.5565463918910778,0.1536292287802259,87.27792880136295,12.752300744903394,1.534940048266241,0.23142367446982828,88.47607440967491,19.307763862354875,0.6228607256245297,0.056457920559877285,35.27422376096706,6.961663867605318,0.8841111847615988,0.11823312505996078,46.26085698872948,3.067298610384152,0.8672894871850456,0.1351235104092974,46.00431792263809,6.867069141416397,-0.7618331065491393,0.10710595399750748,-1.5886955188806604,0.27054750367180186,0.13034701397911322,0.043397407826375405,1.5022508444299825,0.11056894104475541,1.2020613808806746,0.03538307480571728,0.5256469596498828,0.0038645045797028573,-0.45402582190052276,0.045782623955879426,-0.8205915207710128,0.3521996152022167,0.9888176484925335,0.13444592559672838,3.5,2.891998376990094,0.07396120942592652,111.37020474725351,9.997930682238717,83,47458321,208.9804,1.375,0.4500000000000002,2,58.5,48794657
d2a7ba833570,0.15460096311350674,0.08894956361435483,7.030839073112962,4.042860647585075,0.96951203178541,0.5418030620387352,44.195288072460826,24.56480031208632,1.6220133548319429,0.6793984761330618,75.42261394256771,29.90122649069067,1.2990242768567708,0.14509079303343106,64.92159054813179,10.273267869944565,0.8091066528716164,0.24519975959438184,41.51587656556559,15.016181615628225,0.2288195825753887,0.03103243997933937,11.138029384024048,0.06223313398395494,-0.6033804797126873,0.14128518760400485,-1.827485247089424,0.5851788763569594,1.048867792863168,0.34887124216621146,1.2959189613253155,0.35268240441222976,1.0328693552178876,0.17543164997123514,0.4287621739827956,0.042028271343411625,-0.1381225326560417,0.28649693380305147,-0.6239911358945961,0.7028304599063141,0.051311709860018324,0.06270037060780878,3.0,3.0589521883893696,3.227302179127715e-05,102.5692422104323,23.568075915931427,53,7890481,126.90447,1.6,0.40000000000000013,2,46.0,10203922
d37ba63794ad,1.6486579502559635,0.5360884348398242,59.351775325403594,22.938201880756377,2.583756154291848,0.5439538222492879,93.38577110953952,47.82404618934095,2.9372287164303716,0.20130110243405522,103.72551576465092,61.27588405439415,3.1049119573077264,0.09770969081166274,101.16201223609193,40.75879715613168,2.1540534806804783,0.006252605008597249,68.62533000309838,25.773841776158594,0.7438289670152424,0.03911548293329762,25.1533529030033,12.247034507632314,-1.069571608488746,0.17735176670072722,-4.278215974501962,0.5254511495460074,1.3678026670701418,0.5258292326221212,3.6497607419261127,0.5449486431178834,2.6486540194785557,0.27019861054557764,1.066362548959527,0.07972170520947804,-0.4664968962390172,0.39190561217447206,-2.985928427438967,1.2207046895799953,-0.426206785288511,0.30374915306397915,6.666666666666667,2.808689472533275,0.4163013972214207,101.27709517252829,36.02675482213027,76,33362176,190.23,1.15,0.30000000000000004,2,46.5,33445697
d57228736661,0.7452869816957157,0.10586001820549104,47.76181650364855,6.784853095087124,1.8026093380812345,0.3797289871569639,115.5673844013331,24.34288462347848,1.472129181478408,0.2960855252981878,96.31608455248588,22.046560515728295,1.3504144772080735,0.39223169608243874,93.48033568489285,41.36491943699129,1.00046571237769,0.3183474605406631,68.74567474426551,29.639452712507136,0.4306649816652982,0.19269665318525686,27.84290728775056,12.548304447171802,-0.5289619162041986,0.26468309641013654,-2.2638702551637246,0.49945047615437543,0.3863060465292764,0.48284732670478786,1.8707655477836007,0.2605974449000193,1.3552739417885502,0.1613273728116767,0.5426213312848637,0.06832221308961967,-0.23157124889036507,0.31705600940731005,-0.7540911101761876,0.6437988578158941,-0.21613072893023322,0.331534300762531,3.0,2.659601453014561,0.04462317641584783,113.06080533841886,36.9042557315684,79,38950081,196.966569,1.375,0.04999999999999982,2,65.5,46261697
d59933910be2,0.5516174014456463,0.31086230714276275,22.801618290126278,12.898232997706168,1.7650394057153307,0.8497484789515326,72.15595974200008,35.75236209878138,1.993222540519469,0.21617909874652483,77.3825611629411,12.356410176657352,1.4918081588914143,0.36355851083917506,55.11954714206925,9.091282813925758,0.63545788268133,0.02265511878137539,24.321101320644914,2.7255687140137494,0.29052932430325024,0.04242924479938874,10.911715763441249,0.40512565578139664,-0.5121122629457407,0.28304515507918243,-2.49681484836824,0.5249766915904593,0.48904044277031555,0.7077632630682084,1.8782245421130401,0.4034154271486362,1.361932209033799,0.1520488030801797,0.5384563509169101,0.02015452630303135,-0.15520486811898446,0.4604295077536405,-1.1980104351761183,0.9148029692014238,-0.08757903022453797,0.2143664040207678,3.75,2.8985346184101406,0.29122741091631116,89.48680653808522,30.187770844882497,49,5764801,114.818,1.35,0.40000000000000013,2,42.0,7265426
d59c550c4a3a,0.2790781183453485,0.15976890656393036,9.333598731664043,5.316771056671777,1.2995149582265122,0.6993344935492534,44.22222371521535,22.82226022074605,1.774223793637069,0.5459526056317141,67.39044262966522,13.23210913384956,1.4224272715135666,0.2693477072267364,66.50319108492747,21.948091144523694,0.7649807981915882,0.11891090138557381,35.995176189402436,13.703388931203166,0.22283606643240586,0.01243272111586261,9.829173664727975,2.6093492208023905,-0.6004317890936167,0.19740954161488597,-2.1010482597133917,0.6017725724387203,0.8663945825115756,0.46956992068000336,1.5289741575840998,0.3888060653926443,1.1767830117905103,0.17703479157413984,0.4813360230445423,0.03626640049412559,-0.1338673332706729,0.3771054565369795,-0.9010982602144427,0.8051160869078603,-0.02574783864114323,0.14545970595989552,3.0,2.9281401110486183,1.35878555668813e-05,102.02979156728406,23.54631601375051,53,7890481,126.90447,1.5,0.20000000000000018,2,37.0,8084962
d59c96fdfda1,0.5675915308171863,8.881784197001252e-16,23.403268423031804,0.009052265640876911,1.6887520267900349,6.661338147750939e-16,69.67017796795375,0.4281004843029237,1.7201207387287631,7.850462293418876e-16,71.38345200450243,4.796783247296823,1.818060653731727,3.510833468576701e-16,76.18454299388378,12.734163325330016,1.2346652506038116,3.510833468576701e-16,51.6764115340721,8.00952355814233,0.4190629462680098,1.1102230246251565e-16,17.393134341859287,1.1936002374729302,-0.7544679966931481,3.3306690738754696e-16,-2.503831182968648,0.0,1.0437452949180328,1.1102230246251565e-15,1.954700866155033,4.440892098500626e-16,1.4931862746715487,2.220446049250313e-16,0.6124495294929965,0.0,-0.04723433682015893,1.1796119636642288e-16,-1.336025250132044,2.220446049250313e-16,0.011320964491366853,1.9515831850840137e-16,3.0,2.741718200101704,4.7357309573684385e-09,90.87323899128079,8.814471836068615e-08,50,6250000,118.71,1.2999999999999998,0.30000000000000004,2,42.0,7586336
d6c3ab6de6b8,1.6090625352346983,0.5544828615198869,33.96811184040812,11.881532965290072,1.6966308239709977,0.35954929829375565,33.27336737411315,9.73078339376971,1.3654728859562149,0.503395804409877,18.528504269649698,0.08365452996496697,1.6763404576060725,0.5253363731820556,26.72880580717027,9.99326870012211,1.4390782048656978,0.05020493454164375,29.46480422053895,17.357185960970266,0.6966503890141847,0.1689980197683482,14.942655824061257,7.35446261928165,-0.5209857091583207,0.25359338831483796,-2.4243294651295924,0.2080348664191279,0.14139762706143086,0.9767911243091922,2.471977924099579,0.17939592310906108,1.702552343911645,0.00488366952497089,0.6807759686566603,0.01448214398423958,-0.138842534379696,0.32914598554922353,-0.9043628069352057,0.22605789086443362,0.6068124681642325,0.3577326834668409,5.333333333333333,2.866213303655993,0.6020202606184559,87.46882452987371,30.818091701587207,50,6250000,118.71,0.975,0.95,2,29.5,6256561
d90f9a6ab379,0.1985456346910398,0.11401381077228698,10.119127211222766,5.80959865932361,1.1011738923681011,0.6076514100378609,56.16632630690199,30.937030304836316,1.6812675273926048,0.6441500606270589,86.25580993296774,32.466473473274235,1.3497783432314625,0.1644421051663705,70.45669301058285,9.592210336867069,0.8243341604824532,0.16319363755957222,43.146818757113515,9.516516790461095,0.2470833266636957,0.007805068589976377,12.83459440384081,0.024894937880640847,-0.644645744073843,0.16177411773133152,-1.9093993816237118,0.6292538184220421,0.9747832924938461,0.3463848324849584,1.3936507253162973,0.38138648322742796,1.1072566268933937,0.18635119381637383,0.4622934236618008,0.04271256593151676,-0.12664201617716037,0.32992069319689893,-0.7022722984378462,0.7726776311566204,0.009120625779003293,0.11749125619954494,3.0,3.0054910248724465,7.8098478505395e-06,101.78114505688308,23.55536071097117,53,7890481,126.90447,1.475,0.15000000000000013,2,51.0,13655282
da5fd2bb47af,0.36203823475382535,0.1342340359526173,13.918058506540168,4.982380707015605,1.657897835052759,0.5841249986069676,65.57605545601989,24.313978477479463,2.050441375136497,0.57326452724641,82.44806351542728,29.763194769468,1.7573743997176112,0.10228005211691607,67.34112726229897,18.749059816115903,1.6274897749162045,0.2329655391893559,61.20416007065504,17.121966960222185,0.6354725620913472,0.010286600098337647,24.41043245118259,6.868215170770376,-1.0952288429657673,0.13734738173848599,-2.501682276484044,0.5588020000457697,1.382136422396816,0.40881504668087265,2.012253258757178,0.3645764439865985,1.6489769466311064,0.18297193441065704,0.710533333519561,0.04705440626439013,-0.2704019526367738,0.35821904963547163,-1.2907214697244964,0.7317648108763681,-0.21903644412303833,0.3883725584975158,4.0,2.9368038612904352,0.043701236256655264,102.83173389099775,30.534052687294388,52,7311616,127.6,1.2833333333333332,0.44999999999999996,3,40.0,14160338
dbf3271b4bb1,0.3028030407308658,0.10705465163424463,19.772807509719872,6.990689852269038,1.2151328644812038,0.4292397541173391,79.34380931238876,28.043716279235028,1.1920011348476478,0.4070468633623575,77.69898364734283,27.120581580930647,0.613191903393243,0.07396257661201865,38.61751655675041,9.663550851338677,0.8820923133944479,0.09139975635682765,53.29537180965982,4.905909349025737,0.7218935289333602,0.09748377963759713,43.08102498746621,0.29961883014773755,-0.732315578437595,0.10415190489342016,-1.251458630106295,0.5061852740166246,0.24757323172455503,0.1630007904695534,1.2335664169569223,0.30419480571923374,1.0232792278653593,0.1573514789105915,0.45863310712851096,0.04020757378256411,-0.21792313612806447,0.24194972941266799,-0.5964302066089896,0.4695929064310356,0.5389672821032895,0.5709064591240322,2.6666666666666665,2.878621763279831,7.498532300447476e-09,107.11700725338504,7.488797632233491,82,45212176,207.2,1.6,0.40000000000000013,2,67.0,52523792
dc4259e69783,2.487654642510475,0.7371503463825526,56.326969038399575,21.369094975984382,4.386749860122957,0.661140584373229,97.83945460394801,36.835803386066594,4.1988653565787715,0.14819131063355725,91.36531446359227,32.11531720885346,2.7735294519788165,0.04751408014075202,59.20630699920505,16.426620095013977,1.8116435934755355,0.17788567423682938,36.67192393260967,5.950900601469054,1.0880952584245664,0.04624021458242937,23.175468837391474,5.922338632830172,-0.8255445998336723,0.3101713053468199,-5.6707068782602015,0.5377799323117481,-0.2362887149093481,0.88793167464197,4.944186317372857,0.6207705287286334,3.362184120960011,0.26839481138708093,1.3026455958289522,0.06786612055341315,-0.3647133553995348,0.8699841686432224,-6.354933982243392,1.4231921299271937,-1.666357359709175,0.3930473170001085,10.666666666666666,2.798193605471512,0.36769127152840836,94.57501341557196,36.28610011041717,74,29986576,183.84,1.25,0.3999999999999999,3,38.0,30383888
dc750358a911,1.0979194637493939,0.36064480979398034,40.81083159629959,15.14947372640646,2.375322218318069,0.6106097628054066,95.33847208554577,37.735705007609454,2.250307383153499,0.186136009312349,94.87652990616019,21.816226421351782,2.5636018273924703,0.2108009363658468,106.47251235830353,28.54248666454329,1.829527881803693,0.150124312670746,72.76551517741984,10.7562473564415,0.681891255056972,0.06313273634434587,27.588299794178035,4.431861533440824,-1.0561039735699287,0.144209273980539,-3.4486549102802124,0.3249779162860685,1.2182663680045174,0.521523366924413,2.885069230513193,0.34239047888185187,2.173530424884072,0.16036581852290643,0.8946197218242663,0.044383646476758,-0.2960703308361914,0.4181203181763002,-2.133394915378478,0.6219467629431559,0.12163625293313507,0.4936156275861912,3.8,2.610441392436608,0.11097163891634,104.99250486322916,23.383773419615213,52,7311616,127.6,1.2333333333333332,0.3999999999999999,3,37.0,11110337
dd6289af8e01,2.0659838673751447,0.12313960358547638,79.08758624144093,13.260170323043265,3.121190415134237,0.2961462057272535,135.3136835595177,58.52466938319879,3.5220718226481487,0.25265758942742483,164.11783507152015,99.46858353185998,2.9541591933751628,0.48339123160904024,139.82856452575146,79.71682224111393,1.9344960691992361,0.5661893319990247,93.8089500264626,49.44233859034353,0.9015969707931513,0.14686544312698852,38.687649939711484,13.684510498095976,-1.0050812973525618,0.2921161968005183,-4.694685592304959,0.4906060891191975,0.5803684906052814,0.45461213794363836,4.18585392177385,0.43610623510616836,2.9502329847151865,0.37493451951646634,1.1780260014371595,0.16697700638950316,-0.6736815204188953,0.2925879451946714,-3.625901547070021,0.8998714564176161,0.05240168007457041,0.5331694883384891,9.5,2.8958324217781066,0.4536529773259774,98.05445931960641,38.31446687543522,77,35153041,192.217,1.175,0.3500000000000001,2,46.5,35218577
de5756e4fbfa,0.3249064164849009,0.1437682684446469,17.330405460849576,7.633145852391075,1.5305080450451831,0.5706793616183676,81.71149347658924,30.57275602208831,2.0183824754511677,0.5996969254626254,106.58107225707192,36.84444337093856,1.7455769094304892,0.09139175416541939,85.47416757495513,25.06881985573333,1.6314637096131062,0.22880518751421935,76.8558392619609,19.005384168293748,0.6486272946084275,0.02606633394774113,31.45553680996082,8.427165310521618,-1.120277746753688,0.1297683812236595,-2.4036114998657516,0.5890570964008776,1.4450174448847548,0.37075581178409417,1.9424909879664993,0.37550165067256497,1.6139109683995179,0.1944187592763912,0.701328314357868,0.05207044189102082,-0.2443739369269652,0.34305735591666187,-1.2025689758081854,0.6904179214532093,-0.20779019312687552,0.33221217896300576,4.0,2.9774126867616353,0.10526557939378911,101.89499480167277,29.72572832207913,83,47458321,208.9804,1.3,0.4500000000000002,3,50.666666666666664,50295282
df0019ec24b5,0.33728671806227295,0.18766629632976298,14.565451857005899,7.692866187461049,1.4415892962183747,0.61054084232805,64.58077926356258,25.38898582378025,1.9410999252376637,0.5858714814335438,90.97738384083057,29.717351376175237,1.7946159576947425,0.17660445697508903,83.67789912160312,18.774243237002782,1.6395129093871936,0.2083146242965596,74.26421157555549,10.473290876243702,0.6546872045029891,0.0478802421370589,29.468454176892887,1.4214279713270523,-1.1348727585562868,0.14191561494134794,-2.33876357983244,0.607260612694513,1.4901656254121207,0.42679426830438916,1.9087019630443454,0.3958254595082464,1.5970713558130987,0.20577714247865048,0.6975995793084545,0.05626805838455422,-0.23124479623427596,0.3241437347471411,-1.1150088909926492,0.6610661766386907,-0.13101057408163294,0.28455856557171966,4.0,3.0092062990478166,0.1909005717066005,100.84712689975788,28.81132804363284,53,7890481,126.90447,1.3333333333333333,0.30000000000000004,3,46.0,15992018
e03e4067ecb2,0.41967074151063793,0.14837154553518073,10.666538596751222,3.7711151283101247,1.3716925776019073,0.48426707727591,34.858132441682564,12.312412437241326,1.0868003117881104,0.35808027708023127,27.41701656162868,9.258900817701353,0.4427946147726754,0.08093882839915162,9.420172092224957,0.4374039500849667,0.6761981193932751,0.30646353688689315,13.170916373565918,2.943148386356978,0.574897539016236,0.14296891134509188,12.32577639446425,0.9374856032426574,-0.4756550945566094,0.24517645272138855,-1.307934618872391,0.4606515769801516,-0.08893033892335696,0.4330310302098763,1.225572934994304,0.2565296087708317,0.9287331883596641,0.07764981256571657,0.3929506312348498,0.00432606687739379,-0.30985599218029436,0.21493721082431075,-0.5536260128017781,0.5785981316947144,0.683349721848009,0.5329084463308044,2.6666666666666665,2.793272237536633,1.237818587849066e-06,112.50443378120622,8.45229975077318,38,2085136,87.62,1.5,1.0,2,27.5,2168657
e20476acac18,0.030057969466009082,0.010627097008363803,1.6375387556635121,0.5789573787262666,0.36562771690401324,0.12926890194860935,19.919161756508345,7.042486273176381,1.0537487346570495,0.372550012899497,57.40754126653908,20.296290640210714,0.7201008576841952,0.2540171228994627,39.229825382983336,13.839308861837146,0.12935891959244142,0.03331999409754901,7.030099926575367,1.829491256205088,0.07688437421675974,0.03738419371186034,4.098794853786338,1.954531081480447,-0.3004165104337417,0.020524275059136687,-0.9351347915903515,0.40353727015108326,0.48850503175481896,0.22582812790176623,0.6276926464726159,0.21218056926047585,0.5047390143265279,0.14473112717838404,0.2108042866038987,0.04851678346544983,-0.10118560674242254,0.07979505153558464,-0.21130653304649646,0.20044424665445615,0.24774562798895552,0.20475604489451366,2.6666666666666665,3.3410365715522,3.5897516270644303e-07,110.81761617298095,3.9079295664708433,56,9834496,137.327,1.775,0.75,2,54.5,17724977
e2c90519357b,1.237327054921165,0.3921411325290735,44.64050805424159,19.112741126215482,2.5602044122246683,0.7348356745241632,101.49625163111631,53.16405184376492,2.8561010174768517,0.35692015602914046,106.03570167727102,34.53756305280779,2.7481800842985544,0.325497858200685,92.96385312290205,12.421037978595189,1.654866618341068,0.12708335162485854,57.159783833174444,10.912333467254259,0.6680978185815727,0.0628062546414939,24.28378385233225,7.164111189034405,-1.0154025754542482,0.16669524720678366,-3.9338547952190495,0.5164323974790707,1.1514124845991547,0.5735937877154733,3.214613425323802,0.4398162017741128,2.366769246810875,0.2259458897403177,0.957182113703183,0.06754524758685526,-0.24553939602586058,0.49826625982427364,-2.850008301193871,0.98585632891003,-0.38257946337110466,0.4436186775429643,6.2,2.8953267715857463,0.4180750170844466,94.61219649507483,32.04063191201694,73,28398241,180.94788,1.2,0.44999999999999996,3,40.666666666666664,29785202
e688959ea45b,0.2636829657614971,2.7755575615628914e-16,13.44524686711287,0.00010085952678728916,1.2354053853931437,5.661048867003676e-16,62.99365021857291,0.009030762662220582,1.5435973384537292,1.5700924586837752e-16,78.71020790500144,0.19157898907033655,1.3213743626778842,4.440892098500626e-16,67.38657783645715,0.962913491718453,1.2284289584697463,0.0,62.64907535423073,1.1466809892549499,0.4821081420629494,3.925231146709438e-17,24.58596040327197,0.32352950935479363,-0.828819327460296,2.830524433501838e-16,-1.8750994287913034,2.220446049250313e-16,1.0542756873768675,1.0053497077208614e-15,1.5069776583243275,2.220446049250313e-16,1.2380689470982915,1.5700924586837752e-16,0.5341053978965142,7.850462293418876e-17,-0.0052636351603161215,2.6020852139652106e-18,-0.7730402342176774,3.925231146709438e-16,0.015789929519631943,6.938893903907228e-18,3.0,2.94060510457147,3.076743174970364e-09,90.39009412029422,4.0292769533858944e-08,52,7311616,127.6,1.4249999999999998,0.050000000000000044,2,51.0,13561616
e8f4b479deef,0.7242548701648925,0.48013352919616725,20.957469452982803,9.012444084495513,1.7864374827113116,0.38490352362045205,61.5717425519598,10.824256110665672,2.0701903804951423,0.4575742254311891,81.90493825510957,24.65245908432517,1.8824982298431394,0.17829538870261832,73.3352666910706,15.69848200207127,1.6363941586275055,0.24007471829812366,61.888745114771176,11.162296801170795,0.7603975283889775,0.055457569407684745,29.548533244444787,6.626233470061617,-1.0401160001256582,0.2629003536292148,-2.685282545060257,0.3329239198790093,1.1559771198189195,0.6295626750075419,2.285288332882566,0.32433568243032207,1.7932722933303862,0.19590449860207793,0.7595293773595404,0.07971470448068196,-0.28082896765415516,0.22743148862876472,-1.383007786866366,0.4202269795655879,0.13297652478620195,0.6904545318500152,5.0,2.9835301716623905,0.37150039613783065,99.22975555863609,31.108271225084675,52,7311616,127.6,1.2166666666666666,0.3999999999999999,3,33.0,8410817
e9b63ba77c55,0.7575120088948335,0.41882899535015117,19.364754046991436,10.865759171329694,2.007921142084726,0.869327198760071,49.51032418807249,23.687425688300603,2.065121429160267,0.0024722328789104036,44.27480435204424,5.985880077206352,1.4298952502791176,0.3870499378811392,28.191406001828383,1.173694626302206,0.6173060507086343,0.019502193750400118,13.692751493190613,5.159816682711632,0.308765319976167,0.07772935846130057,6.187030056419248,0.21481458846470605,-0.3810370656276472,0.3398104446550567,-2.7208951408264577,0.44066551274408367,0.25771264820630035,0.8578875895809955,2.063102610218588,0.3925006633770499,1.4301540556449537,0.12215814534660359,0.5465973836050746,0.005261585004620346,-0.1893871048420639,0.4728056673706671,-1.3086524067092578,0.9591940560228622,-0.08049263895523164,0.2636524772183918,3.75,2.789840992328086,0.26198288383637747,90.17013282290667,30.030356098738356,39,2313441,88.90585,1.4,0.8,2,28.0,2396962
e9e5bee778b6,0.8620993029434667,0.4726756393202279,28.44171112588498,15.54331154476457,2.1236382724269434,0.8625960255353762,70.60058365142504,28.013687220138532,2.1785795267458115,0.05122492374392418,74.1051351120202,3.339522877828516,1.4717535078961101,0.2785556881040704,50.51523330226041,11.205787231613824,0.6797271581863259,0.03767641911875957,23.173026721706215,2.2722089894776185,0.5308408890846852,0.09832979480601282,18.210484896083717,3.7504004001800775,-0.5277584956347531,0.34327962714476257,-2.76118075316662,0.45740433122529417,0.15182032865208916,0.8578416325325522,2.228376879747552,0.4211723132959823,1.5800205447166886,0.13792537874360478,0.6229640558639815,0.01101450177299373,-0.13440664632434432,0.5213638555808565,-1.580425714797597,1.0580711821958866,-0.1303201423394385,0.48140990211853696,3.75,2.7518532255555574,0.26979194009604796,89.42320036998164,30.0206933155023,35,1500625,79.904,1.225,0.15000000000000013,2,33.0,2424146
eadd37f03ca5,0.5328573204990159,1.167055121521967e-15,21.737397453869463,0.008266402593191557,1.6467558989258366,1.2262814116578437e-15,67.22628340667494,0.42687391204428593,1.669633694189314,1.1102230246251565e-15,68.73878407135119,5.222742592238159,1.743853311194492,4.440892098500626e-16,72.96416036273976,15.139571222592199,1.2468179902790881,1.5700924586837752e-16,52.11629474023434,10.397872197488145,0.43076398694274903,0.0,17.776154734891144,1.6919647893032046,-0.7642370769550216,6.661338147750939e-16,-2.412939922278702,3.1401849173675503e-16,1.0305525746427069,1.2262814116578437e-15,1.89645766486009,3.510833468576701e-16,1.459741079158468,0.0,0.602431799302632,0.0,-0.046638371982519425,4.5236053827798003e-17,-1.2795272634796766,0.0,0.03232984161510015,1.8391341617266759e-16,3.0,2.759828204085439,4.163428303523958e-09,91.19436698803686,7.115499250146368e-08,52,7311616,127.6,1.325,0.1499999999999999,2,42.0,8360192
ebcb2404504e,1.4529828920826888,0.6876519740808853,27.761833588013133,8.540513146906145,2.243937428998357,0.6042937585554095,51.77314437229798,23.178977427029892,2.881098319679824,0.5475033998720942,64.85230155887193,28.15049191428602,3.170376990647275,0.17162970253778528,67.83879458243855,23.874654786045237,1.7948442098267496,0.16228115311182226,38.65286868244108,12.690993735449561,0.5549685788292844,0.05499102499599255,11.90416022145411,3.478269907058717,-0.9479846724133271,0.3826289721726466,-4.039716960884244,0.6015710710654285,1.4098899336752466,0.7372467989572952,3.4268378686926084,0.4299402699172422,2.4653104478893186,0.24515136030364765,0.9877155586148068,0.0937141307705934,-0.099200480151072,0.49620085321729673,-2.83264274488236,1.0042795600701087,-0.3914781797571474,0.3945083706634136,6.2,2.8638033517148305,0.5179143642349888,86.82773909028845,33.84690694033073,48,5308416,112.411,1.1833333333333333,0.55,3,26.333333333333332,5424577
ecf4b958e9a1,0.8972637106963448,0.24098123948424827,27.544645257670883,5.086423722850732,2.306380445816741,0.3028095478952527,75.41066444441768,2.025554600529083,2.7970406214578096,0.13714809016320786,97.99599573532919,20.651854180584074,2.673316008803479,0.3377870615341745,92.48965121539537,21.198102967253693,1.8734964993810461,0.5429898952645604,58.68529740942634,3.7411471986986893,0.8029188704431978,0.21062561108018435,24.784927294870172,4.076678429836981,-1.2341647403943639,0.24648423880965983,-3.6797865431174364,0.3758250478590157,1.6079262211138365,0.22265321879909977,2.956711209997651,0.4388541724135607,2.287532317838017,0.3558480702568592,0.9516599136454614,0.15882206776348431,-0.3402286959305254,0.3196549246064321,-2.494361052934844,0.46058994501354583,-0.07509576980771793,0.42695500931713354,3.5,2.6598352803912912,0.10897075112485272,98.63628208384695,22.296957478253383,52,7311616,127.6,1.4,0.0,2,37.0,7545872
ed3311682142,0.5311308294882825,0.00014635846937691976,26.53500089005838,0.0070245741513987195,1.6092591314576599,0.006101511272549355,80.38660559098389,0.29267180896221584,1.21452423092712,0.06026613368486649,60.55979129709317,2.8777391900657774,0.4731894456317648,0.1410037034548477,23.36951262186252,6.501259813644088,0.7048846845473284,0.0770894762744175,35.0874649546063,2.5741686280837395,0.7634454870912861,0.0010948352493943881,38.1626690102319,1.1015138914612443,-0.5822776803662314,0.04378331935231297,-1.424290229416666,0.10508905855945394,-0.26337884248741206,0.15240939780501334,1.425220919843786,0.062039869950695624,1.087059291061707,0.055337700033027806,0.46679918920674734,0.02320046249199081,-0.44339468141217686,0.018590076255974624,-0.6595067208027661,0.09346590286616134,0.9857904525033043,0.053218462431656836,3.0,2.760391052130611,0.0007453558320347752,116.64914007526492,0.025069255656216868,52,7311616,127.6,1.475,0.15000000000000013,2,50.0,12620032
ed5f6e977271,2.0309181487553696,0.3851198154042795,43.97471084949488,8.364953860293765,2.4858181958092556,0.48643742187335903,56.16630243081544,14.812200139329873,2.5203655025631364,0.6677503760595266,60.42797882549802,27.467919643041082,1.9545995183065386,0.5870602789524355,44.77258805913949,17.304767285686488,1.0402791733843968,0.37428278478020244,21.495846349874697,7.110363477200447,0.5900861427061432,0.13185200485186852,12.031002081347896,1.8179394984305832,-0.2996623367426982,0.36296922406202586,-3.5523389140519623,0.6191217854471746,-0.4038914352871687,0.9799952493756022,3.3171063419693207,0.32692573067778996,2.151931821494246,0.1731994845582288,0.8150291524668061,0.0673149596208554,-0.2924088147722946,0.5889567944793822,-1.841933471507969,0.4299419868589635,-0.660658075376149,0.23587836622777433,7.5,2.825703211195573,0.5113343736039427,98.32407923007983,42.15083819701985,29,707281,63.546,1.175,0.3500000000000001,2,22.5,772817
eea8aee9e120,1.5181872199404247,0.7319480496632392,51.93494654873449,28.838414460637303,3.2172066359802765,0.6618529902287469,98.36796517936622,47.56087696835375,3.5294753103976415,0.3388562075364024,93.9496271931188,36.06999601219605,2.2864159897704006,0.08636785915438501,61.81941926724857,22.340782014477426,1.4738597559480404,0.0464244618568606,38.32183179758618,8.178596187120764,0.8565066309084999,0.006708052995163774,22.854119947711887,5.811352674675066,-0.9035495271942222,0.2998625441609642,-4.38442832361192,0.25317463689519054,0.3650893184342643,0.9825403027392146,3.657926571177261,0.46448400064287365,2.6003887176452856,0.1700849746488669,1.0330433788461566,0.03589151439472569,-0.380957115037226,0.5146273993585023,-3.8737639984726164,1.0440969408230107,-0.7865238246363493,0.5041419489678721,9.0,2.931252273893125,0.3577596122405707,95.74640445593144,36.00082568081035,74,29986576,183.84,1.175,0.3500000000000001,2,45.5,30070097
eef072f845ce,0.860774633654361,0.3067167463706772,46.51402107869004,16.818124913390392,2.6622959541666895,0.7659059748139523,146.1529282662228,49.08791885992857,3.361830354056853,0.401307138114328,184.33044360452433,38.87944857182238,2.5775189215098755,0.040754109619238234,139.92039186207964,17.63833137837647,1.2942940475468396,0.09305135910474242,70.53883029029768,11.955328874760298,0.6523380778671294,0.05616348383576328,35.13751264424115,4.770035596065145,-1.0239711756476864,0.16477753669279066,-4.071527258083655,0.7272064977686843,1.1958461651829007,0.35056157590403214,3.092258523318842,0.5183599565936474,2.3054223144143458,0.2701120728388901,0.9295735926393811,0.07446779691662084,-0.22831340363891472,0.6506325718402248,-3.3666279571753646,1.1849118334507236,-0.6358429565486691,0.39659815410855254,5.666666666666667,2.9299045859869426,0.3391443677264017,90.81686397213775,29.536437297919697,74,29986576,183.84,1.3833333333333335,0.04999999999999982,3,50.0,37629968
ef8df28dd878,0.4145486689101946,0.23570509840961407,22.015145804300666,12.583505967050451,1.5587692352959515,0.7973752954096719,81.38080393113313,43.42500189741672,1.894840059081528,0.3752862172116891,89.67693492719212,27.41609255711855,1.4789005518192908,0.3495778757495179,60.621459881563446,2.136213813841611,0.6842420669881342,0.058095926879256105,30.596806654370287,9.201632711838963,0.24065377597912785,0.010098764489557478,10.924343543947588,3.6916594053208462,-0.5475509793058464,0.24522906724626511,-2.329243106525526,0.5615029571551021,0.6756799664900455,0.6097327211776992,1.7157278244505298,0.39701572391500006,1.2743672910208201,0.16326793026993458,0.5102235731858455,0.027239645042106922,-0.14913931140348116,0.426444481703937,-1.0631981851703716,0.881095451668978,-0.051168336456463764,0.17668938345736837,3.0,2.830273617223812,7.71920186796794e-05,102.27326380402984,23.49444144534701,81,43046721,204.3833,1.525,0.75,2,58.0,44547346
f0b8906970f5,0.6556537137736497,0.6014237297885991,18.266926832192258,13.070698996634235,1.270126731489613,0.588089816658013,49.094429286016535,11.594551063375974,1.5254980069721735,0.5282589325698183,82.3930601799474,45.61690098124443,1.5402759057240927,0.2821908307952425,79.1787454113024,29.975972762600673,1.4355186247010976,0.07840750246364606,68.64273735462051,14.185447475620478,0.8059933192240722,0.07862975943556812,39.09934205592889,8.4962702718954,-0.9935634652449113,0.39177111760281674,-1.9325648121805792,0.41345891996554185,0.9335906393607128,0.8870980380357619,1.8263695596744043,0.4023354093232741,1.4833012529016603,0.18056839131196536,0.6509010930417041,0.06897949212223599,-0.2128036397151524,0.2621243838526666,-0.9195769642952201,0.5163056347420109,0.3525834325797767,0.6649180516146377,3.8,2.971949591159285,0.4106150080443177,104.33804672081374,24.814864158022747,82,45212176,207.2,1.3999999999999997,0.8,3,49.666666666666664,52574417
f1e78a09001d,0.22460534564095438,0.08585941439169224,10.779535726881386,4.390750611283485,1.3369395705564362,0.4673502416789291,63.35119794500945,23.327654242254905,2.1989726168887027,0.5897915612823332,102.42910238576128,29.605949965580077,1.9439508088232238,0.09937662478160554,88.95464630917247,11.1161778363676,1.3719131567767588,0.026446965093013464,62.87786492914017,8.835495266341846,0.5153803466965104,0.05132944132959534,23.85927834623735,4.57871459706813,-1.0981508954974462,0.025303276991913773,-2.445984108393994,0.5811927251659396,1.5830802978360767,0.11727261832665771,1.8754879421728432,0.3820549222151577,1.5682521717305304,0.2407954256657104,0.6799440138236434,0.08171687202243759,-0.10334226913379434,0.3857662051418745,-1.0874504204628732,0.5823231036699621,-0.13909821960038296,0.26729147788788704,4.0,3.046138442796128,0.05272091450190732,97.90695432185525,23.042549817988384,52,7311616,127.6,1.3333333333333333,0.30000000000000004,3,46.0,15577442
f25f251c7be8,0.8031000095092122,0.03483459643477797,30.52084365484069,0.051264866090475696,2.084916815265463,0.2929207903196812,81.55062880216022,13.77431783558125,2.2835922510309348,0.489584264128752,90.40300661932385,21.987961270333418,1.9748415265342576,0.07378130716916693,76.3080546032387,9.386864461908177,1.221366535833674,0.09416603767551239,46.47458831616161,2.329220276752914,0.291976165204247,0.04752399738878626,10.964583382457079,0.27862890442068206,-0.6437438851166557,0.04486126404568035,-3.150594105784377,0.4577997819235,0.9147374570980595,0.03556805956869142,2.391540085286483,0.21443136709030364,1.72942852307479,0.12507921533283037,0.6805115016270241,0.03313931252224683,-0.16312347737193778,0.4369179265147266,-1.6032847519030866,0.13453143396191197,-0.5256312438640282,0.1805799361062283,4.666666666666667,2.8474116941933505,0.25924810089114975,100.55145437778243,35.93162259124767,48,5308416,112.411,1.35,0.40000000000000013,2,41.0,6644752
f4f45fcade85,0.16631032979069973,0.06331975200289264,10.173124674283825,4.126763181974664,1.1444089083479756,0.4030495954264859,69.1025178791749,25.77969943602967,2.0764254797250445,0.5959299310750165,122.41460890081869,40.295516488957475,1.7618893336893615,0.13254242879811162,99.02821666512146,25.93425241713535,1.3457628374287574,0.037001584483712914,75.07275817244091,21.69778530926603,0.5215813827782418,0.035208402774175154,29.77254338050292,9.696203047404188,-1.073808797549774,0.025970651874623486,-2.2089735176791527,0.5559716474192646,1.5567569808865311,0.08398243221464992,1.7047597323676993,0.3582522749467672,1.4520552885083546,0.23255983080240045,0.6366307698212772,0.08104977954983476,-0.09891156216802342,0.3370667732208224,-0.9703896434521414,0.5190591940080743,-0.09859159900991764,0.24037598013996078,4.0,3.107775448528985,0.048382205482992116,98.07869734779482,22.80123256249359,83,47458321,208.9804,1.3833333333333335,0.4500000000000002,3,56.666666666666664,56270562
f5965c8b3d89,1.7233027062634205,0.5916124212351713,45.950722851932994,16.101298133366797,1.665689101285266,0.31044606516617934,40.35608547794359,12.492355879424892,1.562023268924914,0.5481122506798073,27.570723577599306,8.705563995605766,2.0909825501710504,0.460282369444439,47.889204229149215,31.604679109206927,1.5976189802200864,0.14776240681341393,44.03065007285048,29.235250791380153,0.6251682477530217,0.1641176832324936,17.437369524002325,9.10380073776508,-0.5776992098589891,0.2376852325549676,-2.715452028314839,0.21014468563549277,0.4242454251587831,0.9014460822981596,2.714568930019917,0.20795806518001528,1.8723744640298623,0.026571085747761517,0.747387400206021,0.004293839439829952,-0.06737758533623799,0.3698391081126627,-1.2142587257197028,0.14104446550014496,0.559455528362428,0.451667807681748,5.333333333333333,2.825316147131608,0.6127575022329039,84.67631382747673,29.64033290269216,80,40960000,200.59,1.0,1.0,2,44.5,40966561
f705a30af945,0.4854675272756643,0.1841539328299416,17.959133686783687,7.688847174612404,1.934368738262819,0.6302799520437179,69.29982693586761,25.948535150136564,2.4768089781124316,0.46797277141687543,84.3411931007952,26.202238433772123,2.1998019140877645,0.042776684529061616,72.91756946827678,23.149823476108743,1.3489433843872105,0.03249911115167617,45.55503672286462,16.3330578324578,0.6153507071361125,0.029141700727156997,20.255578164272958,4.71886158934393,-1.0843148477161462,0.09923923912154106,-3.010507295201999,0.6299880903523064,1.3577273751795123,0.24420226573684228,2.3393591681250476,0.4289577247648483,1.852702914683297,0.2377569035532797,0.7795747288621033,0.06974036498412205,-0.12032630688841867,0.5351816370479766,-2.0690297053373214,0.8481240311363605,-0.23645237176826864,0.4311292604864636,4.0,2.8694706513285535,0.06410996047895112,98.20455882280842,22.62495529331798,51,6765201,121.76,1.2,0.44999999999999996,3,34.0,8185058
f821141337d6,1.419885594668577,0.4157272518714489,28.929054898699047,8.827596443364687,2.4005114247891632,0.6034179252885484,51.40722491234766,20.72539847106148,2.614871586641435,0.24929715928715604,51.913309412845635,12.6413820752201,2.714196781694529,0.16077547279288099,52.58506046085191,9.600389549622339,1.718043981163515,0.19686773398080915,34.770091047893054,11.288225842578276,0.6592765343902488,0.052380850623873564,13.30329033004791,3.551639788006008,-0.92377066476416,0.16644081769497407,-3.777220253164188,0.3384930696531647,1.0398516722207578,0.4845541304413358,3.2142932967520204,0.3330470805597096,2.3267356820974547,0.16010117658372092,0.9361802767692566,0.04747703838695435,-0.09420965335089193,0.491410289143407,-2.4982700023195314,0.6018100229996688,-0.25268959984675127,0.3950526847016044,6.0,2.851277030277615,0.46329573358821513,91.88385037846164,31.91246452200958,40,2560000,91.224,1.1833333333333333,0.55,3,23.666666666666668,2676161
f9d58a299674,0.4244474025455456,0.15006252003079878,15.84725662859823,5.60281549039388,1.3767448648830654,0.4863284657753015,51.394827992601854,18.16471239289385,1.077770485485219,0.36218643902683173,39.91005503874418,13.879635449926765,0.43547933014185286,0.05033303180267365,12.951459218663032,2.8327828026704576,0.7622948147231602,0.2794839191101732,20.706100055993826,5.8403070952726885,0.6562694433595944,0.14254291366184343,20.30630307078709,9.272017534101076,-0.5458746041465079,0.2254518866144392,-1.2756792725765764,0.47185267869545844,-0.06707411752467742,0.40653994199190424,1.2463694202392441,0.2703234214858804,0.9648538353397234,0.09308753126256425,0.41580003206844846,0.0036658949402510817,-0.29497578879899294,0.2266946395259471,-0.5987028801679509,0.5781035944526854,0.7108920254741506,0.579833482817631,2.6666666666666665,2.7901584907626127,2.6514790363308025e-09,111.14088593098049,4.8082398484256865,82,45212176,207.2,1.4,0.8,2,49.5,45295697
fab8ea0c0979,0.9829593801453634,0.5316675362174803,21.39237578682824,11.092474871122922,2.238759267553397,0.8370544046821863,53.1841185876407,14.584450433008634,2.2301265279145293,0.1457911795189765,64.95127638160972,14.633452926390284,1.4364439873648556,0.25573705167749367,44.55933941192242,17.361534585970904,0.6861671586057809,0.046647248403037814,20.53990791527452,6.787483389897375,0.5458764425612034,0.09589249298628925,16.60652805457943,5.258552612135886,-0.483057673044396,0.355155132222141,-2.8587442760016053,0.4081799779884601,0.008902363961380055,0.9099034306158773,2.3371017958617815,0.41942855910296983,1.6303899558819945,0.13069809760737933,0.6368196804464871,0.008596195888083979,-0.14938655278185975,0.519944260442846,-1.6585294820887446,1.0573815729043528,-0.13706602727689485,0.5321429647675596,6.75,3.0430756326313393,0.42659485123467444,94.1391834697805,35.92606700259913,35,1500625,79.904,1.2,0.10000000000000009,2,24.0,1529186
fb0b06c4bab6,0.8588288035301457,0.055553025825242526,33.42134637517882,4.509215636149024,2.0287287605336446,0.22566067665511605,83.43703811727943,18.923502759394264,1.4824416644228249,0.21754209986795134,67.18140382932964,28.083594571103347,1.5115063817160876,0.062340339034141816,72.68556960818066,45.26123144744074,1.6959196158904695,0.1087506230665922,80.03301823166396,45.43274892467829,0.9867606505422233,0.20685493036019392,47.90926935333137,24.756525934943753,-1.052998891678484,0.1582947459844135,-2.278323834825287,0.1676372926113468,0.6035768592416213,0.03690083826750615,2.1998646416178103,0.21574660938198695,1.7346887934676143,0.18808217073343028,0.7505004861163329,0.08905077498822674,-0.4030713817574787,0.20960034075479292,-1.2155838343285044,0.2704106945999337,1.0079876075170897,0.4554901460976384,3.5,2.668365219801673,0.08804786020405063,106.31334293882576,7.5870685654376615,81,43046721,204.3833,1.45,0.8999999999999999,2,48.5,43112257
fba4cc0df459,0.5982092940508955,0.20853120070711387,19.791956474826694,7.9374104354587836,2.1539622443601156,0.6741694059691645,70.48648231323224,25.681055224944153,2.644619272190907,0.4229660330608573,86.3965769564853,23.94026681503187,2.334206174610385,0.015553449632579115,77.79871614569892,26.757187050824726,1.3432451744154783,0.04858847768890976,44.805343881706754,14.885881619788197,0.653903960429171,0.0031272434781118514,20.95694403046896,3.603811145743761,-1.0724508994188822,0.12463310485080938,-3.287530699735368,0.6541752018000586,1.3188348945079043,0.2594619992088253,2.5454919807155,0.44735232502387406,1.9779133035956267,0.23871876536410958,0.8215834993915548,0.06633034297543002,-0.12818238246829886,0.5851263938498984,-2.3919067027789036,0.9266481520167559,-0.3216347613273663,0.45532870525428143,4.666666666666667,2.905476174821122,0.2344353502906559,87.8185365404812,27.822913214230695,52,7311616,127.6,1.1833333333333333,0.3999999999999999,3,34.0,8581058
fdff29051b6d,0.6619488138223626,1.3039252044267338e-06,23.986408114622193,0.024752224431357082,1.7469927709389674,0.00017628028955452103,63.79374741768771,1.3235305988191601,1.5512001952603058,0.005864797497354759,62.83365672534047,16.95272528495932,1.7275207774340413,0.04623151215963056,83.7049594857767,52.8968963897545,1.360002368813551,0.08637539807820899,66.64646263131449,41.7678179918754,0.4819870739836295,0.038752806264562095,21.48002011710794,8.98225188229066,-0.7674377269511549,0.05923325850148235,-2.4174841501201403,0.010015044296345232,0.9238080980056478,0.07052242291769767,1.9759685227810477,0.02876657852804226,1.5070773189247582,0.03824096596240747,0.6222232093285865,0.021187545219443882,-0.10123344597874583,3.727677980770728e-07,-1.2715190186399177,6.392250712083936e-07,0.2008779575974846,1.1370642244018514e-06,3.0,2.6952138035581275,0.0008247114288083788,94.40060537661293,0.018929969455762023,82,45212176,207.2,1.4,0.8,2,49.0,45277712
