Formula,uid,kpath,Rashba_parameter,band_binary,bandgap,ehull,kpath_real_distance,kpath_angle_deg,kvec_x,kvec_y,kvec_z,kstart_frac_x,kstart_frac_y,kstart_frac_z,kend_frac_x,kend_frac_y,kend_frac_z,kmid_frac_x,kmid_frac_y,kmid_frac_z,kstart_degeneracy,kend_degeneracy,kpath_interior_degeneracy,kpath_total_weight,start_nearest_dist,start_nearest_Z,start_nearest_mass,start_nearest_Z4,start_coord_2A,start_rdf_sum_2A,start_rdf_Z_2A,start_rdf_Z4_2A,start_rdf_mass_2A,start_mean_Z_2A,start_max_Z_2A,start_coord_4A,start_rdf_sum_4A,start_rdf_Z_4A,start_rdf_Z4_4A,start_rdf_mass_4A,start_mean_Z_4A,start_max_Z_4A,start_adf_mean,start_adf_std,start_adf_min,start_adf_max,start_adf_n_triplets,mid_nearest_dist,mid_nearest_Z,mid_nearest_mass,mid_nearest_Z4,mid_coord_2A,mid_rdf_sum_2A,mid_rdf_Z_2A,mid_rdf_Z4_2A,mid_rdf_mass_2A,mid_mean_Z_2A,mid_max_Z_2A,mid_coord_4A,mid_rdf_sum_4A,mid_rdf_Z_4A,mid_rdf_Z4_4A,mid_rdf_mass_4A,mid_mean_Z_4A,mid_max_Z_4A,mid_adf_mean,mid_adf_std,mid_adf_min,mid_adf_max,mid_adf_n_triplets,end_nearest_dist,end_nearest_Z,end_nearest_mass,end_nearest_Z4,end_coord_2A,end_rdf_sum_2A,end_rdf_Z_2A,end_rdf_Z4_2A,end_rdf_mass_2A,end_mean_Z_2A,end_max_Z_2A,end_coord_4A,end_rdf_sum_4A,end_rdf_Z_4A,end_rdf_Z4_4A,end_rdf_mass_4A,end_mean_Z_4A,end_max_Z_4A,end_adf_mean,end_adf_std,end_adf_min,end_adf_max,end_adf_n_triplets,max_Z,max_Z4,max_mass,min_mass,radius_mean,radius_diff,X_mean,X_diff,n_elements,mean_Z,sum_Z4,E_pfrac_VBM,E_pfrac_CBM,E_pfrac_relevant
ISbSe,df0019ec24b5,M->K,2.431,0,1.061,0.0,0.5025132594315503,120.00000004774289,-0.2512566300784055,0.435189248196878,0.0,0.5,0.0,0.0,0.3333333333333333,0.3333333333333333,0.0,0.41666666666666663,0.16666666666666666,0.0,3,6,12,21,7.946187736426214,3,6.941,81,0,0.0,0.0,0.0,0.0,0.0,0.0,0,0.0,0.0,0.0,0.0,0.0,0.0,,,,,0,8.089121864407302,3,6.941,81,0,0.0,0.0,0.0,0.0,0.0,0.0,0,0.0,0.0,0.0,0.0,0.0,0.0,,,,,0,7.976491984490541,3,6.941,81,0,0.0,0.0,0.0,0.0,0.0,0.0,0,0.0,0.0,0.0,0.0,0.0,0.0,,,,,0,3,81,6.941,1.00794,0.9,1.2,,,3,2.0,98,0.8444249438246081,0.8702194028528185,0.8444249438246081
ISbSe,df0019ec24b5,G->M,1.589,1,1.061,0.0,0.870378498346051,30.000000031626122,0.7537698902352165,0.43518924958909133,0.0,0.0,0.0,0.0,0.5,0.0,0.0,0.25,0.0,0.0,1,3,6,10,8.21490249896696,3,6.941,81,0,0.0,0.0,0.0,0.0,0.0,0.0,0,0.0,0.0,0.0,0.0,0.0,0.0,,,,,0,8.014211155154984,3,6.941,81,0,0.0,0.0,0.0,0.0,0.0,0.0,0,0.0,0.0,0.0,0.0,0.0,0.0,,,,,0,7.946187736426214,3,6.941,81,0,0.0,0.0,0.0,0.0,0.0,0.0,0,0.0,0.0,0.0,0.0,0.0,0.0,,,,,0,3,81,6.941,1.00794,0.9,1.2,,,3,2.0,98,0.8444249438246081,0.8702194028528185,0.8702194028528185
ISbSe,df0019ec24b5,G->K,1.616,1,1.061,0.0,1.0050265200687927,59.99999999194163,0.502513260156811,0.8703784977859693,0.0,0.0,0.0,0.0,0.3333333333333333,0.3333333333333333,0.0,0.16666666666666666,0.16666666666666666,0.0,1,6,12,19,8.21490249896696,3,6.941,81,0,0.0,0.0,0.0,0.0,0.0,0.0,0,0.0,0.0,0.0,0.0,0.0,0.0,,,,,0,8.066721694699096,3,6.941,81,0,0.0,0.0,0.0,0.0,0.0,0.0,0,0.0,0.0,0.0,0.0,0.0,0.0,,,,,0,7.976491984490541,3,6.941,81,0,0.0,0.0,0.0,0.0,0.0,0.0,0,0.0,0.0,0.0,0.0,0.0,0.0,,,,,0,3,81,6.941,1.00794,0.9,1.2,,,3,2.0,98,0.8444249438246081,0.8702194028528185,0.8702194028528185
BrSbTe,f1e78a09001d,M->K,1.315,0,1.331,0.13,0.5094793582155445,120.00000004255001,-0.2547396794354405,0.4412220667292743,0.0,0.5,0.0,0.0,0.3333333333333333,0.3333333333333333,0.0,0.41666666666666663,0.16666666666666666,0.0,3,6,12,21,7.3032152355480475,2,4.002602,16,0,0.0,0.0,0.0,0.0,0.0,0.0,0,0.0,0.0,0.0,0.0,0.0,0.0,,,,,0,7.2629317671392775,2,4.002602,16,0,0.0,0.0,0.0,0.0,0.0,0.0,0,0.0,0.0,0.0,0.0,0.0,0.0,,,,,0,7.3352827311906434,2,4.002602,16,0,0.0,0.0,0.0,0.0,0.0,0.0,0,0.0,0.0,0.0,0.0,0.0,0.0,,,,,0,3,81,6.941,1.00794,0.9,1.2,,,3,2.0,98,0.882771812071691,0.9164275283284804,0.882771812071691
BrSbTe,18e62ba75259,G->M,2.631,0,1.089,0.0,0.8565291377334029,30.000000064766162,0.7417759918746044,0.42826456970519217,0.0,0.0,0.0,0.0,0.5,0.0,0.0,0.25,0.0,0.0,1,3,6,10,8.34939374743614,3,6.941,81,0,0.0,0.0,0.0,0.0,0.0,0.0,0,0.0,0.0,0.0,0.0,0.0,0.0,,,,,0,8.145499031658902,3,6.941,81,0,0.0,0.0,0.0,0.0,0.0,0.0,0,0.0,0.0,0.0,0.0,0.0,0.0,,,,,0,8.076390321708708,3,6.941,81,0,0.0,0.0,0.0,0.0,0.0,0.0,0,0.0,0.0,0.0,0.0,0.0,0.0,,,,,0,3,81,6.941,1.00794,0.9,1.2,,,3,2.0,98,0.83517716605127,0.8451200771706139,0.83517716605127
BrSbTe,18e62ba75259,G->K,2.454,0,1.089,0.0,0.9890346566015895,60.00000002571311,0.4945173279164029,0.8565291380621239,0.0,0.0,0.0,0.0,0.3333333333333333,0.3333333333333333,0.0,0.16666666666666666,0.16666666666666666,0.0,1,6,12,19,8.34939374743614,3,6.941,81,0,0.0,0.0,0.0,0.0,0.0,0.0,0,0.0,0.0,0.0,0.0,0.0,0.0,,,,,0,8.19884752750096,3,6.941,81,0,0.0,0.0,0.0,0.0,0.0,0.0,0,0.0,0.0,0.0,0.0,0.0,0.0,,,,,0,8.107178033340073,3,6.941,81,0,0.0,0.0,0.0,0.0,0.0,0.0,0,0.0,0.0,0.0,0.0,0.0,0.0,,,,,0,3,81,6.941,1.00794,0.9,1.2,,,3,2.0,98,0.83517716605127,0.8451200771706139,0.83517716605127
ClSbSe,f705a30af945,M->K,1.483,0,1.68,0.146,0.5345228435310069,119.99999996677256,-0.26726142149704857,0.46291036155593906,0.0,0.5,0.0,0.0,0.3333333333333333,0.3333333333333333,0.0,0.41666666666666663,0.16666666666666666,0.0,3,6,12,21,7.434291214597239,3,6.941,81,0,0.0,0.0,0.0,0.0,0.0,0.0,0,0.0,0.0,0.0,0.0,0.0,0.0,,,,,0,7.398351579762957,3,6.941,81,0,0.0,0.0,0.0,0.0,0.0,0.0,0,0.0,0.0,0.0,0.0,0.0,0.0,,,,,0,7.462918308640804,3,6.941,81,0,0.0,0.0,0.0,0.0,0.0,0.0,0,0.0,0.0,0.0,0.0,0.0,0.0,,,,,0,3,81,6.941,1.00794,0.9,1.2,,,3,2.0,98,0.8438826392372596,0.9143032462366278,0.8438826392372596
SSeW,001e03f2c095,G->M,3.284,1,1.417,0.01,1.1154489482335206,30.00000005146582,0.9660071252938872,0.5577244749844742,0.0,0.0,0.0,0.0,0.5,0.0,0.0,0.25,0.0,0.0,1,3,6,10,7.722400993674532,3,6.941,81,0,0.0,0.0,0.0,0.0,0.0,0.0,0,0.0,0.0,0.0,0.0,0.0,0.0,,,,,0,7.59291752626554,3,6.941,81,0,0.0,0.0,0.0,0.0,0.0,0.0,0,0.0,0.0,0.0,0.0,0.0,0.0,,,,,0,7.549262858473302,3,6.941,81,0,0.0,0.0,0.0,0.0,0.0,0.0,0,0.0,0.0,0.0,0.0,0.0,0.0,,,,,0,3,81,6.941,1.00794,0.9,1.2,,,3,2.0,98,0.224009385476083,0.1944202818853834,0.1944202818853834
SSeW,001e03f2c095,G->K,3.288,1,1.417,0.01,1.2880095023957492,60.000000051465825,0.6440047501959247,1.1154489499689486,0.0,0.0,0.0,0.0,0.3333333333333333,0.3333333333333333,0.0,0.16666666666666666,0.16666666666666666,0.0,1,6,12,19,7.722400993674532,3,6.941,81,0,0.0,0.0,0.0,0.0,0.0,0.0,0,0.0,0.0,0.0,0.0,0.0,0.0,,,,,0,7.6266984049651985,3,6.941,81,0,0.0,0.0,0.0,0.0,0.0,0.0,0,0.0,0.0,0.0,0.0,0.0,0.0,,,,,0,7.568696018545476,3,6.941,81,0,0.0,0.0,0.0,0.0,0.0,0.0,0,0.0,0.0,0.0,0.0,0.0,0.0,,,,,0,3,81,6.941,1.00794,0.9,1.2,,,3,2.0,98,0.224009385476083,0.1944202818853834,0.1944202818853834
BiBrTe,f4f45fcade85,M->K,0.498,0,0.916,0.117,0.4960869002361393,120.00000005740532,-0.2480434505485149,0.42962385784065543,0.0,0.5,0.0,0.0,0.3333333333333333,0.3333333333333333,0.0,0.41666666666666663,0.16666666666666666,0.0,3,6,12,21,7.288398902819076,2,4.002602,16,0,0.0,0.0,0.0,0.0,0.0,0.0,0,0.0,0.0,0.0,0.0,0.0,0.0,,,,,0,7.24581773312634,2,4.002602,16,0,0.0,0.0,0.0,0.0,0.0,0.0,0,0.0,0.0,0.0,0.0,0.0,0.0,,,,,0,7.322285554431851,2,4.002602,16,0,0.0,0.0,0.0,0.0,0.0,0.0,0,0.0,0.0,0.0,0.0,0.0,0.0,,,,,0,3,81,6.941,1.00794,0.9,1.2,,,3,2.0,98,0.9275593381609089,0.9381112972308486,0.9275593381609089
STeW,75ee10091f43,M->G,2.27,1,1.168,0.086,1.0789061805353268,-149.9999999351806,-0.9343601600333429,-0.5394530913247166,0.0,0.5,0.0,0.0,0.0,0.0,0.0,0.25,0.0,0.0,3,1,6,10,7.443116838009737,3,6.941,81,0,0.0,0.0,0.0,0.0,0.0,0.0,0,0.0,0.0,0.0,0.0,0.0,0.0,,,,,0,7.4904306734589,3,6.941,81,0,0.0,0.0,0.0,0.0,0.0,0.0,0,0.0,0.0,0.0,0.0,0.0,0.0,,,,,0,7.630612154496469,3,6.941,81,0,0.0,0.0,0.0,0.0,0.0,0.0,0,0.0,0.0,0.0,0.0,0.0,0.0,,,,,0,3,81,6.941,1.00794,0.9,1.2,,,3,2.0,98,0.293574412341913,0.1498061527142361,0.1498061527142361
STeW,75ee10091f43,G->K,3.947,1,1.168,0.086,1.2458135472996588,60.00000001562721,0.6229067733555619,1.0789061805102063,0.0,0.0,0.0,0.0,0.3333333333333333,0.3333333333333333,0.0,0.16666666666666666,0.16666666666666666,0.0,1,6,12,19,7.630612154496469,3,6.941,81,0,0.0,0.0,0.0,0.0,0.0,0.0,0,0.0,0.0,0.0,0.0,0.0,0.0,,,,,0,7.527024710517298,3,6.941,81,0,0.0,0.0,0.0,0.0,0.0,0.0,0,0.0,0.0,0.0,0.0,0.0,0.0,,,,,0,7.46418223622348,3,6.941,81,0,0.0,0.0,0.0,0.0,0.0,0.0,0,0.0,0.0,0.0,0.0,0.0,0.0,,,,,0,3,81,6.941,1.00794,0.9,1.2,,,3,2.0,98,0.293574412341913,0.1498061527142361,0.1498061527142361
MoSTe,2ea941c8bc3c,M->K,2.358,1,0.196,0.223,0.630940405648001,120.00000005687724,-0.3154702033664195,0.5464104192520619,0.0,0.5,0.0,0.0,0.3333333333333333,0.3333333333333333,0.0,0.41666666666666663,0.16666666666666666,0.0,3,6,12,21,7.978651607864963,3,6.941,81,0,0.0,0.0,0.0,0.0,0.0,0.0,0,0.0,0.0,0.0,0.0,0.0,0.0,,,,,0,8.06924852967151,3,6.941,81,0,0.0,0.0,0.0,0.0,0.0,0.0,0,0.0,0.0,0.0,0.0,0.0,0.0,,,,,0,7.997809929542101,3,6.941,81,0,0.0,0.0,0.0,0.0,0.0,0.0,0,0.0,0.0,0.0,0.0,0.0,0.0,,,,,0,3,81,6.941,1.00794,0.9,1.2,,,3,2.0,98,0.2656621523829215,0.2434765337283689,0.2434765337283689
MoSTe,2ea941c8bc3c,G->K,2.525,1,0.196,0.223,1.2618808131967216,59.99999999294942,0.6309404067328389,1.0928208406988857,0.0,0.0,0.0,0.0,0.3333333333333333,0.3333333333333333,0.0,0.16666666666666666,0.16666666666666666,0.0,1,6,12,19,8.149455262117858,3,6.941,81,0,0.0,0.0,0.0,0.0,0.0,0.0,0,0.0,0.0,0.0,0.0,0.0,0.0,,,,,0,8.055011496702388,3,6.941,81,0,0.0,0.0,0.0,0.0,0.0,0.0,0,0.0,0.0,0.0,0.0,0.0,0.0,,,,,0,7.997809929542101,3,6.941,81,0,0.0,0.0,0.0,0.0,0.0,0.0,0,0.0,0.0,0.0,0.0,0.0,0.0,,,,,0,3,81,6.941,1.00794,0.9,1.2,,,3,2.0,98,0.2656621523829215,0.2434765337283689,0.2434765337283689
ISbTe,0f02957b17cf,G->M,3.658,0,0.886,0.0,0.8400758023740541,30.00000003954003,0.7275269856706568,0.4200379016890961,0.0,0.0,0.0,0.0,0.5,0.0,0.0,0.25,0.0,0.0,1,3,6,10,8.224315055548352,3,6.941,81,0,0.0,0.0,0.0,0.0,0.0,0.0,0,0.0,0.0,0.0,0.0,0.0,0.0,,,,,0,8.008939101907751,3,6.941,81,0,0.0,0.0,0.0,0.0,0.0,0.0,0,0.0,0.0,0.0,0.0,0.0,0.0,,,,,0,7.935848284934418,3,6.941,81,0,0.0,0.0,0.0,0.0,0.0,0.0,0,0.0,0.0,0.0,0.0,0.0,0.0,,,,,0,3,81,6.941,1.00794,0.9,1.2,,,3,2.0,98,0.848391125348033,0.8724804784156919,0.848391125348033
ISbTe,0f02957b17cf,G->K,3.526,0,0.886,0.0,0.9700359820536879,60.000000039540026,0.4850179904471045,0.8400758033781922,0.0,0.0,0.0,0.0,0.3333333333333333,0.3333333333333333,0.0,0.16666666666666666,0.16666666666666666,0.0,1,6,12,19,8.224315055548352,3,6.941,81,0,0.0,0.0,0.0,0.0,0.0,0.0,0,0.0,0.0,0.0,0.0,0.0,0.0,,,,,0,8.065329589896047,3,6.941,81,0,0.0,0.0,0.0,0.0,0.0,0.0,0,0.0,0.0,0.0,0.0,0.0,0.0,,,,,0,7.968415862082211,3,6.941,81,0,0.0,0.0,0.0,0.0,0.0,0.0,0,0.0,0.0,0.0,0.0,0.0,0.0,,,,,0,3,81,6.941,1.00794,0.9,1.2,,,3,2.0,98,0.848391125348033,0.8724804784156919,0.848391125348033
Sn2Te2,03bcf7dcdaf2,Y->G,4.804,1,0.595,0.063,0.6910688603312941,-90.0,4.5251949392413903e-17,-0.6910688603312941,0.0,0.0,0.5,0.0,0.0,0.0,0.0,0.0,0.25,0.0,1,1,2,4,7.236297720490984,1,1.00794,1,0,0.0,0.0,0.0,0.0,0.0,0.0,0,0.0,0.0,0.0,0.0,0.0,0.0,,,,,0,7.07922970703696,1,1.00794,1,0,0.0,0.0,0.0,0.0,0.0,0.0,0,0.0,0.0,0.0,0.0,0.0,0.0,,,,,0,6.98735832868132,1,1.00794,1,0,0.0,0.0,0.0,0.0,0.0,0.0,0,0.0,0.0,0.0,0.0,0.0,0.0,,,,,0,2,16,4.002602,1.00794,0.625,0.75,,,2,1.5,17,0.6785544244677716,0.8358953535587912,0.8358953535587912
SeTeW,6e2a4c6f4f57,M->G,1.394,1,1.058,0.042,1.0567376458491684,-150.0000000328296,-0.9151616467434905,-0.5283688224002104,0.0,0.5,0.0,0.0,0.0,0.0,0.0,0.25,0.0,0.0,3,1,6,10,7.4240402051910594,3,6.941,81,0,0.0,0.0,0.0,0.0,0.0,0.0,0,0.0,0.0,0.0,0.0,0.0,0.0,,,,,0,7.473479262245718,3,6.941,81,0,0.0,0.0,0.0,0.0,0.0,0.0,0,0.0,0.0,0.0,0.0,0.0,0.0,,,,,0,7.6198720611298505,3,6.941,81,0,0.0,0.0,0.0,0.0,0.0,0.0,0,0.0,0.0,0.0,0.0,0.0,0.0,,,,,0,3,81,6.941,1.00794,0.9,1.2,,,3,2.0,98,0.2588201614869204,0.1379246426011634,0.1379246426011634
S2Sn2,7a8373382b33,Y->G,4.469,1,1.434,0.043,0.7730655510920621,-90.0,0.0,-0.7730655510920621,0.0,0.0,0.5,0.0,0.0,0.0,0.0,0.0,0.25,0.0,1,1,2,4,7.292569965959667,2,4.002602,16,0,0.0,0.0,0.0,0.0,0.0,0.0,0,0.0,0.0,0.0,0.0,0.0,0.0,,,,,0,7.22007936776096,2,4.002602,16,0,0.0,0.0,0.0,0.0,0.0,0.0,0,0.0,0.0,0.0,0.0,0.0,0.0,,,,,0,7.1481932643139094,2,4.002602,16,0,0.0,0.0,0.0,0.0,0.0,0.0,0,0.0,0.0,0.0,0.0,0.0,0.0,,,,,0,2,16,4.002602,1.00794,0.625,0.75,,,2,1.5,17,0.7185895220588732,0.8186754780085288,0.8186754780085288
SeSn,d59c96fdfda1,M->K,0.873,0,2.156,0.098,0.5360883575173945,119.99999997350001,-0.26804417854396856,0.4642661364071118,0.0,0.5,0.0,0.0,0.3333333333333333,0.3333333333333333,0.0,0.41666666666666663,0.16666666666666666,0.0,3,6,12,21,7.582284458414044,1,1.00794,1,0,0.0,0.0,0.0,0.0,0.0,0.0,0,0.0,0.0,0.0,0.0,0.0,0.0,,,,,0,7.547255576671163,1,1.00794,1,0,0.0,0.0,0.0,0.0,0.0,0.0,0,0.0,0.0,0.0,0.0,0.0,0.0,,,,,0,7.610191473950276,1,1.00794,1,0,0.0,0.0,0.0,0.0,0.0,0.0,0,0.0,0.0,0.0,0.0,0.0,0.0,,,,,0,2,16,4.002602,1.00794,0.625,0.75,,,2,1.5,17,0.8617318463089176,0.772294966413053,0.8617318463089176
BiBrS,49b7be14f786,G->M,1.271,1,1.227,0.0,0.8832113917610596,30.0000000011179,0.7648835021682714,0.4416056958954534,0.0,0.0,0.0,0.0,0.5,0.0,0.0,0.25,0.0,0.0,1,3,6,10,8.325128457462187,3,6.941,81,0,0.0,0.0,0.0,0.0,0.0,0.0,0,0.0,0.0,0.0,0.0,0.0,0.0,,,,,0,8.132938090520632,3,6.941,81,0,0.0,0.0,0.0,0.0,0.0,0.0,0,0.0,0.0,0.0,0.0,0.0,0.0,,,,,0,8.067857297187375,3,6.941,81,0,0.0,0.0,0.0,0.0,0.0,0.0,0,0.0,0.0,0.0,0.0,0.0,0.0,,,,,0,3,81,6.941,1.00794,0.9,1.2,,,3,2.0,98,0.8440266668986302,0.9145043455561068,0.9145043455561068
BiBrS,49b7be14f786,G->K,1.293,1,1.227,0.0,1.01984466959216,60.00000000111791,0.5099223347788475,0.8832113917909068,0.0,0.0,0.0,0.0,0.3333333333333333,0.3333333333333333,0.0,0.16666666666666666,0.16666666666666666,0.0,1,6,12,19,8.325128457462187,3,6.941,81,0,0.0,0.0,0.0,0.0,0.0,0.0,0,0.0,0.0,0.0,0.0,0.0,0.0,,,,,0,8.1831986558638,3,6.941,81,0,0.0,0.0,0.0,0.0,0.0,0.0,0,0.0,0.0,0.0,0.0,0.0,0.0,,,,,0,8.096846675478488,3,6.941,81,0,0.0,0.0,0.0,0.0,0.0,0.0,0,0.0,0.0,0.0,0.0,0.0,0.0,,,,,0,3,81,6.941,1.00794,0.9,1.2,,,3,2.0,98,0.8440266668986302,0.9145043455561068,0.9145043455561068
AsClTe,fba4cc0df459,G->K,0.634,1,1.316,0.194,1.0958219733293904,59.99999995613801,0.5479109873911965,0.9490096665089999,0.0,0.0,0.0,0.0,0.3333333333333333,0.3333333333333333,0.0,0.16666666666666666,0.16666666666666666,0.0,1,6,12,19,7.680317340217694,2,4.002602,16,0,0.0,0.0,0.0,0.0,0.0,0.0,0,0.0,0.0,0.0,0.0,0.0,0.0,,,,,0,7.547044998349506,2,4.002602,16,0,0.0,0.0,0.0,0.0,0.0,0.0,0,0.0,0.0,0.0,0.0,0.0,0.0,,,,,0,7.465939757772783,2,4.002602,16,0,0.0,0.0,0.0,0.0,0.0,0.0,0,0.0,0.0,0.0,0.0,0.0,0.0,,,,,0,3,81,6.941,1.00794,0.9,1.2,,,3,2.0,98,0.9271260695172412,0.9136992993085054,0.9136992993085054
ClSbTe,04fdd7d1ec5c,M->K,1.018,0,1.439,0.153,0.5143363844425337,120.00000002401246,-0.2571681924079444,0.44542837491009524,-1.4104943912088812e-18,0.5,0.0,0.0,0.3333333333333333,0.3333333333333333,0.0,0.41666666666666663,0.16666666666666666,0.0,3,6,12,21,7.353018642959928,2,4.002602,16,0,0.0,0.0,0.0,0.0,0.0,0.0,0,0.0,0.0,0.0,0.0,0.0,0.0,,,,,0,7.313763605338006,2,4.002602,16,0,0.0,0.0,0.0,0.0,0.0,0.0,0,0.0,0.0,0.0,0.0,0.0,0.0,,,,,0,7.3842724246582,2,4.002602,16,0,0.0,0.0,0.0,0.0,0.0,0.0,0,0.0,0.0,0.0,0.0,0.0,0.0,,,,,0,3,81,6.941,1.00794,0.9,1.2,,,3,2.0,98,0.8840911585585108,0.92019295831051,0.8840911585585108
ClSbTe,04fdd7d1ec5c,M->G,0.711,1,1.439,0.153,0.8908567504668605,-150.00000002401245,-0.7715045772238333,-0.44542837491009535,-4.231483173626643e-18,0.5,0.0,0.0,0.0,0.0,0.0,0.25,0.0,0.0,3,1,6,10,7.353018642959928,2,4.002602,16,0,0.0,0.0,0.0,0.0,0.0,0.0,0,0.0,0.0,0.0,0.0,0.0,0.0,,,,,0,7.423154607528212,2,4.002602,16,0,0.0,0.0,0.0,0.0,0.0,0.0,0,0.0,0.0,0.0,0.0,0.0,0.0,,,,,0,7.629695132698325,2,4.002602,16,0,0.0,0.0,0.0,0.0,0.0,0.0,0,0.0,0.0,0.0,0.0,0.0,0.0,,,,,0,3,81,6.941,1.00794,0.9,1.2,,,3,2.0,98,0.8840911585585108,0.92019295831051,0.92019295831051
BiBrSe,de5756e4fbfa,G->M,2.784,0,1.03,0.0,0.8660743858015657,29.999999951474244,0.7500424200379147,0.43303719226554627,0.0,0.0,0.0,0.0,0.5,0.0,0.0,0.25,0.0,0.0,1,3,6,10,8.318336031089268,3,6.941,81,0,0.0,0.0,0.0,0.0,0.0,0.0,0,0.0,0.0,0.0,0.0,0.0,0.0,,,,,0,8.118202899106832,3,6.941,81,0,0.0,0.0,0.0,0.0,0.0,0.0,0,0.0,0.0,0.0,0.0,0.0,0.0,,,,,0,8.05038630373616,3,6.941,81,0,0.0,0.0,0.0,0.0,0.0,0.0,0,0.0,0.0,0.0,0.0,0.0,0.0,,,,,0,3,81,6.941,1.00794,0.9,1.2,,,3,2.0,98,0.8708858861095728,0.9086603729103896,0.8708858861095728
BiBrSe,de5756e4fbfa,G->K,2.634,0,1.03,0.0,1.0000565585835368,59.999999951474244,0.5000282800252764,0.8660743845310925,0.0,0.0,0.0,0.0,0.3333333333333333,0.3333333333333333,0.0,0.16666666666666666,0.16666666666666666,0.0,1,6,12,19,8.318336031089268,3,6.941,81,0,0.0,0.0,0.0,0.0,0.0,0.0,0,0.0,0.0,0.0,0.0,0.0,0.0,,,,,0,8.170559994175056,3,6.941,81,0,0.0,0.0,0.0,0.0,0.0,0.0,0,0.0,0.0,0.0,0.0,0.0,0.0,,,,,0,8.080597278812583,3,6.941,81,0,0.0,0.0,0.0,0.0,0.0,0.0,0,0.0,0.0,0.0,0.0,0.0,0.0,,,,,0,3,81,6.941,1.00794,0.9,1.2,,,3,2.0,98,0.8708858861095728,0.9086603729103896,0.8708858861095728
BiBrSe,de5756e4fbfa,G->M,1.366,1,1.03,0.0,0.8660743858015657,29.999999951474244,0.7500424200379147,0.43303719226554627,0.0,0.0,0.0,0.0,0.5,0.0,0.0,0.25,0.0,0.0,1,3,6,10,8.318336031089268,3,6.941,81,0,0.0,0.0,0.0,0.0,0.0,0.0,0,0.0,0.0,0.0,0.0,0.0,0.0,,,,,0,8.118202899106832,3,6.941,81,0,0.0,0.0,0.0,0.0,0.0,0.0,0,0.0,0.0,0.0,0.0,0.0,0.0,,,,,0,8.05038630373616,3,6.941,81,0,0.0,0.0,0.0,0.0,0.0,0.0,0,0.0,0.0,0.0,0.0,0.0,0.0,,,,,0,3,81,6.941,1.00794,0.9,1.2,,,3,2.0,98,0.8708858861095728,0.9086603729103896,0.9086603729103896
BiBrSe,de5756e4fbfa,G->K,1.417,1,1.03,0.0,1.0000565585835368,59.999999951474244,0.5000282800252764,0.8660743845310925,0.0,0.0,0.0,0.0,0.3333333333333333,0.3333333333333333,0.0,0.16666666666666666,0.16666666666666666,0.0,1,6,12,19,8.318336031089268,3,6.941,81,0,0.0,0.0,0.0,0.0,0.0,0.0,0,0.0,0.0,0.0,0.0,0.0,0.0,,,,,0,8.170559994175056,3,6.941,81,0,0.0,0.0,0.0,0.0,0.0,0.0,0,0.0,0.0,0.0,0.0,0.0,0.0,,,,,0,8.080597278812583,3,6.941,81,0,0.0,0.0,0.0,0.0,0.0,0.0,0,0.0,0.0,0.0,0.0,0.0,0.0,,,,,0,3,81,6.941,1.00794,0.9,1.2,,,3,2.0,98,0.8708858861095728,0.9086603729103896,0.9086603729103896
Bi2P2S6,287dcf4f1a19,G->Y,0.795,1,0.953,0.053,0.5020978109199927,90.00000000000001,-3.732315204151223e-17,0.5020978109199927,0.0,0.0,0.0,0.0,0.0,0.5,0.0,0.0,0.25,0.0,1,1,2,4,7.828872187682228,3,6.941,81,0,0.0,0.0,0.0,0.0,0.0,0.0,0,0.0,0.0,0.0,0.0,0.0,0.0,,,,,0,7.597832466993278,3,6.941,81,0,0.0,0.0,0.0,0.0,0.0,0.0,0,0.0,0.0,0.0,0.0,0.0,0.0,,,,,0,7.6010478656819735,3,6.941,81,0,0.0,0.0,0.0,0.0,0.0,0.0,0,0.0,0.0,0.0,0.0,0.0,0.0,,,,,0,3,81,6.941,1.00794,0.9,1.2,,,3,2.0,98,0.8599441662300487,0.9027750754848928,0.9027750754848928
Bi2P2S6,287dcf4f1a19,Y->G,1.406,1,0.953,0.053,0.5020978109199927,-90.0,3.732315204151223e-17,-0.5020978109199927,0.0,0.0,0.5,0.0,0.0,0.0,0.0,0.0,0.25,0.0,1,1,2,4,7.6010478656819735,3,6.941,81,0,0.0,0.0,0.0,0.0,0.0,0.0,0,0.0,0.0,0.0,0.0,0.0,0.0,,,,,0,7.597832466993278,3,6.941,81,0,0.0,0.0,0.0,0.0,0.0,0.0,0,0.0,0.0,0.0,0.0,0.0,0.0,,,,,0,7.828872187682228,3,6.941,81,0,0.0,0.0,0.0,0.0,0.0,0.0,0,0.0,0.0,0.0,0.0,0.0,0.0,,,,,0,3,81,6.941,1.00794,0.9,1.2,,,3,2.0,98,0.8599441662300487,0.9027750754848928,0.9027750754848928
Bi2P2S6,287dcf4f1a19,Y->H,1.248,1,0.953,0.053,0.35580518640828157,0.0,0.31137131109331123,0.0,0.17217792339049864,0.0,0.5,0.0,0.3333333333333333,0.3333333333333333,0.5,0.16666666666666666,0.41666666666666663,0.25,1,1,2,4,7.6010478656819735,3,6.941,81,0,0.0,0.0,0.0,0.0,0.0,0.0,0,0.0,0.0,0.0,0.0,0.0,0.0,,,,,0,3.1385972720811908,3,6.941,81,0,0.0,0.0,0.0,0.0,0.0,0.0,1,0.3186136714306465,0.9558410142919396,25.807707385882367,2.2114974934001173,3.0,3.0,,,,,0,1.5871286600682697,3,6.941,81,1,0.6300686422970809,1.8902059268912428,51.03556002606356,4.3733064461840385,3.0,3.0,10,3.774599271906802,8.886639468553907,188.5299560591431,18.991787750499064,2.4,3.0,83.14694257387315,34.02401954632091,12.241192684059497,149.4255597740198,45,3,81,6.941,1.00794,0.9,1.2,,,3,2.0,98,0.8599441662300487,0.9027750754848928,0.9027750754848928
Bi2P2S6,287dcf4f1a19,C->H,0.491,1,0.953,0.053,0.3419193085783816,-121.80473747817501,-0.1556856555466556,-0.25104890545999636,0.17217792339049864,0.5,0.5,0.0,0.3333333333333333,0.3333333333333333,0.5,0.41666666666666663,0.41666666666666663,0.25,1,1,2,4,7.60260994760374,3,6.941,81,0,0.0,0.0,0.0,0.0,0.0,0.0,0,0.0,0.0,0.0,0.0,0.0,0.0,,,,,0,3.4535144071869,3,6.941,81,0,0.0,0.0,0.0,0.0,0.0,0.0,3,0.8087333372152189,2.1599494830589916,48.2011159562995,4.831068072912835,2.6666666666666665,3.0,34.105522388743616,9.900373204522696,21.66548519654845,45.88972918940862,3,1.5871286600682697,3,6.941,81,1,0.6300686422970809,1.8902059268912428,51.03556002606356,4.3733064461840385,3.0,3.0,10,3.774599271906802,8.886639468553907,188.5299560591431,18.991787750499064,2.4,3.0,83.14694257387315,34.02401954632091,12.241192684059497,149.4255597740198,45,3,81,6.941,1.00794,0.9,1.2,,,3,2.0,98,0.8599441662300487,0.9027750754848928,0.9027750754848928
Bi2P2S6,287dcf4f1a19,G->X,0.882,1,0.953,0.053,0.5302525464527156,28.258580294896902,0.4670569666399668,0.25104890545999636,0.0,0.0,0.0,0.0,0.5,0.0,0.0,0.25,0.0,0.0,1,1,2,4,7.828872187682228,3,6.941,81,0,0.0,0.0,0.0,0.0,0.0,0.0,0,0.0,0.0,0.0,0.0,0.0,0.0,,,,,0,7.536294137595693,3,6.941,81,0,0.0,0.0,0.0,0.0,0.0,0.0,0,0.0,0.0,0.0,0.0,0.0,0.0,,,,,0,7.584503175711788,3,6.941,81,0,0.0,0.0,0.0,0.0,0.0,0.0,0,0.0,0.0,0.0,0.0,0.0,0.0,,,,,0,3,81,6.941,1.00794,0.9,1.2,,,3,2.0,98,0.8599441662300487,0.9027750754848928,0.9027750754848928
BiClS,99fd027b1d0b,M->G,0.461,1,1.841,0.12,0.9191238873945335,-149.99999999570173,-0.7959846356742979,-0.45956194375698095,0.0,0.5,0.0,0.0,0.0,0.0,0.0,0.25,0.0,0.0,3,1,6,10,7.443568669357299,3,6.941,81,0,0.0,0.0,0.0,0.0,0.0,0.0,0,0.0,0.0,0.0,0.0,0.0,0.0,,,,,0,7.508681091331195,3,6.941,81,0,0.0,0.0,0.0,0.0,0.0,0.0,0,0.0,0.0,0.0,0.0,0.0,0.0,,,,,0,7.700715766576268,3,6.941,81,0,0.0,0.0,0.0,0.0,0.0,0.0,0,0.0,0.0,0.0,0.0,0.0,0.0,,,,,0,3,81,6.941,1.00794,0.9,1.2,,,3,2.0,98,0.909282666768928,0.9372956282273632,0.9372956282273632
AsBrS,1dcd471c2288,M->K,3.109,0,1.38,0.034,0.5634008212352033,119.99999998528737,-0.28170041049231187,0.4879194237750374,0.0,0.5,0.0,0.0,0.3333333333333333,0.3333333333333333,0.0,0.41666666666666663,0.16666666666666666,0.0,3,6,12,21,8.162213215142257,3,6.941,81,0,0.0,0.0,0.0,0.0,0.0,0.0,0,0.0,0.0,0.0,0.0,0.0,0.0,,,,,0,8.273154694930632,3,6.941,81,0,0.0,0.0,0.0,0.0,0.0,0.0,0,0.0,0.0,0.0,0.0,0.0,0.0,,,,,0,8.185694270055226,3,6.941,81,0,0.0,0.0,0.0,0.0,0.0,0.0,0,0.0,0.0,0.0,0.0,0.0,0.0,,,,,0,3,81,6.941,1.00794,0.9,1.2,,,3,2.0,98,0.81239137651136,0.8750866369111423,0.81239137651136
STeW,916afba26723,M->G,3.622,1,0.191,0.266,1.0910434248861145,-149.9999999785103,-0.9448713223787474,-0.5455217127974465,0.0,0.5,0.0,0.0,0.0,0.0,0.0,0.25,0.0,0.0,3,1,6,10,7.979811507263367,3,6.941,81,0,0.0,0.0,0.0,0.0,0.0,0.0,0,0.0,0.0,0.0,0.0,0.0,0.0,,,,,0,8.022987118216053,3,6.941,81,0,0.0,0.0,0.0,0.0,0.0,0.0,0,0.0,0.0,0.0,0.0,0.0,0.0,,,,,0,8.151141887613718,3,6.941,81,0,0.0,0.0,0.0,0.0,0.0,0.0,0,0.0,0.0,0.0,0.0,0.0,0.0,,,,,0,3,81,6.941,1.00794,0.9,1.2,,,3,2.0,98,0.2260818398707595,0.3590873032806925,0.3590873032806925
STeW,916afba26723,M->K,3.414,1,0.191,0.266,0.6299142134338368,120.00000007800152,-0.3149571074595825,0.5455217106098182,0.0,0.5,0.0,0.0,0.3333333333333333,0.3333333333333333,0.0,0.41666666666666663,0.16666666666666666,0.0,3,6,12,21,7.979811507263367,3,6.941,81,0,0.0,0.0,0.0,0.0,0.0,0.0,0,0.0,0.0,0.0,0.0,0.0,0.0,,,,,0,8.070689125968707,3,6.941,81,0,0.0,0.0,0.0,0.0,0.0,0.0,0,0.0,0.0,0.0,0.0,0.0,0.0,,,,,0,7.999029438373089,3,6.941,81,0,0.0,0.0,0.0,0.0,0.0,0.0,0,0.0,0.0,0.0,0.0,0.0,0.0,,,,,0,3,81,6.941,1.00794,0.9,1.2,,,3,2.0,98,0.2260818398707595,0.3590873032806925,0.3590873032806925
STeW,916afba26723,G->K,0.533,1,0.191,0.266,1.2598284287622152,59.9999999717441,0.6299142149191649,1.0910434234072648,0.0,0.0,0.0,0.0,0.3333333333333333,0.3333333333333333,0.0,0.16666666666666666,0.16666666666666666,0.0,1,6,12,19,8.151141887613718,3,6.941,81,0,0.0,0.0,0.0,0.0,0.0,0.0,0,0.0,0.0,0.0,0.0,0.0,0.0,,,,,0,8.056408179911037,3,6.941,81,0,0.0,0.0,0.0,0.0,0.0,0.0,0,0.0,0.0,0.0,0.0,0.0,0.0,,,,,0,7.999029438373089,3,6.941,81,0,0.0,0.0,0.0,0.0,0.0,0.0,0,0.0,0.0,0.0,0.0,0.0,0.0,,,,,0,3,81,6.941,1.00794,0.9,1.2,,,3,2.0,98,0.2260818398707595,0.3590873032806925,0.3590873032806925
BiClTe,968a6902b7f5,M->K,1.175,0,0.938,0.0,0.4866569930768196,119.99999995915002,-0.24332849623792463,0.4214573191073586,0.0,0.5,0.0,0.0,0.3333333333333333,0.3333333333333333,0.0,0.41666666666666663,0.16666666666666666,0.0,3,6,12,21,8.13059649021044,2,4.002602,16,0,0.0,0.0,0.0,0.0,0.0,0.0,0,0.0,0.0,0.0,0.0,0.0,0.0,,,,,0,8.09095166469816,2,4.002602,16,0,0.0,0.0,0.0,0.0,0.0,0.0,0,0.0,0.0,0.0,0.0,0.0,0.0,,,,,0,8.162173706214801,2,4.002602,16,0,0.0,0.0,0.0,0.0,0.0,0.0,0,0.0,0.0,0.0,0.0,0.0,0.0,,,,,0,3,81,6.941,1.00794,0.9,1.2,,,3,2.0,98,0.901195181671016,0.9106283567992832,0.901195181671016
BiClTe,968a6902b7f5,M->K,0.992,1,0.938,0.0,0.4866569930768196,119.99999995915002,-0.24332849623792463,0.4214573191073586,0.0,0.5,0.0,0.0,0.3333333333333333,0.3333333333333333,0.0,0.41666666666666663,0.16666666666666666,0.0,3,6,12,21,8.13059649021044,2,4.002602,16,0,0.0,0.0,0.0,0.0,0.0,0.0,0,0.0,0.0,0.0,0.0,0.0,0.0,,,,,0,8.09095166469816,2,4.002602,16,0,0.0,0.0,0.0,0.0,0.0,0.0,0,0.0,0.0,0.0,0.0,0.0,0.0,,,,,0,8.162173706214801,2,4.002602,16,0,0.0,0.0,0.0,0.0,0.0,0.0,0,0.0,0.0,0.0,0.0,0.0,0.0,,,,,0,3,81,6.941,1.00794,0.9,1.2,,,3,2.0,98,0.901195181671016,0.9106283567992832,0.9106283567992832
AsBrTe,671e6de2497a,G->M,0.694,1,1.098,0.163,0.9379071669776948,29.999999954309573,0.8122514333681433,0.4689535828411188,0.0,0.0,0.0,0.0,0.5,0.0,0.0,0.25,0.0,0.0,1,3,6,10,7.626501235015113,3,6.941,81,0,0.0,0.0,0.0,0.0,0.0,0.0,0,0.0,0.0,0.0,0.0,0.0,0.0,,,,,0,7.4403362762402,3,6.941,81,0,0.0,0.0,0.0,0.0,0.0,0.0,0,0.0,0.0,0.0,0.0,0.0,0.0,,,,,0,7.377237390464339,3,6.941,81,0,0.0,0.0,0.0,0.0,0.0,0.0,0,0.0,0.0,0.0,0.0,0.0,0.0,,,,,0,3,81,6.941,1.00794,0.9,1.2,,,3,2.0,98,0.927546211775732,0.909375314729425,0.909375314729425
AsBrTe,671e6de2497a,G->K,0.618,1,1.098,0.163,1.0830019110616975,59.99999999707302,0.5415009555787622,0.9379071672988624,0.0,0.0,0.0,0.0,0.3333333333333333,0.3333333333333333,0.0,0.16666666666666666,0.16666666666666666,0.0,1,6,12,19,7.626501235015113,3,6.941,81,0,0.0,0.0,0.0,0.0,0.0,0.0,0,0.0,0.0,0.0,0.0,0.0,0.0,,,,,0,7.489045643454719,3,6.941,81,0,0.0,0.0,0.0,0.0,0.0,0.0,0,0.0,0.0,0.0,0.0,0.0,0.0,,,,,0,7.405347715529844,3,6.941,81,0,0.0,0.0,0.0,0.0,0.0,0.0,0,0.0,0.0,0.0,0.0,0.0,0.0,,,,,0,3,81,6.941,1.00794,0.9,1.2,,,3,2.0,98,0.927546211775732,0.909375314729425,0.909375314729425
AsISe,5d829e480507,M->K,1.626,0,1.164,0.0,0.5323511028510831,120.00000000009142,-0.26617555142627713,0.4610295788012759,0.0,0.5,0.0,0.0,0.3333333333333333,0.3333333333333333,0.0,0.41666666666666663,0.16666666666666666,0.0,3,6,12,21,8.053917220580491,3,6.941,81,0,0.0,0.0,0.0,0.0,0.0,0.0,0,0.0,0.0,0.0,0.0,0.0,0.0,,,,,0,8.179721709807136,3,6.941,81,0,0.0,0.0,0.0,0.0,0.0,0.0,0,0.0,0.0,0.0,0.0,0.0,0.0,,,,,0,8.080565143985774,3,6.941,81,0,0.0,0.0,0.0,0.0,0.0,0.0,0,0.0,0.0,0.0,0.0,0.0,0.0,,,,,0,3,81,6.941,1.00794,0.9,1.2,,,3,2.0,98,0.8922939066570377,0.8797309545139917,0.8922939066570377
AsISe,5d829e480507,G->M,1.583,1,1.164,0.0,0.9220591583863262,30.00000008399031,0.7985266542788312,0.46102958036372926,0.0,0.0,0.0,0.0,0.5,0.0,0.0,0.25,0.0,0.0,1,3,6,10,8.290665633595207,3,6.941,81,0,0.0,0.0,0.0,0.0,0.0,0.0,0,0.0,0.0,0.0,0.0,0.0,0.0,,,,,0,8.113751975735072,3,6.941,81,0,0.0,0.0,0.0,0.0,0.0,0.0,0,0.0,0.0,0.0,0.0,0.0,0.0,,,,,0,8.053917220580491,3,6.941,81,0,0.0,0.0,0.0,0.0,0.0,0.0,0,0.0,0.0,0.0,0.0,0.0,0.0,,,,,0,3,81,6.941,1.00794,0.9,1.2,,,3,2.0,98,0.8922939066570377,0.8797309545139917,0.8797309545139917
AsISe,5d829e480507,G->K,1.615,1,1.164,0.0,1.0647022070552907,60.00000004194945,0.532351102852554,0.9220591591650051,0.0,0.0,0.0,0.0,0.3333333333333333,0.3333333333333333,0.0,0.16666666666666666,0.16666666666666666,0.0,1,6,12,19,8.290665633595207,3,6.941,81,0,0.0,0.0,0.0,0.0,0.0,0.0,0,0.0,0.0,0.0,0.0,0.0,0.0,,,,,0,8.159986789350732,3,6.941,81,0,0.0,0.0,0.0,0.0,0.0,0.0,0,0.0,0.0,0.0,0.0,0.0,0.0,,,,,0,8.080565143985774,3,6.941,81,0,0.0,0.0,0.0,0.0,0.0,0.0,0,0.0,0.0,0.0,0.0,0.0,0.0,,,,,0,3,81,6.941,1.00794,0.9,1.2,,,3,2.0,98,0.8922939066570377,0.8797309545139917,0.8797309545139917
ClSbSe,0c0fbdaf8f4a,G->M,2.682,0,1.177,0.014,0.8996830159842113,29.99999994307009,0.7791483476426971,0.44984150721793265,0.0,0.0,0.0,0.0,0.5,0.0,0.0,0.25,0.0,0.0,1,3,6,10,8.432142865010176,3,6.941,81,0,0.0,0.0,0.0,0.0,0.0,0.0,0,0.0,0.0,0.0,0.0,0.0,0.0,,,,,0,8.249406780480768,3,6.941,81,0,0.0,0.0,0.0,0.0,0.0,0.0,0,0.0,0.0,0.0,0.0,0.0,0.0,,,,,0,8.187588485811117,3,6.941,81,0,0.0,0.0,0.0,0.0,0.0,0.0,0,0.0,0.0,0.0,0.0,0.0,0.0,,,,,0,3,81,6.941,1.00794,0.9,1.2,,,3,2.0,98,0.7943110472668419,0.8322172034831463,0.7943110472668419
ClSbSe,0c0fbdaf8f4a,G->K,2.448,0,1.177,0.014,1.0388644630239674,59.99999998409072,0.5194322317617981,0.8996830159234049,0.0,0.0,0.0,0.0,0.3333333333333333,0.3333333333333333,0.0,0.16666666666666666,0.16666666666666666,0.0,1,6,12,19,8.432142865010176,3,6.941,81,0,0.0,0.0,0.0,0.0,0.0,0.0,0,0.0,0.0,0.0,0.0,0.0,0.0,,,,,0,8.297169257394298,3,6.941,81,0,0.0,0.0,0.0,0.0,0.0,0.0,0,0.0,0.0,0.0,0.0,0.0,0.0,,,,,0,8.215120712612187,3,6.941,81,0,0.0,0.0,0.0,0.0,0.0,0.0,0,0.0,0.0,0.0,0.0,0.0,0.0,,,,,0,3,81,6.941,1.00794,0.9,1.2,,,3,2.0,98,0.7943110472668419,0.8322172034831463,0.7943110472668419
ClSbTe,da5fd2bb47af,M->G,2.891,0,1.291,0.008,0.864844264440327,-149.99999999664146,-0.7489771032972424,-0.4324221322640668,0.0,0.5,0.0,0.0,0.0,0.0,0.0,0.25,0.0,0.0,3,1,6,10,8.154188117548681,2,4.002602,16,0,0.0,0.0,0.0,0.0,0.0,0.0,0,0.0,0.0,0.0,0.0,0.0,0.0,,,,,0,8.221338332837504,2,4.002602,16,0,0.0,0.0,0.0,0.0,0.0,0.0,0,0.0,0.0,0.0,0.0,0.0,0.0,,,,,0,8.419576257842564,2,4.002602,16,0,0.0,0.0,0.0,0.0,0.0,0.0,0,0.0,0.0,0.0,0.0,0.0,0.0,,,,,0,3,81,6.941,1.00794,0.9,1.2,,,3,2.0,98,0.8418724917890628,0.8448925848104843,0.8418724917890628
ClSbTe,da5fd2bb47af,M->K,2.35,0,1.291,0.008,0.49931806891552344,119.99999999664145,-0.24965903443241416,0.4324221322640668,0.0,0.5,0.0,0.0,0.3333333333333333,0.3333333333333333,0.0,0.41666666666666663,0.16666666666666666,0.0,3,6,12,21,8.154188117548681,2,4.002602,16,0,0.0,0.0,0.0,0.0,0.0,0.0,0,0.0,0.0,0.0,0.0,0.0,0.0,,,,,0,8.116642396109999,2,4.002602,16,0,0.0,0.0,0.0,0.0,0.0,0.0,0,0.0,0.0,0.0,0.0,0.0,0.0,,,,,0,8.18410067832995,2,4.002602,16,0,0.0,0.0,0.0,0.0,0.0,0.0,0,0.0,0.0,0.0,0.0,0.0,0.0,,,,,0,3,81,6.941,1.00794,0.9,1.2,,,3,2.0,98,0.8418724917890628,0.8448925848104843,0.8418724917890628
Cr2W2Te8,62bb754c4cb2,G->X,1.535,0,0.512,0.082,0.44638025758002664,0.0,0.44638025758002664,0.0,0.0,0.0,0.0,0.0,0.5,0.0,0.0,0.25,0.0,0.0,1,1,2,4,7.759411475942858,3,6.941,81,0,0.0,0.0,0.0,0.0,0.0,0.0,0,0.0,0.0,0.0,0.0,0.0,0.0,,,,,0,7.636559148574193,3,6.941,81,0,0.0,0.0,0.0,0.0,0.0,0.0,0,0.0,0.0,0.0,0.0,0.0,0.0,,,,,0,7.758439338920356,3,6.941,81,0,0.0,0.0,0.0,0.0,0.0,0.0,0,0.0,0.0,0.0,0.0,0.0,0.0,,,,,0,3,81,6.941,1.00794,0.9,1.2,,,3,2.0,98,0.2157043936857912,0.1016518741458471,0.2157043936857912
Cr2W2Te8,62bb754c4cb2,Y->S,1.105,0,0.512,0.082,0.44638025758002664,0.0,0.44638025758002664,0.0,0.0,0.0,0.5,0.0,0.5,0.5,0.0,0.25,0.5,0.0,1,1,2,4,7.576161711688212,3,6.941,81,0,0.0,0.0,0.0,0.0,0.0,0.0,0,0.0,0.0,0.0,0.0,0.0,0.0,,,,,0,7.776626607433531,3,6.941,81,0,0.0,0.0,0.0,0.0,0.0,0.0,0,0.0,0.0,0.0,0.0,0.0,0.0,,,,,0,7.575187214045273,3,6.941,81,0,0.0,0.0,0.0,0.0,0.0,0.0,0,0.0,0.0,0.0,0.0,0.0,0.0,,,,,0,3,81,6.941,1.00794,0.9,1.2,,,3,2.0,98,0.2157043936857912,0.1016518741458471,0.2157043936857912
Cr2W2Te8,62bb754c4cb2,G->S,0.686,0,0.512,0.082,0.6813911325200684,49.07266394958416,0.44638025758002664,0.5148189401331021,0.0,0.0,0.0,0.0,0.5,0.5,0.0,0.25,0.25,0.0,1,1,2,4,7.759411475942858,3,6.941,81,0,0.0,0.0,0.0,0.0,0.0,0.0,0,0.0,0.0,0.0,0.0,0.0,0.0,,,,,0,7.717100691494846,3,6.941,81,0,0.0,0.0,0.0,0.0,0.0,0.0,0,0.0,0.0,0.0,0.0,0.0,0.0,,,,,0,7.575187214045273,3,6.941,81,0,0.0,0.0,0.0,0.0,0.0,0.0,0,0.0,0.0,0.0,0.0,0.0,0.0,,,,,0,3,81,6.941,1.00794,0.9,1.2,,,3,2.0,98,0.2157043936857912,0.1016518741458471,0.2157043936857912
Mo2W2Se8,a1d716aad84d,X->G,1.784,0,1.288,0.0,0.4730773974396558,180.0,-0.4730773974396558,0.0,0.0,0.5,0.0,0.0,0.0,0.0,0.0,0.25,0.0,0.0,1,1,2,4,7.739445407380419,3,6.941,81,0,0.0,0.0,0.0,0.0,0.0,0.0,0,0.0,0.0,0.0,0.0,0.0,0.0,,,,,0,7.5603336645966515,3,6.941,81,0,0.0,0.0,0.0,0.0,0.0,0.0,0,0.0,0.0,0.0,0.0,0.0,0.0,,,,,0,7.739415530810206,3,6.941,81,0,0.0,0.0,0.0,0.0,0.0,0.0,0,0.0,0.0,0.0,0.0,0.0,0.0,,,,,0,3,81,6.941,1.00794,0.9,1.2,,,3,2.0,98,0.2050796246622059,0.1834049364521039,0.2050796246622059
BiITe,2d41b3dd1772,G->M,2.065,1,0.701,0.0,0.8203697860398935,29.99999996531762,0.7104610754560462,0.4101848925898892,0.0,0.0,0.0,0.0,0.5,0.0,0.0,0.25,0.0,0.0,1,3,6,10,8.209212328236838,3,6.941,81,0,0.0,0.0,0.0,0.0,0.0,0.0,0,0.0,0.0,0.0,0.0,0.0,0.0,,,,,0,7.982789668207899,3,6.941,81,0,0.0,0.0,0.0,0.0,0.0,0.0,0,0.0,0.0,0.0,0.0,0.0,0.0,,,,,0,7.905874535381019,3,6.941,81,0,0.0,0.0,0.0,0.0,0.0,0.0,0,0.0,0.0,0.0,0.0,0.0,0.0,,,,,0,3,81,6.941,1.00794,0.9,1.2,,,3,2.0,98,0.9040246564075758,0.919259222337323,0.919259222337323
BiITe,2d41b3dd1772,M->K,1.391,1,0.701,0.0,0.47364071754523307,119.99999995987363,-0.23682035848534877,0.41018489382671586,0.0,0.5,0.0,0.0,0.3333333333333333,0.3333333333333333,0.0,0.41666666666666663,0.16666666666666666,0.0,3,6,12,21,7.905874535381019,3,6.941,81,0,0.0,0.0,0.0,0.0,0.0,0.0,0,0.0,0.0,0.0,0.0,0.0,0.0,,,,,0,7.984406957808436,2,4.002602,16,0,0.0,0.0,0.0,0.0,0.0,0.0,0,0.0,0.0,0.0,0.0,0.0,0.0,,,,,0,7.940151022258586,3,6.941,81,0,0.0,0.0,0.0,0.0,0.0,0.0,0,0.0,0.0,0.0,0.0,0.0,0.0,,,,,0,3,81,6.941,1.00794,0.9,1.2,,,3,2.0,98,0.9040246564075758,0.919259222337323,0.919259222337323
BiITe,2d41b3dd1772,G->K,2.086,1,0.701,0.0,0.9472814340193428,60.000000002722004,0.47364071697069743,0.8203697864166051,0.0,0.0,0.0,0.0,0.3333333333333333,0.3333333333333333,0.0,0.16666666666666666,0.16666666666666666,0.0,1,6,12,19,8.209212328236838,3,6.941,81,0,0.0,0.0,0.0,0.0,0.0,0.0,0,0.0,0.0,0.0,0.0,0.0,0.0,,,,,0,8.042103987863682,3,6.941,81,0,0.0,0.0,0.0,0.0,0.0,0.0,0,0.0,0.0,0.0,0.0,0.0,0.0,,,,,0,7.940151022258586,3,6.941,81,0,0.0,0.0,0.0,0.0,0.0,0.0,0,0.0,0.0,0.0,0.0,0.0,0.0,,,,,0,3,81,6.941,1.00794,0.9,1.2,,,3,2.0,98,0.9040246564075758,0.919259222337323,0.919259222337323
ZrTi3Se8,52a5e2b280d4,S->Y,1.091,0,0.571,0.131,0.44225010526794706,180.0,-0.44225010526794706,0.0,0.0,0.5,0.5,0.0,0.0,0.5,0.0,0.25,0.5,0.0,1,1,2,4,7.571819678851244,3,6.941,81,0,0.0,0.0,0.0,0.0,0.0,0.0,0,0.0,0.0,0.0,0.0,0.0,0.0,,,,,0,7.761694768120804,3,6.941,81,0,0.0,0.0,0.0,0.0,0.0,0.0,0,0.0,0.0,0.0,0.0,0.0,0.0,,,,,0,7.572499351212329,3,6.941,81,0,0.0,0.0,0.0,0.0,0.0,0.0,0,0.0,0.0,0.0,0.0,0.0,0.0,,,,,0,3,81,6.941,1.00794,0.9,1.2,,,3,2.0,98,0.7405566209593908,0.1154653629793862,0.7405566209593908
ZrTi3Se8,52a5e2b280d4,S->G,0.48,0,0.571,0.131,0.6761765956755018,-130.84729698785281,-0.44225010526794706,-0.5114974417627138,0.0,0.5,0.5,0.0,0.0,0.0,0.0,0.25,0.25,0.0,1,1,2,4,7.571819678851244,3,6.941,81,0,0.0,0.0,0.0,0.0,0.0,0.0,0,0.0,0.0,0.0,0.0,0.0,0.0,,,,,0,7.707064536089326,3,6.941,81,0,0.0,0.0,0.0,0.0,0.0,0.0,0,0.0,0.0,0.0,0.0,0.0,0.0,,,,,0,7.769689128572964,3,6.941,81,0,0.0,0.0,0.0,0.0,0.0,0.0,0,0.0,0.0,0.0,0.0,0.0,0.0,,,,,0,3,81,6.941,1.00794,0.9,1.2,,,3,2.0,98,0.7405566209593908,0.1154653629793862,0.7405566209593908
BiBrSe,11db0908d9ef,M->G,0.393,1,1.385,0.111,0.8897328164715187,-150.0000000375113,-0.7705312219362651,-0.4448664077312957,0.0,0.5,0.0,0.0,0.0,0.0,0.0,0.25,0.0,0.0,3,1,6,10,7.317360651795629,3,6.941,81,0,0.0,0.0,0.0,0.0,0.0,0.0,0,0.0,0.0,0.0,0.0,0.0,0.0,,,,,0,7.388012452108569,3,6.941,81,0,0.0,0.0,0.0,0.0,0.0,0.0,0,0.0,0.0,0.0,0.0,0.0,0.0,,,,,0,7.596026016589476,3,6.941,81,0,0.0,0.0,0.0,0.0,0.0,0.0,0,0.0,0.0,0.0,0.0,0.0,0.0,,,,,0,3,81,6.941,1.00794,0.9,1.2,,,3,2.0,98,0.9198579768745668,0.9316661883508596,0.9316661883508596
P2Sb2Te6,82b85dfd7723,Y->G,2.466,0,0.633,0.14,0.8277044836668489,-120.08754198205263,-0.4149469740998666,-0.7161799501295534,0.0,0.5,0.5,0.0,0.0,0.0,0.0,0.25,0.25,0.0,2,1,4,7,7.465000914850878,3,6.941,81,0,0.0,0.0,0.0,0.0,0.0,0.0,0,0.0,0.0,0.0,0.0,0.0,0.0,,,,,0,7.555597202894674,3,6.941,81,0,0.0,0.0,0.0,0.0,0.0,0.0,0,0.0,0.0,0.0,0.0,0.0,0.0,,,,,0,7.8372043723157665,3,6.941,81,0,0.0,0.0,0.0,0.0,0.0,0.0,0,0.0,0.0,0.0,0.0,0.0,0.0,,,,,0,3,81,6.941,1.00794,0.9,1.2,,,3,2.0,98,0.8244461820584097,0.8318788232153959,0.8244461820584097
P2Sb2Te6,82b85dfd7723,X->G,2.596,0,0.633,0.14,0.31858508564549465,150.08738780717385,-0.27614541020887295,0.15887154942380483,0.0,0.33274782977741646,-0.33274782977741646,0.0,0.0,0.0,0.0,0.16637391488870823,-0.16637391488870823,0.0,2,1,4,7,7.837642033619763,3,6.941,81,0,0.0,0.0,0.0,0.0,0.0,0.0,0,0.0,0.0,0.0,0.0,0.0,0.0,,,,,0,7.529604345711297,3,6.941,81,0,0.0,0.0,0.0,0.0,0.0,0.0,0,0.0,0.0,0.0,0.0,0.0,0.0,,,,,0,7.8372043723157665,3,6.941,81,0,0.0,0.0,0.0,0.0,0.0,0.0,0,0.0,0.0,0.0,0.0,0.0,0.0,,,,,0,3,81,6.941,1.00794,0.9,1.2,,,3,2.0,98,0.8244461820584097,0.8318788232153959,0.8244461820584097
P2Sb2Te6,82b85dfd7723,Y->G,1.057,1,0.633,0.14,0.8277044836668489,-120.08754198205263,-0.4149469740998666,-0.7161799501295534,0.0,0.5,0.5,0.0,0.0,0.0,0.0,0.25,0.25,0.0,2,1,4,7,7.465000914850878,3,6.941,81,0,0.0,0.0,0.0,0.0,0.0,0.0,0,0.0,0.0,0.0,0.0,0.0,0.0,,,,,0,7.555597202894674,3,6.941,81,0,0.0,0.0,0.0,0.0,0.0,0.0,0,0.0,0.0,0.0,0.0,0.0,0.0,,,,,0,7.8372043723157665,3,6.941,81,0,0.0,0.0,0.0,0.0,0.0,0.0,0,0.0,0.0,0.0,0.0,0.0,0.0,,,,,0,3,81,6.941,1.00794,0.9,1.2,,,3,2.0,98,0.8244461820584097,0.8318788232153959,0.8318788232153959
P2Sb2Te6,82b85dfd7723,X->G,0.92,1,0.633,0.14,0.31858508564549465,150.08738780717385,-0.27614541020887295,0.15887154942380483,0.0,0.33274782977741646,-0.33274782977741646,0.0,0.0,0.0,0.0,0.16637391488870823,-0.16637391488870823,0.0,2,1,4,7,7.837642033619763,3,6.941,81,0,0.0,0.0,0.0,0.0,0.0,0.0,0,0.0,0.0,0.0,0.0,0.0,0.0,,,,,0,7.529604345711297,3,6.941,81,0,0.0,0.0,0.0,0.0,0.0,0.0,0,0.0,0.0,0.0,0.0,0.0,0.0,,,,,0,7.8372043723157665,3,6.941,81,0,0.0,0.0,0.0,0.0,0.0,0.0,0,0.0,0.0,0.0,0.0,0.0,0.0,,,,,0,3,81,6.941,1.00794,0.9,1.2,,,3,2.0,98,0.8244461820584097,0.8318788232153959,0.8318788232153959
WCr3S8,dc4259e69783,X->G,1.317,0,0.887,0.009,0.5082769606129934,180.0,-0.5082769606129934,0.0,0.0,0.5,0.0,0.0,0.0,0.0,0.0,0.25,0.0,0.0,1,1,2,4,7.70319721645391,3,6.941,81,0,0.0,0.0,0.0,0.0,0.0,0.0,0,0.0,0.0,0.0,0.0,0.0,0.0,,,,,0,7.61074998080128,3,6.941,81,0,0.0,0.0,0.0,0.0,0.0,0.0,0,0.0,0.0,0.0,0.0,0.0,0.0,,,,,0,7.700954777122245,3,6.941,81,0,0.0,0.0,0.0,0.0,0.0,0.0,0,0.0,0.0,0.0,0.0,0.0,0.0,,,,,0,3,81,6.941,1.00794,0.9,1.2,,,3,2.0,98,0.134076482189789,0.1114644811375034,0.134076482189789
Cr2Mo2Te8,988b11badabb,X->G,1.105,0,0.575,0.067,0.4471347844703027,180.0,-0.4471347844703027,0.0,0.0,0.5,0.0,0.0,0.0,0.0,0.0,0.25,0.0,0.0,1,1,2,4,7.7580481614612244,3,6.941,81,0,0.0,0.0,0.0,0.0,0.0,0.0,0,0.0,0.0,0.0,0.0,0.0,0.0,,,,,0,7.635434278592555,3,6.941,81,0,0.0,0.0,0.0,0.0,0.0,0.0,0,0.0,0.0,0.0,0.0,0.0,0.0,,,,,0,7.75871906753303,3,6.941,81,0,0.0,0.0,0.0,0.0,0.0,0.0,0,0.0,0.0,0.0,0.0,0.0,0.0,,,,,0,3,81,6.941,1.00794,0.9,1.2,,,3,2.0,98,0.2124826412893839,0.1041993926048926,0.2124826412893839
Cr2Mo2Te8,988b11badabb,Y->S,0.842,0,0.575,0.067,0.4471347844703027,0.0,0.4471347844703027,0.0,0.0,0.0,0.5,0.0,0.5,0.5,0.0,0.25,0.5,0.0,1,1,2,4,7.575305297912412,3,6.941,81,0,0.0,0.0,0.0,0.0,0.0,0.0,0,0.0,0.0,0.0,0.0,0.0,0.0,,,,,0,7.775160643547721,3,6.941,81,0,0.0,0.0,0.0,0.0,0.0,0.0,0,0.0,0.0,0.0,0.0,0.0,0.0,,,,,0,7.574562164918171,3,6.941,81,0,0.0,0.0,0.0,0.0,0.0,0.0,0,0.0,0.0,0.0,0.0,0.0,0.0,,,,,0,3,81,6.941,1.00794,0.9,1.2,,,3,2.0,98,0.2124826412893839,0.1041993926048926,0.2124826412893839
Cr2Mo2Te8,988b11badabb,G->S,0.735,0,0.575,0.067,0.6826221758307679,49.078432863752205,0.4471347844703027,0.5157940669032823,0.0,0.0,0.0,0.0,0.5,0.5,0.0,0.25,0.25,0.0,1,1,2,4,7.75871906753303,3,6.941,81,0,0.0,0.0,0.0,0.0,0.0,0.0,0,0.0,0.0,0.0,0.0,0.0,0.0,,,,,0,7.716265416821453,3,6.941,81,0,0.0,0.0,0.0,0.0,0.0,0.0,0,0.0,0.0,0.0,0.0,0.0,0.0,,,,,0,7.574562164918171,3,6.941,81,0,0.0,0.0,0.0,0.0,0.0,0.0,0,0.0,0.0,0.0,0.0,0.0,0.0,,,,,0,3,81,6.941,1.00794,0.9,1.2,,,3,2.0,98,0.2124826412893839,0.1041993926048926,0.2124826412893839
ISbSe,343d2125478e,G->M,1.17,1,1.078,0.13,0.8949702655375834,30.000000008527763,0.7750669855206493,0.4474851328841508,0.0,0.0,0.0,0.0,0.5,0.0,0.0,0.25,0.0,0.0,1,3,6,10,7.482516049079249,3,6.941,81,0,0.0,0.0,0.0,0.0,0.0,0.0,0,0.0,0.0,0.0,0.0,0.0,0.0,,,,,0,7.273756732666789,3,6.941,81,0,0.0,0.0,0.0,0.0,0.0,0.0,0,0.0,0.0,0.0,0.0,0.0,0.0,,,,,0,7.202825871358482,3,6.941,81,0,0.0,0.0,0.0,0.0,0.0,0.0,0,0.0,0.0,0.0,0.0,0.0,0.0,,,,,0,3,81,6.941,1.00794,0.9,1.2,,,3,2.0,98,0.8991816494298284,0.9133427007098202,0.9133427007098202
ISbSe,343d2125478e,G->K,0.954,1,1.078,0.13,1.033422647627276,60.00000000852776,0.5167113236804328,0.8949702657683015,0.0,0.0,0.0,0.0,0.3333333333333333,0.3333333333333333,0.0,0.16666666666666666,0.16666666666666666,0.0,1,6,12,19,7.482516049079249,3,6.941,81,0,0.0,0.0,0.0,0.0,0.0,0.0,0,0.0,0.0,0.0,0.0,0.0,0.0,,,,,0,7.32845055933779,3,6.941,81,0,0.0,0.0,0.0,0.0,0.0,0.0,0,0.0,0.0,0.0,0.0,0.0,0.0,,,,,0,7.234436557713956,3,6.941,81,0,0.0,0.0,0.0,0.0,0.0,0.0,0,0.0,0.0,0.0,0.0,0.0,0.0,,,,,0,3,81,6.941,1.00794,0.9,1.2,,,3,2.0,98,0.8991816494298284,0.9133427007098202,0.9133427007098202
Bi2P2Te6,cf7927ab6730,G->Y,1.814,1,0.507,0.14,0.4701919578107924,90.00000000000001,-3.6653048241269107e-17,0.4701919578107924,0.0,0.0,0.0,0.0,0.0,0.5,0.0,0.0,0.25,0.0,1,1,2,4,7.82823799047938,3,6.941,81,0,0.0,0.0,0.0,0.0,0.0,0.0,0,0.0,0.0,0.0,0.0,0.0,0.0,,,,,0,7.383952682437969,3,6.941,81,0,0.0,0.0,0.0,0.0,0.0,0.0,0,0.0,0.0,0.0,0.0,0.0,0.0,,,,,0,7.429391157965847,3,6.941,81,0,0.0,0.0,0.0,0.0,0.0,0.0,0,0.0,0.0,0.0,0.0,0.0,0.0,,,,,0,3,81,6.941,1.00794,0.9,1.2,,,3,2.0,98,0.8519428236956959,0.8422307722599669,0.8422307722599669
Bi2P2Te6,cf7927ab6730,Y->G,1.725,1,0.507,0.14,0.4701919578107924,-90.0,3.6653048241269107e-17,-0.4701919578107924,0.0,0.0,0.5,0.0,0.0,0.0,0.0,0.0,0.25,0.0,1,1,2,4,7.429391157965847,3,6.941,81,0,0.0,0.0,0.0,0.0,0.0,0.0,0,0.0,0.0,0.0,0.0,0.0,0.0,,,,,0,7.383952682437969,3,6.941,81,0,0.0,0.0,0.0,0.0,0.0,0.0,0,0.0,0.0,0.0,0.0,0.0,0.0,,,,,0,7.82823799047938,3,6.941,81,0,0.0,0.0,0.0,0.0,0.0,0.0,0,0.0,0.0,0.0,0.0,0.0,0.0,,,,,0,3,81,6.941,1.00794,0.9,1.2,,,3,2.0,98,0.8519428236956959,0.8422307722599669,0.8422307722599669
Bi2P2Te6,cf7927ab6730,X->G,1.692,1,0.507,0.14,0.4710276744212195,-150.058674084781,-0.4081628973500358,-0.2350959789053962,0.0,0.5,0.0,0.0,0.0,0.0,0.0,0.25,0.0,0.0,1,1,2,4,7.431456813285044,3,6.941,81,0,0.0,0.0,0.0,0.0,0.0,0.0,0,0.0,0.0,0.0,0.0,0.0,0.0,,,,,0,7.387226019458091,3,6.941,81,0,0.0,0.0,0.0,0.0,0.0,0.0,0,0.0,0.0,0.0,0.0,0.0,0.0,,,,,0,7.82823799047938,3,6.941,81,0,0.0,0.0,0.0,0.0,0.0,0.0,0,0.0,0.0,0.0,0.0,0.0,0.0,,,,,0,3,81,6.941,1.00794,0.9,1.2,,,3,2.0,98,0.8519428236956959,0.8422307722599669,0.8422307722599669
Bi2P2Te6,cf7927ab6730,G->X,1.809,1,0.507,0.14,0.4710276744212195,29.94132591521901,0.4081628973500358,0.2350959789053962,0.0,0.0,0.0,0.0,0.5,0.0,0.0,0.25,0.0,0.0,1,1,2,4,7.82823799047938,3,6.941,81,0,0.0,0.0,0.0,0.0,0.0,0.0,0,0.0,0.0,0.0,0.0,0.0,0.0,,,,,0,7.387226019458091,3,6.941,81,0,0.0,0.0,0.0,0.0,0.0,0.0,0,0.0,0.0,0.0,0.0,0.0,0.0,,,,,0,7.431456813285044,3,6.941,81,0,0.0,0.0,0.0,0.0,0.0,0.0,0,0.0,0.0,0.0,0.0,0.0,0.0,,,,,0,3,81,6.941,1.00794,0.9,1.2,,,3,2.0,98,0.8519428236956959,0.8422307722599669,0.8422307722599669
HgTe,1a3bdd1b142a,G->M,0.501,0,0.132,0.165,0.7666819487774567,29.99999999172793,0.6639660443195821,0.3833409742928683,0.0,0.0,0.0,0.0,0.5,0.0,0.0,0.25,0.0,0.0,1,3,6,10,7.98201357741627,1,1.00794,1,0,0.0,0.0,0.0,0.0,0.0,0.0,0,0.0,0.0,0.0,0.0,0.0,0.0,,,,,0,7.714587560993003,1,1.00794,1,0,0.0,0.0,0.0,0.0,0.0,0.0,0,0.0,0.0,0.0,0.0,0.0,0.0,,,,,0,7.623361117749708,1,1.00794,1,0,0.0,0.0,0.0,0.0,0.0,0.0,0,0.0,0.0,0.0,0.0,0.0,0.0,,,,,0,2,16,4.002602,1.00794,0.625,0.75,,,2,1.5,17,0.8163718961430929,0.6004465462984125,0.8163718961430929
HgTe,1a3bdd1b142a,G->K,0.618,0,0.132,0.165,0.8852880588713966,59.99999999172792,0.44264402954638804,0.7666819485857365,0.0,0.0,0.0,0.0,0.3333333333333333,0.3333333333333333,0.0,0.16666666666666666,0.16666666666666666,0.0,1,6,12,19,7.98201357741627,1,1.00794,1,0,0.0,0.0,0.0,0.0,0.0,0.0,0,0.0,0.0,0.0,0.0,0.0,0.0,,,,,0,7.784802407332578,1,1.00794,1,0,0.0,0.0,0.0,0.0,0.0,0.0,0,0.0,0.0,0.0,0.0,0.0,0.0,,,,,0,7.664040265158656,1,1.00794,1,0,0.0,0.0,0.0,0.0,0.0,0.0,0,0.0,0.0,0.0,0.0,0.0,0.0,,,,,0,2,16,4.002602,1.00794,0.625,0.75,,,2,1.5,17,0.8163718961430929,0.6004465462984125,0.8163718961430929
BiBrTe,304bc6a92d82,M->K,1.13,0,0.878,0.0,0.4822187332200551,120.00000003531756,-0.24110936686744777,0.41761367300069707,0.0,0.5,0.0,0.0,0.3333333333333333,0.3333333333333333,0.0,0.41666666666666663,0.16666666666666666,0.0,3,6,12,21,8.054380971050184,3,6.941,81,0,0.0,0.0,0.0,0.0,0.0,0.0,0,0.0,0.0,0.0,0.0,0.0,0.0,,,,,0,8.036305929300088,2,4.002602,16,0,0.0,0.0,0.0,0.0,0.0,0.0,0,0.0,0.0,0.0,0.0,0.0,0.0,,,,,0,8.086844078486997,3,6.941,81,0,0.0,0.0,0.0,0.0,0.0,0.0,0,0.0,0.0,0.0,0.0,0.0,0.0,,,,,0,3,81,6.941,1.00794,0.9,1.2,,,3,2.0,98,0.8941369584845804,0.9109066585302884,0.8941369584845804
BiBrTe,304bc6a92d82,M->K,1.08,1,0.878,0.0,0.4822187332200551,120.00000003531756,-0.24110936686744777,0.41761367300069707,0.0,0.5,0.0,0.0,0.3333333333333333,0.3333333333333333,0.0,0.41666666666666663,0.16666666666666666,0.0,3,6,12,21,8.054380971050184,3,6.941,81,0,0.0,0.0,0.0,0.0,0.0,0.0,0,0.0,0.0,0.0,0.0,0.0,0.0,,,,,0,8.036305929300088,2,4.002602,16,0,0.0,0.0,0.0,0.0,0.0,0.0,0,0.0,0.0,0.0,0.0,0.0,0.0,,,,,0,8.086844078486997,3,6.941,81,0,0.0,0.0,0.0,0.0,0.0,0.0,0,0.0,0.0,0.0,0.0,0.0,0.0,,,,,0,3,81,6.941,1.00794,0.9,1.2,,,3,2.0,98,0.8941369584845804,0.9109066585302884,0.9109066585302884
MoW3S8,2f6f133abcc8,X->G,2.241,0,1.552,0.0,0.49284120722705393,180.0,-0.49284120722705393,0.0,0.0,0.5,0.0,0.0,0.0,0.0,0.0,0.25,0.0,0.0,1,1,2,4,7.720890770974285,3,6.941,81,0,0.0,0.0,0.0,0.0,0.0,0.0,0,0.0,0.0,0.0,0.0,0.0,0.0,,,,,0,7.55570787643124,3,6.941,81,0,0.0,0.0,0.0,0.0,0.0,0.0,0,0.0,0.0,0.0,0.0,0.0,0.0,,,,,0,7.720666649386601,3,6.941,81,0,0.0,0.0,0.0,0.0,0.0,0.0,0,0.0,0.0,0.0,0.0,0.0,0.0,,,,,0,3,81,6.941,1.00794,0.9,1.2,,,3,2.0,98,0.2120919784501239,0.2250064564826057,0.2120919784501239
MoW3S8,2f6f133abcc8,S->Y,1.202,1,1.552,0.0,0.49284120722705393,180.0,-0.49284120722705393,0.0,0.0,0.5,0.5,0.0,0.0,0.5,0.0,0.25,0.5,0.0,1,1,2,4,7.556621126717375,3,6.941,81,0,0.0,0.0,0.0,0.0,0.0,0.0,0,0.0,0.0,0.0,0.0,0.0,0.0,,,,,0,7.720430295600247,3,6.941,81,0,0.0,0.0,0.0,0.0,0.0,0.0,0,0.0,0.0,0.0,0.0,0.0,0.0,,,,,0,7.555166175164899,3,6.941,81,0,0.0,0.0,0.0,0.0,0.0,0.0,0,0.0,0.0,0.0,0.0,0.0,0.0,,,,,0,3,81,6.941,1.00794,0.9,1.2,,,3,2.0,98,0.2120919784501239,0.2250064564826057,0.2250064564826057
BiClSe,7fe9c5cb910c,M->K,0.679,0,1.601,0.119,0.519847457637338,119.99999999593344,-0.259923728786716,0.4502011044251375,-1.4256077245128063e-18,0.5,0.0,0.0,0.3333333333333333,0.3333333333333333,0.0,0.41666666666666663,0.16666666666666666,0.0,3,6,12,21,7.425228991376028,3,6.941,81,0,0.0,0.0,0.0,0.0,0.0,0.0,0,0.0,0.0,0.0,0.0,0.0,0.0,,,,,0,7.387179644269983,3,6.941,81,0,0.0,0.0,0.0,0.0,0.0,0.0,0,0.0,0.0,0.0,0.0,0.0,0.0,,,,,0,7.455528656396472,3,6.941,81,0,0.0,0.0,0.0,0.0,0.0,0.0,0,0.0,0.0,0.0,0.0,0.0,0.0,,,,,0,3,81,6.941,1.00794,0.9,1.2,,,3,2.0,98,0.9114345157094904,0.93294310439798,0.9114345157094904
BiClSe,7fe9c5cb910c,M->G,0.746,1,1.601,0.119,0.9004022087395867,-149.99999999593345,-0.779771186360148,-0.4502011044251375,-4.276823173538419e-18,0.5,0.0,0.0,0.0,0.0,0.0,0.25,0.0,0.0,3,1,6,10,7.425228991376028,3,6.941,81,0,0.0,0.0,0.0,0.0,0.0,0.0,0,0.0,0.0,0.0,0.0,0.0,0.0,,,,,0,7.49323094717954,3,6.941,81,0,0.0,0.0,0.0,0.0,0.0,0.0,0,0.0,0.0,0.0,0.0,0.0,0.0,,,,,0,7.693631350888383,3,6.941,81,0,0.0,0.0,0.0,0.0,0.0,0.0,0,0.0,0.0,0.0,0.0,0.0,0.0,,,,,0,3,81,6.941,1.00794,0.9,1.2,,,3,2.0,98,0.9114345157094904,0.93294310439798,0.93294310439798
WMo3Te8,323fb700d903,X->G,1.501,0,0.923,0.005,0.44244229172300353,180.0,-0.44244229172300353,0.0,0.0,0.5,0.0,0.0,0.0,0.0,0.0,0.25,0.0,0.0,1,1,2,4,7.772824137497779,3,6.941,81,0,0.0,0.0,0.0,0.0,0.0,0.0,0,0.0,0.0,0.0,0.0,0.0,0.0,,,,,0,7.569013912866666,3,6.941,81,0,0.0,0.0,0.0,0.0,0.0,0.0,0,0.0,0.0,0.0,0.0,0.0,0.0,,,,,0,7.773098575271694,3,6.941,81,0,0.0,0.0,0.0,0.0,0.0,0.0,0,0.0,0.0,0.0,0.0,0.0,0.0,,,,,0,3,81,6.941,1.00794,0.9,1.2,,,3,2.0,98,0.3014358700618786,0.1389700062296471,0.3014358700618786
WMo3Te8,323fb700d903,G->S,1.292,0,0.923,0.005,0.6759457360999079,49.11423724864225,0.44244229172300353,0.5110258864740054,0.0,0.0,0.0,0.0,0.5,0.5,0.0,0.25,0.25,0.0,1,1,2,4,7.773098575271694,3,6.941,81,0,0.0,0.0,0.0,0.0,0.0,0.0,0,0.0,0.0,0.0,0.0,0.0,0.0,,,,,0,7.723220276996251,3,6.941,81,0,0.0,0.0,0.0,0.0,0.0,0.0,0,0.0,0.0,0.0,0.0,0.0,0.0,,,,,0,7.569134694570632,3,6.941,81,0,0.0,0.0,0.0,0.0,0.0,0.0,0,0.0,0.0,0.0,0.0,0.0,0.0,,,,,0,3,81,6.941,1.00794,0.9,1.2,,,3,2.0,98,0.3014358700618786,0.1389700062296471,0.3014358700618786
AsIS,b13beafa16aa,M->K,2.033,0,1.395,0.064,0.5448908289780512,119.99999999043433,-0.2724454144102424,0.4718893002296397,0.0,0.5,0.0,0.0,0.3333333333333333,0.3333333333333333,0.0,0.41666666666666663,0.16666666666666666,0.0,3,6,12,21,8.076138604798281,3,6.941,81,0,0.0,0.0,0.0,0.0,0.0,0.0,0,0.0,0.0,0.0,0.0,0.0,0.0,,,,,0,8.195935736206836,3,6.941,81,0,0.0,0.0,0.0,0.0,0.0,0.0,0,0.0,0.0,0.0,0.0,0.0,0.0,,,,,0,8.101506267119847,3,6.941,81,0,0.0,0.0,0.0,0.0,0.0,0.0,0,0.0,0.0,0.0,0.0,0.0,0.0,,,,,0,3,81,6.941,1.00794,0.9,1.2,,,3,2.0,98,0.8936670822854337,0.8952076420903963,0.8936670822854337
AsIS,b13beafa16aa,G->M,1.305,1,1.395,0.064,0.9437786001863665,30.00000000956568,0.8173362432307272,0.4718893002296397,0.0,0.0,0.0,0.0,0.5,0.0,0.0,0.25,0.0,0.0,1,3,6,10,8.301657420129114,3,6.941,81,0,0.0,0.0,0.0,0.0,0.0,0.0,0,0.0,0.0,0.0,0.0,0.0,0.0,,,,,0,8.133104576558145,3,6.941,81,0,0.0,0.0,0.0,0.0,0.0,0.0,0,0.0,0.0,0.0,0.0,0.0,0.0,,,,,0,8.076138604798281,3,6.941,81,0,0.0,0.0,0.0,0.0,0.0,0.0,0,0.0,0.0,0.0,0.0,0.0,0.0,,,,,0,3,81,6.941,1.00794,0.9,1.2,,,3,2.0,98,0.8936670822854337,0.8952076420903963,0.8952076420903963
AsIS,b13beafa16aa,G->K,1.353,1,1.395,0.064,1.0897816579561024,60.00000000956568,0.5448908288204848,0.9437786004592794,0.0,0.0,0.0,0.0,0.3333333333333333,0.3333333333333333,0.0,0.16666666666666666,0.16666666666666666,0.0,1,6,12,19,8.301657420129114,3,6.941,81,0,0.0,0.0,0.0,0.0,0.0,0.0,0,0.0,0.0,0.0,0.0,0.0,0.0,,,,,0,8.177137081590226,3,6.941,81,0,0.0,0.0,0.0,0.0,0.0,0.0,0,0.0,0.0,0.0,0.0,0.0,0.0,,,,,0,8.101506267119847,3,6.941,81,0,0.0,0.0,0.0,0.0,0.0,0.0,0,0.0,0.0,0.0,0.0,0.0,0.0,,,,,0,3,81,6.941,1.00794,0.9,1.2,,,3,2.0,98,0.8936670822854337,0.8952076420903963,0.8952076420903963
AsITe,114b3382699c,G->M,0.502,1,0.416,0.162,0.9157439765717672,30.000000022958776,0.7930575468902601,0.4578719886036667,0.0,0.0,0.0,0.0,0.5,0.0,0.0,0.25,0.0,0.0,1,3,6,10,7.524182194858306,3,6.941,81,0,0.0,0.0,0.0,0.0,0.0,0.0,0,0.0,0.0,0.0,0.0,0.0,0.0,,,,,0,7.326048467815253,3,6.941,81,0,0.0,0.0,0.0,0.0,0.0,0.0,0,0.0,0.0,0.0,0.0,0.0,0.0,,,,,0,7.258802170474814,3,6.941,81,0,0.0,0.0,0.0,0.0,0.0,0.0,0,0.0,0.0,0.0,0.0,0.0,0.0,,,,,0,3,81,6.941,1.00794,0.9,1.2,,,3,2.0,98,0.9466262309905492,0.9096856795947482,0.9096856795947482
AsITe,114b3382699c,G->K,0.579,1,0.416,0.162,1.0574100619195828,59.99999998120587,0.5287050312601733,0.9157439756662092,0.0,0.0,0.0,0.0,0.3333333333333333,0.3333333333333333,0.0,0.16666666666666666,0.16666666666666666,0.0,1,6,12,19,7.524182194858306,3,6.941,81,0,0.0,0.0,0.0,0.0,0.0,0.0,0,0.0,0.0,0.0,0.0,0.0,0.0,,,,,0,7.377927410072978,3,6.941,81,0,0.0,0.0,0.0,0.0,0.0,0.0,0,0.0,0.0,0.0,0.0,0.0,0.0,,,,,0,7.288766009806371,3,6.941,81,0,0.0,0.0,0.0,0.0,0.0,0.0,0,0.0,0.0,0.0,0.0,0.0,0.0,,,,,0,3,81,6.941,1.00794,0.9,1.2,,,3,2.0,98,0.9466262309905492,0.9096856795947482,0.9096856795947482
WCr3Se8,c798e725e2fb,X->G,1.16,0,0.698,0.009,0.4838860737463775,180.0,-0.4838860737463775,0.0,0.0,0.5,0.0,0.0,0.0,0.0,0.0,0.25,0.0,0.0,1,1,2,4,7.723148807097585,3,6.941,81,0,0.0,0.0,0.0,0.0,0.0,0.0,0,0.0,0.0,0.0,0.0,0.0,0.0,,,,,0,7.626102594346551,3,6.941,81,0,0.0,0.0,0.0,0.0,0.0,0.0,0,0.0,0.0,0.0,0.0,0.0,0.0,,,,,0,7.720866117466781,3,6.941,81,0,0.0,0.0,0.0,0.0,0.0,0.0,0,0.0,0.0,0.0,0.0,0.0,0.0,,,,,0,3,81,6.941,1.00794,0.9,1.2,,,3,2.0,98,0.1467562156481204,0.1196259650218804,0.1467562156481204
BiIS,acdcd16c0d76,M->K,1.707,0,1.139,0.014,0.4994967187622032,120.00000001616534,-0.24974835950314817,0.4325768474845756,0.0,0.5,0.0,0.0,0.3333333333333333,0.3333333333333333,0.0,0.41666666666666663,0.16666666666666666,0.0,3,6,12,21,7.943475225690491,3,6.941,81,0,0.0,0.0,0.0,0.0,0.0,0.0,0,0.0,0.0,0.0,0.0,0.0,0.0,,,,,0,8.088174001428058,3,6.941,81,0,0.0,0.0,0.0,0.0,0.0,0.0,0,0.0,0.0,0.0,0.0,0.0,0.0,,,,,0,7.974156329666801,3,6.941,81,0,0.0,0.0,0.0,0.0,0.0,0.0,0,0.0,0.0,0.0,0.0,0.0,0.0,,,,,0,3,81,6.941,1.00794,0.9,1.2,,,3,2.0,98,0.903623557863302,0.9238137730702656,0.903623557863302
BiIS,acdcd16c0d76,G->M,1.858,1,1.139,0.014,0.8651536960797074,30.000000062727228,0.7492450785094444,0.4325768488601247,0.0,0.0,0.0,0.0,0.5,0.0,0.0,0.25,0.0,0.0,1,3,6,10,8.21548132376694,3,6.941,81,0,0.0,0.0,0.0,0.0,0.0,0.0,0,0.0,0.0,0.0,0.0,0.0,0.0,,,,,0,8.012342501291965,3,6.941,81,0,0.0,0.0,0.0,0.0,0.0,0.0,0,0.0,0.0,0.0,0.0,0.0,0.0,,,,,0,7.943475225690491,3,6.941,81,0,0.0,0.0,0.0,0.0,0.0,0.0,0,0.0,0.0,0.0,0.0,0.0,0.0,,,,,0,3,81,6.941,1.00794,0.9,1.2,,,3,2.0,98,0.903623557863302,0.9238137730702656,0.9238137730702656
BiIS,acdcd16c0d76,M->K,1.074,1,1.139,0.014,0.4994967187622032,120.00000001616534,-0.24974835950314817,0.4325768474845756,0.0,0.5,0.0,0.0,0.3333333333333333,0.3333333333333333,0.0,0.41666666666666663,0.16666666666666666,0.0,3,6,12,21,7.943475225690491,3,6.941,81,0,0.0,0.0,0.0,0.0,0.0,0.0,0,0.0,0.0,0.0,0.0,0.0,0.0,,,,,0,8.088174001428058,3,6.941,81,0,0.0,0.0,0.0,0.0,0.0,0.0,0,0.0,0.0,0.0,0.0,0.0,0.0,,,,,0,7.974156329666801,3,6.941,81,0,0.0,0.0,0.0,0.0,0.0,0.0,0,0.0,0.0,0.0,0.0,0.0,0.0,,,,,0,3,81,6.941,1.00794,0.9,1.2,,,3,2.0,98,0.903623557863302,0.9238137730702656,0.9238137730702656
BiIS,acdcd16c0d76,G->K,1.645,1,1.139,0.014,0.9989934387156668,60.00000002328094,0.4994967190062963,0.8651536963447003,0.0,0.0,0.0,0.0,0.3333333333333333,0.3333333333333333,0.0,0.16666666666666666,0.16666666666666666,0.0,1,6,12,19,8.21548132376694,3,6.941,81,0,0.0,0.0,0.0,0.0,0.0,0.0,0,0.0,0.0,0.0,0.0,0.0,0.0,,,,,0,8.065499411008398,3,6.941,81,0,0.0,0.0,0.0,0.0,0.0,0.0,0,0.0,0.0,0.0,0.0,0.0,0.0,,,,,0,7.974156329666801,3,6.941,81,0,0.0,0.0,0.0,0.0,0.0,0.0,0,0.0,0.0,0.0,0.0,0.0,0.0,,,,,0,3,81,6.941,1.00794,0.9,1.2,,,3,2.0,98,0.903623557863302,0.9238137730702656,0.9238137730702656
MoW3Se8,24d6cc0a0fed,X->G,2.097,0,1.276,0.0,0.47306359539063275,180.0,-0.47306359539063275,0.0,0.0,0.5,0.0,0.0,0.0,0.0,0.0,0.25,0.0,0.0,1,1,2,4,7.740435425753405,3,6.941,81,0,0.0,0.0,0.0,0.0,0.0,0.0,0,0.0,0.0,0.0,0.0,0.0,0.0,,,,,0,7.560119863724981,3,6.941,81,0,0.0,0.0,0.0,0.0,0.0,0.0,0,0.0,0.0,0.0,0.0,0.0,0.0,,,,,0,7.739693864919545,3,6.941,81,0,0.0,0.0,0.0,0.0,0.0,0.0,0,0.0,0.0,0.0,0.0,0.0,0.0,,,,,0,3,81,6.941,1.00794,0.9,1.2,,,3,2.0,98,0.2110720286877839,0.1880903063476812,0.2110720286877839
MoW3Se8,24d6cc0a0fed,G->S,1.24,0,1.276,0.0,0.722687593484378,49.11148107235584,0.47306359539063275,0.5463407293002502,0.0,0.0,0.0,0.0,0.5,0.5,0.0,0.25,0.25,0.0,1,1,2,4,7.739693864919545,3,6.941,81,0,0.0,0.0,0.0,0.0,0.0,0.0,0,0.0,0.0,0.0,0.0,0.0,0.0,,,,,0,7.6971217298755015,3,6.941,81,0,0.0,0.0,0.0,0.0,0.0,0.0,0,0.0,0.0,0.0,0.0,0.0,0.0,,,,,0,7.560689911756925,3,6.941,81,0,0.0,0.0,0.0,0.0,0.0,0.0,0,0.0,0.0,0.0,0.0,0.0,0.0,,,,,0,3,81,6.941,1.00794,0.9,1.2,,,3,2.0,98,0.2110720286877839,0.1880903063476812,0.2110720286877839
Cr2Mo2S8,72b286460831,X->G,1.344,0,1.039,0.017,0.5027963452538358,180.0,-0.5027963452538358,0.0,0.0,0.5,0.0,0.0,0.0,0.0,0.0,0.25,0.0,0.0,1,1,2,4,7.70096824895626,3,6.941,81,0,0.0,0.0,0.0,0.0,0.0,0.0,0,0.0,0.0,0.0,0.0,0.0,0.0,,,,,0,7.602411258881809,3,6.941,81,0,0.0,0.0,0.0,0.0,0.0,0.0,0,0.0,0.0,0.0,0.0,0.0,0.0,,,,,0,7.701021532640536,3,6.941,81,0,0.0,0.0,0.0,0.0,0.0,0.0,0,0.0,0.0,0.0,0.0,0.0,0.0,,,,,0,3,81,6.941,1.00794,0.9,1.2,,,3,2.0,98,0.1786805448398726,0.1411907674565237,0.1786805448398726
Cr2Mo2S8,72b286460831,Y->S,0.838,0,1.039,0.017,0.5027963452538358,0.0,0.5027963452538358,0.0,0.0,0.0,0.5,0.0,0.5,0.5,0.0,0.25,0.5,0.0,1,1,2,4,7.560305302804152,3,6.941,81,0,0.0,0.0,0.0,0.0,0.0,0.0,0,0.0,0.0,0.0,0.0,0.0,0.0,,,,,0,7.718949753611225,3,6.941,81,0,0.0,0.0,0.0,0.0,0.0,0.0,0,0.0,0.0,0.0,0.0,0.0,0.0,,,,,0,7.560381431570411,3,6.941,81,0,0.0,0.0,0.0,0.0,0.0,0.0,0,0.0,0.0,0.0,0.0,0.0,0.0,,,,,0,3,81,6.941,1.00794,0.9,1.2,,,3,2.0,98,0.1786805448398726,0.1411907674565237,0.1786805448398726
ISSb,4c49d27e66e5,G->M,0.887,1,0.872,0.185,0.912163097290522,29.999999914652395,0.789956415327666,0.4560815474685445,-8.665372515055446e-18,0.0,0.0,0.0,0.5,0.0,0.0,0.25,0.0,0.0,1,3,6,10,7.499579688434804,3,6.941,81,0,0.0,0.0,0.0,0.0,0.0,0.0,0,0.0,0.0,0.0,0.0,0.0,0.0,,,,,0,7.299192912268542,3,6.941,81,0,0.0,0.0,0.0,0.0,0.0,0.0,0,0.0,0.0,0.0,0.0,0.0,0.0,,,,,0,7.231163419504638,3,6.941,81,0,0.0,0.0,0.0,0.0,0.0,0.0,0,0.0,0.0,0.0,0.0,0.0,0.0,,,,,0,3,81,6.941,1.00794,0.9,1.2,,,3,2.0,98,0.9067714092588202,0.9212175840416548,0.9212175840416548
ISSb,4c49d27e66e5,G->K,0.907,1,0.872,0.185,1.053275219043613,59.99999995624205,0.526637610218444,0.9121630964661841,-5.776915010036964e-18,0.0,0.0,0.0,0.3333333333333333,0.3333333333333333,0.0,0.16666666666666666,0.16666666666666666,0.0,1,6,12,19,7.499579688434804,3,6.941,81,0,0.0,0.0,0.0,0.0,0.0,0.0,0,0.0,0.0,0.0,0.0,0.0,0.0,,,,,0,7.351669529960337,3,6.941,81,0,0.0,0.0,0.0,0.0,0.0,0.0,0,0.0,0.0,0.0,0.0,0.0,0.0,,,,,0,7.261477432609624,3,6.941,81,0,0.0,0.0,0.0,0.0,0.0,0.0,0,0.0,0.0,0.0,0.0,0.0,0.0,,,,,0,3,81,6.941,1.00794,0.9,1.2,,,3,2.0,98,0.9067714092588202,0.9212175840416548,0.9212175840416548
SnTe,e688959ea45b,M->K,0.806,0,1.592,0.119,0.501918842563446,119.99999994329718,-0.2509594208515471,0.4346744685463885,0.0,0.5,0.0,0.0,0.3333333333333333,0.3333333333333333,0.0,0.41666666666666663,0.16666666666666666,0.0,3,6,12,21,7.592606890089302,1,1.00794,1,0,0.0,0.0,0.0,0.0,0.0,0.0,0,0.0,0.0,0.0,0.0,0.0,0.0,,,,,0,7.552687856838548,1,1.00794,1,0,0.0,0.0,0.0,0.0,0.0,0.0,0,0.0,0.0,0.0,0.0,0.0,0.0,,,,,0,7.624391634023916,1,1.00794,1,0,0.0,0.0,0.0,0.0,0.0,0.0,0,0.0,0.0,0.0,0.0,0.0,0.0,,,,,0,2,16,4.002602,1.00794,0.625,0.75,,,2,1.5,17,0.9092975411969436,0.7702073113614514,0.9092975411969436
Ti2Zr2Se8,846b50801a93,S->Y,1.613,0,0.616,0.142,0.687479174779775,-130.82098479221017,-0.43538067545434034,-0.5040200471442089,0.17039681708750398,0.5,0.5,0.0,0.0,0.0,0.5,0.25,0.25,0.25,1,1,2,4,7.575678297498716,3,6.941,81,0,0.0,0.0,0.0,0.0,0.0,0.0,0,0.0,0.0,0.0,0.0,0.0,0.0,,,,,0,3.437675896599985,3,6.941,81,0,0.0,0.0,0.0,0.0,0.0,0.0,3,0.8324075617713567,2.4972226853140698,67.42501250347988,5.777740886254986,3.0,3.0,54.815779426896505,5.5570054321431215,50.725638745532784,62.67234922677927,3,0.12423443578397327,1,1.00794,1,1,8.049298036325963,8.049298036325963,8.049298036325963,8.113209462734392,1.0,1.0,10,11.177116733698334,16.321153367163433,203.0186657410697,26.54146583828634,2.4,3.0,53.11847066303122,25.722550345788118,18.712499687749567,122.08350937193208,45,3,81,6.941,1.00794,0.9,1.2,,,3,2.0,98,0.7638579163771706,0.1319633735503248,0.7638579163771706
Ti2Zr2Se8,846b50801a93,Y->S,1.767,0,0.616,0.142,0.687479174779775,49.17901520778983,0.43538067545434034,0.5040200471442089,-0.17039681708750398,0.0,0.0,0.5,0.5,0.5,0.0,0.25,0.25,0.25,1,1,2,4,0.12423443578397327,1,1.00794,1,1,8.049298036325963,8.049298036325963,8.049298036325963,8.113209462734392,1.0,1.0,10,11.177116733698334,16.321153367163433,203.0186657410697,26.54146583828634,2.4,3.0,53.11847066303122,25.722550345788118,18.712499687749567,122.08350937193208,45,3.437675896599985,3,6.941,81,0,0.0,0.0,0.0,0.0,0.0,0.0,3,0.8324075617713567,2.4972226853140698,67.42501250347988,5.777740886254986,3.0,3.0,54.815779426896505,5.5570054321431215,50.725638745532784,62.67234922677927,3,7.575678297498716,3,6.941,81,0,0.0,0.0,0.0,0.0,0.0,0.0,0,0.0,0.0,0.0,0.0,0.0,0.0,,,,,0,3,81,6.941,1.00794,0.9,1.2,,,3,2.0,98,0.7638579163771706,0.1319633735503248,0.7638579163771706
Ti2Zr2Se8,846b50801a93,G->S,0.552,0,0.616,0.142,0.6660274322295803,49.17901520778983,0.43538067545434034,0.5040200471442089,0.0,0.0,0.0,0.0,0.5,0.5,0.0,0.25,0.25,0.0,1,1,2,4,7.772392639727397,3,6.941,81,0,0.0,0.0,0.0,0.0,0.0,0.0,0,0.0,0.0,0.0,0.0,0.0,0.0,,,,,0,7.727293562955635,3,6.941,81,0,0.0,0.0,0.0,0.0,0.0,0.0,0,0.0,0.0,0.0,0.0,0.0,0.0,,,,,0,7.575678297498716,3,6.941,81,0,0.0,0.0,0.0,0.0,0.0,0.0,0,0.0,0.0,0.0,0.0,0.0,0.0,,,,,0,3,81,6.941,1.00794,0.9,1.2,,,3,2.0,98,0.7638579163771706,0.1319633735503248,0.7638579163771706
GeTe,eadd37f03ca5,M->K,0.952,0,1.488,0.087,0.5311067854214876,119.99999998974371,-0.2655533926284097,0.45995196834483454,0.0,0.5,0.0,0.0,0.3333333333333333,0.3333333333333333,0.0,0.41666666666666663,0.16666666666666666,0.0,3,6,12,21,7.58289751254367,1,1.00794,1,0,0.0,0.0,0.0,0.0,0.0,0.0,0,0.0,0.0,0.0,0.0,0.0,0.0,,,,,0,7.547209774000685,1,1.00794,1,0,0.0,0.0,0.0,0.0,0.0,0.0,0,0.0,0.0,0.0,0.0,0.0,0.0,,,,,0,7.611327226473431,1,1.00794,1,0,0.0,0.0,0.0,0.0,0.0,0.0,0,0.0,0.0,0.0,0.0,0.0,0.0,,,,,0,2,16,4.002602,1.00794,0.625,0.75,,,2,1.5,17,0.9154990873691008,0.7472070142516989,0.9154990873691008
MoCr3Te8,899032b4ad0c,G->Y,1.409,0,0.481,0.087,0.4496904811641848,90.0,0.0,0.4496904811641848,-2.6692982510996735e-17,0.0,0.0,0.0,0.0,0.5,0.0,0.0,0.25,0.0,1,1,2,4,7.755619589006131,3,6.941,81,0,0.0,0.0,0.0,0.0,0.0,0.0,0,0.0,0.0,0.0,0.0,0.0,0.0,,,,,0,7.557816762983929,3,6.941,81,0,0.0,0.0,0.0,0.0,0.0,0.0,0,0.0,0.0,0.0,0.0,0.0,0.0,,,,,0,7.7581348990123375,3,6.941,81,0,0.0,0.0,0.0,0.0,0.0,0.0,0,0.0,0.0,0.0,0.0,0.0,0.0,,,,,0,3,81,6.941,1.00794,0.9,1.2,,,3,2.0,98,0.1895688272224866,0.1019344113918172,0.1895688272224866
MoCr3Te8,899032b4ad0c,G->S,0.713,0,0.481,0.087,0.6869420091463833,40.89133946635069,0.5192954795493542,0.44969048116418475,-5.751761797529432e-17,0.0,0.0,0.0,0.5,0.5,0.0,0.25,0.25,0.0,1,1,2,4,7.755619589006131,3,6.941,81,0,0.0,0.0,0.0,0.0,0.0,0.0,0,0.0,0.0,0.0,0.0,0.0,0.0,,,,,0,7.522129733434033,3,6.941,81,0,0.0,0.0,0.0,0.0,0.0,0.0,0,0.0,0.0,0.0,0.0,0.0,0.0,,,,,0,7.588173343667568,3,6.941,81,0,0.0,0.0,0.0,0.0,0.0,0.0,0,0.0,0.0,0.0,0.0,0.0,0.0,,,,,0,3,81,6.941,1.00794,0.9,1.2,,,3,2.0,98,0.1895688272224866,0.1019344113918172,0.1895688272224866
BiIS,40034665f9f1,G->M,1.224,1,0.848,0.14,0.8875859713224324,30.00000001923997,0.7686719990588867,0.44379298591933686,0.0,0.0,0.0,0.0,0.5,0.0,0.0,0.25,0.0,0.0,1,3,6,10,7.496486832755547,3,6.941,81,0,0.0,0.0,0.0,0.0,0.0,0.0,0,0.0,0.0,0.0,0.0,0.0,0.0,,,,,0,7.284595763965081,3,6.941,81,0,0.0,0.0,0.0,0.0,0.0,0.0,0,0.0,0.0,0.0,0.0,0.0,0.0,,,,,0,7.212582222381355,3,6.941,81,0,0.0,0.0,0.0,0.0,0.0,0.0,0,0.0,0.0,0.0,0.0,0.0,0.0,,,,,0,3,81,6.941,1.00794,0.9,1.2,,,3,2.0,98,0.946845373751356,0.9381116900544376,0.9381116900544376
BiIS,40034665f9f1,G->K,1.254,1,0.848,0.14,1.0248959993412863,60.00000001923997,0.5124479993725911,0.8875859718386736,0.0,0.0,0.0,0.0,0.3333333333333333,0.3333333333333333,0.0,0.16666666666666666,0.16666666666666666,0.0,1,6,12,19,7.496486832755547,3,6.941,81,0,0.0,0.0,0.0,0.0,0.0,0.0,0,0.0,0.0,0.0,0.0,0.0,0.0,,,,,0,7.34011785371427,3,6.941,81,0,0.0,0.0,0.0,0.0,0.0,0.0,0,0.0,0.0,0.0,0.0,0.0,0.0,,,,,0,7.24467661605395,3,6.941,81,0,0.0,0.0,0.0,0.0,0.0,0.0,0,0.0,0.0,0.0,0.0,0.0,0.0,,,,,0,3,81,6.941,1.00794,0.9,1.2,,,3,2.0,98,0.946845373751356,0.9381116900544376,0.9381116900544376
BiISe,433f707c632c,G->M,1.228,1,0.84,0.114,0.8718775693767454,29.99999994434254,0.7550681244935644,0.4359387839548951,-4.1413339052807416e-18,0.0,0.0,0.0,0.5,0.0,0.0,0.25,0.0,0.0,1,3,6,10,7.48067365321715,3,6.941,81,0,0.0,0.0,0.0,0.0,0.0,0.0,0,0.0,0.0,0.0,0.0,0.0,0.0,,,,,0,7.260483874622431,3,6.941,81,0,0.0,0.0,0.0,0.0,0.0,0.0,0,0.0,0.0,0.0,0.0,0.0,0.0,,,,,0,7.18558803172182,3,6.941,81,0,0.0,0.0,0.0,0.0,0.0,0.0,0,0.0,0.0,0.0,0.0,0.0,0.0,,,,,0,3,81,6.941,1.00794,0.9,1.2,,,3,2.0,98,0.937149742562862,0.9338553284954838,0.9338553284954838
BiISe,433f707c632c,G->K,1.255,1,0.84,0.114,1.0067574988407075,59.9999999840954,0.5033787496623763,0.8718775693068035,-2.760889270187161e-18,0.0,0.0,0.0,0.3333333333333333,0.3333333333333333,0.0,0.16666666666666666,0.16666666666666666,0.0,1,6,12,19,7.48067365321715,3,6.941,81,0,0.0,0.0,0.0,0.0,0.0,0.0,0,0.0,0.0,0.0,0.0,0.0,0.0,,,,,0,7.318206291454464,3,6.941,81,0,0.0,0.0,0.0,0.0,0.0,0.0,0,0.0,0.0,0.0,0.0,0.0,0.0,,,,,0,7.218971002312053,3,6.941,81,0,0.0,0.0,0.0,0.0,0.0,0.0,0,0.0,0.0,0.0,0.0,0.0,0.0,,,,,0,3,81,6.941,1.00794,0.9,1.2,,,3,2.0,98,0.937149742562862,0.9338553284954838,0.9338553284954838
BiITe,a84d988e38ac,M->G,0.467,1,0.691,0.11,0.8444810989227988,-149.9999999925854,-0.7313420846283014,-0.42224054955604184,0.0,0.5,0.0,0.0,0.0,0.0,0.0,0.25,0.0,0.0,3,1,6,10,7.154184807197023,3,6.941,81,0,0.0,0.0,0.0,0.0,0.0,0.0,0,0.0,0.0,0.0,0.0,0.0,0.0,,,,,0,7.234338292904535,3,6.941,81,0,0.0,0.0,0.0,0.0,0.0,0.0,0,0.0,0.0,0.0,0.0,0.0,0.0,,,,,0,7.469639974630313,3,6.941,81,0,0.0,0.0,0.0,0.0,0.0,0.0,0,0.0,0.0,0.0,0.0,0.0,0.0,,,,,0,3,81,6.941,1.00794,0.9,1.2,,,3,2.0,98,0.934812594962855,0.9417767775687268,0.9417767775687268
O2Pb2,20f098bd3f31,G->X,1.132,0,0.215,0.287,0.9236833875821084,-3.8629945371532906e-14,0.9236833875821084,-6.227655702762903e-16,-5.3983274163813455e-17,0.0,0.0,0.0,0.5,0.0,0.0,0.25,0.0,0.0,1,1,2,4,5.717467082495059,1,1.00794,1,0,0.0,0.0,0.0,0.0,0.0,0.0,0,0.0,0.0,0.0,0.0,0.0,0.0,,,,,0,5.780347900247711,1,1.00794,1,0,0.0,0.0,0.0,0.0,0.0,0.0,0,0.0,0.0,0.0,0.0,0.0,0.0,,,,,0,5.965014490623534,1,1.00794,1,0,0.0,0.0,0.0,0.0,0.0,0.0,0,0.0,0.0,0.0,0.0,0.0,0.0,,,,,0,2,16,4.002602,1.00794,0.625,0.75,,,2,1.5,17,0.8829775241595053,0.8990904811171163,0.8829775241595053
O2Pb2,20f098bd3f31,G->Y,0.95,0,0.215,0.287,0.5166155540009791,90.00000000000001,-3.0378808306160495e-17,0.5166155540009791,-3.019281223832356e-17,0.0,0.0,0.0,0.0,0.5,0.0,0.0,0.25,0.0,1,1,2,4,5.717467082495059,1,1.00794,1,0,0.0,0.0,0.0,0.0,0.0,0.0,0,0.0,0.0,0.0,0.0,0.0,0.0,,,,,0,6.112782055238582,1,1.00794,1,0,0.0,0.0,0.0,0.0,0.0,0.0,0,0.0,0.0,0.0,0.0,0.0,0.0,,,,,0,6.099468257577223,1,1.00794,1,0,0.0,0.0,0.0,0.0,0.0,0.0,0,0.0,0.0,0.0,0.0,0.0,0.0,,,,,0,2,16,4.002602,1.00794,0.625,0.75,,,2,1.5,17,0.8829775241595053,0.8990904811171163,0.8829775241595053
O2Pb2,20f098bd3f31,G->S,0.875,0,0.215,0.287,1.0583395632456047,29.21825838475216,0.9236833875821084,0.5166155540009785,-8.417608640213701e-17,0.0,0.0,0.0,0.5,0.5,0.0,0.25,0.25,0.0,1,1,2,4,5.717467082495059,1,1.00794,1,0,0.0,0.0,0.0,0.0,0.0,0.0,0,0.0,0.0,0.0,0.0,0.0,0.0,,,,,0,6.171636449381183,1,1.00794,1,0,0.0,0.0,0.0,0.0,0.0,0.0,0,0.0,0.0,0.0,0.0,0.0,0.0,,,,,0,6.3320992616293,1,1.00794,1,0,0.0,0.0,0.0,0.0,0.0,0.0,0,0.0,0.0,0.0,0.0,0.0,0.0,,,,,0,2,16,4.002602,1.00794,0.625,0.75,,,2,1.5,17,0.8829775241595053,0.8990904811171163,0.8829775241595053
O2Pb2,20f098bd3f31,S->X,1.405,1,0.215,0.287,0.5166155540009791,-90.0,0.0,-0.5166155540009791,3.0192812238323556e-17,0.5,0.5,0.0,0.5,0.0,0.0,0.5,0.25,0.0,1,1,2,4,6.3320992616293,1,1.00794,1,0,0.0,0.0,0.0,0.0,0.0,0.0,0,0.0,0.0,0.0,0.0,0.0,0.0,,,,,0,6.344924939570286,1,1.00794,1,0,0.0,0.0,0.0,0.0,0.0,0.0,0,0.0,0.0,0.0,0.0,0.0,0.0,,,,,0,5.965014490623534,1,1.00794,1,0,0.0,0.0,0.0,0.0,0.0,0.0,0,0.0,0.0,0.0,0.0,0.0,0.0,,,,,0,2,16,4.002602,1.00794,0.625,0.75,,,2,1.5,17,0.8829775241595053,0.8990904811171163,0.8990904811171163
O2Pb2,20f098bd3f31,S->Y,1.726,1,0.215,0.287,0.9236833875821084,179.99999999999997,-0.9236833875821084,6.661338147750939e-16,5.398327416381345e-17,0.5,0.5,0.0,0.0,0.5,0.0,0.25,0.5,0.0,1,1,2,4,6.3320992616293,1,1.00794,1,0,0.0,0.0,0.0,0.0,0.0,0.0,0,0.0,0.0,0.0,0.0,0.0,0.0,,,,,0,6.158449888866166,1,1.00794,1,0,0.0,0.0,0.0,0.0,0.0,0.0,0,0.0,0.0,0.0,0.0,0.0,0.0,,,,,0,6.099468257577223,1,1.00794,1,0,0.0,0.0,0.0,0.0,0.0,0.0,0,0.0,0.0,0.0,0.0,0.0,0.0,,,,,0,2,16,4.002602,1.00794,0.625,0.75,,,2,1.5,17,0.8829775241595053,0.8990904811171163,0.8990904811171163
O2Pb2,20f098bd3f31,Y->G,1.914,1,0.215,0.287,0.5166155540009791,-90.0,3.0378808306160495e-17,-0.5166155540009791,3.019281223832356e-17,0.0,0.5,0.0,0.0,0.0,0.0,0.0,0.25,0.0,1,1,2,4,6.099468257577223,1,1.00794,1,0,0.0,0.0,0.0,0.0,0.0,0.0,0,0.0,0.0,0.0,0.0,0.0,0.0,,,,,0,6.112782055238582,1,1.00794,1,0,0.0,0.0,0.0,0.0,0.0,0.0,0,0.0,0.0,0.0,0.0,0.0,0.0,,,,,0,5.717467082495059,1,1.00794,1,0,0.0,0.0,0.0,0.0,0.0,0.0,0,0.0,0.0,0.0,0.0,0.0,0.0,,,,,0,2,16,4.002602,1.00794,0.625,0.75,,,2,1.5,17,0.8829775241595053,0.8990904811171163,0.8990904811171163
O2Pb2,20f098bd3f31,S->G,1.723,1,0.215,0.287,1.0583395632456047,-150.78174161524785,-0.9236833875821084,-0.5166155540009785,8.417608640213701e-17,0.5,0.5,0.0,0.0,0.0,0.0,0.25,0.25,0.0,1,1,2,4,6.3320992616293,1,1.00794,1,0,0.0,0.0,0.0,0.0,0.0,0.0,0,0.0,0.0,0.0,0.0,0.0,0.0,,,,,0,6.171636449381183,1,1.00794,1,0,0.0,0.0,0.0,0.0,0.0,0.0,0,0.0,0.0,0.0,0.0,0.0,0.0,,,,,0,5.717467082495059,1,1.00794,1,0,0.0,0.0,0.0,0.0,0.0,0.0,0,0.0,0.0,0.0,0.0,0.0,0.0,,,,,0,2,16,4.002602,1.00794,0.625,0.75,,,2,1.5,17,0.8829775241595053,0.8990904811171163,0.8990904811171163
PbSe,a0dbdc6630fa,M->K,0.855,0,1.68,0.217,0.5136112827650474,120.00000002734541,-0.25680564159481234,0.44480041842227874,0.0,0.5,0.0,0.0,0.3333333333333333,0.3333333333333333,0.0,0.41666666666666663,0.16666666666666666,0.0,3,6,12,21,7.583947558354692,1,1.00794,1,0,0.0,0.0,0.0,0.0,0.0,0.0,0,0.0,0.0,0.0,0.0,0.0,0.0,,,,,0,7.545786154565595,1,1.00794,1,0,0.0,0.0,0.0,0.0,0.0,0.0,0,0.0,0.0,0.0,0.0,0.0,0.0,,,,,0,7.614338978264999,1,1.00794,1,0,0.0,0.0,0.0,0.0,0.0,0.0,0,0.0,0.0,0.0,0.0,0.0,0.0,,,,,0,2,16,4.002602,1.00794,0.625,0.75,,,2,1.5,17,0.9241098190833938,0.7879851211433209,0.9241098190833938
PbSe,a0dbdc6630fa,M->G,1.603,1,1.68,0.217,0.8896008375799469,-150.0000000273454,-0.7704169247844369,-0.44480041842227885,0.0,0.5,0.0,0.0,0.0,0.0,0.0,0.25,0.0,0.0,3,1,6,10,7.583947558354692,1,1.00794,1,0,0.0,0.0,0.0,0.0,0.0,0.0,0,0.0,0.0,0.0,0.0,0.0,0.0,,,,,0,7.652158515752645,1,1.00794,1,0,0.0,0.0,0.0,0.0,0.0,0.0,0,0.0,0.0,0.0,0.0,0.0,0.0,,,,,0,7.853237427787386,1,1.00794,1,0,0.0,0.0,0.0,0.0,0.0,0.0,0,0.0,0.0,0.0,0.0,0.0,0.0,,,,,0,2,16,4.002602,1.00794,0.625,0.75,,,2,1.5,17,0.9241098190833938,0.7879851211433209,0.7879851211433209
 ,aa9a981d89aa,G->Y,4.457,0,0.875,0.054,0.871399632820466,59.95906716716718,0.4362388397388591,0.7543427568306975,0.0,0.0,0.0,0.0,0.5,0.5,0.0,0.25,0.25,0.0,1,2,4,7,7.891824884726825,3,6.941,81,0,0.0,0.0,0.0,0.0,0.0,0.0,0,0.0,0.0,0.0,0.0,0.0,0.0,,,,,0,7.628543458040723,3,6.941,81,0,0.0,0.0,0.0,0.0,0.0,0.0,0,0.0,0.0,0.0,0.0,0.0,0.0,,,,,0,7.534308419742669,3,6.941,81,0,0.0,0.0,0.0,0.0,0.0,0.0,0,0.0,0.0,0.0,0.0,0.0,0.0,,,,,0,3,81,6.941,1.00794,0.9,1.2,,,3,2.0,98,0.8340700960545168,0.8638507706444664,0.8340700960545168
Bi2P2Se6,aa9a981d89aa,X->G,2.074,0,0.875,0.054,0.335402216996608,150.0408990479409,-0.29058647530813525,0.16749372386520708,0.0,0.33305892189939557,-0.33305892189939557,0.0,0.0,0.0,0.0,0.16652946094969778,-0.16652946094969778,0.0,2,1,4,7,7.893089925665177,3,6.941,81,0,0.0,0.0,0.0,0.0,0.0,0.0,0,0.0,0.0,0.0,0.0,0.0,0.0,,,,,0,7.613991365753805,3,6.941,81,0,0.0,0.0,0.0,0.0,0.0,0.0,0,0.0,0.0,0.0,0.0,0.0,0.0,,,,,0,7.891824884726825,3,6.941,81,0,0.0,0.0,0.0,0.0,0.0,0.0,0,0.0,0.0,0.0,0.0,0.0,0.0,,,,,0,3,81,6.941,1.00794,0.9,1.2,,,3,2.0,98,0.8340700960545168,0.8638507706444664,0.8340700960545168
Bi2P2Se6,aa9a981d89aa,G->X,4.384,0,0.875,0.054,0.335402216996608,-29.9591009520591,0.29058647530813525,-0.16749372386520708,0.0,0.0,0.0,0.0,0.33305892189939557,-0.33305892189939557,0.0,0.16652946094969778,-0.16652946094969778,0.0,1,2,4,7,7.891824884726825,3,6.941,81,0,0.0,0.0,0.0,0.0,0.0,0.0,0,0.0,0.0,0.0,0.0,0.0,0.0,,,,,0,7.613991365753805,3,6.941,81,0,0.0,0.0,0.0,0.0,0.0,0.0,0,0.0,0.0,0.0,0.0,0.0,0.0,,,,,0,7.893089925665177,3,6.941,81,0,0.0,0.0,0.0,0.0,0.0,0.0,0,0.0,0.0,0.0,0.0,0.0,0.0,,,,,0,3,81,6.941,1.00794,0.9,1.2,,,3,2.0,98,0.8340700960545168,0.8638507706444664,0.8340700960545168
Bi2P2Se6,aa9a981d89aa,G->Y,1.971,1,0.875,0.054,0.871399632820466,59.95906716716718,0.4362388397388591,0.7543427568306975,0.0,0.0,0.0,0.0,0.5,0.5,0.0,0.25,0.25,0.0,1,2,4,7,7.891824884726825,3,6.941,81,0,0.0,0.0,0.0,0.0,0.0,0.0,0,0.0,0.0,0.0,0.0,0.0,0.0,,,,,0,7.628543458040723,3,6.941,81,0,0.0,0.0,0.0,0.0,0.0,0.0,0,0.0,0.0,0.0,0.0,0.0,0.0,,,,,0,7.534308419742669,3,6.941,81,0,0.0,0.0,0.0,0.0,0.0,0.0,0,0.0,0.0,0.0,0.0,0.0,0.0,,,,,0,3,81,6.941,1.00794,0.9,1.2,,,3,2.0,98,0.8340700960545168,0.8638507706444664,0.8638507706444664
Bi2P2Se6,aa9a981d89aa,Y->G,1.66,1,0.875,0.054,0.871399632820466,-120.04093283283284,-0.4362388397388591,-0.7543427568306975,0.0,0.5,0.5,0.0,0.0,0.0,0.0,0.25,0.25,0.0,2,1,4,7,7.534308419742669,3,6.941,81,0,0.0,0.0,0.0,0.0,0.0,0.0,0,0.0,0.0,0.0,0.0,0.0,0.0,,,,,0,7.628543458040723,3,6.941,81,0,0.0,0.0,0.0,0.0,0.0,0.0,0,0.0,0.0,0.0,0.0,0.0,0.0,,,,,0,7.891824884726825,3,6.941,81,0,0.0,0.0,0.0,0.0,0.0,0.0,0,0.0,0.0,0.0,0.0,0.0,0.0,,,,,0,3,81,6.941,1.00794,0.9,1.2,,,3,2.0,98,0.8340700960545168,0.8638507706444664,0.8638507706444664
Bi2P2Se6,aa9a981d89aa,X->G,1.729,1,0.875,0.054,0.335402216996608,150.0408990479409,-0.29058647530813525,0.16749372386520708,0.0,0.33305892189939557,-0.33305892189939557,0.0,0.0,0.0,0.0,0.16652946094969778,-0.16652946094969778,0.0,2,1,4,7,7.893089925665177,3,6.941,81,0,0.0,0.0,0.0,0.0,0.0,0.0,0,0.0,0.0,0.0,0.0,0.0,0.0,,,,,0,7.613991365753805,3,6.941,81,0,0.0,0.0,0.0,0.0,0.0,0.0,0,0.0,0.0,0.0,0.0,0.0,0.0,,,,,0,7.891824884726825,3,6.941,81,0,0.0,0.0,0.0,0.0,0.0,0.0,0,0.0,0.0,0.0,0.0,0.0,0.0,,,,,0,3,81,6.941,1.00794,0.9,1.2,,,3,2.0,98,0.8340700960545168,0.8638507706444664,0.8638507706444664
Bi2P2Se6,aa9a981d89aa,G->X,2.029,1,0.875,0.054,0.335402216996608,-29.9591009520591,0.29058647530813525,-0.16749372386520708,0.0,0.0,0.0,0.0,0.33305892189939557,-0.33305892189939557,0.0,0.16652946094969778,-0.16652946094969778,0.0,1,2,4,7,7.891824884726825,3,6.941,81,0,0.0,0.0,0.0,0.0,0.0,0.0,0,0.0,0.0,0.0,0.0,0.0,0.0,,,,,0,7.613991365753805,3,6.941,81,0,0.0,0.0,0.0,0.0,0.0,0.0,0,0.0,0.0,0.0,0.0,0.0,0.0,,,,,0,7.893089925665177,3,6.941,81,0,0.0,0.0,0.0,0.0,0.0,0.0,0,0.0,0.0,0.0,0.0,0.0,0.0,,,,,0,3,81,6.941,1.00794,0.9,1.2,,,3,2.0,98,0.8340700960545168,0.8638507706444664,0.8638507706444664
HfTi3Se8,c55716558616,S->Y,1.191,0,0.589,0.137,0.4429393083016168,180.0,-0.4429393083016168,0.0,0.0,0.5,0.5,0.0,0.0,0.5,0.0,0.25,0.5,0.0,1,1,2,4,7.570974117650915,3,6.941,81,0,0.0,0.0,0.0,0.0,0.0,0.0,0,0.0,0.0,0.0,0.0,0.0,0.0,,,,,0,7.762856903977465,3,6.941,81,0,0.0,0.0,0.0,0.0,0.0,0.0,0,0.0,0.0,0.0,0.0,0.0,0.0,,,,,0,7.570949199623563,3,6.941,81,0,0.0,0.0,0.0,0.0,0.0,0.0,0,0.0,0.0,0.0,0.0,0.0,0.0,,,,,0,3,81,6.941,1.00794,0.9,1.2,,,3,2.0,98,0.7409042099373613,0.1172884570017979,0.7409042099373613
Mo2W2Te8,c04fc052f2ca,X->G,1.645,0,0.879,0.011,0.4424986708726083,180.0,-0.4424986708726083,0.0,0.0,0.5,0.0,0.0,0.0,0.0,0.0,0.25,0.0,0.0,1,1,2,4,7.77324426087172,3,6.941,81,0,0.0,0.0,0.0,0.0,0.0,0.0,0,0.0,0.0,0.0,0.0,0.0,0.0,,,,,0,7.569377011436496,3,6.941,81,0,0.0,0.0,0.0,0.0,0.0,0.0,0,0.0,0.0,0.0,0.0,0.0,0.0,,,,,0,7.77240336052946,3,6.941,81,0,0.0,0.0,0.0,0.0,0.0,0.0,0,0.0,0.0,0.0,0.0,0.0,0.0,,,,,0,3,81,6.941,1.00794,0.9,1.2,,,3,2.0,98,0.2958079752151466,0.1399480237647956,0.2958079752151466
Mo2W2Te8,c04fc052f2ca,G->S,1.315,0,0.879,0.011,0.6759814164452153,49.110534665153686,0.4424986708726083,0.5110242671882174,0.0,0.0,0.0,0.0,0.5,0.5,0.0,0.25,0.25,0.0,1,1,2,4,7.77240336052946,3,6.941,81,0,0.0,0.0,0.0,0.0,0.0,0.0,0,0.0,0.0,0.0,0.0,0.0,0.0,,,,,0,7.72423799907291,3,6.941,81,0,0.0,0.0,0.0,0.0,0.0,0.0,0,0.0,0.0,0.0,0.0,0.0,0.0,,,,,0,7.5698090764151,3,6.941,81,0,0.0,0.0,0.0,0.0,0.0,0.0,0,0.0,0.0,0.0,0.0,0.0,0.0,,,,,0,3,81,6.941,1.00794,0.9,1.2,,,3,2.0,98,0.2958079752151466,0.1399480237647956,0.2958079752151466
Mo2W2Te8,c04fc052f2ca,G->S,1.35,1,0.879,0.011,0.6759814164452153,49.110534665153686,0.4424986708726083,0.5110242671882174,0.0,0.0,0.0,0.0,0.5,0.5,0.0,0.25,0.25,0.0,1,1,2,4,7.77240336052946,3,6.941,81,0,0.0,0.0,0.0,0.0,0.0,0.0,0,0.0,0.0,0.0,0.0,0.0,0.0,,,,,0,7.72423799907291,3,6.941,81,0,0.0,0.0,0.0,0.0,0.0,0.0,0,0.0,0.0,0.0,0.0,0.0,0.0,,,,,0,7.5698090764151,3,6.941,81,0,0.0,0.0,0.0,0.0,0.0,0.0,0,0.0,0.0,0.0,0.0,0.0,0.0,,,,,0,3,81,6.941,1.00794,0.9,1.2,,,3,2.0,98,0.2958079752151466,0.1399480237647956,0.1399480237647956
BiISe,70cbc0e44d36,M->K,1.267,0,0.929,0.0,0.4902129043295151,119.99999999074366,-0.245106452096172,0.4245368284519086,0.0,0.5,0.0,0.0,0.3333333333333333,0.3333333333333333,0.0,0.41666666666666663,0.16666666666666666,0.0,3,6,12,21,7.91638722251274,3,6.941,81,0,0.0,0.0,0.0,0.0,0.0,0.0,0,0.0,0.0,0.0,0.0,0.0,0.0,,,,,0,8.067071552486926,3,6.941,81,0,0.0,0.0,0.0,0.0,0.0,0.0,0,0.0,0.0,0.0,0.0,0.0,0.0,,,,,0,7.9483476399940685,3,6.941,81,0,0.0,0.0,0.0,0.0,0.0,0.0,0,0.0,0.0,0.0,0.0,0.0,0.0,,,,,0,3,81,6.941,1.00794,0.9,1.2,,,3,2.0,98,0.9060614974704904,0.9184150831842453,0.9060614974704904
BiISe,70cbc0e44d36,G->M,2.045,1,0.929,0.0,0.8490736566662299,30.00000000925636,0.735319356288516,0.4245368284519087,0.0,0.0,0.0,0.0,0.5,0.0,0.0,0.25,0.0,0.0,1,3,6,10,8.199547454200669,3,6.941,81,0,0.0,0.0,0.0,0.0,0.0,0.0,0,0.0,0.0,0.0,0.0,0.0,0.0,,,,,0,7.988118339508648,3,6.941,81,0,0.0,0.0,0.0,0.0,0.0,0.0,0,0.0,0.0,0.0,0.0,0.0,0.0,,,,,0,7.91638722251274,3,6.941,81,0,0.0,0.0,0.0,0.0,0.0,0.0,0,0.0,0.0,0.0,0.0,0.0,0.0,,,,,0,3,81,6.941,1.00794,0.9,1.2,,,3,2.0,98,0.9060614974704904,0.9184150831842453,0.9184150831842453
BiISe,70cbc0e44d36,M->K,1.142,1,0.929,0.0,0.4902129043295151,119.99999999074366,-0.245106452096172,0.4245368284519086,0.0,0.5,0.0,0.0,0.3333333333333333,0.3333333333333333,0.0,0.41666666666666663,0.16666666666666666,0.0,3,6,12,21,7.91638722251274,3,6.941,81,0,0.0,0.0,0.0,0.0,0.0,0.0,0,0.0,0.0,0.0,0.0,0.0,0.0,,,,,0,8.067071552486926,3,6.941,81,0,0.0,0.0,0.0,0.0,0.0,0.0,0,0.0,0.0,0.0,0.0,0.0,0.0,,,,,0,7.9483476399940685,3,6.941,81,0,0.0,0.0,0.0,0.0,0.0,0.0,0,0.0,0.0,0.0,0.0,0.0,0.0,,,,,0,3,81,6.941,1.00794,0.9,1.2,,,3,2.0,98,0.9060614974704904,0.9184150831842453,0.9184150831842453
BiISe,70cbc0e44d36,G->K,2.089,1,0.929,0.0,0.9804258086590303,60.00000000925636,0.490212904192344,0.8490736569038173,0.0,0.0,0.0,0.0,0.3333333333333333,0.3333333333333333,0.0,0.16666666666666666,0.16666666666666666,0.0,1,6,12,19,8.199547454200669,3,6.941,81,0,0.0,0.0,0.0,0.0,0.0,0.0,0,0.0,0.0,0.0,0.0,0.0,0.0,,,,,0,8.043466964429383,3,6.941,81,0,0.0,0.0,0.0,0.0,0.0,0.0,0,0.0,0.0,0.0,0.0,0.0,0.0,,,,,0,7.9483476399940685,3,6.941,81,0,0.0,0.0,0.0,0.0,0.0,0.0,0,0.0,0.0,0.0,0.0,0.0,0.0,,,,,0,3,81,6.941,1.00794,0.9,1.2,,,3,2.0,98,0.9060614974704904,0.9184150831842453,0.9184150831842453
Pb2Te6,3995fa1bee6e,X->G,3.064,0,0.322,0.129,0.6550420643429944,-89.99999999999618,4.371444360958522e-14,-0.6550420643429944,0.0,0.0,0.5,0.0,0.0,0.0,0.0,0.0,0.25,0.0,1,1,2,4,7.662203216840066,2,4.002602,16,0,0.0,0.0,0.0,0.0,0.0,0.0,0,0.0,0.0,0.0,0.0,0.0,0.0,,,,,0,7.653809589132636,2,4.002602,16,0,0.0,0.0,0.0,0.0,0.0,0.0,0,0.0,0.0,0.0,0.0,0.0,0.0,,,,,0,7.761062917483777,2,4.002602,16,0,0.0,0.0,0.0,0.0,0.0,0.0,0,0.0,0.0,0.0,0.0,0.0,0.0,,,,,0,2,16,4.002602,1.00794,0.625,0.75,,,2,1.5,17,0.8986972744902609,0.8492620158711233,0.8986972744902609
Pb2Te6,3995fa1bee6e,G->S,0.511,0,0.322,0.129,0.8193229587812263,53.08160918832655,0.4921483564182691,0.655042064344588,0.0,0.0,0.0,0.0,0.5,0.5,0.0,0.25,0.25,0.0,1,1,2,4,7.761062917483777,2,4.002602,16,0,0.0,0.0,0.0,0.0,0.0,0.0,0,0.0,0.0,0.0,0.0,0.0,0.0,,,,,0,7.556299189119574,2,4.002602,16,0,0.0,0.0,0.0,0.0,0.0,0.0,0,0.0,0.0,0.0,0.0,0.0,0.0,,,,,0,7.710535959433151,2,4.002602,16,0,0.0,0.0,0.0,0.0,0.0,0.0,0,0.0,0.0,0.0,0.0,0.0,0.0,,,,,0,2,16,4.002602,1.00794,0.625,0.75,,,2,1.5,17,0.8986972744902609,0.8492620158711233,0.8986972744902609
Pb2Te6,3995fa1bee6e,X->G,1.451,1,0.322,0.129,0.6550420643429944,-89.99999999999618,4.371444360958522e-14,-0.6550420643429944,0.0,0.0,0.5,0.0,0.0,0.0,0.0,0.0,0.25,0.0,1,1,2,4,7.662203216840066,2,4.002602,16,0,0.0,0.0,0.0,0.0,0.0,0.0,0,0.0,0.0,0.0,0.0,0.0,0.0,,,,,0,7.653809589132636,2,4.002602,16,0,0.0,0.0,0.0,0.0,0.0,0.0,0,0.0,0.0,0.0,0.0,0.0,0.0,,,,,0,7.761062917483777,2,4.002602,16,0,0.0,0.0,0.0,0.0,0.0,0.0,0,0.0,0.0,0.0,0.0,0.0,0.0,,,,,0,2,16,4.002602,1.00794,0.625,0.75,,,2,1.5,17,0.8986972744902609,0.8492620158711233,0.8492620158711233
Pb2Te6,3995fa1bee6e,X->S,0.796,1,0.322,0.129,0.4921483564183128,1.8552812907871596e-10,0.4921483564183128,1.5936141295469497e-12,0.0,0.0,0.5,0.0,0.5,0.5,0.0,0.25,0.5,0.0,1,1,2,4,7.662203216840066,2,4.002602,16,0,0.0,0.0,0.0,0.0,0.0,0.0,0,0.0,0.0,0.0,0.0,0.0,0.0,,,,,0,7.597822330609952,2,4.002602,16,0,0.0,0.0,0.0,0.0,0.0,0.0,0,0.0,0.0,0.0,0.0,0.0,0.0,,,,,0,7.710535959433151,2,4.002602,16,0,0.0,0.0,0.0,0.0,0.0,0.0,0,0.0,0.0,0.0,0.0,0.0,0.0,,,,,0,2,16,4.002602,1.00794,0.625,0.75,,,2,1.5,17,0.8986972744902609,0.8492620158711233,0.8492620158711233
Pb2Te6,3995fa1bee6e,S->G,1.059,1,0.322,0.129,0.8193229587812263,-126.91839081167345,-0.4921483564182691,-0.655042064344588,0.0,0.5,0.5,0.0,0.0,0.0,0.0,0.25,0.25,0.0,1,1,2,4,7.710535959433151,2,4.002602,16,0,0.0,0.0,0.0,0.0,0.0,0.0,0,0.0,0.0,0.0,0.0,0.0,0.0,,,,,0,7.556299189119574,2,4.002602,16,0,0.0,0.0,0.0,0.0,0.0,0.0,0,0.0,0.0,0.0,0.0,0.0,0.0,,,,,0,7.761062917483777,2,4.002602,16,0,0.0,0.0,0.0,0.0,0.0,0.0,0,0.0,0.0,0.0,0.0,0.0,0.0,,,,,0,2,16,4.002602,1.00794,0.625,0.75,,,2,1.5,17,0.8986972744902609,0.8492620158711233,0.8492620158711233
Cr2W2S8,5974b6403c31,X->G,1.592,0,0.967,0.014,0.5015256071709622,180.0,-0.5015256071709622,0.0,0.0,0.5,0.0,0.0,0.0,0.0,0.0,0.25,0.0,0.0,1,1,2,4,7.702024809748017,3,6.941,81,0,0.0,0.0,0.0,0.0,0.0,0.0,0,0.0,0.0,0.0,0.0,0.0,0.0,,,,,0,7.598421293592185,3,6.941,81,0,0.0,0.0,0.0,0.0,0.0,0.0,0,0.0,0.0,0.0,0.0,0.0,0.0,,,,,0,7.702032939933162,3,6.941,81,0,0.0,0.0,0.0,0.0,0.0,0.0,0,0.0,0.0,0.0,0.0,0.0,0.0,,,,,0,3,81,6.941,1.00794,0.9,1.2,,,3,2.0,98,0.1681267075821846,0.157123881369535,0.1681267075821846
Cr2W2S8,5974b6403c31,Y->S,1.151,0,0.967,0.014,0.5015256071709622,0.0,0.5015256071709622,0.0,0.0,0.0,0.5,0.0,0.5,0.5,0.0,0.25,0.5,0.0,1,1,2,4,7.560252688827735,3,6.941,81,0,0.0,0.0,0.0,0.0,0.0,0.0,0,0.0,0.0,0.0,0.0,0.0,0.0,,,,,0,7.7196916834926546,3,6.941,81,0,0.0,0.0,0.0,0.0,0.0,0.0,0,0.0,0.0,0.0,0.0,0.0,0.0,,,,,0,7.560257147538851,3,6.941,81,0,0.0,0.0,0.0,0.0,0.0,0.0,0,0.0,0.0,0.0,0.0,0.0,0.0,,,,,0,3,81,6.941,1.00794,0.9,1.2,,,3,2.0,98,0.1681267075821846,0.157123881369535,0.1681267075821846
HfZr3Se8,70e7ab872359,G->S,0.95,0,0.819,0.15,0.6492462806165705,49.074801723523876,0.42530381874468864,0.4905480553988933,0.0,0.0,0.0,0.0,0.5,0.5,0.0,0.25,0.25,0.0,1,1,2,4,7.804508079505468,3,6.941,81,0,0.0,0.0,0.0,0.0,0.0,0.0,0,0.0,0.0,0.0,0.0,0.0,0.0,,,,,0,7.747129452505848,3,6.941,81,0,0.0,0.0,0.0,0.0,0.0,0.0,0,0.0,0.0,0.0,0.0,0.0,0.0,,,,,0,7.566931680768002,3,6.941,81,0,0.0,0.0,0.0,0.0,0.0,0.0,0,0.0,0.0,0.0,0.0,0.0,0.0,,,,,0,3,81,6.941,1.00794,0.9,1.2,,,3,2.0,98,0.8422121530840236,0.1814864790882361,0.8422121530840236
GeSe,211bcb7f05d6,M->K,0.94,0,2.215,0.04,0.5712688877496873,120.00000000156714,-0.28563444388837544,0.4947333691750975,0.0,0.5,0.0,0.0,0.3333333333333333,0.3333333333333333,0.0,0.41666666666666663,0.16666666666666666,0.0,3,6,12,21,7.57319439874446,2,4.002602,16,0,0.0,0.0,0.0,0.0,0.0,0.0,0,0.0,0.0,0.0,0.0,0.0,0.0,,,,,0,7.542470441118203,1,1.00794,1,0,0.0,0.0,0.0,0.0,0.0,0.0,0,0.0,0.0,0.0,0.0,0.0,0.0,,,,,0,7.59780483970533,2,4.002602,16,0,0.0,0.0,0.0,0.0,0.0,0.0,0,0.0,0.0,0.0,0.0,0.0,0.0,,,,,0,2,16,4.002602,1.00794,0.625,0.75,,,2,1.5,17,0.9034063151276184,0.7457842356027244,0.9034063151276184
Hf2Zr2Se8,81af2831dbb2,G->S,0.698,0,0.845,0.158,0.6502606272496572,49.06672007808193,0.42603758632497857,0.49125437238716163,0.0,0.0,0.0,0.0,0.5,0.5,0.0,0.25,0.25,0.0,1,1,2,4,7.81440572185017,3,6.941,81,0,0.0,0.0,0.0,0.0,0.0,0.0,0,0.0,0.0,0.0,0.0,0.0,0.0,,,,,0,7.744719669523917,3,6.941,81,0,0.0,0.0,0.0,0.0,0.0,0.0,0,0.0,0.0,0.0,0.0,0.0,0.0,,,,,0,7.566163418695765,3,6.941,81,0,0.0,0.0,0.0,0.0,0.0,0.0,0,0.0,0.0,0.0,0.0,0.0,0.0,,,,,0,3,81,6.941,1.00794,0.9,1.2,,,3,2.0,98,0.8295197197316269,0.190363806457994,0.8295197197316269
MoW3Te8,5c3fe56a1a89,X->G,2.045,0,0.825,0.018,0.44245568957585973,180.0,-0.44245568957585973,0.0,0.0,0.5,0.0,0.0,0.0,0.0,0.0,0.25,0.0,0.0,1,1,2,4,7.775173047418387,3,6.941,81,0,0.0,0.0,0.0,0.0,0.0,0.0,0,0.0,0.0,0.0,0.0,0.0,0.0,,,,,0,7.570383446192169,3,6.941,81,0,0.0,0.0,0.0,0.0,0.0,0.0,0,0.0,0.0,0.0,0.0,0.0,0.0,,,,,0,7.771670724050103,3,6.941,81,0,0.0,0.0,0.0,0.0,0.0,0.0,0,0.0,0.0,0.0,0.0,0.0,0.0,,,,,0,3,81,6.941,1.00794,0.9,1.2,,,3,2.0,98,0.2850819868146655,0.1412364257262718,0.2850819868146655
MoW3Te8,5c3fe56a1a89,G->S,1.298,0,0.825,0.018,0.6759241683901729,49.11115211345227,0.44245568957585973,0.5109857573121752,0.0,0.0,0.0,0.0,0.5,0.5,0.0,0.25,0.25,0.0,1,1,2,4,7.771670724050103,3,6.941,81,0,0.0,0.0,0.0,0.0,0.0,0.0,0,0.0,0.0,0.0,0.0,0.0,0.0,,,,,0,7.72518842094142,3,6.941,81,0,0.0,0.0,0.0,0.0,0.0,0.0,0,0.0,0.0,0.0,0.0,0.0,0.0,,,,,0,7.569751705467576,3,6.941,81,0,0.0,0.0,0.0,0.0,0.0,0.0,0,0.0,0.0,0.0,0.0,0.0,0.0,,,,,0,3,81,6.941,1.00794,0.9,1.2,,,3,2.0,98,0.2850819868146655,0.1412364257262718,0.2850819868146655
Mo2W2S8,449640ec4d30,X->G,1.954,0,1.553,0.0,0.49292693826297257,180.0,-0.49292693826297257,0.0,0.0,0.5,0.0,0.0,0.0,0.0,0.0,0.25,0.0,0.0,1,1,2,4,7.7208025367983675,3,6.941,81,0,0.0,0.0,0.0,0.0,0.0,0.0,0,0.0,0.0,0.0,0.0,0.0,0.0,,,,,0,7.555784598718135,3,6.941,81,0,0.0,0.0,0.0,0.0,0.0,0.0,0,0.0,0.0,0.0,0.0,0.0,0.0,,,,,0,7.720689331408806,3,6.941,81,0,0.0,0.0,0.0,0.0,0.0,0.0,0,0.0,0.0,0.0,0.0,0.0,0.0,,,,,0,3,81,6.941,1.00794,0.9,1.2,,,3,2.0,98,0.2072633880549644,0.2146805678678273,0.2072633880549644
Mo2W2S8,449640ec4d30,S->Y,1.167,1,1.553,0.0,0.49292693826297257,180.0,-0.49292693826297257,0.0,0.0,0.5,0.5,0.0,0.0,0.5,0.0,0.25,0.5,0.0,1,1,2,4,7.555672553821689,3,6.941,81,0,0.0,0.0,0.0,0.0,0.0,0.0,0,0.0,0.0,0.0,0.0,0.0,0.0,,,,,0,7.720633348500349,3,6.941,81,0,0.0,0.0,0.0,0.0,0.0,0.0,0,0.0,0.0,0.0,0.0,0.0,0.0,,,,,0,7.555418032491605,3,6.941,81,0,0.0,0.0,0.0,0.0,0.0,0.0,0,0.0,0.0,0.0,0.0,0.0,0.0,,,,,0,3,81,6.941,1.00794,0.9,1.2,,,3,2.0,98,0.2072633880549644,0.2146805678678273,0.2146805678678273
CrW3S8,a9f87eba4b96,X->G,1.909,0,1.144,0.009,0.4969695910515046,180.0,-0.4969695910515046,0.0,0.0,0.5,0.0,0.0,0.0,0.0,0.0,0.25,0.0,0.0,1,1,2,4,7.72050810163621,3,6.941,81,0,0.0,0.0,0.0,0.0,0.0,0.0,0,0.0,0.0,0.0,0.0,0.0,0.0,,,,,0,7.598585082866013,3,6.941,81,0,0.0,0.0,0.0,0.0,0.0,0.0,0,0.0,0.0,0.0,0.0,0.0,0.0,,,,,0,7.749702866811322,3,6.941,81,0,0.0,0.0,0.0,0.0,0.0,0.0,0,0.0,0.0,0.0,0.0,0.0,0.0,,,,,0,3,81,6.941,1.00794,0.9,1.2,,,3,2.0,98,0.1919601306899144,0.1713770613500185,0.1919601306899144
CrMo3S8,644f7c1c85c7,X->G,1.46,0,1.206,0.011,0.49782339910200085,180.0,-0.49782339910200085,0.0,0.0,0.5,0.0,0.0,0.0,0.0,0.0,0.25,0.0,0.0,1,1,2,4,7.721281997782236,3,6.941,81,0,0.0,0.0,0.0,0.0,0.0,0.0,0,0.0,0.0,0.0,0.0,0.0,0.0,,,,,0,7.602169756767952,3,6.941,81,0,0.0,0.0,0.0,0.0,0.0,0.0,0,0.0,0.0,0.0,0.0,0.0,0.0,,,,,0,7.750391411927129,3,6.941,81,0,0.0,0.0,0.0,0.0,0.0,0.0,0,0.0,0.0,0.0,0.0,0.0,0.0,,,,,0,3,81,6.941,1.00794,0.9,1.2,,,3,2.0,98,0.1854065113491833,0.1518783583282624,0.1854065113491833
AsClTe,4fd8ad708fb0,M->G,2.895,0,1.496,0.018,0.9231592910645846,-150.00000002865247,-0.7994793980323897,-0.4615796451324889,0.0,0.5,0.0,0.0,0.0,0.0,0.0,0.25,0.0,0.0,3,1,6,10,8.238288691994402,2,4.002602,16,0,0.0,0.0,0.0,0.0,0.0,0.0,0,0.0,0.0,0.0,0.0,0.0,0.0,,,,,0,8.29665503565069,2,4.002602,16,0,0.0,0.0,0.0,0.0,0.0,0.0,0,0.0,0.0,0.0,0.0,0.0,0.0,,,,,0,8.469341025394087,2,4.002602,16,0,0.0,0.0,0.0,0.0,0.0,0.0,0,0.0,0.0,0.0,0.0,0.0,0.0,,,,,0,3,81,6.941,1.00794,0.9,1.2,,,3,2.0,98,0.8748022705579596,0.850388063665775,0.8748022705579596
AsClTe,4fd8ad708fb0,M->K,2.257,0,1.496,0.018,0.5329862648932733,120.00000002865247,-0.2664931326774632,0.461579645132489,0.0,0.5,0.0,0.0,0.3333333333333333,0.3333333333333333,0.0,0.41666666666666663,0.16666666666666666,0.0,3,6,12,21,8.238288691994402,2,4.002602,16,0,0.0,0.0,0.0,0.0,0.0,0.0,0,0.0,0.0,0.0,0.0,0.0,0.0,,,,,0,8.205683559636704,2,4.002602,16,0,0.0,0.0,0.0,0.0,0.0,0.0,0,0.0,0.0,0.0,0.0,0.0,0.0,,,,,0,8.264280179899238,2,4.002602,16,0,0.0,0.0,0.0,0.0,0.0,0.0,0,0.0,0.0,0.0,0.0,0.0,0.0,,,,,0,3,81,6.941,1.00794,0.9,1.2,,,3,2.0,98,0.8748022705579596,0.850388063665775,0.8748022705579596
CrW3Te8,eef072f845ce,X->G,1.592,0,0.563,0.056,0.4441904140495213,180.0,-0.4441904140495213,0.0,0.0,0.5,0.0,0.0,0.0,0.0,0.0,0.25,0.0,0.0,1,1,2,4,7.776786651353764,3,6.941,81,0,0.0,0.0,0.0,0.0,0.0,0.0,0,0.0,0.0,0.0,0.0,0.0,0.0,,,,,0,7.6586305995701345,3,6.941,81,0,0.0,0.0,0.0,0.0,0.0,0.0,0,0.0,0.0,0.0,0.0,0.0,0.0,,,,,0,7.847676730652817,3,6.941,81,0,0.0,0.0,0.0,0.0,0.0,0.0,0,0.0,0.0,0.0,0.0,0.0,0.0,,,,,0,3,81,6.941,1.00794,0.9,1.2,,,3,2.0,98,0.2267102691969866,0.1224285422660796,0.2267102691969866
CrW3Te8,eef072f845ce,Y->S,1.042,0,0.563,0.056,0.4441904140495213,0.0,0.4441904140495213,0.0,0.0,0.0,0.5,0.0,0.5,0.5,0.0,0.25,0.5,0.0,1,1,2,4,7.683784659475445,3,6.941,81,0,0.0,0.0,0.0,0.0,0.0,0.0,0,0.0,0.0,0.0,0.0,0.0,0.0,,,,,0,7.772199983112222,3,6.941,81,0,0.0,0.0,0.0,0.0,0.0,0.0,0,0.0,0.0,0.0,0.0,0.0,0.0,,,,,0,7.567050052324573,3,6.941,81,0,0.0,0.0,0.0,0.0,0.0,0.0,0,0.0,0.0,0.0,0.0,0.0,0.0,,,,,0,3,81,6.941,1.00794,0.9,1.2,,,3,2.0,98,0.2267102691969866,0.1224285422660796,0.2267102691969866
CrW3Te8,eef072f845ce,G->S,0.99,0,0.563,0.056,0.6785872202267884,49.11210060848555,0.4441904140495213,0.5130063269801208,0.0,0.0,0.0,0.0,0.5,0.5,0.0,0.25,0.25,0.0,1,1,2,4,7.847676730652817,3,6.941,81,0,0.0,0.0,0.0,0.0,0.0,0.0,0,0.0,0.0,0.0,0.0,0.0,0.0,,,,,0,7.724823415348833,3,6.941,81,0,0.0,0.0,0.0,0.0,0.0,0.0,0,0.0,0.0,0.0,0.0,0.0,0.0,,,,,0,7.567050052324573,3,6.941,81,0,0.0,0.0,0.0,0.0,0.0,0.0,0,0.0,0.0,0.0,0.0,0.0,0.0,,,,,0,3,81,6.941,1.00794,0.9,1.2,,,3,2.0,98,0.2267102691969866,0.1224285422660796,0.2267102691969866
ISSb,5b94060698bc,M->K,2.844,0,1.276,0.041,0.5129153257993856,119.99999995640525,-0.2564576625617151,0.44419770232777134,0.0,0.5,0.0,0.0,0.3333333333333333,0.3333333333333333,0.0,0.41666666666666663,0.16666666666666666,0.0,3,6,12,21,7.969999394837109,3,6.941,81,0,0.0,0.0,0.0,0.0,0.0,0.0,0,0.0,0.0,0.0,0.0,0.0,0.0,,,,,0,8.106840413384255,3,6.941,81,0,0.0,0.0,0.0,0.0,0.0,0.0,0,0.0,0.0,0.0,0.0,0.0,0.0,,,,,0,7.9990025748613975,3,6.941,81,0,0.0,0.0,0.0,0.0,0.0,0.0,0,0.0,0.0,0.0,0.0,0.0,0.0,,,,,0,3,81,6.941,1.00794,0.9,1.2,,,3,2.0,98,0.8378311435722494,0.881194264676874,0.8378311435722494
ISSb,5b94060698bc,G->M,1.507,1,1.276,0.041,0.8883954027595297,29.999999962582827,0.7693729876851453,0.4441977008773236,0.0,0.0,0.0,0.0,0.5,0.0,0.0,0.25,0.0,0.0,1,3,6,10,8.227348097767527,3,6.941,81,0,0.0,0.0,0.0,0.0,0.0,0.0,0,0.0,0.0,0.0,0.0,0.0,0.0,,,,,0,8.035109329724985,3,6.941,81,0,0.0,0.0,0.0,0.0,0.0,0.0,0,0.0,0.0,0.0,0.0,0.0,0.0,,,,,0,7.969999394837109,3,6.941,81,0,0.0,0.0,0.0,0.0,0.0,0.0,0,0.0,0.0,0.0,0.0,0.0,0.0,,,,,0,3,81,6.941,1.00794,0.9,1.2,,,3,2.0,98,0.8378311435722494,0.881194264676874,0.881194264676874
ISSb,5b94060698bc,G->K,1.547,1,1.276,0.041,1.0258306503426466,60.0000000030888,0.5129153251234302,0.8883954032050949,0.0,0.0,0.0,0.0,0.3333333333333333,0.3333333333333333,0.0,0.16666666666666666,0.16666666666666666,0.0,1,6,12,19,8.227348097767527,3,6.941,81,0,0.0,0.0,0.0,0.0,0.0,0.0,0,0.0,0.0,0.0,0.0,0.0,0.0,,,,,0,8.085387909955186,3,6.941,81,0,0.0,0.0,0.0,0.0,0.0,0.0,0,0.0,0.0,0.0,0.0,0.0,0.0,,,,,0,7.9990025748613975,3,6.941,81,0,0.0,0.0,0.0,0.0,0.0,0.0,0,0.0,0.0,0.0,0.0,0.0,0.0,,,,,0,3,81,6.941,1.00794,0.9,1.2,,,3,2.0,98,0.8378311435722494,0.881194264676874,0.881194264676874
MoCr3S8,3fb52099b370,X->G,1.221,0,0.922,0.011,0.5089338888504535,180.0,-0.5089338888504535,0.0,0.0,0.5,0.0,0.0,0.0,0.0,0.0,0.25,0.0,0.0,1,1,2,4,7.702156732458077,3,6.941,81,0,0.0,0.0,0.0,0.0,0.0,0.0,0,0.0,0.0,0.0,0.0,0.0,0.0,,,,,0,7.610899461849657,3,6.941,81,0,0.0,0.0,0.0,0.0,0.0,0.0,0,0.0,0.0,0.0,0.0,0.0,0.0,,,,,0,7.699878196257277,3,6.941,81,0,0.0,0.0,0.0,0.0,0.0,0.0,0,0.0,0.0,0.0,0.0,0.0,0.0,,,,,0,3,81,6.941,1.00794,0.9,1.2,,,3,2.0,98,0.1542812240567189,0.1108407663341692,0.1542812240567189
CrW3Se8,0b7696e1f4c9,X->G,1.756,0,0.902,0.01,0.476000099265373,180.0,-0.476000099265373,0.0,0.0,0.5,0.0,0.0,0.0,0.0,0.0,0.25,0.0,0.0,1,1,2,4,7.740682557407068,3,6.941,81,0,0.0,0.0,0.0,0.0,0.0,0.0,0,0.0,0.0,0.0,0.0,0.0,0.0,,,,,0,7.613937898844728,3,6.941,81,0,0.0,0.0,0.0,0.0,0.0,0.0,0,0.0,0.0,0.0,0.0,0.0,0.0,,,,,0,7.778520076192758,3,6.941,81,0,0.0,0.0,0.0,0.0,0.0,0.0,0,0.0,0.0,0.0,0.0,0.0,0.0,,,,,0,3,81,6.941,1.00794,0.9,1.2,,,3,2.0,98,0.1813042425403861,0.1534142461286447,0.1813042425403861
TiHf3Te8,1667d1443160,S->Y,1.512,0,0.098,0.132,0.6423585846055582,-130.8334179720495,-0.4054457743252689,-0.46915995854140013,0.1677116829552158,0.5,0.5,0.0,0.0,0.0,0.5,0.25,0.25,0.25,1,1,2,4,7.579223936822743,3,6.941,81,0,0.0,0.0,0.0,0.0,0.0,0.0,0,0.0,0.0,0.0,0.0,0.0,0.0,,,,,0,3.472285164100988,3,6.941,81,0,0.0,0.0,0.0,0.0,0.0,0.0,3,0.827069600426086,2.4812088012782576,66.99263763451296,5.740690096557462,3.0,3.0,57.7756667148732,7.047569453967834,52.642577170845364,67.7409206048681,3,0.010859870834379573,1,1.00794,1,1,92.08212650506448,92.08212650506448,92.08212650506448,92.8132585895147,1.0,1.0,10,94.97298579004054,99.97832144799196,275.77683930807973,110.5973908906765,2.5,3.0,51.896330342224346,23.89956504762905,18.66498193079562,124.18575819022834,45,3,81,6.941,1.00794,0.9,1.2,,,3,2.0,98,0.7032942480989642,0.1550792284914078,0.7032942480989642
CrMo3Te8,159f028a85d0,Y->S,0.896,0,0.665,0.035,0.44479526761049554,0.0,0.44479526761049554,0.0,0.0,0.0,0.5,0.0,0.5,0.5,0.0,0.25,0.5,0.0,1,1,2,4,7.667108439922835,3,6.941,81,0,0.0,0.0,0.0,0.0,0.0,0.0,0,0.0,0.0,0.0,0.0,0.0,0.0,,,,,0,7.77090131925097,3,6.941,81,0,0.0,0.0,0.0,0.0,0.0,0.0,0,0.0,0.0,0.0,0.0,0.0,0.0,,,,,0,7.5663164718496825,3,6.941,81,0,0.0,0.0,0.0,0.0,0.0,0.0,0,0.0,0.0,0.0,0.0,0.0,0.0,,,,,0,3,81,6.941,1.00794,0.9,1.2,,,3,2.0,98,0.2569664710702297,0.1252595031050306,0.2569664710702297
Ti2Zr2Te8,18e377cce57f,S->Y,1.855,0,0.143,0.118,0.40895487756723214,180.0,-0.40895487756723214,0.0,0.0,0.5,0.5,0.0,0.0,0.5,0.0,0.25,0.5,0.0,1,1,2,4,7.58888384180134,3,6.941,81,0,0.0,0.0,0.0,0.0,0.0,0.0,0,0.0,0.0,0.0,0.0,0.0,0.0,,,,,0,7.826787459084202,3,6.941,81,0,0.0,0.0,0.0,0.0,0.0,0.0,0,0.0,0.0,0.0,0.0,0.0,0.0,,,,,0,7.589071805115322,3,6.941,81,0,0.0,0.0,0.0,0.0,0.0,0.0,0,0.0,0.0,0.0,0.0,0.0,0.0,,,,,0,3,81,6.941,1.00794,0.9,1.2,,,3,2.0,98,0.6431649598769135,0.1240123504437783,0.6431649598769135
PbS,5e4ff1f56b4a,M->G,1.241,1,1.979,0.231,0.9185856251440867,-150.00000001782004,-0.7955184870688373,-0.4592928123246224,0.0,0.5,0.0,0.0,0.0,0.0,0.0,0.25,0.0,0.0,3,1,6,10,7.580634535338753,1,1.00794,1,0,0.0,0.0,0.0,0.0,0.0,0.0,0,0.0,0.0,0.0,0.0,0.0,0.0,,,,,0,7.644654240661129,1,1.00794,1,0,0.0,0.0,0.0,0.0,0.0,0.0,0,0.0,0.0,0.0,0.0,0.0,0.0,,,,,0,7.833574788174359,1,1.00794,1,0,0.0,0.0,0.0,0.0,0.0,0.0,0,0.0,0.0,0.0,0.0,0.0,0.0,,,,,0,2,16,4.002602,1.00794,0.625,0.75,,,2,1.5,17,0.8989011752508484,0.774841563510968,0.774841563510968
PbTe,3bc08d486d65,M->K,1.138,0,1.151,0.198,0.48437674498239747,120.00000001856608,-0.2421883726271275,0.41948256607869433,0.0,0.5,0.0,0.0,0.3333333333333333,0.3333333333333333,0.0,0.41666666666666663,0.16666666666666666,0.0,3,6,12,21,7.5952372581375345,1,1.00794,1,0,0.0,0.0,0.0,0.0,0.0,0.0,0,0.0,0.0,0.0,0.0,0.0,0.0,,,,,0,7.552381042917339,1,1.00794,1,0,0.0,0.0,0.0,0.0,0.0,0.0,0,0.0,0.0,0.0,0.0,0.0,0.0,,,,,0,7.629348903661001,1,1.00794,1,0,0.0,0.0,0.0,0.0,0.0,0.0,0,0.0,0.0,0.0,0.0,0.0,0.0,,,,,0,2,16,4.002602,1.00794,0.625,0.75,,,2,1.5,17,0.9311785526870192,0.7994363268899549,0.9311785526870192
PbTe,3bc08d486d65,M->G,2.18,1,1.151,0.198,0.838965133275026,-149.99999994206163,-0.7265651178813824,-0.41948256737222694,0.0,0.5,0.0,0.0,0.0,0.0,0.0,0.25,0.0,0.0,3,1,6,10,7.5952372581375345,1,1.00794,1,0,0.0,0.0,0.0,0.0,0.0,0.0,0,0.0,0.0,0.0,0.0,0.0,0.0,,,,,0,7.671775171882958,1,1.00794,1,0,0.0,0.0,0.0,0.0,0.0,0.0,0,0.0,0.0,0.0,0.0,0.0,0.0,,,,,0,7.89693928437236,1,1.00794,1,0,0.0,0.0,0.0,0.0,0.0,0.0,0,0.0,0.0,0.0,0.0,0.0,0.0,,,,,0,2,16,4.002602,1.00794,0.625,0.75,,,2,1.5,17,0.9311785526870192,0.7994363268899549,0.7994363268899549
P2Sb2Se6,5d1a32a28ffa,Y->G,2.483,0,1.004,0.058,0.5110925695609772,-90.0,3.6079100540875103e-17,-0.5110925695609772,0.0,0.0,0.5,0.0,0.0,0.0,0.0,0.0,0.25,0.0,1,1,2,4,7.5637562911616,3,6.941,81,0,0.0,0.0,0.0,0.0,0.0,0.0,0,0.0,0.0,0.0,0.0,0.0,0.0,,,,,0,7.528061831034571,3,6.941,81,0,0.0,0.0,0.0,0.0,0.0,0.0,0,0.0,0.0,0.0,0.0,0.0,0.0,,,,,0,7.9008666895169775,3,6.941,81,0,0.0,0.0,0.0,0.0,0.0,0.0,0,0.0,0.0,0.0,0.0,0.0,0.0,,,,,0,3,81,6.941,1.00794,0.9,1.2,,,3,2.0,98,0.8096352520917903,0.8238161694562693,0.8096352520917903
P2Sb2Se6,5d1a32a28ffa,X->G,2.546,0,1.004,0.058,0.51189309863108,-150.05171859821505,-0.44354327946776284,-0.2555462847804886,0.0,0.5,0.0,0.0,0.0,0.0,0.0,0.25,0.0,0.0,1,1,2,4,7.565339236613113,3,6.941,81,0,0.0,0.0,0.0,0.0,0.0,0.0,0,0.0,0.0,0.0,0.0,0.0,0.0,,,,,0,7.529942516016802,3,6.941,81,0,0.0,0.0,0.0,0.0,0.0,0.0,0,0.0,0.0,0.0,0.0,0.0,0.0,,,,,0,7.9008666895169775,3,6.941,81,0,0.0,0.0,0.0,0.0,0.0,0.0,0,0.0,0.0,0.0,0.0,0.0,0.0,,,,,0,3,81,6.941,1.00794,0.9,1.2,,,3,2.0,98,0.8096352520917903,0.8238161694562693,0.8096352520917903
P2Sb2Se6,5d1a32a28ffa,Y->G,1.261,1,1.004,0.058,0.5110925695609772,-90.0,3.6079100540875103e-17,-0.5110925695609772,0.0,0.0,0.5,0.0,0.0,0.0,0.0,0.0,0.25,0.0,1,1,2,4,7.5637562911616,3,6.941,81,0,0.0,0.0,0.0,0.0,0.0,0.0,0,0.0,0.0,0.0,0.0,0.0,0.0,,,,,0,7.528061831034571,3,6.941,81,0,0.0,0.0,0.0,0.0,0.0,0.0,0,0.0,0.0,0.0,0.0,0.0,0.0,,,,,0,7.9008666895169775,3,6.941,81,0,0.0,0.0,0.0,0.0,0.0,0.0,0,0.0,0.0,0.0,0.0,0.0,0.0,,,,,0,3,81,6.941,1.00794,0.9,1.2,,,3,2.0,98,0.8096352520917903,0.8238161694562693,0.8238161694562693
P2Sb2Se6,5d1a32a28ffa,X->G,1.339,1,1.004,0.058,0.51189309863108,-150.05171859821505,-0.44354327946776284,-0.2555462847804886,0.0,0.5,0.0,0.0,0.0,0.0,0.0,0.25,0.0,0.0,1,1,2,4,7.565339236613113,3,6.941,81,0,0.0,0.0,0.0,0.0,0.0,0.0,0,0.0,0.0,0.0,0.0,0.0,0.0,,,,,0,7.529942516016802,3,6.941,81,0,0.0,0.0,0.0,0.0,0.0,0.0,0,0.0,0.0,0.0,0.0,0.0,0.0,,,,,0,7.9008666895169775,3,6.941,81,0,0.0,0.0,0.0,0.0,0.0,0.0,0,0.0,0.0,0.0,0.0,0.0,0.0,,,,,0,3,81,6.941,1.00794,0.9,1.2,,,3,2.0,98,0.8096352520917903,0.8238161694562693,0.8238161694562693
BiClTe,badda86cab42,M->G,1.458,1,0.948,0.129,0.867589079537795,-150.00000004401488,-0.7513541832589312,-0.43379453919170385,-8.241927987866616e-18,0.5,0.0,0.0,0.0,0.0,0.0,0.25,0.0,0.0,3,1,6,10,7.334856420648649,2,4.002602,16,0,0.0,0.0,0.0,0.0,0.0,0.0,0,0.0,0.0,0.0,0.0,0.0,0.0,,,,,0,7.408967002012047,2,4.002602,16,0,0.0,0.0,0.0,0.0,0.0,0.0,0,0.0,0.0,0.0,0.0,0.0,0.0,,,,,0,7.626979220195584,2,4.002602,16,0,0.0,0.0,0.0,0.0,0.0,0.0,0,0.0,0.0,0.0,0.0,0.0,0.0,,,,,0,3,81,6.941,1.00794,0.9,1.2,,,3,2.0,98,0.9359477403697092,0.9378360161127248,0.9378360161127248
BiClTe,badda86cab42,M->K,0.863,1,0.948,0.129,0.5009027893707781,119.99999996490025,-0.2504513944196438,0.4337945405750079,-2.7473093292888723e-18,0.5,0.0,0.0,0.3333333333333333,0.3333333333333333,0.0,0.41666666666666663,0.16666666666666666,0.0,3,6,12,21,7.334856420648649,2,4.002602,16,0,0.0,0.0,0.0,0.0,0.0,0.0,0,0.0,0.0,0.0,0.0,0.0,0.0,,,,,0,7.293358482797978,2,4.002602,16,0,0.0,0.0,0.0,0.0,0.0,0.0,0,0.0,0.0,0.0,0.0,0.0,0.0,,,,,0,7.3678864866663325,2,4.002602,16,0,0.0,0.0,0.0,0.0,0.0,0.0,0,0.0,0.0,0.0,0.0,0.0,0.0,,,,,0,3,81,6.941,1.00794,0.9,1.2,,,3,2.0,98,0.9359477403697092,0.9378360161127248,0.9378360161127248
TiZr3Te8,4f1ab08988cc,S->Y,1.679,0,0.21,0.115,0.64100327457215,-130.83623677816092,-0.4046028271299448,-0.4681379896799372,0.16741736143274438,0.5,0.5,0.0,0.0,0.0,0.5,0.25,0.25,0.25,1,1,2,4,7.5795577133281276,3,6.941,81,0,0.0,0.0,0.0,0.0,0.0,0.0,0,0.0,0.0,0.0,0.0,0.0,0.0,,,,,0,3.4682258223987845,3,6.941,81,0,0.0,0.0,0.0,0.0,0.0,0.0,3,0.8271096166283327,2.4813288498849984,66.99587894689495,5.740967849017257,3.0,3.0,57.955998354663286,7.065423584013518,52.7813854574961,67.9458619057389,3,0.01007673726276709,1,1.00794,1,1,99.23847113638033,99.23847113638033,99.23847113638033,100.0264245972032,1.0,1.0,10,102.12843147689087,107.13350962683822,282.96049419794434,117.80884357706492,2.5,3.0,52.571410893062875,24.808479341213125,18.65618791828376,127.79175114926966,45,3,81,6.941,1.00794,0.9,1.2,,,3,2.0,98,0.6849715466889554,0.1347440193725061,0.6849715466889554
TiHf3Se8,3e1923c616ad,S->Y,1.256,0,0.722,0.166,0.6817769519190183,-130.86288740334143,-0.4318482769931407,-0.4991922910632491,0.1706866555096427,0.5,0.5,0.0,0.0,0.0,0.5,0.25,0.25,0.25,1,1,2,4,7.569331915918704,3,6.941,81,0,0.0,0.0,0.0,0.0,0.0,0.0,0,0.0,0.0,0.0,0.0,0.0,0.0,,,,,0,3.45329377291943,3,6.941,81,0,0.0,0.0,0.0,0.0,0.0,0.0,3,0.8338043570675362,2.501413071202608,67.53815292247043,5.787436042405767,3.0,3.0,54.836605688598986,5.995298451580267,50.43254200913581,63.31307556019495,3,0.16018899461008546,1,1.00794,1,1,6.242626108204816,6.242626108204816,6.242626108204816,6.292192559503962,1.0,1.0,10,9.357579805382445,14.760501833828545,204.7998267954975,25.483074026397148,2.5,3.0,54.14804375999711,26.81239065927564,18.103246023329735,128.35808816957928,45,3,81,6.941,1.00794,0.9,1.2,,,3,2.0,98,0.7987767433307077,0.1594418578290933,0.7987767433307077
TiHf3Se8,3e1923c616ad,S->G,0.626,0,0.722,0.166,0.660065055732327,-130.86288740334143,-0.4318482769931407,-0.4991922910632491,0.0,0.5,0.5,0.0,0.0,0.0,0.0,0.25,0.25,0.0,1,1,2,4,7.569331915918704,3,6.941,81,0,0.0,0.0,0.0,0.0,0.0,0.0,0,0.0,0.0,0.0,0.0,0.0,0.0,,,,,0,7.73132432704432,3,6.941,81,0,0.0,0.0,0.0,0.0,0.0,0.0,0,0.0,0.0,0.0,0.0,0.0,0.0,,,,,0,7.777874927659146,3,6.941,81,0,0.0,0.0,0.0,0.0,0.0,0.0,0,0.0,0.0,0.0,0.0,0.0,0.0,,,,,0,3,81,6.941,1.00794,0.9,1.2,,,3,2.0,98,0.7987767433307077,0.1594418578290933,0.7987767433307077
Cr2Mo2Se8,60065d3bbcf2,X->G,1.173,0,0.837,0.016,0.4801730141865662,180.0,-0.4801730141865662,0.0,0.0,0.5,0.0,0.0,0.0,0.0,0.0,0.25,0.0,0.0,1,1,2,4,7.72165816713012,3,6.941,81,0,0.0,0.0,0.0,0.0,0.0,0.0,0,0.0,0.0,0.0,0.0,0.0,0.0,,,,,0,7.6127723982471345,3,6.941,81,0,0.0,0.0,0.0,0.0,0.0,0.0,0,0.0,0.0,0.0,0.0,0.0,0.0,,,,,0,7.72181262091608,3,6.941,81,0,0.0,0.0,0.0,0.0,0.0,0.0,0,0.0,0.0,0.0,0.0,0.0,0.0,,,,,0,3,81,6.941,1.00794,0.9,1.2,,,3,2.0,98,0.1629753879269453,0.1203719765762379,0.1629753879269453
Cr2Mo2Se8,60065d3bbcf2,Y->S,1.124,0,0.837,0.016,0.4801730141865662,0.0,0.4801730141865662,0.0,0.0,0.0,0.5,0.0,0.5,0.5,0.0,0.25,0.5,0.0,1,1,2,4,7.565719654847079,3,6.941,81,0,0.0,0.0,0.0,0.0,0.0,0.0,0,0.0,0.0,0.0,0.0,0.0,0.0,,,,,0,7.739395572057748,3,6.941,81,0,0.0,0.0,0.0,0.0,0.0,0.0,0,0.0,0.0,0.0,0.0,0.0,0.0,,,,,0,7.565805308174591,3,6.941,81,0,0.0,0.0,0.0,0.0,0.0,0.0,0,0.0,0.0,0.0,0.0,0.0,0.0,,,,,0,3,81,6.941,1.00794,0.9,1.2,,,3,2.0,98,0.1629753879269453,0.1203719765762379,0.1629753879269453
CrMo3Se8,a7233837cfe9,X->G,1.288,0,0.971,0.01,0.47646673247984356,180.0,-0.47646673247984356,0.0,0.0,0.5,0.0,0.0,0.0,0.0,0.0,0.25,0.0,0.0,1,1,2,4,7.7416141799204805,3,6.941,81,0,0.0,0.0,0.0,0.0,0.0,0.0,0,0.0,0.0,0.0,0.0,0.0,0.0,,,,,0,7.615786354570457,3,6.941,81,0,0.0,0.0,0.0,0.0,0.0,0.0,0,0.0,0.0,0.0,0.0,0.0,0.0,,,,,0,7.780369592291732,3,6.941,81,0,0.0,0.0,0.0,0.0,0.0,0.0,0,0.0,0.0,0.0,0.0,0.0,0.0,,,,,0,3,81,6.941,1.00794,0.9,1.2,,,3,2.0,98,0.2003083671083162,0.1477262102974496,0.2003083671083162
CrMo3Se8,a7233837cfe9,Y->S,1.311,0,0.971,0.01,0.47646673247984356,0.0,0.47646673247984356,0.0,0.0,0.0,0.5,0.0,0.5,0.5,0.0,0.25,0.5,0.0,1,1,2,4,7.627528398050784,3,6.941,81,0,0.0,0.0,0.0,0.0,0.0,0.0,0,0.0,0.0,0.0,0.0,0.0,0.0,,,,,0,7.736590526451022,3,6.941,81,0,0.0,0.0,0.0,0.0,0.0,0.0,0,0.0,0.0,0.0,0.0,0.0,0.0,,,,,0,7.55793740872382,3,6.941,81,0,0.0,0.0,0.0,0.0,0.0,0.0,0,0.0,0.0,0.0,0.0,0.0,0.0,,,,,0,3,81,6.941,1.00794,0.9,1.2,,,3,2.0,98,0.2003083671083162,0.1477262102974496,0.2003083671083162
CrMo3Se8,a7233837cfe9,G->S,0.779,0,0.971,0.01,0.7280299345724511,49.12125581267344,0.47646673247984356,0.5504607510745417,0.0,0.0,0.0,0.0,0.5,0.5,0.0,0.25,0.25,0.0,1,1,2,4,7.780369592291732,3,6.941,81,0,0.0,0.0,0.0,0.0,0.0,0.0,0,0.0,0.0,0.0,0.0,0.0,0.0,,,,,0,7.695759607756783,3,6.941,81,0,0.0,0.0,0.0,0.0,0.0,0.0,0,0.0,0.0,0.0,0.0,0.0,0.0,,,,,0,7.55793740872382,3,6.941,81,0,0.0,0.0,0.0,0.0,0.0,0.0,0,0.0,0.0,0.0,0.0,0.0,0.0,,,,,0,3,81,6.941,1.00794,0.9,1.2,,,3,2.0,98,0.2003083671083162,0.1477262102974496,0.2003083671083162
ZrHf3Se8,b8fb10416122,S->G,0.725,0,0.843,0.165,0.6515476384127739,-130.89648561884889,-0.42656462297929104,-0.4925007081657832,0.0,0.5,0.5,0.0,0.0,0.0,0.0,0.25,0.25,0.0,1,1,2,4,7.573024274355174,3,6.941,81,0,0.0,0.0,0.0,0.0,0.0,0.0,0,0.0,0.0,0.0,0.0,0.0,0.0,,,,,0,7.742794661798318,3,6.941,81,0,0.0,0.0,0.0,0.0,0.0,0.0,0,0.0,0.0,0.0,0.0,0.0,0.0,,,,,0,7.8082376831906,3,6.941,81,0,0.0,0.0,0.0,0.0,0.0,0.0,0,0.0,0.0,0.0,0.0,0.0,0.0,,,,,0,3,81,6.941,1.00794,0.9,1.2,,,3,2.0,98,0.8326247051860165,0.2009389569933805,0.8326247051860165
WCr3Te8,6523c349753c,X->G,0.99,0,0.459,0.097,0.44910867125053355,180.0,-0.44910867125053355,0.0,0.0,0.5,0.0,0.0,0.0,0.0,0.0,0.25,0.0,0.0,1,1,2,4,7.758859834028664,3,6.941,81,0,0.0,0.0,0.0,0.0,0.0,0.0,0,0.0,0.0,0.0,0.0,0.0,0.0,,,,,0,7.671963480383676,3,6.941,81,0,0.0,0.0,0.0,0.0,0.0,0.0,0,0.0,0.0,0.0,0.0,0.0,0.0,,,,,0,7.7562794837796085,3,6.941,81,0,0.0,0.0,0.0,0.0,0.0,0.0,0,0.0,0.0,0.0,0.0,0.0,0.0,,,,,0,3,81,6.941,1.00794,0.9,1.2,,,3,2.0,98,0.1806309371731511,0.0927822494170908,0.1806309371731511
Hf2Ti2Se8,cce78d90e899,S->Y,1.409,0,0.656,0.156,0.6894926332284319,-130.82723326206678,-0.4367670059678928,-0.5055134847276053,0.17056022552949662,0.5,0.5,0.0,0.0,0.0,0.5,0.25,0.25,0.25,1,1,2,4,7.574810825814384,3,6.941,81,0,0.0,0.0,0.0,0.0,0.0,0.0,0,0.0,0.0,0.0,0.0,0.0,0.0,,,,,0,3.440185216317399,3,6.941,81,0,0.0,0.0,0.0,0.0,0.0,0.0,3,0.8326494527891375,2.4979483583674127,67.44460567592014,5.779419851809404,3.0,3.0,54.51368846366154,5.603710907447709,50.42958436331323,62.43727383215595,3,0.12765576656996042,1,1.00794,1,1,7.833566997163112,7.833566997163112,7.833566997163112,7.895765519120587,1.0,1.0,10,10.963211336307289,16.1078168946215,202.79741028310823,26.327583643538947,2.4,3.0,53.34710616092837,25.981888722929202,18.623262964182498,123.70887796511731,45,3,81,6.941,1.00794,0.9,1.2,,,3,2.0,98,0.7652933296496389,0.1370649042205264,0.7652933296496389
Hf2Ti2Se8,cce78d90e899,S->G,0.553,0,0.656,0.156,0.6680638448109613,-130.82723326206678,-0.4367670059678928,-0.5055134847276053,0.0,0.5,0.5,0.0,0.0,0.0,0.0,0.25,0.25,0.0,1,1,2,4,7.574810825814384,3,6.941,81,0,0.0,0.0,0.0,0.0,0.0,0.0,0,0.0,0.0,0.0,0.0,0.0,0.0,,,,,0,7.726757017837733,3,6.941,81,0,0.0,0.0,0.0,0.0,0.0,0.0,0,0.0,0.0,0.0,0.0,0.0,0.0,,,,,0,7.774485288103365,3,6.941,81,0,0.0,0.0,0.0,0.0,0.0,0.0,0,0.0,0.0,0.0,0.0,0.0,0.0,,,,,0,3,81,6.941,1.00794,0.9,1.2,,,3,2.0,98,0.7652933296496389,0.1370649042205264,0.7652933296496389
BiClSe,a80866a2c6b4,G->M,2.393,0,1.139,0.0,0.8749546267614479,29.999999956881986,0.7577329342633699,0.43747731281049107,0.0,0.0,0.0,0.0,0.5,0.0,0.0,0.25,0.0,0.0,1,3,6,10,8.431798293120265,3,6.941,81,0,0.0,0.0,0.0,0.0,0.0,0.0,0,0.0,0.0,0.0,0.0,0.0,0.0,,,,,0,8.238456180946521,3,6.941,81,0,0.0,0.0,0.0,0.0,0.0,0.0,0,0.0,0.0,0.0,0.0,0.0,0.0,,,,,0,8.17299248636157,3,6.941,81,0,0.0,0.0,0.0,0.0,0.0,0.0,0,0.0,0.0,0.0,0.0,0.0,0.0,,,,,0,3,81,6.941,1.00794,0.9,1.2,,,3,2.0,98,0.8702984144182764,0.9014430142409324,0.8702984144182764
BiClSe,a80866a2c6b4,M->K,1.782,0,1.139,0.0,0.5051552900688687,119.99999996333173,-0.25257764475445665,0.43747731421738245,0.0,0.5,0.0,0.0,0.3333333333333333,0.3333333333333333,0.0,0.41666666666666663,0.16666666666666666,0.0,3,6,12,21,8.17299248636157,3,6.941,81,0,0.0,0.0,0.0,0.0,0.0,0.0,0,0.0,0.0,0.0,0.0,0.0,0.0,,,,,0,8.18040016998644,2,4.002602,16,0,0.0,0.0,0.0,0.0,0.0,0.0,0,0.0,0.0,0.0,0.0,0.0,0.0,,,,,0,8.202151967610092,3,6.941,81,0,0.0,0.0,0.0,0.0,0.0,0.0,0,0.0,0.0,0.0,0.0,0.0,0.0,,,,,0,3,81,6.941,1.00794,0.9,1.2,,,3,2.0,98,0.8702984144182764,0.9014430142409324,0.8702984144182764
BiClSe,a80866a2c6b4,G->K,2.216,0,1.139,0.0,1.0103105789193336,59.999999996775145,0.5051552895089132,0.8749546270278735,0.0,0.0,0.0,0.0,0.3333333333333333,0.3333333333333333,0.0,0.16666666666666666,0.16666666666666666,0.0,1,6,12,19,8.431798293120265,3,6.941,81,0,0.0,0.0,0.0,0.0,0.0,0.0,0,0.0,0.0,0.0,0.0,0.0,0.0,,,,,0,8.28901495943735,3,6.941,81,0,0.0,0.0,0.0,0.0,0.0,0.0,0,0.0,0.0,0.0,0.0,0.0,0.0,,,,,0,8.202151967610092,3,6.941,81,0,0.0,0.0,0.0,0.0,0.0,0.0,0,0.0,0.0,0.0,0.0,0.0,0.0,,,,,0,3,81,6.941,1.00794,0.9,1.2,,,3,2.0,98,0.8702984144182764,0.9014430142409324,0.8702984144182764
BiClSe,a80866a2c6b4,M->G,3.032,1,1.139,0.0,0.8749546267614479,-150.00000004311804,-0.7577329342633699,-0.43747731281049107,0.0,0.5,0.0,0.0,0.0,0.0,0.0,0.25,0.0,0.0,3,1,6,10,8.17299248636157,3,6.941,81,0,0.0,0.0,0.0,0.0,0.0,0.0,0,0.0,0.0,0.0,0.0,0.0,0.0,,,,,0,8.238456180946521,3,6.941,81,0,0.0,0.0,0.0,0.0,0.0,0.0,0,0.0,0.0,0.0,0.0,0.0,0.0,,,,,0,8.431798293120265,3,6.941,81,0,0.0,0.0,0.0,0.0,0.0,0.0,0,0.0,0.0,0.0,0.0,0.0,0.0,,,,,0,3,81,6.941,1.00794,0.9,1.2,,,3,2.0,98,0.8702984144182764,0.9014430142409324,0.9014430142409324
WMo3Se8,05a06afa3b20,X->G,1.643,0,1.32,0.0,0.47306313592981997,180.0,-0.47306313592981997,0.0,0.0,0.5,0.0,0.0,0.0,0.0,0.0,0.25,0.0,0.0,1,1,2,4,7.739059932791335,3,6.941,81,0,0.0,0.0,0.0,0.0,0.0,0.0,0,0.0,0.0,0.0,0.0,0.0,0.0,,,,,0,7.5599381169459585,3,6.941,81,0,0.0,0.0,0.0,0.0,0.0,0.0,0,0.0,0.0,0.0,0.0,0.0,0.0,,,,,0,7.740001014274266,3,6.941,81,0,0.0,0.0,0.0,0.0,0.0,0.0,0,0.0,0.0,0.0,0.0,0.0,0.0,,,,,0,3,81,6.941,1.00794,0.9,1.2,,,3,2.0,98,0.2290036829903243,0.17766113078223,0.2290036829903243
WMo3Se8,05a06afa3b20,G->S,1.001,0,1.32,0.0,0.7226987431254095,49.11229464004592,0.47306313592981997,0.5463558755420237,0.0,0.0,0.0,0.0,0.5,0.5,0.0,0.25,0.25,0.0,1,1,2,4,7.740001014274266,3,6.941,81,0,0.0,0.0,0.0,0.0,0.0,0.0,0,0.0,0.0,0.0,0.0,0.0,0.0,,,,,0,7.695745426800608,3,6.941,81,0,0.0,0.0,0.0,0.0,0.0,0.0,0,0.0,0.0,0.0,0.0,0.0,0.0,,,,,0,7.560436128192567,3,6.941,81,0,0.0,0.0,0.0,0.0,0.0,0.0,0,0.0,0.0,0.0,0.0,0.0,0.0,,,,,0,3,81,6.941,1.00794,0.9,1.2,,,3,2.0,98,0.2290036829903243,0.17766113078223,0.2290036829903243
BrSSb,4da5c6be60db,M->K,2.39,0,1.233,0.028,0.5251007206538862,120.0000000338442,-0.2625503605955609,0.454750563476695,0.0,0.5,0.0,0.0,0.3333333333333333,0.3333333333333333,0.0,0.41666666666666663,0.16666666666666666,0.0,3,6,12,21,8.08356467944967,3,6.941,81,0,0.0,0.0,0.0,0.0,0.0,0.0,0,0.0,0.0,0.0,0.0,0.0,0.0,,,,,0,8.212372951341386,3,6.941,81,0,0.0,0.0,0.0,0.0,0.0,0.0,0,0.0,0.0,0.0,0.0,0.0,0.0,,,,,0,8.110852206676084,3,6.941,81,0,0.0,0.0,0.0,0.0,0.0,0.0,0,0.0,0.0,0.0,0.0,0.0,0.0,,,,,0,3,81,6.941,1.00794,0.9,1.2,,,3,2.0,98,0.7806803560540508,0.8606994436980863,0.7806803560540508
Cr2W2Se8,548aa830244c,X->G,1.39,0,0.778,0.015,0.47939478592155726,180.0,-0.47939478592155726,0.0,0.0,0.5,0.0,0.0,0.0,0.0,0.0,0.25,0.0,0.0,1,1,2,4,7.722575751964803,3,6.941,81,0,0.0,0.0,0.0,0.0,0.0,0.0,0,0.0,0.0,0.0,0.0,0.0,0.0,,,,,0,7.60854711340969,3,6.941,81,0,0.0,0.0,0.0,0.0,0.0,0.0,0,0.0,0.0,0.0,0.0,0.0,0.0,,,,,0,7.722455321330101,3,6.941,81,0,0.0,0.0,0.0,0.0,0.0,0.0,0,0.0,0.0,0.0,0.0,0.0,0.0,,,,,0,3,81,6.941,1.00794,0.9,1.2,,,3,2.0,98,0.1687729940064901,0.1398028194256778,0.1687729940064901
Cr2W2Se8,548aa830244c,Y->S,1.322,0,0.778,0.015,0.47939478592155726,0.0,0.47939478592155726,0.0,0.0,0.0,0.5,0.0,0.5,0.5,0.0,0.25,0.5,0.0,1,1,2,4,7.565789965711673,3,6.941,81,0,0.0,0.0,0.0,0.0,0.0,0.0,0,0.0,0.0,0.0,0.0,0.0,0.0,,,,,0,7.740043944874308,3,6.941,81,0,0.0,0.0,0.0,0.0,0.0,0.0,0,0.0,0.0,0.0,0.0,0.0,0.0,,,,,0,7.5658531609649256,3,6.941,81,0,0.0,0.0,0.0,0.0,0.0,0.0,0,0.0,0.0,0.0,0.0,0.0,0.0,,,,,0,3,81,6.941,1.00794,0.9,1.2,,,3,2.0,98,0.1687729940064901,0.1398028194256778,0.1687729940064901
WMo3S8,9c2979187585,X->G,1.816,0,1.582,0.0,0.4930137227228399,180.0,-0.4930137227228399,0.0,0.0,0.5,0.0,0.0,0.0,0.0,0.0,0.25,0.0,0.0,1,1,2,4,7.720179333929554,3,6.941,81,0,0.0,0.0,0.0,0.0,0.0,0.0,0,0.0,0.0,0.0,0.0,0.0,0.0,,,,,0,7.555134887284116,3,6.941,81,0,0.0,0.0,0.0,0.0,0.0,0.0,0,0.0,0.0,0.0,0.0,0.0,0.0,,,,,0,7.721900742859775,3,6.941,81,0,0.0,0.0,0.0,0.0,0.0,0.0,0,0.0,0.0,0.0,0.0,0.0,0.0,,,,,0,3,81,6.941,1.00794,0.9,1.2,,,3,2.0,98,0.2052901218121179,0.207664962128622,0.2052901218121179
TiZr3Se8,a148361e5e9a,S->Y,1.321,0,0.701,0.144,0.6785193304136014,-130.87219067532004,-0.4298015077418784,-0.49666333242363436,0.1702488763944726,0.5,0.5,0.0,0.0,0.0,0.5,0.25,0.25,0.25,1,1,2,4,7.564966677616712,3,6.941,81,0,0.0,0.0,0.0,0.0,0.0,0.0,0,0.0,0.0,0.0,0.0,0.0,0.0,,,,,0,3.446624482312145,3,6.941,81,0,0.0,0.0,0.0,0.0,0.0,0.0,3,0.8315166547614482,2.4945499642843445,67.35284903567731,5.771557100699212,3.0,3.0,55.12795269437458,5.947483760906382,50.83580654710193,63.53836577452453,3,0.15710487977320767,1,1.00794,1,1,6.365174661942855,6.365174661942855,6.365174661942855,6.415714148758681,1.0,1.0,10,9.476708632751146,14.877063170309142,204.92305503360606,25.595412019080083,2.5,3.0,54.14529066728331,26.806560320700942,18.24188005938871,127.74207831136253,45,3,81,6.941,1.00794,0.9,1.2,,,3,2.0,98,0.8026965681371502,0.1449765152582613,0.8026965681371502
TiZr3Se8,a148361e5e9a,G->S,0.88,0,0.701,0.144,0.6568133691021686,49.12780932467997,0.4298015077418784,0.49666333242363436,0.0,0.0,0.0,0.0,0.5,0.5,0.0,0.25,0.25,0.0,1,1,2,4,7.777303464885559,3,6.941,81,0,0.0,0.0,0.0,0.0,0.0,0.0,0,0.0,0.0,0.0,0.0,0.0,0.0,,,,,0,7.732775125700344,3,6.941,81,0,0.0,0.0,0.0,0.0,0.0,0.0,0,0.0,0.0,0.0,0.0,0.0,0.0,,,,,0,7.564966677616712,3,6.941,81,0,0.0,0.0,0.0,0.0,0.0,0.0,0,0.0,0.0,0.0,0.0,0.0,0.0,,,,,0,3,81,6.941,1.00794,0.9,1.2,,,3,2.0,98,0.8026965681371502,0.1449765152582613,0.8026965681371502
BiClS,c96ef4fc869c,G->M,1.146,1,1.334,0.0,0.8916885604236925,29.99999994710189,0.7722249460025171,0.44584427949889244,0.0,0.0,0.0,0.0,0.5,0.0,0.0,0.25,0.0,0.0,1,3,6,10,8.434290535836748,3,6.941,81,0,0.0,0.0,0.0,0.0,0.0,0.0,0,0.0,0.0,0.0,0.0,0.0,0.0,,,,,0,8.248274434807245,3,6.941,81,0,0.0,0.0,0.0,0.0,0.0,0.0,0,0.0,0.0,0.0,0.0,0.0,0.0,,,,,0,8.185329718160716,3,6.941,81,0,0.0,0.0,0.0,0.0,0.0,0.0,0,0.0,0.0,0.0,0.0,0.0,0.0,,,,,0,3,81,6.941,1.00794,0.9,1.2,,,3,2.0,98,0.8399466536166024,0.9094579449330604,0.9094579449330604
BiClS,c96ef4fc869c,G->K,1.181,1,1.334,0.0,1.0296332609556476,59.99999998775802,0.5148166306683447,0.8916885604590057,0.0,0.0,0.0,0.0,0.3333333333333333,0.3333333333333333,0.0,0.16666666666666666,0.16666666666666666,0.0,1,6,12,19,8.434290535836748,3,6.941,81,0,0.0,0.0,0.0,0.0,0.0,0.0,0,0.0,0.0,0.0,0.0,0.0,0.0,,,,,0,8.296901299743324,3,6.941,81,0,0.0,0.0,0.0,0.0,0.0,0.0,0,0.0,0.0,0.0,0.0,0.0,0.0,,,,,0,8.21336470356939,3,6.941,81,0,0.0,0.0,0.0,0.0,0.0,0.0,0,0.0,0.0,0.0,0.0,0.0,0.0,,,,,0,3,81,6.941,1.00794,0.9,1.2,,,3,2.0,98,0.8399466536166024,0.9094579449330604,0.9094579449330604
Ga2P2Te6,4cb4ea247ef4,Y->G,3.695,0,0.314,0.173,0.5143001845461881,-90.0,3.645531511067733e-17,-0.5143001845461881,0.0,0.0,0.5,0.0,0.0,0.0,0.0,0.0,0.25,0.0,3,1,6,10,7.446340503825074,3,6.941,81,0,0.0,0.0,0.0,0.0,0.0,0.0,0,0.0,0.0,0.0,0.0,0.0,0.0,,,,,0,7.3362890913956305,3,6.941,81,0,0.0,0.0,0.0,0.0,0.0,0.0,0,0.0,0.0,0.0,0.0,0.0,0.0,,,,,0,7.5981151759646615,3,6.941,81,0,0.0,0.0,0.0,0.0,0.0,0.0,0,0.0,0.0,0.0,0.0,0.0,0.0,,,,,0,3,81,6.941,1.00794,0.9,1.2,,,3,2.0,98,0.7732005190484386,0.6736048722630876,0.7732005190484386
Ga2P2Te6,4cb4ea247ef4,X->G,3.828,0,0.314,0.173,0.514279520367045,-149.99867077296796,-0.4453731636789619,-0.2571500926376472,0.0,0.5,0.0,0.0,0.0,0.0,0.0,0.25,0.0,0.0,3,1,6,10,7.448589302797124,3,6.941,81,0,0.0,0.0,0.0,0.0,0.0,0.0,0,0.0,0.0,0.0,0.0,0.0,0.0,,,,,0,7.337819109566997,3,6.941,81,0,0.0,0.0,0.0,0.0,0.0,0.0,0,0.0,0.0,0.0,0.0,0.0,0.0,,,,,0,7.5981151759646615,3,6.941,81,0,0.0,0.0,0.0,0.0,0.0,0.0,0,0.0,0.0,0.0,0.0,0.0,0.0,,,,,0,3,81,6.941,1.00794,0.9,1.2,,,3,2.0,98,0.7732005190484386,0.6736048722630876,0.7732005190484386
MoCr3Se8,961c37d6e527,X->G,0.977,0,0.726,0.01,0.4844763113946748,180.0,-0.4844763113946748,0.0,0.0,0.5,0.0,0.0,0.0,0.0,0.0,0.25,0.0,0.0,1,1,2,4,7.722259294641878,3,6.941,81,0,0.0,0.0,0.0,0.0,0.0,0.0,0,0.0,0.0,0.0,0.0,0.0,0.0,,,,,0,7.627476968172191,3,6.941,81,0,0.0,0.0,0.0,0.0,0.0,0.0,0,0.0,0.0,0.0,0.0,0.0,0.0,,,,,0,7.720015653904211,3,6.941,81,0,0.0,0.0,0.0,0.0,0.0,0.0,0,0.0,0.0,0.0,0.0,0.0,0.0,,,,,0,3,81,6.941,1.00794,0.9,1.2,,,3,2.0,98,0.158679447921649,0.1159971336328279,0.158679447921649
AsClSe,1a3be826b3e0,G->M,3.717,0,1.364,0.013,0.9657212386040357,29.999999972350786,0.8363391258382822,0.4828606188984258,0.0,0.0,0.0,0.0,0.5,0.0,0.0,0.25,0.0,0.0,1,3,6,10,8.462815896367456,3,6.941,81,0,0.0,0.0,0.0,0.0,0.0,0.0,0,0.0,0.0,0.0,0.0,0.0,0.0,,,,,0,8.305033399340532,3,6.941,81,0,0.0,0.0,0.0,0.0,0.0,0.0,0,0.0,0.0,0.0,0.0,0.0,0.0,,,,,0,8.251768824109151,3,6.941,81,0,0.0,0.0,0.0,0.0,0.0,0.0,0,0.0,0.0,0.0,0.0,0.0,0.0,,,,,0,3,81,6.941,1.00794,0.9,1.2,,,3,2.0,98,0.8229245148495816,0.8258043654001617,0.8229245148495816
AsClSe,1a3be826b3e0,G->K,3.481,0,1.364,0.013,1.115118835003294,60.000000016382394,0.5575594172255214,0.9657212395107816,0.0,0.0,0.0,0.0,0.3333333333333333,0.3333333333333333,0.0,0.16666666666666666,0.16666666666666666,0.0,1,6,12,19,8.462815896367456,3,6.941,81,0,0.0,0.0,0.0,0.0,0.0,0.0,0,0.0,0.0,0.0,0.0,0.0,0.0,,,,,0,8.346226395586532,3,6.941,81,0,0.0,0.0,0.0,0.0,0.0,0.0,0,0.0,0.0,0.0,0.0,0.0,0.0,,,,,0,8.275484295165754,3,6.941,81,0,0.0,0.0,0.0,0.0,0.0,0.0,0,0.0,0.0,0.0,0.0,0.0,0.0,,,,,0,3,81,6.941,1.00794,0.9,1.2,,,3,2.0,98,0.8229245148495816,0.8258043654001617,0.8229245148495816
