Formula,uid,kpath,Rashba_parameter,band_binary,bandgap,ehull,kpath_real_distance,kpath_angle_deg,kvec_x,kvec_y,kvec_z,kstart_frac_x,kstart_frac_y,kend_frac_x,kend_frac_y,kmid_frac_x,kmid_frac_y,kstart_degen,kend_degen,kinterior_degen,ktotal_weight,pstart_grdf_gauss_mean,pstart_grdf_gauss_std,pstart_grdf_gauss_max,pstart_grdf_trig_mean,pstart_grdf_trig_std,pstart_grdf_trig_max,pstart_grdf_bessel_mean,pstart_grdf_bessel_std,pstart_grdf_bessel_max,pstart_n_atoms_on_plane,pstart_afs_gauss_mean,pstart_afs_gauss_std,pstart_afs_gauss_max,pstart_afs_trig_mean,pstart_afs_trig_std,pstart_afs_trig_max,pstart_afs_bessel_mean,pstart_afs_bessel_std,pstart_afs_bessel_max,pstart_plane_mean_Z,pstart_plane_max_Z,pstart_plane_sum_Z4,pstart_plane_mean_mass,pstart_plane_max_mass,pstart_plane_heavy_frac,pmid_grdf_gauss_mean,pmid_grdf_gauss_std,pmid_grdf_gauss_max,pmid_grdf_trig_mean,pmid_grdf_trig_std,pmid_grdf_trig_max,pmid_grdf_bessel_mean,pmid_grdf_bessel_std,pmid_grdf_bessel_max,pmid_n_atoms_on_plane,pmid_afs_gauss_mean,pmid_afs_gauss_std,pmid_afs_gauss_max,pmid_afs_trig_mean,pmid_afs_trig_std,pmid_afs_trig_max,pmid_afs_bessel_mean,pmid_afs_bessel_std,pmid_afs_bessel_max,pmid_plane_mean_Z,pmid_plane_max_Z,pmid_plane_sum_Z4,pmid_plane_mean_mass,pmid_plane_max_mass,pmid_plane_heavy_frac,pend_grdf_gauss_mean,pend_grdf_gauss_std,pend_grdf_gauss_max,pend_grdf_trig_mean,pend_grdf_trig_std,pend_grdf_trig_max,pend_grdf_bessel_mean,pend_grdf_bessel_std,pend_grdf_bessel_max,pend_n_atoms_on_plane,pend_afs_gauss_mean,pend_afs_gauss_std,pend_afs_gauss_max,pend_afs_trig_mean,pend_afs_trig_std,pend_afs_trig_max,pend_afs_bessel_mean,pend_afs_bessel_std,pend_afs_bessel_max,pend_plane_mean_Z,pend_plane_max_Z,pend_plane_sum_Z4,pend_plane_mean_mass,pend_plane_max_mass,pend_plane_heavy_frac,pline_grdf_gauss_mean,pline_grdf_gauss_std,pline_grdf_gauss_max,pline_grdf_trig_mean,pline_grdf_trig_std,pline_grdf_trig_max,pline_grdf_bessel_mean,pline_grdf_bessel_std,pline_grdf_bessel_max,pline_n_atoms_on_plane,pline_plane_mean_Z,pline_plane_max_Z,pline_plane_sum_Z4,pline_plane_mean_mass,pline_plane_max_mass,pline_plane_heavy_frac,ppoint_n_atoms,ppoint_plane_mean_Z,ppoint_plane_max_Z,ppoint_plane_sum_Z4,ppoint_plane_mean_mass,ppoint_plane_max_mass,ppoint_plane_heavy_frac,plane_angle_deg,max_Z,max_Z4,max_mass,radius_mean,radius_diff,X_mean,X_diff,n_elements,mean_Z,sum_Z4,E_pfrac_VBM,E_pfrac_CBM,E_pfrac_relevant
ISbSe,df0019ec24b5,M->K,2.431,0,1.061,0.0,0.5025132594315503,120.00000004774289,-0.2512566300784055,0.435189248196878,0.0,0.5,0.0,0.3333333333333333,0.3333333333333333,0.41666666666666663,0.16666666666666666,3,6,12,21,0.5023757202788407,0.2072723374753904,0.7487678814887715,-1.558212418985983,0.2753106447696209,-1.3390300966537332,-0.07938306704660492,0.13404669865085395,0.09444730507048908,3,-6.106258696131495e-05,0.0018851965355150097,0.0016453584606825396,0.17422698963552494,0.13935886320615595,0.2952892926928906,-0.00437753397644854,0.008395613910779075,0.0029531874247628563,46.0,53,15992018,109.20815666666665,126.90447,1.0,0.5023757202788407,0.2072723374753904,0.7487678814887715,-1.558212418985983,0.2753106447696209,-1.3390300966537332,-0.07938306704660492,0.13404669865085395,0.09444730507048908,3,-6.106258696131495e-05,0.0018851965355150097,0.0016453584606825396,0.17422698963552494,0.13935886320615595,0.2952892926928906,-0.00437753397644854,0.008395613910779075,0.0029531874247628563,46.0,53,15992018,109.20815666666665,126.90447,1.0,0.5023757202788407,0.2072723374753904,0.7487678814887715,-1.558212418985983,0.2753106447696209,-1.3390300966537332,-0.07938306704660492,0.13404669865085395,0.09444730507048908,3,-6.106258696131495e-05,0.0018851965355150097,0.0016453584606825396,0.17422698963552494,0.13935886320615595,0.2952892926928906,-0.00437753397644854,0.008395613910779075,0.0029531874247628563,46.0,53,15992018,109.20815666666665,126.90447,1.0,0.5023757202788407,0.2072723374753904,0.7487678814887715,-1.558212418985983,0.2753106447696209,-1.3390300966537332,-0.07938306704660492,0.13404669865085395,0.09444730507048908,3,46.0,53,15992018,109.20815666666665,126.90447,1.0,0,0,0,0,0,0,0,29.99999996031551,53,7890481,126.90447,1.3333333333333333,0.30000000000000004,2.42,0.6100000000000003,3,46.0,15992018,0.8444249438246081,0.8702194028528185,0.8444249438246081
ISbSe,df0019ec24b5,G->M,1.589,1,1.061,0.0,0.870378498346051,30.000000031626122,0.7537698902352165,0.43518924958909133,0.0,0.0,0.0,0.5,0.0,0.25,0.0,1,3,6,10,0.5023757202788407,0.2072723374753904,0.7487678814887715,-1.558212418985983,0.2753106447696209,-1.3390300966537332,-0.07938306704660492,0.13404669865085395,0.09444730507048908,3,-6.106258696131495e-05,0.0018851965355150097,0.0016453584606825396,0.17422698963552494,0.13935886320615595,0.2952892926928906,-0.00437753397644854,0.008395613910779075,0.0029531874247628563,46.0,53,15992018,109.20815666666665,126.90447,1.0,0.5023757202788407,0.2072723374753904,0.7487678814887715,-1.558212418985983,0.2753106447696209,-1.3390300966537332,-0.07938306704660492,0.13404669865085395,0.09444730507048908,3,-6.106258696131495e-05,0.0018851965355150097,0.0016453584606825396,0.17422698963552494,0.13935886320615595,0.2952892926928906,-0.00437753397644854,0.008395613910779075,0.0029531874247628563,46.0,53,15992018,109.20815666666665,126.90447,1.0,0.5023757202788407,0.2072723374753904,0.7487678814887715,-1.558212418985983,0.2753106447696209,-1.3390300966537332,-0.07938306704660492,0.13404669865085395,0.09444730507048908,3,-6.106258696131495e-05,0.0018851965355150097,0.0016453584606825396,0.17422698963552494,0.13935886320615595,0.2952892926928906,-0.00437753397644854,0.008395613910779075,0.0029531874247628563,46.0,53,15992018,109.20815666666665,126.90447,1.0,0.0,0.0,0.0,0.0,0.0,0.0,0.0,0.0,0.0,0,0.0,0,0,0.0,0.0,0.0,0,0,0,0,0,0,0,0.0,53,7890481,126.90447,1.3333333333333333,0.30000000000000004,2.42,0.6100000000000003,3,46.0,15992018,0.8444249438246081,0.8702194028528185,0.8702194028528185
ISbSe,df0019ec24b5,G->K,1.616,1,1.061,0.0,1.0050265200687927,59.99999999194163,0.502513260156811,0.8703784977859693,0.0,0.0,0.0,0.3333333333333333,0.3333333333333333,0.16666666666666666,0.16666666666666666,1,6,12,19,0.5023757202788407,0.2072723374753904,0.7487678814887715,-1.558212418985983,0.2753106447696209,-1.3390300966537332,-0.07938306704660492,0.13404669865085395,0.09444730507048908,3,-6.106258696131495e-05,0.0018851965355150097,0.0016453584606825396,0.17422698963552494,0.13935886320615595,0.2952892926928906,-0.00437753397644854,0.008395613910779075,0.0029531874247628563,46.0,53,15992018,109.20815666666665,126.90447,1.0,0.5023757202788407,0.2072723374753904,0.7487678814887715,-1.558212418985983,0.2753106447696209,-1.3390300966537332,-0.07938306704660492,0.13404669865085395,0.09444730507048908,3,-6.106258696131495e-05,0.0018851965355150097,0.0016453584606825396,0.17422698963552494,0.13935886320615595,0.2952892926928906,-0.00437753397644854,0.008395613910779075,0.0029531874247628563,46.0,53,15992018,109.20815666666665,126.90447,1.0,0.5023757202788407,0.2072723374753904,0.7487678814887715,-1.558212418985983,0.2753106447696209,-1.3390300966537332,-0.07938306704660492,0.13404669865085395,0.09444730507048908,3,-6.106258696131495e-05,0.0018851965355150097,0.0016453584606825396,0.17422698963552494,0.13935886320615595,0.2952892926928906,-0.00437753397644854,0.008395613910779075,0.0029531874247628563,46.0,53,15992018,109.20815666666665,126.90447,1.0,0.0,0.0,0.0,0.0,0.0,0.0,0.0,0.0,0.0,0,0.0,0,0,0.0,0.0,0.0,0,0,0,0,0,0,0,0.0,53,7890481,126.90447,1.3333333333333333,0.30000000000000004,2.42,0.6100000000000003,3,46.0,15992018,0.8444249438246081,0.8702194028528185,0.8702194028528185
BrSbTe,f1e78a09001d,M->K,1.315,0,1.331,0.13,0.5094793582155445,120.00000004255001,-0.2547396794354405,0.4412220667292743,0.0,0.5,0.0,0.3333333333333333,0.3333333333333333,0.41666666666666663,0.16666666666666666,3,6,12,21,0.4723772167481722,0.1441154363023931,0.6716845601954047,-1.84588587496748,0.10066478863658267,-1.7697417410307712,-0.0670856223558023,0.09319476260302677,0.06310519664246758,3,0.013157672002290483,0.007689450019017817,0.024006731381449178,0.39497593216470106,0.12937391531237982,0.5015043061426547,-0.0020752521899806676,0.002115289212593462,0.00014648257102428772,46.0,52,15577442,109.75466666666667,127.6,1.0,0.4723772167481722,0.1441154363023931,0.6716845601954047,-1.84588587496748,0.10066478863658267,-1.7697417410307712,-0.0670856223558023,0.09319476260302677,0.06310519664246758,3,0.013157672002290483,0.007689450019017817,0.024006731381449178,0.39497593216470106,0.12937391531237982,0.5015043061426547,-0.0020752521899806676,0.002115289212593462,0.00014648257102428772,46.0,52,15577442,109.75466666666667,127.6,1.0,0.4723772167481722,0.1441154363023931,0.6716845601954047,-1.84588587496748,0.10066478863658267,-1.7697417410307712,-0.0670856223558023,0.09319476260302677,0.06310519664246758,3,0.013157672002290483,0.007689450019017817,0.024006731381449178,0.39497593216470106,0.12937391531237982,0.5015043061426547,-0.0020752521899806676,0.002115289212593462,0.00014648257102428772,46.0,52,15577442,109.75466666666667,127.6,1.0,0.4723772167481722,0.1441154363023931,0.6716845601954047,-1.84588587496748,0.10066478863658267,-1.7697417410307712,-0.0670856223558023,0.09319476260302677,0.06310519664246758,3,46.0,52,15577442,109.75466666666667,127.6,1.0,0,0,0,0,0,0,0,29.999999959765375,52,7311616,127.6,1.3333333333333333,0.30000000000000004,2.37,0.9100000000000001,3,46.0,15577442,0.882771812071691,0.9164275283284804,0.882771812071691
BrSbTe,18e62ba75259,G->M,2.631,0,1.089,0.0,0.8565291377334029,30.000000064766162,0.7417759918746044,0.42826456970519217,0.0,0.0,0.0,0.5,0.0,0.25,0.0,1,3,6,10,0.4848756379616706,0.16791479879138238,0.721719387413394,-1.6024948916350372,0.26853063252955517,-1.4099344084064436,-0.08307454955702331,0.12067906867665212,0.08739817685768626,3,0.0005336712437148327,0.001273802732197618,0.0014835748486103084,0.1946983915644024,0.144459387948922,0.2996164496450919,-0.004389861870121057,0.0032005239816731987,-1.8127557724668472e-05,46.0,52,15577442,109.75466666666667,127.6,1.0,0.4848756379616706,0.16791479879138238,0.721719387413394,-1.6024948916350372,0.26853063252955517,-1.4099344084064436,-0.08307454955702331,0.12067906867665212,0.08739817685768626,3,0.0005336712437148327,0.001273802732197618,0.0014835748486103084,0.1946983915644024,0.144459387948922,0.2996164496450919,-0.004389861870121057,0.0032005239816731987,-1.8127557724668472e-05,46.0,52,15577442,109.75466666666667,127.6,1.0,0.4848756379616706,0.16791479879138238,0.721719387413394,-1.6024948916350372,0.26853063252955517,-1.4099344084064436,-0.08307454955702331,0.12067906867665212,0.08739817685768626,3,0.0005336712437148327,0.001273802732197618,0.0014835748486103084,0.1946983915644024,0.144459387948922,0.2996164496450919,-0.004389861870121057,0.0032005239816731987,-1.8127557724668472e-05,46.0,52,15577442,109.75466666666667,127.6,1.0,0.0,0.0,0.0,0.0,0.0,0.0,0.0,0.0,0.0,0,0.0,0,0,0.0,0.0,0.0,0,0,0,0,0,0,0,0.0,52,7311616,127.6,1.3333333333333333,0.30000000000000004,2.37,0.9100000000000001,3,46.0,15577442,0.83517716605127,0.8451200771706139,0.83517716605127
BrSbTe,18e62ba75259,G->K,2.454,0,1.089,0.0,0.9890346566015895,60.00000002571311,0.4945173279164029,0.8565291380621239,0.0,0.0,0.0,0.3333333333333333,0.3333333333333333,0.16666666666666666,0.16666666666666666,1,6,12,19,0.4848756379616706,0.16791479879138238,0.721719387413394,-1.6024948916350372,0.26853063252955517,-1.4099344084064436,-0.08307454955702331,0.12067906867665212,0.08739817685768626,3,0.0005336712437148327,0.001273802732197618,0.0014835748486103084,0.1946983915644024,0.144459387948922,0.2996164496450919,-0.004389861870121057,0.0032005239816731987,-1.8127557724668472e-05,46.0,52,15577442,109.75466666666667,127.6,1.0,0.4848756379616706,0.16791479879138238,0.721719387413394,-1.6024948916350372,0.26853063252955517,-1.4099344084064436,-0.08307454955702331,0.12067906867665212,0.08739817685768626,3,0.0005336712437148327,0.001273802732197618,0.0014835748486103084,0.1946983915644024,0.144459387948922,0.2996164496450919,-0.004389861870121057,0.0032005239816731987,-1.8127557724668472e-05,46.0,52,15577442,109.75466666666667,127.6,1.0,0.4848756379616706,0.16791479879138238,0.721719387413394,-1.6024948916350372,0.26853063252955517,-1.4099344084064436,-0.08307454955702331,0.12067906867665212,0.08739817685768626,3,0.0005336712437148327,0.001273802732197618,0.0014835748486103084,0.1946983915644024,0.144459387948922,0.2996164496450919,-0.004389861870121057,0.0032005239816731987,-1.8127557724668472e-05,46.0,52,15577442,109.75466666666667,127.6,1.0,0.0,0.0,0.0,0.0,0.0,0.0,0.0,0.0,0.0,0,0.0,0,0,0.0,0.0,0.0,0,0,0,0,0,0,0,0.0,52,7311616,127.6,1.3333333333333333,0.30000000000000004,2.37,0.9100000000000001,3,46.0,15577442,0.83517716605127,0.8451200771706139,0.83517716605127
ClSbSe,f705a30af945,M->K,1.483,0,1.68,0.146,0.5345228435310069,119.99999996677256,-0.26726142149704857,0.46291036155593906,0.0,0.5,0.0,0.3333333333333333,0.3333333333333333,0.41666666666666663,0.16666666666666666,3,6,12,21,0.6921758754493618,0.18108792877753638,0.9410672578039416,-1.8994537212259688,0.021495104171605373,-1.8707371906356771,0.05431372375595014,0.0964786564307309,0.18800481252879372,3,0.03652638513551521,0.012223465521826946,0.05364491278367018,0.44042054233098865,0.15316658174919223,0.5772990971243277,-0.003384464188040389,0.003977573024424865,0.0020310657658632963,34.0,51,8185058,78.72433333333333,121.76,0.6666666666666666,0.6921758754493618,0.18108792877753638,0.9410672578039416,-1.8994537212259688,0.021495104171605373,-1.8707371906356771,0.05431372375595014,0.0964786564307309,0.18800481252879372,3,0.03652638513551521,0.012223465521826946,0.05364491278367018,0.44042054233098865,0.15316658174919223,0.5772990971243277,-0.003384464188040389,0.003977573024424865,0.0020310657658632963,34.0,51,8185058,78.72433333333333,121.76,0.6666666666666666,0.6921758754493618,0.18108792877753638,0.9410672578039416,-1.8994537212259688,0.021495104171605373,-1.8707371906356771,0.05431372375595014,0.0964786564307309,0.18800481252879372,3,0.03652638513551521,0.012223465521826946,0.05364491278367018,0.44042054233098865,0.15316658174919223,0.5772990971243277,-0.003384464188040389,0.003977573024424865,0.0020310657658632963,34.0,51,8185058,78.72433333333333,121.76,0.6666666666666666,0.6921758754493618,0.18108792877753638,0.9410672578039416,-1.8994537212259688,0.021495104171605373,-1.8707371906356771,0.05431372375595014,0.0964786564307309,0.18800481252879372,3,34.0,51,8185058,78.72433333333333,121.76,0.6666666666666666,0,0,0,0,0,0,0,29.999999999999993,51,6765201,121.76,1.2,0.44999999999999996,2.5866666666666664,1.1100000000000003,3,34.0,8185058,0.8438826392372596,0.9143032462366278,0.8438826392372596
SSeW,001e03f2c095,G->M,3.284,1,1.417,0.01,1.1154489482335206,30.00000005146582,0.9660071252938872,0.5577244749844742,0.0,0.0,0.0,0.5,0.0,0.25,0.0,1,3,6,10,1.1920101588384204,0.2759497009136277,1.578934972493832,-1.7165314425675142,0.10020069119510282,-1.5807777534717378,0.305669788323987,0.133279180206461,0.4920952852953909,3,0.1017346656287368,0.008759702411011537,0.11040448176772717,0.3729423454452537,0.2025311514399956,0.5532019578068554,-0.0007048850173507895,0.006628527395812251,0.008660003760474861,41.333333333333336,74,31388448,98.28833333333334,183.84,0.6666666666666666,1.1920101588384204,0.2759497009136277,1.578934972493832,-1.7165314425675142,0.10020069119510282,-1.5807777534717378,0.305669788323987,0.133279180206461,0.4920952852953909,3,0.1017346656287368,0.008759702411011537,0.11040448176772717,0.3729423454452537,0.2025311514399956,0.5532019578068554,-0.0007048850173507895,0.006628527395812251,0.008660003760474861,41.333333333333336,74,31388448,98.28833333333334,183.84,0.6666666666666666,1.1920101588384204,0.2759497009136277,1.578934972493832,-1.7165314425675142,0.10020069119510282,-1.5807777534717378,0.305669788323987,0.133279180206461,0.4920952852953909,3,0.1017346656287368,0.008759702411011537,0.11040448176772717,0.3729423454452537,0.2025311514399956,0.5532019578068554,-0.0007048850173507895,0.006628527395812251,0.008660003760474861,41.333333333333336,74,31388448,98.28833333333334,183.84,0.6666666666666666,0.0,0.0,0.0,0.0,0.0,0.0,0.0,0.0,0.0,0,0.0,0,0,0.0,0.0,0.0,0,0,0,0,0,0,0,0.0,74,29986576,183.84,1.1666666666666667,0.3500000000000001,2.4966666666666666,0.2200000000000002,3,41.333333333333336,31388448,0.224009385476083,0.1944202818853834,0.1944202818853834
SSeW,001e03f2c095,G->K,3.288,1,1.417,0.01,1.2880095023957492,60.000000051465825,0.6440047501959247,1.1154489499689486,0.0,0.0,0.0,0.3333333333333333,0.3333333333333333,0.16666666666666666,0.16666666666666666,1,6,12,19,1.1920101588384204,0.2759497009136277,1.578934972493832,-1.7165314425675142,0.10020069119510282,-1.5807777534717378,0.305669788323987,0.133279180206461,0.4920952852953909,3,0.1017346656287368,0.008759702411011537,0.11040448176772717,0.3729423454452537,0.2025311514399956,0.5532019578068554,-0.0007048850173507895,0.006628527395812251,0.008660003760474861,41.333333333333336,74,31388448,98.28833333333334,183.84,0.6666666666666666,1.1920101588384204,0.2759497009136277,1.578934972493832,-1.7165314425675142,0.10020069119510282,-1.5807777534717378,0.305669788323987,0.133279180206461,0.4920952852953909,3,0.1017346656287368,0.008759702411011537,0.11040448176772717,0.3729423454452537,0.2025311514399956,0.5532019578068554,-0.0007048850173507895,0.006628527395812251,0.008660003760474861,41.333333333333336,74,31388448,98.28833333333334,183.84,0.6666666666666666,1.1920101588384204,0.2759497009136277,1.578934972493832,-1.7165314425675142,0.10020069119510282,-1.5807777534717378,0.305669788323987,0.133279180206461,0.4920952852953909,3,0.1017346656287368,0.008759702411011537,0.11040448176772717,0.3729423454452537,0.2025311514399956,0.5532019578068554,-0.0007048850173507895,0.006628527395812251,0.008660003760474861,41.333333333333336,74,31388448,98.28833333333334,183.84,0.6666666666666666,0.0,0.0,0.0,0.0,0.0,0.0,0.0,0.0,0.0,0,0.0,0,0,0.0,0.0,0.0,0,0,0,0,0,0,0,0.0,74,29986576,183.84,1.1666666666666667,0.3500000000000001,2.4966666666666666,0.2200000000000002,3,41.333333333333336,31388448,0.224009385476083,0.1944202818853834,0.1944202818853834
BiBrTe,f4f45fcade85,M->K,0.498,0,0.916,0.117,0.4960869002361393,120.00000005740532,-0.2480434505485149,0.42962385784065543,0.0,0.5,0.0,0.3333333333333333,0.3333333333333333,0.41666666666666663,0.16666666666666666,3,6,12,21,0.41359560264293993,0.12612441515493825,0.588236697030342,-1.8355599959706386,0.11382194674472035,-1.7534460616403398,-0.09824965425576271,0.08614932167779007,0.022223010889631595,3,0.010493310738260332,0.006583295700988876,0.019786999658274067,0.3890483201319814,0.1125214262290734,0.4807339192019346,-0.000760745090876114,0.0014234330405352698,0.0004971787328405059,56.666666666666664,83,56270562,138.82813333333334,208.9804,1.0,0.41359560264293993,0.12612441515493825,0.588236697030342,-1.8355599959706386,0.11382194674472035,-1.7534460616403398,-0.09824965425576271,0.08614932167779007,0.022223010889631595,3,0.010493310738260332,0.006583295700988876,0.019786999658274067,0.3890483201319814,0.1125214262290734,0.4807339192019346,-0.000760745090876114,0.0014234330405352698,0.0004971787328405059,56.666666666666664,83,56270562,138.82813333333334,208.9804,1.0,0.41359560264293993,0.12612441515493825,0.588236697030342,-1.8355599959706386,0.11382194674472035,-1.7534460616403398,-0.09824965425576271,0.08614932167779007,0.022223010889631595,3,0.010493310738260332,0.006583295700988876,0.019786999658274067,0.3890483201319814,0.1125214262290734,0.4807339192019346,-0.000760745090876114,0.0014234330405352698,0.0004971787328405059,56.666666666666664,83,56270562,138.82813333333334,208.9804,1.0,0.41359560264293993,0.12612441515493825,0.588236697030342,-1.8355599959706386,0.11382194674472035,-1.7534460616403398,-0.09824965425576271,0.08614932167779007,0.022223010889631595,3,56.666666666666664,83,56270562,138.82813333333334,208.9804,1.0,0,0,0,0,0,0,0,29.999999960822986,83,47458321,208.9804,1.3833333333333335,0.4500000000000002,2.36,0.94,3,56.666666666666664,56270562,0.9275593381609089,0.9381112972308486,0.9275593381609089
STeW,75ee10091f43,M->G,2.27,1,1.168,0.086,1.0789061805353268,-149.9999999351806,-0.9343601600333429,-0.5394530913247166,0.0,0.5,0.0,0.0,0.0,0.25,0.0,3,1,6,10,1.0404729157623036,0.28138028506871976,1.4160543610653862,-1.7652827064043477,0.08582665355185935,-1.678734213870113,0.22700545653529436,0.13954175997478624,0.41315740764806935,3,0.06714243309623588,0.005049475807724394,0.07217594859596385,0.38984173579411546,0.21715093043204267,0.6202293502241829,-0.00455560541142944,0.007346356162258444,0.005576027368347458,47.333333333333336,74,37363728,114.50166666666667,183.84,0.6666666666666666,1.0404729157623036,0.28138028506871976,1.4160543610653862,-1.7652827064043477,0.08582665355185935,-1.678734213870113,0.22700545653529436,0.13954175997478624,0.41315740764806935,3,0.06714243309623588,0.005049475807724394,0.07217594859596385,0.38984173579411546,0.21715093043204267,0.6202293502241829,-0.00455560541142944,0.007346356162258444,0.005576027368347458,47.333333333333336,74,37363728,114.50166666666667,183.84,0.6666666666666666,1.0404729157623036,0.28138028506871976,1.4160543610653862,-1.7652827064043477,0.08582665355185935,-1.678734213870113,0.22700545653529436,0.13954175997478624,0.41315740764806935,3,0.06714243309623588,0.005049475807724394,0.07217594859596385,0.38984173579411546,0.21715093043204267,0.6202293502241829,-0.00455560541142944,0.007346356162258444,0.005576027368347458,47.333333333333336,74,37363728,114.50166666666667,183.84,0.6666666666666666,0.0,0.0,0.0,0.0,0.0,0.0,0.0,0.0,0.0,0,0.0,0,0,0.0,0.0,0.0,0,0,0,0,0,0,0,0.0,74,29986576,183.84,1.25,0.3999999999999999,2.3466666666666662,0.48,3,47.333333333333336,37363728,0.293574412341913,0.1498061527142361,0.1498061527142361
STeW,75ee10091f43,G->K,3.947,1,1.168,0.086,1.2458135472996588,60.00000001562721,0.6229067733555619,1.0789061805102063,0.0,0.0,0.0,0.3333333333333333,0.3333333333333333,0.16666666666666666,0.16666666666666666,1,6,12,19,1.0404729157623036,0.28138028506871976,1.4160543610653862,-1.7652827064043477,0.08582665355185935,-1.678734213870113,0.22700545653529436,0.13954175997478624,0.41315740764806935,3,0.06714243309623588,0.005049475807724394,0.07217594859596385,0.38984173579411546,0.21715093043204267,0.6202293502241829,-0.00455560541142944,0.007346356162258444,0.005576027368347458,47.333333333333336,74,37363728,114.50166666666667,183.84,0.6666666666666666,1.0404729157623036,0.28138028506871976,1.4160543610653862,-1.7652827064043477,0.08582665355185935,-1.678734213870113,0.22700545653529436,0.13954175997478624,0.41315740764806935,3,0.06714243309623588,0.005049475807724394,0.07217594859596385,0.38984173579411546,0.21715093043204267,0.6202293502241829,-0.00455560541142944,0.007346356162258444,0.005576027368347458,47.333333333333336,74,37363728,114.50166666666667,183.84,0.6666666666666666,1.0404729157623036,0.28138028506871976,1.4160543610653862,-1.7652827064043477,0.08582665355185935,-1.678734213870113,0.22700545653529436,0.13954175997478624,0.41315740764806935,3,0.06714243309623588,0.005049475807724394,0.07217594859596385,0.38984173579411546,0.21715093043204267,0.6202293502241829,-0.00455560541142944,0.007346356162258444,0.005576027368347458,47.333333333333336,74,37363728,114.50166666666667,183.84,0.6666666666666666,0.0,0.0,0.0,0.0,0.0,0.0,0.0,0.0,0.0,0,0.0,0,0,0.0,0.0,0.0,0,0,0,0,0,0,0,0.0,74,29986576,183.84,1.25,0.3999999999999999,2.3466666666666662,0.48,3,47.333333333333336,37363728,0.293574412341913,0.1498061527142361,0.1498061527142361
MoSTe,2ea941c8bc3c,M->K,2.358,1,0.196,0.223,0.630940405648001,120.00000005687724,-0.3154702033664195,0.5464104192520619,0.0,0.5,0.0,0.3333333333333333,0.3333333333333333,0.41666666666666663,0.16666666666666666,3,6,12,21,0.9395736254429167,0.3399033820915767,1.3888258773305906,-1.570921034106289,0.10933577344756328,-1.4219252422262483,0.14530766460824315,0.19236547171886748,0.40371602134352225,3,-0.01832839809883072,0.041153514985100496,0.012527319469074883,0.2513728401761673,0.26595595471592937,0.5050031580900158,-0.02066324371288675,0.012782979951337727,-0.005869899961250167,36.666666666666664,52,10488848,85.20166666666667,127.6,0.6666666666666666,0.9395736254429167,0.3399033820915767,1.3888258773305906,-1.570921034106289,0.10933577344756328,-1.4219252422262483,0.14530766460824315,0.19236547171886748,0.40371602134352225,3,-0.01832839809883072,0.041153514985100496,0.012527319469074883,0.2513728401761673,0.26595595471592937,0.5050031580900158,-0.02066324371288675,0.012782979951337727,-0.005869899961250167,36.666666666666664,52,10488848,85.20166666666667,127.6,0.6666666666666666,0.9395736254429167,0.3399033820915767,1.3888258773305906,-1.570921034106289,0.10933577344756328,-1.4219252422262483,0.14530766460824315,0.19236547171886748,0.40371602134352225,3,-0.01832839809883072,0.041153514985100496,0.012527319469074883,0.2513728401761673,0.26595595471592937,0.5050031580900158,-0.02066324371288675,0.012782979951337727,-0.005869899961250167,36.666666666666664,52,10488848,85.20166666666667,127.6,0.6666666666666666,0.9395736254429167,0.3399033820915767,1.3888258773305906,-1.570921034106289,0.10933577344756328,-1.4219252422262483,0.14530766460824315,0.19236547171886748,0.40371602134352225,3,36.666666666666664,52,10488848,85.20166666666667,127.6,0.6666666666666666,0,0,0,0,0,0,0,29.999999950173358,52,7311616,127.6,1.2833333333333334,0.44999999999999996,2.28,0.48,3,36.666666666666664,10488848,0.2656621523829215,0.2434765337283689,0.2434765337283689
MoSTe,2ea941c8bc3c,G->K,2.525,1,0.196,0.223,1.2618808131967216,59.99999999294942,0.6309404067328389,1.0928208406988857,0.0,0.0,0.0,0.3333333333333333,0.3333333333333333,0.16666666666666666,0.16666666666666666,1,6,12,19,0.9395736254429167,0.3399033820915767,1.3888258773305906,-1.570921034106289,0.10933577344756328,-1.4219252422262483,0.14530766460824315,0.19236547171886748,0.40371602134352225,3,-0.01832839809883072,0.041153514985100496,0.012527319469074883,0.2513728401761673,0.26595595471592937,0.5050031580900158,-0.02066324371288675,0.012782979951337727,-0.005869899961250167,36.666666666666664,52,10488848,85.20166666666667,127.6,0.6666666666666666,0.9395736254429167,0.3399033820915767,1.3888258773305906,-1.570921034106289,0.10933577344756328,-1.4219252422262483,0.14530766460824315,0.19236547171886748,0.40371602134352225,3,-0.01832839809883072,0.041153514985100496,0.012527319469074883,0.2513728401761673,0.26595595471592937,0.5050031580900158,-0.02066324371288675,0.012782979951337727,-0.005869899961250167,36.666666666666664,52,10488848,85.20166666666667,127.6,0.6666666666666666,0.9395736254429167,0.3399033820915767,1.3888258773305906,-1.570921034106289,0.10933577344756328,-1.4219252422262483,0.14530766460824315,0.19236547171886748,0.40371602134352225,3,-0.01832839809883072,0.041153514985100496,0.012527319469074883,0.2513728401761673,0.26595595471592937,0.5050031580900158,-0.02066324371288675,0.012782979951337727,-0.005869899961250167,36.666666666666664,52,10488848,85.20166666666667,127.6,0.6666666666666666,0.0,0.0,0.0,0.0,0.0,0.0,0.0,0.0,0.0,0,0.0,0,0,0.0,0.0,0.0,0,0,0,0,0,0,0,0.0,52,7311616,127.6,1.2833333333333334,0.44999999999999996,2.28,0.48,3,36.666666666666664,10488848,0.2656621523829215,0.2434765337283689,0.2434765337283689
ISbTe,0f02957b17cf,G->M,3.658,0,0.886,0.0,0.8400758023740541,30.00000003954003,0.7275269856706568,0.4200379016890961,0.0,0.0,0.0,0.5,0.0,0.25,0.0,1,3,6,10,0.39740529966266974,0.15002002413679494,0.5938218297637354,-1.4876008320831033,0.35345592826463407,-1.2342344760598332,-0.12947001860087975,0.1114691649498014,0.022946358074677348,3,-0.0005177518012264582,0.0014178093338184459,0.0005812602752490829,0.10598953569690527,0.09619413874421494,0.1801700840652862,-0.0010628000087674826,0.004453614363875146,0.0037608122196583563,52.0,53,21967298,125.42149,127.6,1.0,0.39740529966266974,0.15002002413679494,0.5938218297637354,-1.4876008320831033,0.35345592826463407,-1.2342344760598332,-0.12947001860087975,0.1114691649498014,0.022946358074677348,3,-0.0005177518012264582,0.0014178093338184459,0.0005812602752490829,0.10598953569690527,0.09619413874421494,0.1801700840652862,-0.0010628000087674826,0.004453614363875146,0.0037608122196583563,52.0,53,21967298,125.42149,127.6,1.0,0.39740529966266974,0.15002002413679494,0.5938218297637354,-1.4876008320831033,0.35345592826463407,-1.2342344760598332,-0.12947001860087975,0.1114691649498014,0.022946358074677348,3,-0.0005177518012264582,0.0014178093338184459,0.0005812602752490829,0.10598953569690527,0.09619413874421494,0.1801700840652862,-0.0010628000087674826,0.004453614363875146,0.0037608122196583563,52.0,53,21967298,125.42149,127.6,1.0,0.0,0.0,0.0,0.0,0.0,0.0,0.0,0.0,0.0,0,0.0,0,0,0.0,0.0,0.0,0,0,0,0,0,0,0,0.0,53,7890481,127.6,1.4166666666666667,0.050000000000000044,2.27,0.6100000000000003,3,52.0,21967298,0.848391125348033,0.8724804784156919,0.848391125348033
ISbTe,0f02957b17cf,G->K,3.526,0,0.886,0.0,0.9700359820536879,60.000000039540026,0.4850179904471045,0.8400758033781922,0.0,0.0,0.0,0.3333333333333333,0.3333333333333333,0.16666666666666666,0.16666666666666666,1,6,12,19,0.39740529966266974,0.15002002413679494,0.5938218297637354,-1.4876008320831033,0.35345592826463407,-1.2342344760598332,-0.12947001860087975,0.1114691649498014,0.022946358074677348,3,-0.0005177518012264582,0.0014178093338184459,0.0005812602752490829,0.10598953569690527,0.09619413874421494,0.1801700840652862,-0.0010628000087674826,0.004453614363875146,0.0037608122196583563,52.0,53,21967298,125.42149,127.6,1.0,0.39740529966266974,0.15002002413679494,0.5938218297637354,-1.4876008320831033,0.35345592826463407,-1.2342344760598332,-0.12947001860087975,0.1114691649498014,0.022946358074677348,3,-0.0005177518012264582,0.0014178093338184459,0.0005812602752490829,0.10598953569690527,0.09619413874421494,0.1801700840652862,-0.0010628000087674826,0.004453614363875146,0.0037608122196583563,52.0,53,21967298,125.42149,127.6,1.0,0.39740529966266974,0.15002002413679494,0.5938218297637354,-1.4876008320831033,0.35345592826463407,-1.2342344760598332,-0.12947001860087975,0.1114691649498014,0.022946358074677348,3,-0.0005177518012264582,0.0014178093338184459,0.0005812602752490829,0.10598953569690527,0.09619413874421494,0.1801700840652862,-0.0010628000087674826,0.004453614363875146,0.0037608122196583563,52.0,53,21967298,125.42149,127.6,1.0,0.0,0.0,0.0,0.0,0.0,0.0,0.0,0.0,0.0,0,0.0,0,0,0.0,0.0,0.0,0,0,0,0,0,0,0,0.0,53,7890481,127.6,1.4166666666666667,0.050000000000000044,2.27,0.6100000000000003,3,52.0,21967298,0.848391125348033,0.8724804784156919,0.848391125348033
Sn2Te2,03bcf7dcdaf2,Y->G,4.804,1,0.595,0.063,0.6910688603312941,-90.0,4.5251949392413903e-17,-0.6910688603312941,0.0,0.0,0.5,0.0,0.0,0.0,0.25,1,1,2,4,0.7058143317194642,0.003160711804978662,0.7090088410574307,-2.322469138962869,0.14877290828823478,-2.173680899149965,-0.13675382968193062,0.005050319612110934,-0.13168240013424753,4,0.0024810913118892396,0.008126539513470716,0.013206208958307913,0.4768790844063632,0.12471380669854865,0.6417915137875184,-0.010698953542791287,0.0008367148853928135,-0.00956381165589518,51.0,52,27123232,123.15499999999999,127.6,1.0,0.7058143317194642,0.003160711804978662,0.7090088410574307,-2.322469138962869,0.14877290828823478,-2.173680899149965,-0.13675382968193062,0.005050319612110934,-0.13168240013424753,4,0.0024810913118892396,0.008126539513470716,0.013206208958307913,0.4768790844063632,0.12471380669854865,0.6417915137875184,-0.010698953542791287,0.0008367148853928135,-0.00956381165589518,51.0,52,27123232,123.15499999999999,127.6,1.0,0.7058143317194642,0.003160711804978662,0.7090088410574307,-2.322469138962869,0.14877290828823478,-2.173680899149965,-0.13675382968193062,0.005050319612110934,-0.13168240013424753,4,0.0024810913118892396,0.008126539513470716,0.013206208958307913,0.4768790844063632,0.12471380669854865,0.6417915137875184,-0.010698953542791287,0.0008367148853928135,-0.00956381165589518,51.0,52,27123232,123.15499999999999,127.6,1.0,0.0,0.0,0.0,0.0,0.0,0.0,0.0,0.0,0.0,0,0.0,0,0,0.0,0.0,0.0,0,0,0,0,0,0,0,0.0,52,7311616,127.6,1.4249999999999998,0.050000000000000044,2.0300000000000002,0.14000000000000012,2,51.0,13561616,0.6785544244677716,0.8358953535587912,0.8358953535587912
SeTeW,6e2a4c6f4f57,M->G,1.394,1,1.058,0.042,1.0567376458491684,-150.0000000328296,-0.9151616467434905,-0.5283688224002104,0.0,0.5,0.0,0.0,0.0,0.25,0.0,3,1,6,10,0.9513858106109456,0.2665038395084947,1.3199519176239218,-1.7932576652933232,0.04307332391034826,-1.7515391769253403,0.17540953421673003,0.13457064273700212,0.362037447854645,3,0.04929349868098392,0.004665780492923583,0.05491871977545395,0.3947903319235642,0.21338562130374908,0.5885816300536659,-0.006477290663931143,0.007559088290350483,0.004043446627211574,53.333333333333336,74,38634528,130.13333333333333,183.84,1.0,0.9513858106109456,0.2665038395084947,1.3199519176239218,-1.7932576652933232,0.04307332391034826,-1.7515391769253403,0.17540953421673003,0.13457064273700212,0.362037447854645,3,0.04929349868098392,0.004665780492923583,0.05491871977545395,0.3947903319235642,0.21338562130374908,0.5885816300536659,-0.006477290663931143,0.007559088290350483,0.004043446627211574,53.333333333333336,74,38634528,130.13333333333333,183.84,1.0,0.9513858106109456,0.2665038395084947,1.3199519176239218,-1.7932576652933232,0.04307332391034826,-1.7515391769253403,0.17540953421673003,0.13457064273700212,0.362037447854645,3,0.04929349868098392,0.004665780492923583,0.05491871977545395,0.3947903319235642,0.21338562130374908,0.5885816300536659,-0.006477290663931143,0.007559088290350483,0.004043446627211574,53.333333333333336,74,38634528,130.13333333333333,183.84,1.0,0.0,0.0,0.0,0.0,0.0,0.0,0.0,0.0,0.0,0,0.0,0,0,0.0,0.0,0.0,0,0,0,0,0,0,0,0.0,74,29986576,183.84,1.3,0.25,2.3366666666666664,0.44999999999999973,3,53.333333333333336,38634528,0.2588201614869204,0.1379246426011634,0.1379246426011634
S2Sn2,7a8373382b33,Y->G,4.469,1,1.434,0.043,0.7730655510920621,-90.0,0.0,-0.7730655510920621,0.0,0.0,0.5,0.0,0.0,0.0,0.25,1,1,2,4,1.3231226979754385,0.019326436778651496,1.3426296039539203,-2.461065012760304,0.13743971722616385,-2.3235848149122487,0.17332279421659882,0.02617558115992841,0.19958191710337855,4,0.029732098271255766,0.050626288164286826,0.09379105992466694,0.8573276685079807,0.1369739602972706,1.0543419029949075,-0.04237627928866648,0.00563481952321582,-0.03612641982268727,33.0,50,12631072,75.38749999999999,118.71,0.5,1.3231226979754385,0.019326436778651496,1.3426296039539203,-2.461065012760304,0.13743971722616385,-2.3235848149122487,0.17332279421659882,0.02617558115992841,0.19958191710337855,4,0.029732098271255766,0.050626288164286826,0.09379105992466694,0.8573276685079807,0.1369739602972706,1.0543419029949075,-0.04237627928866648,0.00563481952321582,-0.03612641982268727,33.0,50,12631072,75.38749999999999,118.71,0.5,1.3231226979754385,0.019326436778651496,1.3426296039539203,-2.461065012760304,0.13743971722616385,-2.3235848149122487,0.17332279421659882,0.02617558115992841,0.19958191710337855,4,0.029732098271255766,0.050626288164286826,0.09379105992466694,0.8573276685079807,0.1369739602972706,1.0543419029949075,-0.04237627928866648,0.00563481952321582,-0.03612641982268727,33.0,50,12631072,75.38749999999999,118.71,0.5,0.0,0.0,0.0,0.0,0.0,0.0,0.0,0.0,0.0,0,0.0,0,0,0.0,0.0,0.0,0,0,0,0,0,0,0,0.0,50,6250000,118.71,1.225,0.44999999999999996,2.27,0.6200000000000001,2,33.0,6315536,0.7185895220588732,0.8186754780085288,0.8186754780085288
SeSn,d59c96fdfda1,M->K,0.873,0,2.156,0.098,0.5360883575173945,119.99999997350001,-0.26804417854396856,0.4642661364071118,0.0,0.5,0.0,0.3333333333333333,0.3333333333333333,0.41666666666666663,0.16666666666666666,3,6,12,21,0.5768656515669394,0.0,0.5768656515669394,-0.9211098744428414,0.0,-0.9211098744428414,0.14199224042317773,0.0,0.14199224042317773,2,0.0,0.0,0.0,0.0,0.0,0.0,0.0,0.0,0.0,42.0,50,7586336,98.835,118.71,1.0,0.5768656515669394,0.0,0.5768656515669394,-0.9211098744428414,0.0,-0.9211098744428414,0.14199224042317773,0.0,0.14199224042317773,2,0.0,0.0,0.0,0.0,0.0,0.0,0.0,0.0,0.0,42.0,50,7586336,98.835,118.71,1.0,0.5768656515669394,0.0,0.5768656515669394,-0.9211098744428414,0.0,-0.9211098744428414,0.14199224042317773,0.0,0.14199224042317773,2,0.0,0.0,0.0,0.0,0.0,0.0,0.0,0.0,0.0,42.0,50,7586336,98.835,118.71,1.0,0.5768656515669394,0.0,0.5768656515669394,-0.9211098744428414,0.0,-0.9211098744428414,0.14199224042317773,0.0,0.14199224042317773,2,42.0,50,7586336,98.835,118.71,1.0,0,0,0,0,0,0,0,30.000000042335998,50,6250000,118.71,1.2999999999999998,0.30000000000000004,2.255,0.5899999999999999,2,42.0,7586336,0.8617318463089176,0.772294966413053,0.8617318463089176
BiBrS,49b7be14f786,G->M,1.271,1,1.227,0.0,0.8832113917610596,30.0000000011179,0.7648835021682714,0.4416056958954534,0.0,0.0,0.0,0.5,0.0,0.25,0.0,1,3,6,10,0.5971715523851565,0.227769540807324,0.8839015350702499,-1.6615804699071781,0.18683636137605367,-1.4945848587115471,-0.02668577709003872,0.14041889894325627,0.16008950174425057,3,0.0029940753478058008,0.0011259988292006652,0.004471006042678291,0.2601377879679843,0.18009065095812787,0.4222134811290229,-0.00718219953990686,0.008015578781024659,2.9084814998290997e-05,44.666666666666664,83,49024482,106.98313333333333,208.9804,0.6666666666666666,0.5971715523851565,0.227769540807324,0.8839015350702499,-1.6615804699071781,0.18683636137605367,-1.4945848587115471,-0.02668577709003872,0.14041889894325627,0.16008950174425057,3,0.0029940753478058008,0.0011259988292006652,0.004471006042678291,0.2601377879679843,0.18009065095812787,0.4222134811290229,-0.00718219953990686,0.008015578781024659,2.9084814998290997e-05,44.666666666666664,83,49024482,106.98313333333333,208.9804,0.6666666666666666,0.5971715523851565,0.227769540807324,0.8839015350702499,-1.6615804699071781,0.18683636137605367,-1.4945848587115471,-0.02668577709003872,0.14041889894325627,0.16008950174425057,3,0.0029940753478058008,0.0011259988292006652,0.004471006042678291,0.2601377879679843,0.18009065095812787,0.4222134811290229,-0.00718219953990686,0.008015578781024659,2.9084814998290997e-05,44.666666666666664,83,49024482,106.98313333333333,208.9804,0.6666666666666666,0.0,0.0,0.0,0.0,0.0,0.0,0.0,0.0,0.0,0,0.0,0,0,0.0,0.0,0.0,0,0,0,0,0,0,0,0.0,83,47458321,208.9804,1.25,0.6000000000000001,2.52,0.94,3,44.666666666666664,49024482,0.8440266668986302,0.9145043455561068,0.9145043455561068
BiBrS,49b7be14f786,G->K,1.293,1,1.227,0.0,1.01984466959216,60.00000000111791,0.5099223347788475,0.8832113917909068,0.0,0.0,0.0,0.3333333333333333,0.3333333333333333,0.16666666666666666,0.16666666666666666,1,6,12,19,0.5971715523851565,0.227769540807324,0.8839015350702499,-1.6615804699071781,0.18683636137605367,-1.4945848587115471,-0.02668577709003872,0.14041889894325627,0.16008950174425057,3,0.0029940753478058008,0.0011259988292006652,0.004471006042678291,0.2601377879679843,0.18009065095812787,0.4222134811290229,-0.00718219953990686,0.008015578781024659,2.9084814998290997e-05,44.666666666666664,83,49024482,106.98313333333333,208.9804,0.6666666666666666,0.5971715523851565,0.227769540807324,0.8839015350702499,-1.6615804699071781,0.18683636137605367,-1.4945848587115471,-0.02668577709003872,0.14041889894325627,0.16008950174425057,3,0.0029940753478058008,0.0011259988292006652,0.004471006042678291,0.2601377879679843,0.18009065095812787,0.4222134811290229,-0.00718219953990686,0.008015578781024659,2.9084814998290997e-05,44.666666666666664,83,49024482,106.98313333333333,208.9804,0.6666666666666666,0.5971715523851565,0.227769540807324,0.8839015350702499,-1.6615804699071781,0.18683636137605367,-1.4945848587115471,-0.02668577709003872,0.14041889894325627,0.16008950174425057,3,0.0029940753478058008,0.0011259988292006652,0.004471006042678291,0.2601377879679843,0.18009065095812787,0.4222134811290229,-0.00718219953990686,0.008015578781024659,2.9084814998290997e-05,44.666666666666664,83,49024482,106.98313333333333,208.9804,0.6666666666666666,0.0,0.0,0.0,0.0,0.0,0.0,0.0,0.0,0.0,0,0.0,0,0,0.0,0.0,0.0,0,0,0,0,0,0,0,0.0,83,47458321,208.9804,1.25,0.6000000000000001,2.52,0.94,3,44.666666666666664,49024482,0.8440266668986302,0.9145043455561068,0.9145043455561068
AsClTe,fba4cc0df459,G->K,0.634,1,1.316,0.194,1.0958219733293904,59.99999995613801,0.5479109873911965,0.9490096665089999,0.0,0.0,0.0,0.3333333333333333,0.3333333333333333,0.16666666666666666,0.16666666666666666,1,6,12,19,0.7668315458380534,0.19199375815574762,1.0378758807242474,-1.8897045526246563,0.004465524758364125,-1.8837798887421169,0.09115933863295418,0.09955773234987385,0.23176993390841827,3,0.045029913671773635,0.012663958116926891,0.06292489340305149,0.43783111028217586,0.16196563417337587,0.5606441252150105,-0.0034979581017977857,0.004693955395899952,0.0031310618032053886,34.0,52,8581058,79.32486666666667,127.6,0.6666666666666666,0.7668315458380534,0.19199375815574762,1.0378758807242474,-1.8897045526246563,0.004465524758364125,-1.8837798887421169,0.09115933863295418,0.09955773234987385,0.23176993390841827,3,0.045029913671773635,0.012663958116926891,0.06292489340305149,0.43783111028217586,0.16196563417337587,0.5606441252150105,-0.0034979581017977857,0.004693955395899952,0.0031310618032053886,34.0,52,8581058,79.32486666666667,127.6,0.6666666666666666,0.7668315458380534,0.19199375815574762,1.0378758807242474,-1.8897045526246563,0.004465524758364125,-1.8837798887421169,0.09115933863295418,0.09955773234987385,0.23176993390841827,3,0.045029913671773635,0.012663958116926891,0.06292489340305149,0.43783111028217586,0.16196563417337587,0.5606441252150105,-0.0034979581017977857,0.004693955395899952,0.0031310618032053886,34.0,52,8581058,79.32486666666667,127.6,0.6666666666666666,0.0,0.0,0.0,0.0,0.0,0.0,0.0,0.0,0.0,0,0.0,0,0,0.0,0.0,0.0,0,0,0,0,0,0,0,0.0,52,7311616,127.6,1.1833333333333333,0.3999999999999999,2.48,1.06,3,34.0,8581058,0.9271260695172412,0.9136992993085054,0.9136992993085054
ClSbTe,04fdd7d1ec5c,M->K,1.018,0,1.439,0.153,0.5143363844425337,120.00000002401246,-0.2571681924079444,0.44542837491009524,-1.4104943912088812e-18,0.5,0.0,0.3333333333333333,0.3333333333333333,0.41666666666666663,0.16666666666666666,3,6,12,21,0.5586861291077597,0.15088245591590807,0.7719621833660112,-1.8978724019868032,0.05277258402841778,-1.8592992218023547,-0.014696993889453391,0.0888993253989913,0.1109875180977846,3,0.022754546264191027,0.010074750808698737,0.03700109408204915,0.4329438326027852,0.1353015594982485,0.5315387881053993,-0.002762026570023569,0.0024980351821894367,0.0007632256453637741,40.0,52,14160338,94.93766666666666,127.6,0.6666666666666666,0.5586861291077597,0.15088245591590807,0.7719621833660112,-1.8978724019868032,0.05277258402841778,-1.8592992218023547,-0.014696993889453391,0.0888993253989913,0.1109875180977846,3,0.022754546264191027,0.010074750808698737,0.03700109408204915,0.4329438326027852,0.1353015594982485,0.5315387881053993,-0.002762026570023569,0.0024980351821894367,0.0007632256453637741,40.0,52,14160338,94.93766666666666,127.6,0.6666666666666666,0.5586861291077597,0.15088245591590807,0.7719621833660112,-1.8978724019868032,0.05277258402841778,-1.8592992218023547,-0.014696993889453391,0.0888993253989913,0.1109875180977846,3,0.022754546264191027,0.010074750808698737,0.03700109408204915,0.4329438326027852,0.1353015594982485,0.5315387881053993,-0.002762026570023569,0.0024980351821894367,0.0007632256453637741,40.0,52,14160338,94.93766666666666,127.6,0.6666666666666666,0.5586861291077597,0.15088245591590807,0.7719621833660112,-1.8978724019868032,0.05277258402841778,-1.8592992218023547,-0.014696993889453391,0.0888993253989913,0.1109875180977846,3,40.0,52,14160338,94.93766666666666,127.6,0.6666666666666666,0,0,0,0,0,0,0,30.000000000000004,52,7311616,127.6,1.2833333333333332,0.44999999999999996,2.4366666666666665,1.1100000000000003,3,40.0,14160338,0.8840911585585108,0.92019295831051,0.8840911585585108
ClSbTe,04fdd7d1ec5c,M->G,0.711,1,1.439,0.153,0.8908567504668605,-150.00000002401245,-0.7715045772238333,-0.44542837491009535,-4.231483173626643e-18,0.5,0.0,0.0,0.0,0.25,0.0,3,1,6,10,0.5586861291077597,0.15088245591590807,0.7719621833660112,-1.8978724019868032,0.05277258402841778,-1.8592992218023547,-0.014696993889453391,0.0888993253989913,0.1109875180977846,3,0.022754546264191027,0.010074750808698737,0.03700109408204915,0.4329438326027852,0.1353015594982485,0.5315387881053993,-0.002762026570023569,0.0024980351821894367,0.0007632256453637741,40.0,52,14160338,94.93766666666666,127.6,0.6666666666666666,0.5586861291077597,0.15088245591590807,0.7719621833660112,-1.8978724019868032,0.05277258402841778,-1.8592992218023547,-0.014696993889453391,0.0888993253989913,0.1109875180977846,3,0.022754546264191027,0.010074750808698737,0.03700109408204915,0.4329438326027852,0.1353015594982485,0.5315387881053993,-0.002762026570023569,0.0024980351821894367,0.0007632256453637741,40.0,52,14160338,94.93766666666666,127.6,0.6666666666666666,0.5586861291077597,0.15088245591590807,0.7719621833660112,-1.8978724019868032,0.05277258402841778,-1.8592992218023547,-0.014696993889453391,0.0888993253989913,0.1109875180977846,3,0.022754546264191027,0.010074750808698737,0.03700109408204915,0.4329438326027852,0.1353015594982485,0.5315387881053993,-0.002762026570023569,0.0024980351821894367,0.0007632256453637741,40.0,52,14160338,94.93766666666666,127.6,0.6666666666666666,0.0,0.0,0.0,0.0,0.0,0.0,0.0,0.0,0.0,0,0.0,0,0,0.0,0.0,0.0,0,0,0,0,0,0,0,0.0,52,7311616,127.6,1.2833333333333332,0.44999999999999996,2.4366666666666665,1.1100000000000003,3,40.0,14160338,0.8840911585585108,0.92019295831051,0.92019295831051
BiBrSe,de5756e4fbfa,G->M,2.784,0,1.03,0.0,0.8660743858015657,29.999999951474244,0.7500424200379147,0.43303719226554627,0.0,0.0,0.0,0.5,0.0,0.25,0.0,1,3,6,10,0.5228092479213537,0.19095567589030607,0.7770542394793576,-1.6218354843918652,0.24107065841981845,-1.4344881772579616,-0.06479110595712406,0.12841931938304837,0.11178261675341719,3,0.0010942852794527506,0.0012482141592709138,0.002286715235025035,0.21671120277106867,0.15682442406516903,0.3443407446422802,-0.005389681637281488,0.005674338542588979,-7.695130078544358e-06,50.666666666666664,83,50295282,122.6148,208.9804,1.0,0.5228092479213537,0.19095567589030607,0.7770542394793576,-1.6218354843918652,0.24107065841981845,-1.4344881772579616,-0.06479110595712406,0.12841931938304837,0.11178261675341719,3,0.0010942852794527506,0.0012482141592709138,0.002286715235025035,0.21671120277106867,0.15682442406516903,0.3443407446422802,-0.005389681637281488,0.005674338542588979,-7.695130078544358e-06,50.666666666666664,83,50295282,122.6148,208.9804,1.0,0.5228092479213537,0.19095567589030607,0.7770542394793576,-1.6218354843918652,0.24107065841981845,-1.4344881772579616,-0.06479110595712406,0.12841931938304837,0.11178261675341719,3,0.0010942852794527506,0.0012482141592709138,0.002286715235025035,0.21671120277106867,0.15682442406516903,0.3443407446422802,-0.005389681637281488,0.005674338542588979,-7.695130078544358e-06,50.666666666666664,83,50295282,122.6148,208.9804,1.0,0.0,0.0,0.0,0.0,0.0,0.0,0.0,0.0,0.0,0,0.0,0,0,0.0,0.0,0.0,0,0,0,0,0,0,0,0.0,83,47458321,208.9804,1.3,0.4500000000000002,2.5100000000000002,0.94,3,50.666666666666664,50295282,0.8708858861095728,0.9086603729103896,0.8708858861095728
BiBrSe,de5756e4fbfa,G->K,2.634,0,1.03,0.0,1.0000565585835368,59.999999951474244,0.5000282800252764,0.8660743845310925,0.0,0.0,0.0,0.3333333333333333,0.3333333333333333,0.16666666666666666,0.16666666666666666,1,6,12,19,0.5228092479213537,0.19095567589030607,0.7770542394793576,-1.6218354843918652,0.24107065841981845,-1.4344881772579616,-0.06479110595712406,0.12841931938304837,0.11178261675341719,3,0.0010942852794527506,0.0012482141592709138,0.002286715235025035,0.21671120277106867,0.15682442406516903,0.3443407446422802,-0.005389681637281488,0.005674338542588979,-7.695130078544358e-06,50.666666666666664,83,50295282,122.6148,208.9804,1.0,0.5228092479213537,0.19095567589030607,0.7770542394793576,-1.6218354843918652,0.24107065841981845,-1.4344881772579616,-0.06479110595712406,0.12841931938304837,0.11178261675341719,3,0.0010942852794527506,0.0012482141592709138,0.002286715235025035,0.21671120277106867,0.15682442406516903,0.3443407446422802,-0.005389681637281488,0.005674338542588979,-7.695130078544358e-06,50.666666666666664,83,50295282,122.6148,208.9804,1.0,0.5228092479213537,0.19095567589030607,0.7770542394793576,-1.6218354843918652,0.24107065841981845,-1.4344881772579616,-0.06479110595712406,0.12841931938304837,0.11178261675341719,3,0.0010942852794527506,0.0012482141592709138,0.002286715235025035,0.21671120277106867,0.15682442406516903,0.3443407446422802,-0.005389681637281488,0.005674338542588979,-7.695130078544358e-06,50.666666666666664,83,50295282,122.6148,208.9804,1.0,0.0,0.0,0.0,0.0,0.0,0.0,0.0,0.0,0.0,0,0.0,0,0,0.0,0.0,0.0,0,0,0,0,0,0,0,0.0,83,47458321,208.9804,1.3,0.4500000000000002,2.5100000000000002,0.94,3,50.666666666666664,50295282,0.8708858861095728,0.9086603729103896,0.8708858861095728
BiBrSe,de5756e4fbfa,G->M,1.366,1,1.03,0.0,0.8660743858015657,29.999999951474244,0.7500424200379147,0.43303719226554627,0.0,0.0,0.0,0.5,0.0,0.25,0.0,1,3,6,10,0.5228092479213537,0.19095567589030607,0.7770542394793576,-1.6218354843918652,0.24107065841981845,-1.4344881772579616,-0.06479110595712406,0.12841931938304837,0.11178261675341719,3,0.0010942852794527506,0.0012482141592709138,0.002286715235025035,0.21671120277106867,0.15682442406516903,0.3443407446422802,-0.005389681637281488,0.005674338542588979,-7.695130078544358e-06,50.666666666666664,83,50295282,122.6148,208.9804,1.0,0.5228092479213537,0.19095567589030607,0.7770542394793576,-1.6218354843918652,0.24107065841981845,-1.4344881772579616,-0.06479110595712406,0.12841931938304837,0.11178261675341719,3,0.0010942852794527506,0.0012482141592709138,0.002286715235025035,0.21671120277106867,0.15682442406516903,0.3443407446422802,-0.005389681637281488,0.005674338542588979,-7.695130078544358e-06,50.666666666666664,83,50295282,122.6148,208.9804,1.0,0.5228092479213537,0.19095567589030607,0.7770542394793576,-1.6218354843918652,0.24107065841981845,-1.4344881772579616,-0.06479110595712406,0.12841931938304837,0.11178261675341719,3,0.0010942852794527506,0.0012482141592709138,0.002286715235025035,0.21671120277106867,0.15682442406516903,0.3443407446422802,-0.005389681637281488,0.005674338542588979,-7.695130078544358e-06,50.666666666666664,83,50295282,122.6148,208.9804,1.0,0.0,0.0,0.0,0.0,0.0,0.0,0.0,0.0,0.0,0,0.0,0,0,0.0,0.0,0.0,0,0,0,0,0,0,0,0.0,83,47458321,208.9804,1.3,0.4500000000000002,2.5100000000000002,0.94,3,50.666666666666664,50295282,0.8708858861095728,0.9086603729103896,0.9086603729103896
BiBrSe,de5756e4fbfa,G->K,1.417,1,1.03,0.0,1.0000565585835368,59.999999951474244,0.5000282800252764,0.8660743845310925,0.0,0.0,0.0,0.3333333333333333,0.3333333333333333,0.16666666666666666,0.16666666666666666,1,6,12,19,0.5228092479213537,0.19095567589030607,0.7770542394793576,-1.6218354843918652,0.24107065841981845,-1.4344881772579616,-0.06479110595712406,0.12841931938304837,0.11178261675341719,3,0.0010942852794527506,0.0012482141592709138,0.002286715235025035,0.21671120277106867,0.15682442406516903,0.3443407446422802,-0.005389681637281488,0.005674338542588979,-7.695130078544358e-06,50.666666666666664,83,50295282,122.6148,208.9804,1.0,0.5228092479213537,0.19095567589030607,0.7770542394793576,-1.6218354843918652,0.24107065841981845,-1.4344881772579616,-0.06479110595712406,0.12841931938304837,0.11178261675341719,3,0.0010942852794527506,0.0012482141592709138,0.002286715235025035,0.21671120277106867,0.15682442406516903,0.3443407446422802,-0.005389681637281488,0.005674338542588979,-7.695130078544358e-06,50.666666666666664,83,50295282,122.6148,208.9804,1.0,0.5228092479213537,0.19095567589030607,0.7770542394793576,-1.6218354843918652,0.24107065841981845,-1.4344881772579616,-0.06479110595712406,0.12841931938304837,0.11178261675341719,3,0.0010942852794527506,0.0012482141592709138,0.002286715235025035,0.21671120277106867,0.15682442406516903,0.3443407446422802,-0.005389681637281488,0.005674338542588979,-7.695130078544358e-06,50.666666666666664,83,50295282,122.6148,208.9804,1.0,0.0,0.0,0.0,0.0,0.0,0.0,0.0,0.0,0.0,0,0.0,0,0,0.0,0.0,0.0,0,0,0,0,0,0,0,0.0,83,47458321,208.9804,1.3,0.4500000000000002,2.5100000000000002,0.94,3,50.666666666666664,50295282,0.8708858861095728,0.9086603729103896,0.9086603729103896
Bi2P2S6,287dcf4f1a19,G->Y,0.795,1,0.953,0.053,0.5020978109199927,90.00000000000001,-3.732315204151223e-17,0.5020978109199927,0.0,0.0,0.0,0.0,0.5,0.0,0.25,1,1,2,4,2.6699175401382567,0.7063049990518508,4.3277525784242155,-7.192731381558761,0.4762726760877911,-6.194920469114157,-0.0631716468893238,0.414909339678315,0.9534557535094211,10,0.6351127659349196,1.1826912139634342,2.08951485103489,10.719223989530924,5.515841226672568,17.699474971200367,-0.08358291380687559,0.07943299348591117,0.10392923267202153,29.2,83,95411108,67.2298324,208.9804,0.2,2.6699175401382567,0.7063049990518508,4.3277525784242155,-7.192731381558761,0.4762726760877911,-6.194920469114157,-0.0631716468893238,0.414909339678315,0.9534557535094211,10,0.6351127659349196,1.1826912139634342,2.08951485103489,10.719223989530924,5.515841226672568,17.699474971200367,-0.08358291380687559,0.07943299348591117,0.10392923267202153,29.2,83,95411108,67.2298324,208.9804,0.2,2.6699175401382567,0.7063049990518508,4.3277525784242155,-7.192731381558761,0.4762726760877911,-6.194920469114157,-0.0631716468893238,0.414909339678315,0.9534557535094211,10,0.6351127659349196,1.1826912139634342,2.08951485103489,10.719223989530924,5.515841226672568,17.699474971200367,-0.08358291380687559,0.07943299348591117,0.10392923267202153,29.2,83,95411108,67.2298324,208.9804,0.2,0.0,0.0,0.0,0.0,0.0,0.0,0.0,0.0,0.0,0,0.0,0,0,0.0,0.0,0.0,0,0,0,0,0,0,0,0.0,83,47458321,208.9804,1.2,0.6000000000000001,2.263333333333333,0.56,3,38.0,47574482,0.8599441662300487,0.9027750754848928,0.9027750754848928
Bi2P2S6,287dcf4f1a19,Y->G,1.406,1,0.953,0.053,0.5020978109199927,-90.0,3.732315204151223e-17,-0.5020978109199927,0.0,0.0,0.5,0.0,0.0,0.0,0.25,1,1,2,4,2.6699175401382567,0.7063049990518508,4.3277525784242155,-7.192731381558761,0.4762726760877911,-6.194920469114157,-0.0631716468893238,0.414909339678315,0.9534557535094211,10,0.6351127659349196,1.1826912139634342,2.08951485103489,10.719223989530924,5.515841226672568,17.699474971200367,-0.08358291380687559,0.07943299348591117,0.10392923267202153,29.2,83,95411108,67.2298324,208.9804,0.2,2.6699175401382567,0.7063049990518508,4.3277525784242155,-7.192731381558761,0.4762726760877911,-6.194920469114157,-0.0631716468893238,0.414909339678315,0.9534557535094211,10,0.6351127659349196,1.1826912139634342,2.08951485103489,10.719223989530924,5.515841226672568,17.699474971200367,-0.08358291380687559,0.07943299348591117,0.10392923267202153,29.2,83,95411108,67.2298324,208.9804,0.2,2.6699175401382567,0.7063049990518508,4.3277525784242155,-7.192731381558761,0.4762726760877911,-6.194920469114157,-0.0631716468893238,0.414909339678315,0.9534557535094211,10,0.6351127659349196,1.1826912139634342,2.08951485103489,10.719223989530924,5.515841226672568,17.699474971200367,-0.08358291380687559,0.07943299348591117,0.10392923267202153,29.2,83,95411108,67.2298324,208.9804,0.2,0.0,0.0,0.0,0.0,0.0,0.0,0.0,0.0,0.0,0,0.0,0,0,0.0,0.0,0.0,0,0,0,0,0,0,0,0.0,83,47458321,208.9804,1.2,0.6000000000000001,2.263333333333333,0.56,3,38.0,47574482,0.8599441662300487,0.9027750754848928,0.9027750754848928
Bi2P2S6,287dcf4f1a19,Y->H,1.248,1,0.953,0.053,0.35580518640828157,0.0,0.31137131109331123,0.0,0.17217792339049864,0.0,0.5,0.3333333333333333,0.3333333333333333,0.16666666666666666,0.41666666666666663,1,1,2,4,2.6699175401382567,0.7063049990518508,4.3277525784242155,-7.192731381558761,0.4762726760877911,-6.194920469114157,-0.0631716468893238,0.414909339678315,0.9534557535094211,10,0.6351127659349196,1.1826912139634342,2.08951485103489,10.719223989530924,5.515841226672568,17.699474971200367,-0.08358291380687559,0.07943299348591117,0.10392923267202153,29.2,83,95411108,67.2298324,208.9804,0.2,2.6699175401382567,0.7063049990518508,4.3277525784242155,-7.192731381558761,0.4762726760877911,-6.194920469114157,-0.0631716468893238,0.414909339678315,0.9534557535094211,10,0.6351127659349196,1.1826912139634342,2.08951485103489,10.719223989530924,5.515841226672568,17.699474971200367,-0.08358291380687559,0.07943299348591117,0.10392923267202153,29.2,83,95411108,67.2298324,208.9804,0.2,2.6699175401382567,0.7063049990518508,4.3277525784242155,-7.192731381558761,0.4762726760877911,-6.194920469114157,-0.0631716468893238,0.414909339678315,0.9534557535094211,10,0.6351127659349196,1.1826912139634342,2.08951485103489,10.719223989530924,5.515841226672568,17.699474971200367,-0.08358291380687559,0.07943299348591117,0.10392923267202153,29.2,83,95411108,67.2298324,208.9804,0.2,2.6699175401382567,0.7063049990518508,4.3277525784242155,-7.192731381558761,0.4762726760877911,-6.194920469114157,-0.0631716468893238,0.414909339678315,0.9534557535094211,10,29.2,83,95411108,67.2298324,208.9804,0.2,0,0,0,0,0,0,0,35.32280517738164,83,47458321,208.9804,1.2,0.6000000000000001,2.263333333333333,0.56,3,38.0,47574482,0.8599441662300487,0.9027750754848928,0.9027750754848928
Bi2P2S6,287dcf4f1a19,C->H,0.491,1,0.953,0.053,0.3419193085783816,-121.80473747817501,-0.1556856555466556,-0.25104890545999636,0.17217792339049864,0.5,0.5,0.3333333333333333,0.3333333333333333,0.41666666666666663,0.41666666666666663,1,1,2,4,2.6699175401382567,0.7063049990518508,4.3277525784242155,-7.192731381558761,0.4762726760877911,-6.194920469114157,-0.0631716468893238,0.414909339678315,0.9534557535094211,10,0.6351127659349196,1.1826912139634342,2.08951485103489,10.719223989530924,5.515841226672568,17.699474971200367,-0.08358291380687559,0.07943299348591117,0.10392923267202153,29.2,83,95411108,67.2298324,208.9804,0.2,2.6699175401382567,0.7063049990518508,4.3277525784242155,-7.192731381558761,0.4762726760877911,-6.194920469114157,-0.0631716468893238,0.414909339678315,0.9534557535094211,10,0.6351127659349196,1.1826912139634342,2.08951485103489,10.719223989530924,5.515841226672568,17.699474971200367,-0.08358291380687559,0.07943299348591117,0.10392923267202153,29.2,83,95411108,67.2298324,208.9804,0.2,2.6699175401382567,0.7063049990518508,4.3277525784242155,-7.192731381558761,0.4762726760877911,-6.194920469114157,-0.0631716468893238,0.414909339678315,0.9534557535094211,10,0.6351127659349196,1.1826912139634342,2.08951485103489,10.719223989530924,5.515841226672568,17.699474971200367,-0.08358291380687559,0.07943299348591117,0.10392923267202153,29.2,83,95411108,67.2298324,208.9804,0.2,2.6699175401382567,0.7063049990518508,4.3277525784242155,-7.192731381558761,0.4762726760877911,-6.194920469114157,-0.0631716468893238,0.414909339678315,0.9534557535094211,10,29.2,83,95411108,67.2298324,208.9804,0.2,0,0,0,0,0,0,0,16.24759042048073,83,47458321,208.9804,1.2,0.6000000000000001,2.263333333333333,0.56,3,38.0,47574482,0.8599441662300487,0.9027750754848928,0.9027750754848928
Bi2P2S6,287dcf4f1a19,G->X,0.882,1,0.953,0.053,0.5302525464527156,28.258580294896902,0.4670569666399668,0.25104890545999636,0.0,0.0,0.0,0.5,0.0,0.25,0.0,1,1,2,4,2.6699175401382567,0.7063049990518508,4.3277525784242155,-7.192731381558761,0.4762726760877911,-6.194920469114157,-0.0631716468893238,0.414909339678315,0.9534557535094211,10,0.6351127659349196,1.1826912139634342,2.08951485103489,10.719223989530924,5.515841226672568,17.699474971200367,-0.08358291380687559,0.07943299348591117,0.10392923267202153,29.2,83,95411108,67.2298324,208.9804,0.2,2.6699175401382567,0.7063049990518508,4.3277525784242155,-7.192731381558761,0.4762726760877911,-6.194920469114157,-0.0631716468893238,0.414909339678315,0.9534557535094211,10,0.6351127659349196,1.1826912139634342,2.08951485103489,10.719223989530924,5.515841226672568,17.699474971200367,-0.08358291380687559,0.07943299348591117,0.10392923267202153,29.2,83,95411108,67.2298324,208.9804,0.2,2.6699175401382567,0.7063049990518508,4.3277525784242155,-7.192731381558761,0.4762726760877911,-6.194920469114157,-0.0631716468893238,0.414909339678315,0.9534557535094211,10,0.6351127659349196,1.1826912139634342,2.08951485103489,10.719223989530924,5.515841226672568,17.699474971200367,-0.08358291380687559,0.07943299348591117,0.10392923267202153,29.2,83,95411108,67.2298324,208.9804,0.2,0.0,0.0,0.0,0.0,0.0,0.0,0.0,0.0,0.0,0,0.0,0,0,0.0,0.0,0.0,0,0,0,0,0,0,0,0.0,83,47458321,208.9804,1.2,0.6000000000000001,2.263333333333333,0.56,3,38.0,47574482,0.8599441662300487,0.9027750754848928,0.9027750754848928
BiClS,99fd027b1d0b,M->G,0.461,1,1.841,0.12,0.9191238873945335,-149.99999999570173,-0.7959846356742979,-0.45956194375698095,0.0,0.5,0.0,0.0,0.0,0.25,0.0,3,1,6,10,0.7165725496459254,0.1841178812524295,0.9546575865813682,-1.9081324541974218,0.025169821061456373,-1.87593975146013,0.06961107096410295,0.09407741542275297,0.1937840729710521,3,0.04275030358197892,0.012749287835176834,0.06010560904479657,0.44865683843372145,0.14767839441776087,0.6032599922819843,-0.002671213127649577,0.00370341649060596,0.0021019659585692772,38.666666666666664,83,47607378,92.16613333333333,208.9804,0.3333333333333333,0.7165725496459254,0.1841178812524295,0.9546575865813682,-1.9081324541974218,0.025169821061456373,-1.87593975146013,0.06961107096410295,0.09407741542275297,0.1937840729710521,3,0.04275030358197892,0.012749287835176834,0.06010560904479657,0.44865683843372145,0.14767839441776087,0.6032599922819843,-0.002671213127649577,0.00370341649060596,0.0021019659585692772,38.666666666666664,83,47607378,92.16613333333333,208.9804,0.3333333333333333,0.7165725496459254,0.1841178812524295,0.9546575865813682,-1.9081324541974218,0.025169821061456373,-1.87593975146013,0.06961107096410295,0.09407741542275297,0.1937840729710521,3,0.04275030358197892,0.012749287835176834,0.06010560904479657,0.44865683843372145,0.14767839441776087,0.6032599922819843,-0.002671213127649577,0.00370341649060596,0.0021019659585692772,38.666666666666664,83,47607378,92.16613333333333,208.9804,0.3333333333333333,0.0,0.0,0.0,0.0,0.0,0.0,0.0,0.0,0.0,0,0.0,0,0,0.0,0.0,0.0,0,0,0,0,0,0,0,0.0,83,47458321,208.9804,1.2,0.6000000000000001,2.5866666666666664,1.1400000000000001,3,38.666666666666664,47607378,0.909282666768928,0.9372956282273632,0.9372956282273632
AsBrS,1dcd471c2288,M->K,3.109,0,1.38,0.034,0.5634008212352033,119.99999998528737,-0.28170041049231187,0.4879194237750374,0.0,0.5,0.0,0.3333333333333333,0.3333333333333333,0.41666666666666663,0.16666666666666666,3,6,12,21,0.8768803114743179,0.30213533827224004,1.2767112121741704,-1.6979567514672074,0.07170814239973017,-1.597214599505171,0.12223274917963227,0.165368797052634,0.3450185037854194,3,0.00983029234391153,0.010786852270254676,0.01989767039625577,0.32654507782751635,0.24432061657422188,0.5622948346834039,-0.013057832142633528,0.010222047500003531,-0.0003410634758730233,28.0,35,2752082,62.296866666666666,79.904,0.6666666666666666,0.8768803114743179,0.30213533827224004,1.2767112121741704,-1.6979567514672074,0.07170814239973017,-1.597214599505171,0.12223274917963227,0.165368797052634,0.3450185037854194,3,0.00983029234391153,0.010786852270254676,0.01989767039625577,0.32654507782751635,0.24432061657422188,0.5622948346834039,-0.013057832142633528,0.010222047500003531,-0.0003410634758730233,28.0,35,2752082,62.296866666666666,79.904,0.6666666666666666,0.8768803114743179,0.30213533827224004,1.2767112121741704,-1.6979567514672074,0.07170814239973017,-1.597214599505171,0.12223274917963227,0.165368797052634,0.3450185037854194,3,0.00983029234391153,0.010786852270254676,0.01989767039625577,0.32654507782751635,0.24432061657422188,0.5622948346834039,-0.013057832142633528,0.010222047500003531,-0.0003410634758730233,28.0,35,2752082,62.296866666666666,79.904,0.6666666666666666,0.8768803114743179,0.30213533827224004,1.2767112121741704,-1.6979567514672074,0.07170814239973017,-1.597214599505171,0.12223274917963227,0.165368797052634,0.3450185037854194,3,28.0,35,2752082,62.296866666666666,79.904,0.6666666666666666,0,0,0,0,0,0,0,29.99999999999998,35,1500625,79.904,1.0999999999999999,0.1499999999999999,2.5733333333333333,0.7799999999999998,3,28.0,2752082,0.81239137651136,0.8750866369111423,0.81239137651136
STeW,916afba26723,M->G,3.622,1,0.191,0.266,1.0910434248861145,-149.9999999785103,-0.9448713223787474,-0.5455217127974465,0.0,0.5,0.0,0.0,0.0,0.25,0.0,3,1,6,10,0.9374573320046147,0.33851678026410953,1.3858362118641678,-1.5721370134903356,0.10920328416360119,-1.4242995656213564,0.14378221831391838,0.19163896141548786,0.4017095938155957,3,-0.01825393316512027,0.04088140731236621,0.012362858630064415,0.25106874737730694,0.2655629787562457,0.5028593320578334,-0.02059258020534409,0.01268716194313344,-0.005822225850250078,47.333333333333336,74,37363728,114.50166666666667,183.84,0.6666666666666666,0.9374573320046147,0.33851678026410953,1.3858362118641678,-1.5721370134903356,0.10920328416360119,-1.4242995656213564,0.14378221831391838,0.19163896141548786,0.4017095938155957,3,-0.01825393316512027,0.04088140731236621,0.012362858630064415,0.25106874737730694,0.2655629787562457,0.5028593320578334,-0.02059258020534409,0.01268716194313344,-0.005822225850250078,47.333333333333336,74,37363728,114.50166666666667,183.84,0.6666666666666666,0.9374573320046147,0.33851678026410953,1.3858362118641678,-1.5721370134903356,0.10920328416360119,-1.4242995656213564,0.14378221831391838,0.19163896141548786,0.4017095938155957,3,-0.01825393316512027,0.04088140731236621,0.012362858630064415,0.25106874737730694,0.2655629787562457,0.5028593320578334,-0.02059258020534409,0.01268716194313344,-0.005822225850250078,47.333333333333336,74,37363728,114.50166666666667,183.84,0.6666666666666666,0.0,0.0,0.0,0.0,0.0,0.0,0.0,0.0,0.0,0,0.0,0,0,0.0,0.0,0.0,0,0,0,0,0,0,0,0.0,74,29986576,183.84,1.25,0.3999999999999999,2.3466666666666662,0.48,3,47.333333333333336,37363728,0.2260818398707595,0.3590873032806925,0.3590873032806925
STeW,916afba26723,M->K,3.414,1,0.191,0.266,0.6299142134338368,120.00000007800152,-0.3149571074595825,0.5455217106098182,0.0,0.5,0.0,0.3333333333333333,0.3333333333333333,0.41666666666666663,0.16666666666666666,3,6,12,21,0.9374573320046147,0.33851678026410953,1.3858362118641678,-1.5721370134903356,0.10920328416360119,-1.4242995656213564,0.14378221831391838,0.19163896141548786,0.4017095938155957,3,-0.01825393316512027,0.04088140731236621,0.012362858630064415,0.25106874737730694,0.2655629787562457,0.5028593320578334,-0.02059258020534409,0.01268716194313344,-0.005822225850250078,47.333333333333336,74,37363728,114.50166666666667,183.84,0.6666666666666666,0.9374573320046147,0.33851678026410953,1.3858362118641678,-1.5721370134903356,0.10920328416360119,-1.4242995656213564,0.14378221831391838,0.19163896141548786,0.4017095938155957,3,-0.01825393316512027,0.04088140731236621,0.012362858630064415,0.25106874737730694,0.2655629787562457,0.5028593320578334,-0.02059258020534409,0.01268716194313344,-0.005822225850250078,47.333333333333336,74,37363728,114.50166666666667,183.84,0.6666666666666666,0.9374573320046147,0.33851678026410953,1.3858362118641678,-1.5721370134903356,0.10920328416360119,-1.4242995656213564,0.14378221831391838,0.19163896141548786,0.4017095938155957,3,-0.01825393316512027,0.04088140731236621,0.012362858630064415,0.25106874737730694,0.2655629787562457,0.5028593320578334,-0.02059258020534409,0.01268716194313344,-0.005822225850250078,47.333333333333336,74,37363728,114.50166666666667,183.84,0.6666666666666666,0.9374573320046147,0.33851678026410953,1.3858362118641678,-1.5721370134903356,0.10920328416360119,-1.4242995656213564,0.14378221831391838,0.19163896141548786,0.4017095938155957,3,47.333333333333336,74,37363728,114.50166666666667,183.84,0.6666666666666666,0,0,0,0,0,0,0,29.9999999502544,74,29986576,183.84,1.25,0.3999999999999999,2.3466666666666662,0.48,3,47.333333333333336,37363728,0.2260818398707595,0.3590873032806925,0.3590873032806925
STeW,916afba26723,G->K,0.533,1,0.191,0.266,1.2598284287622152,59.9999999717441,0.6299142149191649,1.0910434234072648,0.0,0.0,0.0,0.3333333333333333,0.3333333333333333,0.16666666666666666,0.16666666666666666,1,6,12,19,0.9374573320046147,0.33851678026410953,1.3858362118641678,-1.5721370134903356,0.10920328416360119,-1.4242995656213564,0.14378221831391838,0.19163896141548786,0.4017095938155957,3,-0.01825393316512027,0.04088140731236621,0.012362858630064415,0.25106874737730694,0.2655629787562457,0.5028593320578334,-0.02059258020534409,0.01268716194313344,-0.005822225850250078,47.333333333333336,74,37363728,114.50166666666667,183.84,0.6666666666666666,0.9374573320046147,0.33851678026410953,1.3858362118641678,-1.5721370134903356,0.10920328416360119,-1.4242995656213564,0.14378221831391838,0.19163896141548786,0.4017095938155957,3,-0.01825393316512027,0.04088140731236621,0.012362858630064415,0.25106874737730694,0.2655629787562457,0.5028593320578334,-0.02059258020534409,0.01268716194313344,-0.005822225850250078,47.333333333333336,74,37363728,114.50166666666667,183.84,0.6666666666666666,0.9374573320046147,0.33851678026410953,1.3858362118641678,-1.5721370134903356,0.10920328416360119,-1.4242995656213564,0.14378221831391838,0.19163896141548786,0.4017095938155957,3,-0.01825393316512027,0.04088140731236621,0.012362858630064415,0.25106874737730694,0.2655629787562457,0.5028593320578334,-0.02059258020534409,0.01268716194313344,-0.005822225850250078,47.333333333333336,74,37363728,114.50166666666667,183.84,0.6666666666666666,0.0,0.0,0.0,0.0,0.0,0.0,0.0,0.0,0.0,0,0.0,0,0,0.0,0.0,0.0,0,0,0,0,0,0,0,0.0,74,29986576,183.84,1.25,0.3999999999999999,2.3466666666666662,0.48,3,47.333333333333336,37363728,0.2260818398707595,0.3590873032806925,0.3590873032806925
BiClTe,968a6902b7f5,M->K,1.175,0,0.938,0.0,0.4866569930768196,119.99999995915002,-0.24332849623792463,0.4214573191073586,0.0,0.5,0.0,0.3333333333333333,0.3333333333333333,0.41666666666666663,0.16666666666666666,3,6,12,21,0.4922992186789202,0.1703630846964617,0.7302698111625259,-1.6508610734205604,0.23231915264764577,-1.4805482147981084,-0.07721415757356632,0.11972519500204747,0.09117140024928139,3,0.002572358022635188,0.0007074822080398315,0.0035570878429746974,0.23748370119160425,0.14942532465290423,0.35052827137700665,-0.0043477518684113745,0.0035564928182879665,4.954361915966441e-05,50.666666666666664,83,54853458,124.01113333333335,208.9804,0.6666666666666666,0.4922992186789202,0.1703630846964617,0.7302698111625259,-1.6508610734205604,0.23231915264764577,-1.4805482147981084,-0.07721415757356632,0.11972519500204747,0.09117140024928139,3,0.002572358022635188,0.0007074822080398315,0.0035570878429746974,0.23748370119160425,0.14942532465290423,0.35052827137700665,-0.0043477518684113745,0.0035564928182879665,4.954361915966441e-05,50.666666666666664,83,54853458,124.01113333333335,208.9804,0.6666666666666666,0.4922992186789202,0.1703630846964617,0.7302698111625259,-1.6508610734205604,0.23231915264764577,-1.4805482147981084,-0.07721415757356632,0.11972519500204747,0.09117140024928139,3,0.002572358022635188,0.0007074822080398315,0.0035570878429746974,0.23748370119160425,0.14942532465290423,0.35052827137700665,-0.0043477518684113745,0.0035564928182879665,4.954361915966441e-05,50.666666666666664,83,54853458,124.01113333333335,208.9804,0.6666666666666666,0.4922992186789202,0.1703630846964617,0.7302698111625259,-1.6508610734205604,0.23231915264764577,-1.4805482147981084,-0.07721415757356632,0.11972519500204747,0.09117140024928139,3,50.666666666666664,83,54853458,124.01113333333335,208.9804,0.6666666666666666,0,0,0,0,0,0,0,30.00000003843231,83,47458321,208.9804,1.3333333333333333,0.6000000000000001,2.4266666666666663,1.1400000000000001,3,50.666666666666664,54853458,0.901195181671016,0.9106283567992832,0.901195181671016
BiClTe,968a6902b7f5,M->K,0.992,1,0.938,0.0,0.4866569930768196,119.99999995915002,-0.24332849623792463,0.4214573191073586,0.0,0.5,0.0,0.3333333333333333,0.3333333333333333,0.41666666666666663,0.16666666666666666,3,6,12,21,0.4922992186789202,0.1703630846964617,0.7302698111625259,-1.6508610734205604,0.23231915264764577,-1.4805482147981084,-0.07721415757356632,0.11972519500204747,0.09117140024928139,3,0.002572358022635188,0.0007074822080398315,0.0035570878429746974,0.23748370119160425,0.14942532465290423,0.35052827137700665,-0.0043477518684113745,0.0035564928182879665,4.954361915966441e-05,50.666666666666664,83,54853458,124.01113333333335,208.9804,0.6666666666666666,0.4922992186789202,0.1703630846964617,0.7302698111625259,-1.6508610734205604,0.23231915264764577,-1.4805482147981084,-0.07721415757356632,0.11972519500204747,0.09117140024928139,3,0.002572358022635188,0.0007074822080398315,0.0035570878429746974,0.23748370119160425,0.14942532465290423,0.35052827137700665,-0.0043477518684113745,0.0035564928182879665,4.954361915966441e-05,50.666666666666664,83,54853458,124.01113333333335,208.9804,0.6666666666666666,0.4922992186789202,0.1703630846964617,0.7302698111625259,-1.6508610734205604,0.23231915264764577,-1.4805482147981084,-0.07721415757356632,0.11972519500204747,0.09117140024928139,3,0.002572358022635188,0.0007074822080398315,0.0035570878429746974,0.23748370119160425,0.14942532465290423,0.35052827137700665,-0.0043477518684113745,0.0035564928182879665,4.954361915966441e-05,50.666666666666664,83,54853458,124.01113333333335,208.9804,0.6666666666666666,0.4922992186789202,0.1703630846964617,0.7302698111625259,-1.6508610734205604,0.23231915264764577,-1.4805482147981084,-0.07721415757356632,0.11972519500204747,0.09117140024928139,3,50.666666666666664,83,54853458,124.01113333333335,208.9804,0.6666666666666666,0,0,0,0,0,0,0,30.00000003843231,83,47458321,208.9804,1.3333333333333333,0.6000000000000001,2.4266666666666663,1.1400000000000001,3,50.666666666666664,54853458,0.901195181671016,0.9106283567992832,0.9106283567992832
AsBrTe,671e6de2497a,G->M,0.694,1,1.098,0.163,0.9379071669776948,29.999999954309573,0.8122514333681433,0.4689535828411188,0.0,0.0,0.0,0.5,0.0,0.25,0.0,1,3,6,10,0.6640052576699285,0.19098604001712702,0.9259451134413299,-1.8730404651395374,0.04076208155323876,-1.8279507741398722,0.03449059891999643,0.10578462601692917,0.18109081761800797,3,0.02803246332563826,0.010974304852837924,0.04341902480030481,0.42102400011327346,0.16461889884608658,0.5661806357668869,-0.0043501044365167095,0.004431007526798347,0.0015491778072547423,40.0,52,9998162,94.14186666666666,127.6,1.0,0.6640052576699285,0.19098604001712702,0.9259451134413299,-1.8730404651395374,0.04076208155323876,-1.8279507741398722,0.03449059891999643,0.10578462601692917,0.18109081761800797,3,0.02803246332563826,0.010974304852837924,0.04341902480030481,0.42102400011327346,0.16461889884608658,0.5661806357668869,-0.0043501044365167095,0.004431007526798347,0.0015491778072547423,40.0,52,9998162,94.14186666666666,127.6,1.0,0.6640052576699285,0.19098604001712702,0.9259451134413299,-1.8730404651395374,0.04076208155323876,-1.8279507741398722,0.03449059891999643,0.10578462601692917,0.18109081761800797,3,0.02803246332563826,0.010974304852837924,0.04341902480030481,0.42102400011327346,0.16461889884608658,0.5661806357668869,-0.0043501044365167095,0.004431007526798347,0.0015491778072547423,40.0,52,9998162,94.14186666666666,127.6,1.0,0.0,0.0,0.0,0.0,0.0,0.0,0.0,0.0,0.0,0,0.0,0,0,0.0,0.0,0.0,0,0,0,0,0,0,0,0.0,52,7311616,127.6,1.2333333333333332,0.25,2.4133333333333336,0.8599999999999999,3,40.0,9998162,0.927546211775732,0.909375314729425,0.909375314729425
AsBrTe,671e6de2497a,G->K,0.618,1,1.098,0.163,1.0830019110616975,59.99999999707302,0.5415009555787622,0.9379071672988624,0.0,0.0,0.0,0.3333333333333333,0.3333333333333333,0.16666666666666666,0.16666666666666666,1,6,12,19,0.6640052576699285,0.19098604001712702,0.9259451134413299,-1.8730404651395374,0.04076208155323876,-1.8279507741398722,0.03449059891999643,0.10578462601692917,0.18109081761800797,3,0.02803246332563826,0.010974304852837924,0.04341902480030481,0.42102400011327346,0.16461889884608658,0.5661806357668869,-0.0043501044365167095,0.004431007526798347,0.0015491778072547423,40.0,52,9998162,94.14186666666666,127.6,1.0,0.6640052576699285,0.19098604001712702,0.9259451134413299,-1.8730404651395374,0.04076208155323876,-1.8279507741398722,0.03449059891999643,0.10578462601692917,0.18109081761800797,3,0.02803246332563826,0.010974304852837924,0.04341902480030481,0.42102400011327346,0.16461889884608658,0.5661806357668869,-0.0043501044365167095,0.004431007526798347,0.0015491778072547423,40.0,52,9998162,94.14186666666666,127.6,1.0,0.6640052576699285,0.19098604001712702,0.9259451134413299,-1.8730404651395374,0.04076208155323876,-1.8279507741398722,0.03449059891999643,0.10578462601692917,0.18109081761800797,3,0.02803246332563826,0.010974304852837924,0.04341902480030481,0.42102400011327346,0.16461889884608658,0.5661806357668869,-0.0043501044365167095,0.004431007526798347,0.0015491778072547423,40.0,52,9998162,94.14186666666666,127.6,1.0,0.0,0.0,0.0,0.0,0.0,0.0,0.0,0.0,0.0,0,0.0,0,0,0.0,0.0,0.0,0,0,0,0,0,0,0,0.0,52,7311616,127.6,1.2333333333333332,0.25,2.4133333333333336,0.8599999999999999,3,40.0,9998162,0.927546211775732,0.909375314729425,0.909375314729425
AsISe,5d829e480507,M->K,1.626,0,1.164,0.0,0.5323511028510831,120.00000000009142,-0.26617555142627713,0.4610295788012759,0.0,0.5,0.0,0.3333333333333333,0.3333333333333333,0.41666666666666663,0.16666666666666666,3,6,12,21,0.6844922507483792,0.26070259303991455,1.0115993422597653,-1.661259134735264,0.15724942042973786,-1.500165667592836,0.016847002946867567,0.15355452056245422,0.2196625426817553,3,0.0022747843698076157,0.004468830031514555,0.00660272454181993,0.27061497609334373,0.20557480547585497,0.4624013818407331,-0.009788355092198043,0.009660035753785658,-0.0001249564189999039,40.0,53,10412738,93.59535666666666,126.90447,1.0,0.6844922507483792,0.26070259303991455,1.0115993422597653,-1.661259134735264,0.15724942042973786,-1.500165667592836,0.016847002946867567,0.15355452056245422,0.2196625426817553,3,0.0022747843698076157,0.004468830031514555,0.00660272454181993,0.27061497609334373,0.20557480547585497,0.4624013818407331,-0.009788355092198043,0.009660035753785658,-0.0001249564189999039,40.0,53,10412738,93.59535666666666,126.90447,1.0,0.6844922507483792,0.26070259303991455,1.0115993422597653,-1.661259134735264,0.15724942042973786,-1.500165667592836,0.016847002946867567,0.15355452056245422,0.2196625426817553,3,0.0022747843698076157,0.004468830031514555,0.00660272454181993,0.27061497609334373,0.20557480547585497,0.4624013818407331,-0.009788355092198043,0.009660035753785658,-0.0001249564189999039,40.0,53,10412738,93.59535666666666,126.90447,1.0,0.6844922507483792,0.26070259303991455,1.0115993422597653,-1.661259134735264,0.15724942042973786,-1.500165667592836,0.016847002946867567,0.15355452056245422,0.2196625426817553,3,40.0,53,10412738,93.59535666666666,126.90447,1.0,0,0,0,0,0,0,0,29.999999957959165,53,7890481,126.90447,1.2333333333333332,0.25,2.4633333333333334,0.48,3,40.0,10412738,0.8922939066570377,0.8797309545139917,0.8922939066570377
AsISe,5d829e480507,G->M,1.583,1,1.164,0.0,0.9220591583863262,30.00000008399031,0.7985266542788312,0.46102958036372926,0.0,0.0,0.0,0.5,0.0,0.25,0.0,1,3,6,10,0.6844922507483792,0.26070259303991455,1.0115993422597653,-1.661259134735264,0.15724942042973786,-1.500165667592836,0.016847002946867567,0.15355452056245422,0.2196625426817553,3,0.0022747843698076157,0.004468830031514555,0.00660272454181993,0.27061497609334373,0.20557480547585497,0.4624013818407331,-0.009788355092198043,0.009660035753785658,-0.0001249564189999039,40.0,53,10412738,93.59535666666666,126.90447,1.0,0.6844922507483792,0.26070259303991455,1.0115993422597653,-1.661259134735264,0.15724942042973786,-1.500165667592836,0.016847002946867567,0.15355452056245422,0.2196625426817553,3,0.0022747843698076157,0.004468830031514555,0.00660272454181993,0.27061497609334373,0.20557480547585497,0.4624013818407331,-0.009788355092198043,0.009660035753785658,-0.0001249564189999039,40.0,53,10412738,93.59535666666666,126.90447,1.0,0.6844922507483792,0.26070259303991455,1.0115993422597653,-1.661259134735264,0.15724942042973786,-1.500165667592836,0.016847002946867567,0.15355452056245422,0.2196625426817553,3,0.0022747843698076157,0.004468830031514555,0.00660272454181993,0.27061497609334373,0.20557480547585497,0.4624013818407331,-0.009788355092198043,0.009660035753785658,-0.0001249564189999039,40.0,53,10412738,93.59535666666666,126.90447,1.0,0.0,0.0,0.0,0.0,0.0,0.0,0.0,0.0,0.0,0,0.0,0,0,0.0,0.0,0.0,0,0,0,0,0,0,0,0.0,53,7890481,126.90447,1.2333333333333332,0.25,2.4633333333333334,0.48,3,40.0,10412738,0.8922939066570377,0.8797309545139917,0.8797309545139917
AsISe,5d829e480507,G->K,1.615,1,1.164,0.0,1.0647022070552907,60.00000004194945,0.532351102852554,0.9220591591650051,0.0,0.0,0.0,0.3333333333333333,0.3333333333333333,0.16666666666666666,0.16666666666666666,1,6,12,19,0.6844922507483792,0.26070259303991455,1.0115993422597653,-1.661259134735264,0.15724942042973786,-1.500165667592836,0.016847002946867567,0.15355452056245422,0.2196625426817553,3,0.0022747843698076157,0.004468830031514555,0.00660272454181993,0.27061497609334373,0.20557480547585497,0.4624013818407331,-0.009788355092198043,0.009660035753785658,-0.0001249564189999039,40.0,53,10412738,93.59535666666666,126.90447,1.0,0.6844922507483792,0.26070259303991455,1.0115993422597653,-1.661259134735264,0.15724942042973786,-1.500165667592836,0.016847002946867567,0.15355452056245422,0.2196625426817553,3,0.0022747843698076157,0.004468830031514555,0.00660272454181993,0.27061497609334373,0.20557480547585497,0.4624013818407331,-0.009788355092198043,0.009660035753785658,-0.0001249564189999039,40.0,53,10412738,93.59535666666666,126.90447,1.0,0.6844922507483792,0.26070259303991455,1.0115993422597653,-1.661259134735264,0.15724942042973786,-1.500165667592836,0.016847002946867567,0.15355452056245422,0.2196625426817553,3,0.0022747843698076157,0.004468830031514555,0.00660272454181993,0.27061497609334373,0.20557480547585497,0.4624013818407331,-0.009788355092198043,0.009660035753785658,-0.0001249564189999039,40.0,53,10412738,93.59535666666666,126.90447,1.0,0.0,0.0,0.0,0.0,0.0,0.0,0.0,0.0,0.0,0,0.0,0,0,0.0,0.0,0.0,0,0,0,0,0,0,0,0.0,53,7890481,126.90447,1.2333333333333332,0.25,2.4633333333333334,0.48,3,40.0,10412738,0.8922939066570377,0.8797309545139917,0.8797309545139917
ClSbSe,0c0fbdaf8f4a,G->M,2.682,0,1.177,0.014,0.8996830159842113,29.99999994307009,0.7791483476426971,0.44984150721793265,0.0,0.0,0.0,0.5,0.0,0.25,0.0,1,3,6,10,0.6724165602622572,0.22602914737560043,0.990014795390955,-1.7095825091862549,0.14040244202759528,-1.599254952697779,0.014327140949917555,0.13899911283033792,0.21022602248296895,3,0.0050928202221832974,0.001974718309653181,0.006799170886303416,0.2967679481316294,0.20392268919125425,0.4520013017926329,-0.009255086679946005,0.006758662884180799,0.00010336778729158223,34.0,51,8185058,78.72433333333333,121.76,0.6666666666666666,0.6724165602622572,0.22602914737560043,0.990014795390955,-1.7095825091862549,0.14040244202759528,-1.599254952697779,0.014327140949917555,0.13899911283033792,0.21022602248296895,3,0.0050928202221832974,0.001974718309653181,0.006799170886303416,0.2967679481316294,0.20392268919125425,0.4520013017926329,-0.009255086679946005,0.006758662884180799,0.00010336778729158223,34.0,51,8185058,78.72433333333333,121.76,0.6666666666666666,0.6724165602622572,0.22602914737560043,0.990014795390955,-1.7095825091862549,0.14040244202759528,-1.599254952697779,0.014327140949917555,0.13899911283033792,0.21022602248296895,3,0.0050928202221832974,0.001974718309653181,0.006799170886303416,0.2967679481316294,0.20392268919125425,0.4520013017926329,-0.009255086679946005,0.006758662884180799,0.00010336778729158223,34.0,51,8185058,78.72433333333333,121.76,0.6666666666666666,0.0,0.0,0.0,0.0,0.0,0.0,0.0,0.0,0.0,0,0.0,0,0,0.0,0.0,0.0,0,0,0,0,0,0,0,0.0,51,6765201,121.76,1.2,0.44999999999999996,2.5866666666666664,1.1100000000000003,3,34.0,8185058,0.7943110472668419,0.8322172034831463,0.7943110472668419
ClSbSe,0c0fbdaf8f4a,G->K,2.448,0,1.177,0.014,1.0388644630239674,59.99999998409072,0.5194322317617981,0.8996830159234049,0.0,0.0,0.0,0.3333333333333333,0.3333333333333333,0.16666666666666666,0.16666666666666666,1,6,12,19,0.6724165602622572,0.22602914737560043,0.990014795390955,-1.7095825091862549,0.14040244202759528,-1.599254952697779,0.014327140949917555,0.13899911283033792,0.21022602248296895,3,0.0050928202221832974,0.001974718309653181,0.006799170886303416,0.2967679481316294,0.20392268919125425,0.4520013017926329,-0.009255086679946005,0.006758662884180799,0.00010336778729158223,34.0,51,8185058,78.72433333333333,121.76,0.6666666666666666,0.6724165602622572,0.22602914737560043,0.990014795390955,-1.7095825091862549,0.14040244202759528,-1.599254952697779,0.014327140949917555,0.13899911283033792,0.21022602248296895,3,0.0050928202221832974,0.001974718309653181,0.006799170886303416,0.2967679481316294,0.20392268919125425,0.4520013017926329,-0.009255086679946005,0.006758662884180799,0.00010336778729158223,34.0,51,8185058,78.72433333333333,121.76,0.6666666666666666,0.6724165602622572,0.22602914737560043,0.990014795390955,-1.7095825091862549,0.14040244202759528,-1.599254952697779,0.014327140949917555,0.13899911283033792,0.21022602248296895,3,0.0050928202221832974,0.001974718309653181,0.006799170886303416,0.2967679481316294,0.20392268919125425,0.4520013017926329,-0.009255086679946005,0.006758662884180799,0.00010336778729158223,34.0,51,8185058,78.72433333333333,121.76,0.6666666666666666,0.0,0.0,0.0,0.0,0.0,0.0,0.0,0.0,0.0,0,0.0,0,0,0.0,0.0,0.0,0,0,0,0,0,0,0,0.0,51,6765201,121.76,1.2,0.44999999999999996,2.5866666666666664,1.1100000000000003,3,34.0,8185058,0.7943110472668419,0.8322172034831463,0.7943110472668419
ClSbTe,da5fd2bb47af,M->G,2.891,0,1.291,0.008,0.864844264440327,-149.99999999664146,-0.7489771032972424,-0.4324221322640668,0.0,0.5,0.0,0.0,0.0,0.25,0.0,3,1,6,10,0.5629514642640185,0.19279108836038214,0.8327550419060807,-1.682169119436022,0.19400256696071047,-1.536200247079298,-0.04108474881042025,0.12784983946646486,0.13882292939561963,3,0.00347642383936192,0.00021653021106985809,0.0036385654587003965,0.26538056381850145,0.17353389407009873,0.39750844030468013,-0.00643364173981624,0.004907745516671611,9.665463415621096e-05,40.0,52,14160338,94.93766666666666,127.6,0.6666666666666666,0.5629514642640185,0.19279108836038214,0.8327550419060807,-1.682169119436022,0.19400256696071047,-1.536200247079298,-0.04108474881042025,0.12784983946646486,0.13882292939561963,3,0.00347642383936192,0.00021653021106985809,0.0036385654587003965,0.26538056381850145,0.17353389407009873,0.39750844030468013,-0.00643364173981624,0.004907745516671611,9.665463415621096e-05,40.0,52,14160338,94.93766666666666,127.6,0.6666666666666666,0.5629514642640185,0.19279108836038214,0.8327550419060807,-1.682169119436022,0.19400256696071047,-1.536200247079298,-0.04108474881042025,0.12784983946646486,0.13882292939561963,3,0.00347642383936192,0.00021653021106985809,0.0036385654587003965,0.26538056381850145,0.17353389407009873,0.39750844030468013,-0.00643364173981624,0.004907745516671611,9.665463415621096e-05,40.0,52,14160338,94.93766666666666,127.6,0.6666666666666666,0.0,0.0,0.0,0.0,0.0,0.0,0.0,0.0,0.0,0,0.0,0,0,0.0,0.0,0.0,0,0,0,0,0,0,0,0.0,52,7311616,127.6,1.2833333333333332,0.44999999999999996,2.4366666666666665,1.1100000000000003,3,40.0,14160338,0.8418724917890628,0.8448925848104843,0.8418724917890628
ClSbTe,da5fd2bb47af,M->K,2.35,0,1.291,0.008,0.49931806891552344,119.99999999664145,-0.24965903443241416,0.4324221322640668,0.0,0.5,0.0,0.3333333333333333,0.3333333333333333,0.41666666666666663,0.16666666666666666,3,6,12,21,0.5629514642640185,0.19279108836038214,0.8327550419060807,-1.682169119436022,0.19400256696071047,-1.536200247079298,-0.04108474881042025,0.12784983946646486,0.13882292939561963,3,0.00347642383936192,0.00021653021106985809,0.0036385654587003965,0.26538056381850145,0.17353389407009873,0.39750844030468013,-0.00643364173981624,0.004907745516671611,9.665463415621096e-05,40.0,52,14160338,94.93766666666666,127.6,0.6666666666666666,0.5629514642640185,0.19279108836038214,0.8327550419060807,-1.682169119436022,0.19400256696071047,-1.536200247079298,-0.04108474881042025,0.12784983946646486,0.13882292939561963,3,0.00347642383936192,0.00021653021106985809,0.0036385654587003965,0.26538056381850145,0.17353389407009873,0.39750844030468013,-0.00643364173981624,0.004907745516671611,9.665463415621096e-05,40.0,52,14160338,94.93766666666666,127.6,0.6666666666666666,0.5629514642640185,0.19279108836038214,0.8327550419060807,-1.682169119436022,0.19400256696071047,-1.536200247079298,-0.04108474881042025,0.12784983946646486,0.13882292939561963,3,0.00347642383936192,0.00021653021106985809,0.0036385654587003965,0.26538056381850145,0.17353389407009873,0.39750844030468013,-0.00643364173981624,0.004907745516671611,9.665463415621096e-05,40.0,52,14160338,94.93766666666666,127.6,0.6666666666666666,0.5629514642640185,0.19279108836038214,0.8327550419060807,-1.682169119436022,0.19400256696071047,-1.536200247079298,-0.04108474881042025,0.12784983946646486,0.13882292939561963,3,40.0,52,14160338,94.93766666666666,127.6,0.6666666666666666,0,0,0,0,0,0,0,30.000000000000004,52,7311616,127.6,1.2833333333333332,0.44999999999999996,2.4366666666666665,1.1100000000000003,3,40.0,14160338,0.8418724917890628,0.8448925848104843,0.8418724917890628
Cr2W2Te8,62bb754c4cb2,G->X,1.535,0,0.512,0.082,0.44638025758002664,0.0,0.44638025758002664,0.0,0.0,0.0,0.0,0.5,0.0,0.25,0.0,1,1,2,4,2.913775011131712,0.8265280213800389,4.2505380407391264,-6.989192159566319,1.2581926326824118,-6.0563306131818315,-0.3784168317019687,0.4492606200186454,0.3355722411260175,12,1.5230215939048464,1.6925072948691413,5.007955037475825,7.617166012457983,6.592203906775946,22.20583931601613,0.03202352602213874,0.05990383919460078,0.0932904132471131,51.0,74,119129632,124.37268333333331,183.84,0.8333333333333334,2.913775011131712,0.8265280213800389,4.2505380407391264,-6.989192159566319,1.2581926326824118,-6.0563306131818315,-0.3784168317019687,0.4492606200186454,0.3355722411260175,12,1.5230215939048464,1.6925072948691413,5.007955037475825,7.617166012457983,6.592203906775946,22.20583931601613,0.03202352602213874,0.05990383919460078,0.0932904132471131,51.0,74,119129632,124.37268333333331,183.84,0.8333333333333334,2.913775011131712,0.8265280213800389,4.2505380407391264,-6.989192159566319,1.2581926326824118,-6.0563306131818315,-0.3784168317019687,0.4492606200186454,0.3355722411260175,12,1.5230215939048464,1.6925072948691413,5.007955037475825,7.617166012457983,6.592203906775946,22.20583931601613,0.03202352602213874,0.05990383919460078,0.0932904132471131,51.0,74,119129632,124.37268333333331,183.84,0.8333333333333334,0.0,0.0,0.0,0.0,0.0,0.0,0.0,0.0,0.0,0,0.0,0,0,0.0,0.0,0.0,0,0,0,0,0,0,0,0.0,74,29986576,183.84,1.3833333333333335,0.04999999999999982,2.0399999999999996,0.7,3,50.0,37629968,0.2157043936857912,0.1016518741458471,0.2157043936857912
Cr2W2Te8,62bb754c4cb2,Y->S,1.105,0,0.512,0.082,0.44638025758002664,0.0,0.44638025758002664,0.0,0.0,0.0,0.5,0.5,0.5,0.25,0.5,1,1,2,4,2.913775011131712,0.8265280213800389,4.2505380407391264,-6.989192159566319,1.2581926326824118,-6.0563306131818315,-0.3784168317019687,0.4492606200186454,0.3355722411260175,12,1.5230215939048464,1.6925072948691413,5.007955037475825,7.617166012457983,6.592203906775946,22.20583931601613,0.03202352602213874,0.05990383919460078,0.0932904132471131,51.0,74,119129632,124.37268333333331,183.84,0.8333333333333334,2.4059018751999086,0.947360037438575,4.150126382692658,-6.040150865721494,1.1233294571404937,-5.1769416994126685,-0.47375043396732147,0.5078882660012608,0.43960558592192694,11,0.8722963046517684,1.370593975713853,4.881752439032223,4.836839102468051,4.639791123092761,17.145271280567187,0.06667857642060625,0.08838007034851708,0.2052903736741827,53.45454545454545,74,118797856,130.95237272727272,183.84,0.9090909090909091,2.4059018751999086,0.947360037438575,4.150126382692658,-6.040150865721494,1.1233294571404937,-5.1769416994126685,-0.47375043396732147,0.5078882660012608,0.43960558592192694,11,0.8722963046517684,1.370593975713853,4.881752439032223,4.836839102468051,4.639791123092761,17.145271280567187,0.06667857642060625,0.08838007034851708,0.2052903736741827,53.45454545454545,74,118797856,130.95237272727272,183.84,0.9090909090909091,2.4059018751999086,0.947360037438575,4.150126382692658,-6.040150865721494,1.1233294571404937,-5.1769416994126685,-0.47375043396732147,0.5078882660012608,0.43960558592192694,11,53.45454545454545,74,118797856,130.95237272727272,183.84,0.9090909090909091,0,0,0,0,0,0,0,40.92733605041584,74,29986576,183.84,1.3833333333333335,0.04999999999999982,2.0399999999999996,0.7,3,50.0,37629968,0.2157043936857912,0.1016518741458471,0.2157043936857912
Cr2W2Te8,62bb754c4cb2,G->S,0.686,0,0.512,0.082,0.6813911325200684,49.07266394958416,0.44638025758002664,0.5148189401331021,0.0,0.0,0.0,0.5,0.5,0.25,0.25,1,1,2,4,2.913775011131712,0.8265280213800389,4.2505380407391264,-6.989192159566319,1.2581926326824118,-6.0563306131818315,-0.3784168317019687,0.4492606200186454,0.3355722411260175,12,1.5230215939048464,1.6925072948691413,5.007955037475825,7.617166012457983,6.592203906775946,22.20583931601613,0.03202352602213874,0.05990383919460078,0.0932904132471131,51.0,74,119129632,124.37268333333331,183.84,0.8333333333333334,2.4059018751999086,0.947360037438575,4.150126382692658,-6.040150865721494,1.1233294571404937,-5.1769416994126685,-0.47375043396732147,0.5078882660012608,0.43960558592192694,11,0.8722963046517684,1.370593975713853,4.881752439032223,4.836839102468051,4.639791123092761,17.145271280567187,0.06667857642060625,0.08838007034851708,0.2052903736741827,53.45454545454545,74,118797856,130.95237272727272,183.84,0.9090909090909091,2.4059018751999086,0.947360037438575,4.150126382692658,-6.040150865721494,1.1233294571404937,-5.1769416994126685,-0.47375043396732147,0.5078882660012608,0.43960558592192694,11,0.8722963046517684,1.370593975713853,4.881752439032223,4.836839102468051,4.639791123092761,17.145271280567187,0.06667857642060625,0.08838007034851708,0.2052903736741827,53.45454545454545,74,118797856,130.95237272727272,183.84,0.9090909090909091,0.0,0.0,0.0,0.0,0.0,0.0,0.0,0.0,0.0,0,0.0,0,0,0.0,0.0,0.0,0,0,0,0,0,0,0,0.0,74,29986576,183.84,1.3833333333333335,0.04999999999999982,2.0399999999999996,0.7,3,50.0,37629968,0.2157043936857912,0.1016518741458471,0.2157043936857912
Mo2W2Se8,a1d716aad84d,X->G,1.784,0,1.288,0.0,0.4730773974396558,180.0,-0.4730773974396558,0.0,0.0,0.5,0.0,0.0,0.0,0.25,0.0,1,1,2,4,3.624239702735783,0.9812359199975994,5.012724986600717,-7.586364940754173,0.9487936479762631,-6.91151139312337,-0.014160951093221116,0.5461431382658851,0.7583933064002173,12,2.2568486318383925,2.3531099345395177,7.065336783175806,9.782485602669793,6.509207106372728,23.747219586744198,-0.025904140070578553,0.10000702011923167,0.24051669691593966,42.0,74,76887232,99.27,183.84,1.0,3.624239702735783,0.9812359199975994,5.012724986600717,-7.586364940754173,0.9487936479762631,-6.91151139312337,-0.014160951093221116,0.5461431382658851,0.7583933064002173,12,2.2568486318383925,2.3531099345395177,7.065336783175806,9.782485602669793,6.509207106372728,23.747219586744198,-0.025904140070578553,0.10000702011923167,0.24051669691593966,42.0,74,76887232,99.27,183.84,1.0,3.624239702735783,0.9812359199975994,5.012724986600717,-7.586364940754173,0.9487936479762631,-6.91151139312337,-0.014160951093221116,0.5461431382658851,0.7583933064002173,12,2.2568486318383925,2.3531099345395177,7.065336783175806,9.782485602669793,6.509207106372728,23.747219586744198,-0.025904140070578553,0.10000702011923167,0.24051669691593966,42.0,74,76887232,99.27,183.84,1.0,0.0,0.0,0.0,0.0,0.0,0.0,0.0,0.0,0.0,0,0.0,0,0,0.0,0.0,0.0,0,0,0,0,0,0,0,0.0,74,29986576,183.84,1.3166666666666667,0.30000000000000004,2.3566666666666665,0.3899999999999997,3,50.0,34434608,0.2050796246622059,0.1834049364521039,0.2050796246622059
BiITe,2d41b3dd1772,G->M,2.065,1,0.701,0.0,0.8203697860398935,29.99999996531762,0.7104610754560462,0.4101848925898892,0.0,0.0,0.0,0.5,0.0,0.25,0.0,1,3,6,10,0.34093825416168894,0.13050069499767844,0.5099510144314412,-1.4285199760221046,0.39475667338081144,-1.1454390733566138,-0.15812019566467528,0.10127118155296709,-0.020364677058099863,3,-0.0003605040105379295,0.0008840256407309855,0.00032196625214844674,0.06527322552268223,0.06464411894771079,0.11412257109023999,0.0011774993916884447,0.004418353550563531,0.007071356524471209,62.666666666666664,83,62660418,154.49495666666667,208.9804,1.0,0.34093825416168894,0.13050069499767844,0.5099510144314412,-1.4285199760221046,0.39475667338081144,-1.1454390733566138,-0.15812019566467528,0.10127118155296709,-0.020364677058099863,3,-0.0003605040105379295,0.0008840256407309855,0.00032196625214844674,0.06527322552268223,0.06464411894771079,0.11412257109023999,0.0011774993916884447,0.004418353550563531,0.007071356524471209,62.666666666666664,83,62660418,154.49495666666667,208.9804,1.0,0.34093825416168894,0.13050069499767844,0.5099510144314412,-1.4285199760221046,0.39475667338081144,-1.1454390733566138,-0.15812019566467528,0.10127118155296709,-0.020364677058099863,3,-0.0003605040105379295,0.0008840256407309855,0.00032196625214844674,0.06527322552268223,0.06464411894771079,0.11412257109023999,0.0011774993916884447,0.004418353550563531,0.007071356524471209,62.666666666666664,83,62660418,154.49495666666667,208.9804,1.0,0.0,0.0,0.0,0.0,0.0,0.0,0.0,0.0,0.0,0,0.0,0,0,0.0,0.0,0.0,0,0,0,0,0,0,0,0.0,83,47458321,208.9804,1.4666666666666668,0.20000000000000018,2.2600000000000002,0.6400000000000001,3,62.666666666666664,62660418,0.9040246564075758,0.919259222337323,0.919259222337323
BiITe,2d41b3dd1772,M->K,1.391,1,0.701,0.0,0.47364071754523307,119.99999995987363,-0.23682035848534877,0.41018489382671586,0.0,0.5,0.0,0.3333333333333333,0.3333333333333333,0.41666666666666663,0.16666666666666666,3,6,12,21,0.34093825416168894,0.13050069499767844,0.5099510144314412,-1.4285199760221046,0.39475667338081144,-1.1454390733566138,-0.15812019566467528,0.10127118155296709,-0.020364677058099863,3,-0.0003605040105379295,0.0008840256407309855,0.00032196625214844674,0.06527322552268223,0.06464411894771079,0.11412257109023999,0.0011774993916884447,0.004418353550563531,0.007071356524471209,62.666666666666664,83,62660418,154.49495666666667,208.9804,1.0,0.34093825416168894,0.13050069499767844,0.5099510144314412,-1.4285199760221046,0.39475667338081144,-1.1454390733566138,-0.15812019566467528,0.10127118155296709,-0.020364677058099863,3,-0.0003605040105379295,0.0008840256407309855,0.00032196625214844674,0.06527322552268223,0.06464411894771079,0.11412257109023999,0.0011774993916884447,0.004418353550563531,0.007071356524471209,62.666666666666664,83,62660418,154.49495666666667,208.9804,1.0,0.34093825416168894,0.13050069499767844,0.5099510144314412,-1.4285199760221046,0.39475667338081144,-1.1454390733566138,-0.15812019566467528,0.10127118155296709,-0.020364677058099863,3,-0.0003605040105379295,0.0008840256407309855,0.00032196625214844674,0.06527322552268223,0.06464411894771079,0.11412257109023999,0.0011774993916884447,0.004418353550563531,0.007071356524471209,62.666666666666664,83,62660418,154.49495666666667,208.9804,1.0,0.34093825416168894,0.13050069499767844,0.5099510144314412,-1.4285199760221046,0.39475667338081144,-1.1454390733566138,-0.15812019566467528,0.10127118155296709,-0.020364677058099863,3,62.666666666666664,83,62660418,154.49495666666667,208.9804,1.0,0,0,0,0,0,0,0,30.00000003740437,83,47458321,208.9804,1.4666666666666668,0.20000000000000018,2.2600000000000002,0.6400000000000001,3,62.666666666666664,62660418,0.9040246564075758,0.919259222337323,0.919259222337323
BiITe,2d41b3dd1772,G->K,2.086,1,0.701,0.0,0.9472814340193428,60.000000002722004,0.47364071697069743,0.8203697864166051,0.0,0.0,0.0,0.3333333333333333,0.3333333333333333,0.16666666666666666,0.16666666666666666,1,6,12,19,0.34093825416168894,0.13050069499767844,0.5099510144314412,-1.4285199760221046,0.39475667338081144,-1.1454390733566138,-0.15812019566467528,0.10127118155296709,-0.020364677058099863,3,-0.0003605040105379295,0.0008840256407309855,0.00032196625214844674,0.06527322552268223,0.06464411894771079,0.11412257109023999,0.0011774993916884447,0.004418353550563531,0.007071356524471209,62.666666666666664,83,62660418,154.49495666666667,208.9804,1.0,0.34093825416168894,0.13050069499767844,0.5099510144314412,-1.4285199760221046,0.39475667338081144,-1.1454390733566138,-0.15812019566467528,0.10127118155296709,-0.020364677058099863,3,-0.0003605040105379295,0.0008840256407309855,0.00032196625214844674,0.06527322552268223,0.06464411894771079,0.11412257109023999,0.0011774993916884447,0.004418353550563531,0.007071356524471209,62.666666666666664,83,62660418,154.49495666666667,208.9804,1.0,0.34093825416168894,0.13050069499767844,0.5099510144314412,-1.4285199760221046,0.39475667338081144,-1.1454390733566138,-0.15812019566467528,0.10127118155296709,-0.020364677058099863,3,-0.0003605040105379295,0.0008840256407309855,0.00032196625214844674,0.06527322552268223,0.06464411894771079,0.11412257109023999,0.0011774993916884447,0.004418353550563531,0.007071356524471209,62.666666666666664,83,62660418,154.49495666666667,208.9804,1.0,0.0,0.0,0.0,0.0,0.0,0.0,0.0,0.0,0.0,0,0.0,0,0,0.0,0.0,0.0,0,0,0,0,0,0,0,0.0,83,47458321,208.9804,1.4666666666666668,0.20000000000000018,2.2600000000000002,0.6400000000000001,3,62.666666666666664,62660418,0.9040246564075758,0.919259222337323,0.919259222337323
ZrTi3Se8,52a5e2b280d4,S->Y,1.091,0,0.571,0.131,0.44225010526794706,180.0,-0.44225010526794706,0.0,0.0,0.5,0.5,0.0,0.5,0.25,0.5,1,1,2,4,2.6414504920285578,1.0073082959452104,4.40148170494224,-6.325922201759281,0.8802134851804979,-5.520923176146662,-0.37901824609461787,0.5417612269868366,0.5488616236702937,11,0.9987262662662587,1.604193444789698,5.602844915491984,5.892091331260923,4.578621375670142,17.28750463546507,0.03776063819344628,0.09624111804496416,0.21739292998151513,32.36363636363637,40,13719200,74.42163636363638,91.224,0.8181818181818182,2.6414504920285578,1.0073082959452104,4.40148170494224,-6.325922201759281,0.8802134851804979,-5.520923176146662,-0.37901824609461787,0.5417612269868366,0.5488616236702937,11,0.9987262662662587,1.604193444789698,5.602844915491984,5.892091331260923,4.578621375670142,17.28750463546507,0.03776063819344628,0.09624111804496416,0.21739292998151513,32.36363636363637,40,13719200,74.42163636363638,91.224,0.8181818181818182,3.166805095752991,0.8506644116777518,4.501894136133051,-7.242320927609831,0.9931484462493497,-6.399719793914108,-0.2749968969864811,0.4649141206136769,0.44482887590562437,12,1.7365227607545082,1.9719293812932606,5.768651502837979,8.674395533933604,6.436774330312087,22.707256449955693,0.004353816985960792,0.06586710490038065,0.11427800326960415,31.5,40,13953456,72.20875000000001,91.224,0.75,2.6414504920285578,1.0073082959452104,4.40148170494224,-6.325922201759281,0.8802134851804979,-5.520923176146662,-0.37901824609461787,0.5417612269868366,0.5488616236702937,11,32.36363636363637,40,13719200,74.42163636363638,91.224,0.8181818181818182,0,0,0,0,0,0,0,40.847296987852786,40,2560000,91.224,1.3666666666666665,0.40000000000000013,1.8066666666666666,1.2199999999999998,3,32.0,4130592,0.7405566209593908,0.1154653629793862,0.7405566209593908
ZrTi3Se8,52a5e2b280d4,S->G,0.48,0,0.571,0.131,0.6761765956755018,-130.84729698785281,-0.44225010526794706,-0.5114974417627138,0.0,0.5,0.5,0.0,0.0,0.25,0.25,1,1,2,4,2.6414504920285578,1.0073082959452104,4.40148170494224,-6.325922201759281,0.8802134851804979,-5.520923176146662,-0.37901824609461787,0.5417612269868366,0.5488616236702937,11,0.9987262662662587,1.604193444789698,5.602844915491984,5.892091331260923,4.578621375670142,17.28750463546507,0.03776063819344628,0.09624111804496416,0.21739292998151513,32.36363636363637,40,13719200,74.42163636363638,91.224,0.8181818181818182,2.6414504920285578,1.0073082959452104,4.40148170494224,-6.325922201759281,0.8802134851804979,-5.520923176146662,-0.37901824609461787,0.5417612269868366,0.5488616236702937,11,0.9987262662662587,1.604193444789698,5.602844915491984,5.892091331260923,4.578621375670142,17.28750463546507,0.03776063819344628,0.09624111804496416,0.21739292998151513,32.36363636363637,40,13719200,74.42163636363638,91.224,0.8181818181818182,3.166805095752991,0.8506644116777518,4.501894136133051,-7.242320927609831,0.9931484462493497,-6.399719793914108,-0.2749968969864811,0.4649141206136769,0.44482887590562437,12,1.7365227607545082,1.9719293812932606,5.768651502837979,8.674395533933604,6.436774330312087,22.707256449955693,0.004353816985960792,0.06586710490038065,0.11427800326960415,31.5,40,13953456,72.20875000000001,91.224,0.75,0.0,0.0,0.0,0.0,0.0,0.0,0.0,0.0,0.0,0,0.0,0,0,0.0,0.0,0.0,0,0,0,0,0,0,0,0.0,40,2560000,91.224,1.3666666666666665,0.40000000000000013,1.8066666666666666,1.2199999999999998,3,32.0,4130592,0.7405566209593908,0.1154653629793862,0.7405566209593908
BiBrSe,11db0908d9ef,M->G,0.393,1,1.385,0.111,0.8897328164715187,-150.0000000375113,-0.7705312219362651,-0.4448664077312957,0.0,0.5,0.0,0.0,0.0,0.25,0.0,3,1,6,10,0.5311279529906439,0.1673230324428795,0.7436231393885102,-1.8709272456886523,0.06833954471706438,-1.8065178321240518,-0.03360417013174306,0.09758389748503485,0.09534678293090368,3,0.018265246304037322,0.009068274719061324,0.03084944459631732,0.4164897850017433,0.13716641117299236,0.5531263040982117,-0.002650630401598634,0.003488574699012683,0.00010908477329626178,50.666666666666664,83,50295282,122.6148,208.9804,1.0,0.5311279529906439,0.1673230324428795,0.7436231393885102,-1.8709272456886523,0.06833954471706438,-1.8065178321240518,-0.03360417013174306,0.09758389748503485,0.09534678293090368,3,0.018265246304037322,0.009068274719061324,0.03084944459631732,0.4164897850017433,0.13716641117299236,0.5531263040982117,-0.002650630401598634,0.003488574699012683,0.00010908477329626178,50.666666666666664,83,50295282,122.6148,208.9804,1.0,0.5311279529906439,0.1673230324428795,0.7436231393885102,-1.8709272456886523,0.06833954471706438,-1.8065178321240518,-0.03360417013174306,0.09758389748503485,0.09534678293090368,3,0.018265246304037322,0.009068274719061324,0.03084944459631732,0.4164897850017433,0.13716641117299236,0.5531263040982117,-0.002650630401598634,0.003488574699012683,0.00010908477329626178,50.666666666666664,83,50295282,122.6148,208.9804,1.0,0.0,0.0,0.0,0.0,0.0,0.0,0.0,0.0,0.0,0,0.0,0,0,0.0,0.0,0.0,0,0,0,0,0,0,0,0.0,83,47458321,208.9804,1.3,0.4500000000000002,2.5100000000000002,0.94,3,50.666666666666664,50295282,0.9198579768745668,0.9316661883508596,0.9316661883508596
P2Sb2Te6,82b85dfd7723,Y->G,2.466,0,0.633,0.14,0.8277044836668489,-120.08754198205263,-0.4149469740998666,-0.7161799501295534,0.0,0.5,0.5,0.0,0.0,0.25,0.25,2,1,4,7,1.8156645608337976,0.6887182659764759,3.462638063033643,-6.011963912775453,0.35457683627352027,-5.494309473272709,-0.6965083934593526,0.3908092462231815,0.20309911502985492,10,0.1419903554363136,0.6539552019665499,0.8611090508538292,6.8235403826284395,4.475278011280464,11.852754485670708,0.08161544065493608,0.09911135964823509,0.21718237192520917,44.4,52,57501348,107.1067524,127.6,0.8,1.8156645608337976,0.6887182659764759,3.462638063033643,-6.011963912775453,0.35457683627352027,-5.494309473272709,-0.6965083934593526,0.3908092462231815,0.20309911502985492,10,0.1419903554363136,0.6539552019665499,0.8611090508538292,6.8235403826284395,4.475278011280464,11.852754485670708,0.08161544065493608,0.09911135964823509,0.21718237192520917,44.4,52,57501348,107.1067524,127.6,0.8,1.8156645608337976,0.6887182659764759,3.462638063033643,-6.011963912775453,0.35457683627352027,-5.494309473272709,-0.6965083934593526,0.3908092462231815,0.20309911502985492,10,0.1419903554363136,0.6539552019665499,0.8611090508538292,6.8235403826284395,4.475278011280464,11.852754485670708,0.08161544065493608,0.09911135964823509,0.21718237192520917,44.4,52,57501348,107.1067524,127.6,0.8,0.0,0.0,0.0,0.0,0.0,0.0,0.0,0.0,0.0,0,0.0,0,0,0.0,0.0,0.0,0,0,0,0,0,0,0,0.0,52,7311616,127.6,1.2833333333333332,0.44999999999999996,2.1133333333333333,0.14000000000000012,3,39.333333333333336,14127442,0.8244461820584097,0.8318788232153959,0.8244461820584097
P2Sb2Te6,82b85dfd7723,X->G,2.596,0,0.633,0.14,0.31858508564549465,150.08738780717385,-0.27614541020887295,0.15887154942380483,0.0,0.33274782977741646,-0.33274782977741646,0.0,0.0,0.16637391488870823,-0.16637391488870823,2,1,4,7,1.8156645608337976,0.6887182659764759,3.462638063033643,-6.011963912775453,0.35457683627352027,-5.494309473272709,-0.6965083934593526,0.3908092462231815,0.20309911502985492,10,0.1419903554363136,0.6539552019665499,0.8611090508538292,6.8235403826284395,4.475278011280464,11.852754485670708,0.08161544065493608,0.09911135964823509,0.21718237192520917,44.4,52,57501348,107.1067524,127.6,0.8,1.8156645608337976,0.6887182659764759,3.462638063033643,-6.011963912775453,0.35457683627352027,-5.494309473272709,-0.6965083934593526,0.3908092462231815,0.20309911502985492,10,0.1419903554363136,0.6539552019665499,0.8611090508538292,6.8235403826284395,4.475278011280464,11.852754485670708,0.08161544065493608,0.09911135964823509,0.21718237192520917,44.4,52,57501348,107.1067524,127.6,0.8,1.8156645608337976,0.6887182659764759,3.462638063033643,-6.011963912775453,0.35457683627352027,-5.494309473272709,-0.6965083934593526,0.3908092462231815,0.20309911502985492,10,0.1419903554363136,0.6539552019665499,0.8611090508538292,6.8235403826284395,4.475278011280464,11.852754485670708,0.08161544065493608,0.09911135964823509,0.21718237192520917,44.4,52,57501348,107.1067524,127.6,0.8,0.0,0.0,0.0,0.0,0.0,0.0,0.0,0.0,0.0,0,0.0,0,0,0.0,0.0,0.0,0,0,0,0,0,0,0,0.0,52,7311616,127.6,1.2833333333333332,0.44999999999999996,2.1133333333333333,0.14000000000000012,3,39.333333333333336,14127442,0.8244461820584097,0.8318788232153959,0.8244461820584097
P2Sb2Te6,82b85dfd7723,Y->G,1.057,1,0.633,0.14,0.8277044836668489,-120.08754198205263,-0.4149469740998666,-0.7161799501295534,0.0,0.5,0.5,0.0,0.0,0.25,0.25,2,1,4,7,1.8156645608337976,0.6887182659764759,3.462638063033643,-6.011963912775453,0.35457683627352027,-5.494309473272709,-0.6965083934593526,0.3908092462231815,0.20309911502985492,10,0.1419903554363136,0.6539552019665499,0.8611090508538292,6.8235403826284395,4.475278011280464,11.852754485670708,0.08161544065493608,0.09911135964823509,0.21718237192520917,44.4,52,57501348,107.1067524,127.6,0.8,1.8156645608337976,0.6887182659764759,3.462638063033643,-6.011963912775453,0.35457683627352027,-5.494309473272709,-0.6965083934593526,0.3908092462231815,0.20309911502985492,10,0.1419903554363136,0.6539552019665499,0.8611090508538292,6.8235403826284395,4.475278011280464,11.852754485670708,0.08161544065493608,0.09911135964823509,0.21718237192520917,44.4,52,57501348,107.1067524,127.6,0.8,1.8156645608337976,0.6887182659764759,3.462638063033643,-6.011963912775453,0.35457683627352027,-5.494309473272709,-0.6965083934593526,0.3908092462231815,0.20309911502985492,10,0.1419903554363136,0.6539552019665499,0.8611090508538292,6.8235403826284395,4.475278011280464,11.852754485670708,0.08161544065493608,0.09911135964823509,0.21718237192520917,44.4,52,57501348,107.1067524,127.6,0.8,0.0,0.0,0.0,0.0,0.0,0.0,0.0,0.0,0.0,0,0.0,0,0,0.0,0.0,0.0,0,0,0,0,0,0,0,0.0,52,7311616,127.6,1.2833333333333332,0.44999999999999996,2.1133333333333333,0.14000000000000012,3,39.333333333333336,14127442,0.8244461820584097,0.8318788232153959,0.8318788232153959
P2Sb2Te6,82b85dfd7723,X->G,0.92,1,0.633,0.14,0.31858508564549465,150.08738780717385,-0.27614541020887295,0.15887154942380483,0.0,0.33274782977741646,-0.33274782977741646,0.0,0.0,0.16637391488870823,-0.16637391488870823,2,1,4,7,1.8156645608337976,0.6887182659764759,3.462638063033643,-6.011963912775453,0.35457683627352027,-5.494309473272709,-0.6965083934593526,0.3908092462231815,0.20309911502985492,10,0.1419903554363136,0.6539552019665499,0.8611090508538292,6.8235403826284395,4.475278011280464,11.852754485670708,0.08161544065493608,0.09911135964823509,0.21718237192520917,44.4,52,57501348,107.1067524,127.6,0.8,1.8156645608337976,0.6887182659764759,3.462638063033643,-6.011963912775453,0.35457683627352027,-5.494309473272709,-0.6965083934593526,0.3908092462231815,0.20309911502985492,10,0.1419903554363136,0.6539552019665499,0.8611090508538292,6.8235403826284395,4.475278011280464,11.852754485670708,0.08161544065493608,0.09911135964823509,0.21718237192520917,44.4,52,57501348,107.1067524,127.6,0.8,1.8156645608337976,0.6887182659764759,3.462638063033643,-6.011963912775453,0.35457683627352027,-5.494309473272709,-0.6965083934593526,0.3908092462231815,0.20309911502985492,10,0.1419903554363136,0.6539552019665499,0.8611090508538292,6.8235403826284395,4.475278011280464,11.852754485670708,0.08161544065493608,0.09911135964823509,0.21718237192520917,44.4,52,57501348,107.1067524,127.6,0.8,0.0,0.0,0.0,0.0,0.0,0.0,0.0,0.0,0.0,0,0.0,0,0,0.0,0.0,0.0,0,0,0,0,0,0,0,0.0,52,7311616,127.6,1.2833333333333332,0.44999999999999996,2.1133333333333333,0.14000000000000012,3,39.333333333333336,14127442,0.8244461820584097,0.8318788232153959,0.8318788232153959
WCr3S8,dc4259e69783,X->G,1.317,0,0.887,0.009,0.5082769606129934,180.0,-0.5082769606129934,0.0,0.0,0.5,0.0,0.0,0.0,0.25,0.0,1,1,2,4,4.882771840915935,1.0595060677777148,6.453853001379971,-8.274556301550907,0.279744470325789,-8.030008719758085,0.7207011537542468,0.6193239548255532,1.6498272714388826,12,4.114350029258574,3.833981866419253,12.012653813116653,12.986300689651614,5.9335273008345615,22.76640003490126,0.009712217920061507,0.35133034669416036,0.84394553883595,22.833333333333332,74,31506192,49.695691666666676,183.84,0.08333333333333333,4.882771840915935,1.0595060677777148,6.453853001379971,-8.274556301550907,0.279744470325789,-8.030008719758085,0.7207011537542468,0.6193239548255532,1.6498272714388826,12,4.114350029258574,3.833981866419253,12.012653813116653,12.986300689651614,5.9335273008345615,22.76640003490126,0.009712217920061507,0.35133034669416036,0.84394553883595,22.833333333333332,74,31506192,49.695691666666676,183.84,0.08333333333333333,4.882771840915935,1.0595060677777148,6.453853001379971,-8.274556301550907,0.279744470325789,-8.030008719758085,0.7207011537542468,0.6193239548255532,1.6498272714388826,12,4.114350029258574,3.833981866419253,12.012653813116653,12.986300689651614,5.9335273008345615,22.76640003490126,0.009712217920061507,0.35133034669416036,0.84394553883595,22.833333333333332,74,31506192,49.695691666666676,183.84,0.08333333333333333,0.0,0.0,0.0,0.0,0.0,0.0,0.0,0.0,0.0,0,0.0,0,0,0.0,0.0,0.0,0,0,0,0,0,0,0,0.0,74,29986576,183.84,1.25,0.3999999999999999,2.1999999999999997,0.9200000000000002,3,38.0,30383888,0.134076482189789,0.1114644811375034,0.134076482189789
Cr2Mo2Te8,988b11badabb,X->G,1.105,0,0.575,0.067,0.4471347844703027,180.0,-0.4471347844703027,0.0,0.0,0.5,0.0,0.0,0.0,0.25,0.0,1,1,2,4,2.932381778915681,0.8314531727000525,4.271509697547226,-7.006909919609899,1.253044124415877,-6.07740240612844,-0.3690091413112597,0.45247155652268983,0.3474510300486299,12,1.5406780056698588,1.708587639699576,5.059485682554257,7.673742435985567,6.5987717312691725,22.272008350983374,0.03021934727529213,0.059760657490937494,0.09671759166291698,45.666666666666664,52,65379872,109.72268333333331,127.6,0.8333333333333334,2.932381778915681,0.8314531727000525,4.271509697547226,-7.006909919609899,1.253044124415877,-6.07740240612844,-0.3690091413112597,0.45247155652268983,0.3474510300486299,12,1.5406780056698588,1.708587639699576,5.059485682554257,7.673742435985567,6.5987717312691725,22.272008350983374,0.03021934727529213,0.059760657490937494,0.09671759166291698,45.666666666666664,52,65379872,109.72268333333331,127.6,0.8333333333333334,2.932381778915681,0.8314531727000525,4.271509697547226,-7.006909919609899,1.253044124415877,-6.07740240612844,-0.3690091413112597,0.45247155652268983,0.3474510300486299,12,1.5406780056698588,1.708587639699576,5.059485682554257,7.673742435985567,6.5987717312691725,22.272008350983374,0.03021934727529213,0.059760657490937494,0.09671759166291698,45.666666666666664,52,65379872,109.72268333333331,127.6,0.8333333333333334,0.0,0.0,0.0,0.0,0.0,0.0,0.0,0.0,0.0,0,0.0,0,0,0.0,0.0,0.0,0,0,0,0,0,0,0,0.0,52,7311616,127.6,1.4166666666666667,0.050000000000000044,1.9733333333333334,0.5000000000000002,3,39.333333333333336,10755088,0.2124826412893839,0.1041993926048926,0.2124826412893839
Cr2Mo2Te8,988b11badabb,Y->S,0.842,0,0.575,0.067,0.4471347844703027,0.0,0.4471347844703027,0.0,0.0,0.0,0.5,0.5,0.5,0.25,0.5,1,1,2,4,2.932381778915681,0.8314531727000525,4.271509697547226,-7.006909919609899,1.253044124415877,-6.07740240612844,-0.3690091413112597,0.45247155652268983,0.3474510300486299,12,1.5406780056698588,1.708587639699576,5.059485682554257,7.673742435985567,6.5987717312691725,22.272008350983374,0.03021934727529213,0.059760657490937494,0.09671759166291698,45.666666666666664,52,65379872,109.72268333333331,127.6,0.8333333333333334,2.4223238138085197,0.9528780372084776,4.16904271007589,-6.057373655527486,1.117030335626822,-5.199797121458841,-0.46569303264145107,0.5109727482192756,0.45003760233765827,11,0.8832751775987198,1.3836939018273082,4.927386318331649,4.88651611643779,4.638881904389949,17.167224177223805,0.06468973279761032,0.08789256752993846,0.20265669683099313,47.63636363636363,52,65048096,114.97055454545453,127.6,0.9090909090909091,2.4223238138085197,0.9528780372084776,4.16904271007589,-6.057373655527486,1.117030335626822,-5.199797121458841,-0.46569303264145107,0.5109727482192756,0.45003760233765827,11,0.8832751775987198,1.3836939018273082,4.927386318331649,4.88651611643779,4.638881904389949,17.167224177223805,0.06468973279761032,0.08789256752993846,0.20265669683099313,47.63636363636363,52,65048096,114.97055454545453,127.6,0.9090909090909091,2.4223238138085197,0.9528780372084776,4.16904271007589,-6.057373655527486,1.117030335626822,-5.199797121458841,-0.46569303264145107,0.5109727482192756,0.45003760233765827,11,47.63636363636363,52,65048096,114.97055454545453,127.6,0.9090909090909091,0,0,0,0,0,0,0,40.92156713624781,52,7311616,127.6,1.4166666666666667,0.050000000000000044,1.9733333333333334,0.5000000000000002,3,39.333333333333336,10755088,0.2124826412893839,0.1041993926048926,0.2124826412893839
Cr2Mo2Te8,988b11badabb,G->S,0.735,0,0.575,0.067,0.6826221758307679,49.078432863752205,0.4471347844703027,0.5157940669032823,0.0,0.0,0.0,0.5,0.5,0.25,0.25,1,1,2,4,2.932381778915681,0.8314531727000525,4.271509697547226,-7.006909919609899,1.253044124415877,-6.07740240612844,-0.3690091413112597,0.45247155652268983,0.3474510300486299,12,1.5406780056698588,1.708587639699576,5.059485682554257,7.673742435985567,6.5987717312691725,22.272008350983374,0.03021934727529213,0.059760657490937494,0.09671759166291698,45.666666666666664,52,65379872,109.72268333333331,127.6,0.8333333333333334,2.4223238138085197,0.9528780372084776,4.16904271007589,-6.057373655527486,1.117030335626822,-5.199797121458841,-0.46569303264145107,0.5109727482192756,0.45003760233765827,11,0.8832751775987198,1.3836939018273082,4.927386318331649,4.88651611643779,4.638881904389949,17.167224177223805,0.06468973279761032,0.08789256752993846,0.20265669683099313,47.63636363636363,52,65048096,114.97055454545453,127.6,0.9090909090909091,2.4223238138085197,0.9528780372084776,4.16904271007589,-6.057373655527486,1.117030335626822,-5.199797121458841,-0.46569303264145107,0.5109727482192756,0.45003760233765827,11,0.8832751775987198,1.3836939018273082,4.927386318331649,4.88651611643779,4.638881904389949,17.167224177223805,0.06468973279761032,0.08789256752993846,0.20265669683099313,47.63636363636363,52,65048096,114.97055454545453,127.6,0.9090909090909091,0.0,0.0,0.0,0.0,0.0,0.0,0.0,0.0,0.0,0,0.0,0,0,0.0,0.0,0.0,0,0,0,0,0,0,0,0.0,52,7311616,127.6,1.4166666666666667,0.050000000000000044,1.9733333333333334,0.5000000000000002,3,39.333333333333336,10755088,0.2124826412893839,0.1041993926048926,0.2124826412893839
ISbSe,343d2125478e,G->M,1.17,1,1.078,0.13,0.8949702655375834,30.000000008527763,0.7750669855206493,0.4474851328841508,0.0,0.0,0.0,0.5,0.0,0.25,0.0,1,3,6,10,0.49073857343533067,0.19088693214185148,0.7048008264667931,-1.8005252060029644,0.1060192168791226,-1.7065867568448425,-0.06581942549863196,0.11257233774511971,0.07196016369527117,3,0.011404456393631865,0.006919677637703274,0.02088382227293514,0.3719486680278174,0.13609743004014765,0.518747725577806,-0.0023100545187712215,0.005855713509623103,0.003919057710104036,46.0,53,15992018,109.20815666666665,126.90447,1.0,0.49073857343533067,0.19088693214185148,0.7048008264667931,-1.8005252060029644,0.1060192168791226,-1.7065867568448425,-0.06581942549863196,0.11257233774511971,0.07196016369527117,3,0.011404456393631865,0.006919677637703274,0.02088382227293514,0.3719486680278174,0.13609743004014765,0.518747725577806,-0.0023100545187712215,0.005855713509623103,0.003919057710104036,46.0,53,15992018,109.20815666666665,126.90447,1.0,0.49073857343533067,0.19088693214185148,0.7048008264667931,-1.8005252060029644,0.1060192168791226,-1.7065867568448425,-0.06581942549863196,0.11257233774511971,0.07196016369527117,3,0.011404456393631865,0.006919677637703274,0.02088382227293514,0.3719486680278174,0.13609743004014765,0.518747725577806,-0.0023100545187712215,0.005855713509623103,0.003919057710104036,46.0,53,15992018,109.20815666666665,126.90447,1.0,0.0,0.0,0.0,0.0,0.0,0.0,0.0,0.0,0.0,0,0.0,0,0,0.0,0.0,0.0,0,0,0,0,0,0,0,0.0,53,7890481,126.90447,1.3333333333333333,0.30000000000000004,2.42,0.6100000000000003,3,46.0,15992018,0.8991816494298284,0.9133427007098202,0.9133427007098202
ISbSe,343d2125478e,G->K,0.954,1,1.078,0.13,1.033422647627276,60.00000000852776,0.5167113236804328,0.8949702657683015,0.0,0.0,0.0,0.3333333333333333,0.3333333333333333,0.16666666666666666,0.16666666666666666,1,6,12,19,0.49073857343533067,0.19088693214185148,0.7048008264667931,-1.8005252060029644,0.1060192168791226,-1.7065867568448425,-0.06581942549863196,0.11257233774511971,0.07196016369527117,3,0.011404456393631865,0.006919677637703274,0.02088382227293514,0.3719486680278174,0.13609743004014765,0.518747725577806,-0.0023100545187712215,0.005855713509623103,0.003919057710104036,46.0,53,15992018,109.20815666666665,126.90447,1.0,0.49073857343533067,0.19088693214185148,0.7048008264667931,-1.8005252060029644,0.1060192168791226,-1.7065867568448425,-0.06581942549863196,0.11257233774511971,0.07196016369527117,3,0.011404456393631865,0.006919677637703274,0.02088382227293514,0.3719486680278174,0.13609743004014765,0.518747725577806,-0.0023100545187712215,0.005855713509623103,0.003919057710104036,46.0,53,15992018,109.20815666666665,126.90447,1.0,0.49073857343533067,0.19088693214185148,0.7048008264667931,-1.8005252060029644,0.1060192168791226,-1.7065867568448425,-0.06581942549863196,0.11257233774511971,0.07196016369527117,3,0.011404456393631865,0.006919677637703274,0.02088382227293514,0.3719486680278174,0.13609743004014765,0.518747725577806,-0.0023100545187712215,0.005855713509623103,0.003919057710104036,46.0,53,15992018,109.20815666666665,126.90447,1.0,0.0,0.0,0.0,0.0,0.0,0.0,0.0,0.0,0.0,0,0.0,0,0,0.0,0.0,0.0,0,0,0,0,0,0,0,0.0,53,7890481,126.90447,1.3333333333333333,0.30000000000000004,2.42,0.6100000000000003,3,46.0,15992018,0.8991816494298284,0.9133427007098202,0.9133427007098202
Bi2P2Te6,cf7927ab6730,G->Y,1.814,1,0.507,0.14,0.4701919578107924,90.00000000000001,-3.6653048241269107e-17,0.4701919578107924,0.0,0.0,0.0,0.0,0.5,0.0,0.25,1,1,2,4,1.697605704907812,0.7234511667555168,3.435409217262589,-5.734046355997432,0.40867536089652995,-5.299368183687756,-0.7625621975234311,0.4022711456713893,0.18056478439038276,10,0.0629680145119772,0.5918194214520243,0.6233738445467206,6.017240224129855,4.183928312987668,11.081737889416415,0.10963778303377505,0.10476835392621398,0.2317861984016448,50.8,83,138887588,124.55083239999999,208.9804,0.8,1.697605704907812,0.7234511667555168,3.435409217262589,-5.734046355997432,0.40867536089652995,-5.299368183687756,-0.7625621975234311,0.4022711456713893,0.18056478439038276,10,0.0629680145119772,0.5918194214520243,0.6233738445467206,6.017240224129855,4.183928312987668,11.081737889416415,0.10963778303377505,0.10476835392621398,0.2317861984016448,50.8,83,138887588,124.55083239999999,208.9804,0.8,1.697605704907812,0.7234511667555168,3.435409217262589,-5.734046355997432,0.40867536089652995,-5.299368183687756,-0.7625621975234311,0.4022711456713893,0.18056478439038276,10,0.0629680145119772,0.5918194214520243,0.6233738445467206,6.017240224129855,4.183928312987668,11.081737889416415,0.10963778303377505,0.10476835392621398,0.2317861984016448,50.8,83,138887588,124.55083239999999,208.9804,0.8,0.0,0.0,0.0,0.0,0.0,0.0,0.0,0.0,0.0,0,0.0,0,0,0.0,0.0,0.0,0,0,0,0,0,0,0,0.0,83,47458321,208.9804,1.3333333333333333,0.6000000000000001,2.1033333333333335,0.16999999999999993,3,50.0,54820562,0.8519428236956959,0.8422307722599669,0.8422307722599669
Bi2P2Te6,cf7927ab6730,Y->G,1.725,1,0.507,0.14,0.4701919578107924,-90.0,3.6653048241269107e-17,-0.4701919578107924,0.0,0.0,0.5,0.0,0.0,0.0,0.25,1,1,2,4,1.697605704907812,0.7234511667555168,3.435409217262589,-5.734046355997432,0.40867536089652995,-5.299368183687756,-0.7625621975234311,0.4022711456713893,0.18056478439038276,10,0.0629680145119772,0.5918194214520243,0.6233738445467206,6.017240224129855,4.183928312987668,11.081737889416415,0.10963778303377505,0.10476835392621398,0.2317861984016448,50.8,83,138887588,124.55083239999999,208.9804,0.8,1.697605704907812,0.7234511667555168,3.435409217262589,-5.734046355997432,0.40867536089652995,-5.299368183687756,-0.7625621975234311,0.4022711456713893,0.18056478439038276,10,0.0629680145119772,0.5918194214520243,0.6233738445467206,6.017240224129855,4.183928312987668,11.081737889416415,0.10963778303377505,0.10476835392621398,0.2317861984016448,50.8,83,138887588,124.55083239999999,208.9804,0.8,1.697605704907812,0.7234511667555168,3.435409217262589,-5.734046355997432,0.40867536089652995,-5.299368183687756,-0.7625621975234311,0.4022711456713893,0.18056478439038276,10,0.0629680145119772,0.5918194214520243,0.6233738445467206,6.017240224129855,4.183928312987668,11.081737889416415,0.10963778303377505,0.10476835392621398,0.2317861984016448,50.8,83,138887588,124.55083239999999,208.9804,0.8,0.0,0.0,0.0,0.0,0.0,0.0,0.0,0.0,0.0,0,0.0,0,0,0.0,0.0,0.0,0,0,0,0,0,0,0,0.0,83,47458321,208.9804,1.3333333333333333,0.6000000000000001,2.1033333333333335,0.16999999999999993,3,50.0,54820562,0.8519428236956959,0.8422307722599669,0.8422307722599669
Bi2P2Te6,cf7927ab6730,X->G,1.692,1,0.507,0.14,0.4710276744212195,-150.058674084781,-0.4081628973500358,-0.2350959789053962,0.0,0.5,0.0,0.0,0.0,0.25,0.0,1,1,2,4,1.697605704907812,0.7234511667555168,3.435409217262589,-5.734046355997432,0.40867536089652995,-5.299368183687756,-0.7625621975234311,0.4022711456713893,0.18056478439038276,10,0.0629680145119772,0.5918194214520243,0.6233738445467206,6.017240224129855,4.183928312987668,11.081737889416415,0.10963778303377505,0.10476835392621398,0.2317861984016448,50.8,83,138887588,124.55083239999999,208.9804,0.8,1.697605704907812,0.7234511667555168,3.435409217262589,-5.734046355997432,0.40867536089652995,-5.299368183687756,-0.7625621975234311,0.4022711456713893,0.18056478439038276,10,0.0629680145119772,0.5918194214520243,0.6233738445467206,6.017240224129855,4.183928312987668,11.081737889416415,0.10963778303377505,0.10476835392621398,0.2317861984016448,50.8,83,138887588,124.55083239999999,208.9804,0.8,1.697605704907812,0.7234511667555168,3.435409217262589,-5.734046355997432,0.40867536089652995,-5.299368183687756,-0.7625621975234311,0.4022711456713893,0.18056478439038276,10,0.0629680145119772,0.5918194214520243,0.6233738445467206,6.017240224129855,4.183928312987668,11.081737889416415,0.10963778303377505,0.10476835392621398,0.2317861984016448,50.8,83,138887588,124.55083239999999,208.9804,0.8,0.0,0.0,0.0,0.0,0.0,0.0,0.0,0.0,0.0,0,0.0,0,0,0.0,0.0,0.0,0,0,0,0,0,0,0,0.0,83,47458321,208.9804,1.3333333333333333,0.6000000000000001,2.1033333333333335,0.16999999999999993,3,50.0,54820562,0.8519428236956959,0.8422307722599669,0.8422307722599669
Bi2P2Te6,cf7927ab6730,G->X,1.809,1,0.507,0.14,0.4710276744212195,29.94132591521901,0.4081628973500358,0.2350959789053962,0.0,0.0,0.0,0.5,0.0,0.25,0.0,1,1,2,4,1.697605704907812,0.7234511667555168,3.435409217262589,-5.734046355997432,0.40867536089652995,-5.299368183687756,-0.7625621975234311,0.4022711456713893,0.18056478439038276,10,0.0629680145119772,0.5918194214520243,0.6233738445467206,6.017240224129855,4.183928312987668,11.081737889416415,0.10963778303377505,0.10476835392621398,0.2317861984016448,50.8,83,138887588,124.55083239999999,208.9804,0.8,1.697605704907812,0.7234511667555168,3.435409217262589,-5.734046355997432,0.40867536089652995,-5.299368183687756,-0.7625621975234311,0.4022711456713893,0.18056478439038276,10,0.0629680145119772,0.5918194214520243,0.6233738445467206,6.017240224129855,4.183928312987668,11.081737889416415,0.10963778303377505,0.10476835392621398,0.2317861984016448,50.8,83,138887588,124.55083239999999,208.9804,0.8,1.697605704907812,0.7234511667555168,3.435409217262589,-5.734046355997432,0.40867536089652995,-5.299368183687756,-0.7625621975234311,0.4022711456713893,0.18056478439038276,10,0.0629680145119772,0.5918194214520243,0.6233738445467206,6.017240224129855,4.183928312987668,11.081737889416415,0.10963778303377505,0.10476835392621398,0.2317861984016448,50.8,83,138887588,124.55083239999999,208.9804,0.8,0.0,0.0,0.0,0.0,0.0,0.0,0.0,0.0,0.0,0,0.0,0,0,0.0,0.0,0.0,0,0,0,0,0,0,0,0.0,83,47458321,208.9804,1.3333333333333333,0.6000000000000001,2.1033333333333335,0.16999999999999993,3,50.0,54820562,0.8519428236956959,0.8422307722599669,0.8422307722599669
HgTe,1a3bdd1b142a,G->M,0.501,0,0.132,0.165,0.7666819487774567,29.99999999172793,0.6639660443195821,0.3833409742928683,0.0,0.0,0.0,0.5,0.0,0.25,0.0,1,3,6,10,0.5446771771433853,0.0,0.5446771771433853,-0.9351443495935298,0.0,-0.9351443495935298,0.12745877874124967,0.0,0.12745877874124967,2,0.0,0.0,0.0,0.0,0.0,0.0,0.0,0.0,0.0,66.0,80,48271616,164.095,200.59,1.0,0.5446771771433853,0.0,0.5446771771433853,-0.9351443495935298,0.0,-0.9351443495935298,0.12745877874124967,0.0,0.12745877874124967,2,0.0,0.0,0.0,0.0,0.0,0.0,0.0,0.0,0.0,66.0,80,48271616,164.095,200.59,1.0,0.5446771771433853,0.0,0.5446771771433853,-0.9351443495935298,0.0,-0.9351443495935298,0.12745877874124967,0.0,0.12745877874124967,2,0.0,0.0,0.0,0.0,0.0,0.0,0.0,0.0,0.0,66.0,80,48271616,164.095,200.59,1.0,0.0,0.0,0.0,0.0,0.0,0.0,0.0,0.0,0.0,0,0.0,0,0,0.0,0.0,0.0,0,0,0,0,0,0,0,0.0,80,40960000,200.59,1.45,0.10000000000000009,2.05,0.10000000000000009,2,66.0,48271616,0.8163718961430929,0.6004465462984125,0.8163718961430929
HgTe,1a3bdd1b142a,G->K,0.618,0,0.132,0.165,0.8852880588713966,59.99999999172792,0.44264402954638804,0.7666819485857365,0.0,0.0,0.0,0.3333333333333333,0.3333333333333333,0.16666666666666666,0.16666666666666666,1,6,12,19,0.5446771771433853,0.0,0.5446771771433853,-0.9351443495935298,0.0,-0.9351443495935298,0.12745877874124967,0.0,0.12745877874124967,2,0.0,0.0,0.0,0.0,0.0,0.0,0.0,0.0,0.0,66.0,80,48271616,164.095,200.59,1.0,0.5446771771433853,0.0,0.5446771771433853,-0.9351443495935298,0.0,-0.9351443495935298,0.12745877874124967,0.0,0.12745877874124967,2,0.0,0.0,0.0,0.0,0.0,0.0,0.0,0.0,0.0,66.0,80,48271616,164.095,200.59,1.0,0.5446771771433853,0.0,0.5446771771433853,-0.9351443495935298,0.0,-0.9351443495935298,0.12745877874124967,0.0,0.12745877874124967,2,0.0,0.0,0.0,0.0,0.0,0.0,0.0,0.0,0.0,66.0,80,48271616,164.095,200.59,1.0,0.0,0.0,0.0,0.0,0.0,0.0,0.0,0.0,0.0,0,0.0,0,0,0.0,0.0,0.0,0,0,0,0,0,0,0,0.0,80,40960000,200.59,1.45,0.10000000000000009,2.05,0.10000000000000009,2,66.0,48271616,0.8163718961430929,0.6004465462984125,0.8163718961430929
BiBrTe,304bc6a92d82,M->K,1.13,0,0.878,0.0,0.4822187332200551,120.00000003531756,-0.24110936686744777,0.41761367300069707,0.0,0.5,0.0,0.3333333333333333,0.3333333333333333,0.41666666666666663,0.16666666666666666,3,6,12,21,0.4211362540983643,0.1465991310511269,0.6278629744969029,-1.5613630637103506,0.30689517634987085,-1.3430495846442807,-0.11528731602927601,0.11155282196690731,0.042284173488098,3,0.00045946856670391116,0.0005583941977259174,0.0008853496458866027,0.16220306392056516,0.11706211282593207,0.24688449939581453,-0.0021445230590618606,0.001719683050394791,-1.3478364685982665e-06,56.666666666666664,83,56270562,138.82813333333334,208.9804,1.0,0.4211362540983643,0.1465991310511269,0.6278629744969029,-1.5613630637103506,0.30689517634987085,-1.3430495846442807,-0.11528731602927601,0.11155282196690731,0.042284173488098,3,0.00045946856670391116,0.0005583941977259174,0.0008853496458866027,0.16220306392056516,0.11706211282593207,0.24688449939581453,-0.0021445230590618606,0.001719683050394791,-1.3478364685982665e-06,56.666666666666664,83,56270562,138.82813333333334,208.9804,1.0,0.4211362540983643,0.1465991310511269,0.6278629744969029,-1.5613630637103506,0.30689517634987085,-1.3430495846442807,-0.11528731602927601,0.11155282196690731,0.042284173488098,3,0.00045946856670391116,0.0005583941977259174,0.0008853496458866027,0.16220306392056516,0.11706211282593207,0.24688449939581453,-0.0021445230590618606,0.001719683050394791,-1.3478364685982665e-06,56.666666666666664,83,56270562,138.82813333333334,208.9804,1.0,0.4211362540983643,0.1465991310511269,0.6278629744969029,-1.5613630637103506,0.30689517634987085,-1.3430495846442807,-0.11528731602927601,0.11155282196690731,0.042284173488098,3,56.666666666666664,83,56270562,138.82813333333334,208.9804,1.0,0,0,0,0,0,0,0,29.99999996191818,83,47458321,208.9804,1.3833333333333335,0.4500000000000002,2.36,0.94,3,56.666666666666664,56270562,0.8941369584845804,0.9109066585302884,0.8941369584845804
BiBrTe,304bc6a92d82,M->K,1.08,1,0.878,0.0,0.4822187332200551,120.00000003531756,-0.24110936686744777,0.41761367300069707,0.0,0.5,0.0,0.3333333333333333,0.3333333333333333,0.41666666666666663,0.16666666666666666,3,6,12,21,0.4211362540983643,0.1465991310511269,0.6278629744969029,-1.5613630637103506,0.30689517634987085,-1.3430495846442807,-0.11528731602927601,0.11155282196690731,0.042284173488098,3,0.00045946856670391116,0.0005583941977259174,0.0008853496458866027,0.16220306392056516,0.11706211282593207,0.24688449939581453,-0.0021445230590618606,0.001719683050394791,-1.3478364685982665e-06,56.666666666666664,83,56270562,138.82813333333334,208.9804,1.0,0.4211362540983643,0.1465991310511269,0.6278629744969029,-1.5613630637103506,0.30689517634987085,-1.3430495846442807,-0.11528731602927601,0.11155282196690731,0.042284173488098,3,0.00045946856670391116,0.0005583941977259174,0.0008853496458866027,0.16220306392056516,0.11706211282593207,0.24688449939581453,-0.0021445230590618606,0.001719683050394791,-1.3478364685982665e-06,56.666666666666664,83,56270562,138.82813333333334,208.9804,1.0,0.4211362540983643,0.1465991310511269,0.6278629744969029,-1.5613630637103506,0.30689517634987085,-1.3430495846442807,-0.11528731602927601,0.11155282196690731,0.042284173488098,3,0.00045946856670391116,0.0005583941977259174,0.0008853496458866027,0.16220306392056516,0.11706211282593207,0.24688449939581453,-0.0021445230590618606,0.001719683050394791,-1.3478364685982665e-06,56.666666666666664,83,56270562,138.82813333333334,208.9804,1.0,0.4211362540983643,0.1465991310511269,0.6278629744969029,-1.5613630637103506,0.30689517634987085,-1.3430495846442807,-0.11528731602927601,0.11155282196690731,0.042284173488098,3,56.666666666666664,83,56270562,138.82813333333334,208.9804,1.0,0,0,0,0,0,0,0,29.99999996191818,83,47458321,208.9804,1.3833333333333335,0.4500000000000002,2.36,0.94,3,56.666666666666664,56270562,0.8941369584845804,0.9109066585302884,0.9109066585302884
MoW3S8,2f6f133abcc8,X->G,2.241,0,1.552,0.0,0.49284120722705393,180.0,-0.49284120722705393,0.0,0.0,0.5,0.0,0.0,0.0,0.25,0.0,1,1,2,4,4.30802166931663,1.0646925214350433,5.820171049371485,-8.012486792004017,0.558707392160914,-7.612064738401055,0.3690703386988325,0.6050535934905025,1.2272977054275105,12,3.1960737975073656,3.136699555755772,9.561430282945032,11.643323569450096,6.127092876531924,23.484388092425768,-0.03269762584499576,0.21476215939056711,0.5188854305215704,32.666666666666664,74,93595712,75.33166666666669,183.84,0.3333333333333333,4.30802166931663,1.0646925214350433,5.820171049371485,-8.012486792004017,0.558707392160914,-7.612064738401055,0.3690703386988325,0.6050535934905025,1.2272977054275105,12,3.1960737975073656,3.136699555755772,9.561430282945032,11.643323569450096,6.127092876531924,23.484388092425768,-0.03269762584499576,0.21476215939056711,0.5188854305215704,32.666666666666664,74,93595712,75.33166666666669,183.84,0.3333333333333333,4.30802166931663,1.0646925214350433,5.820171049371485,-8.012486792004017,0.558707392160914,-7.612064738401055,0.3690703386988325,0.6050535934905025,1.2272977054275105,12,3.1960737975073656,3.136699555755772,9.561430282945032,11.643323569450096,6.127092876531924,23.484388092425768,-0.03269762584499576,0.21476215939056711,0.5188854305215704,32.666666666666664,74,93595712,75.33166666666669,183.84,0.3333333333333333,0.0,0.0,0.0,0.0,0.0,0.0,0.0,0.0,0.0,0,0.0,0,0,0.0,0.0,0.0,0,0,0,0,0,0,0,0.0,74,29986576,183.84,1.2666666666666666,0.44999999999999996,2.3666666666666667,0.41999999999999993,3,44.0,33163808,0.2120919784501239,0.2250064564826057,0.2120919784501239
MoW3S8,2f6f133abcc8,S->Y,1.202,1,1.552,0.0,0.49284120722705393,180.0,-0.49284120722705393,0.0,0.0,0.5,0.5,0.0,0.5,0.25,0.5,1,1,2,4,3.6448124486660602,1.2179670141871337,5.575857691797087,-7.138615688167153,0.4070447471204765,-6.861332647794326,0.18110986718175087,0.6704722862170065,1.241584034528329,11,1.9544125809623778,2.5453998862427283,9.117592208187476,8.838154644381492,4.332082663879336,16.45484062967177,-0.04641096558708713,0.18441414500373415,0.5146327777695578,31.818181818181817,74,90484016,73.45818181818184,183.84,0.2727272727272727,3.6448124486660602,1.2179670141871337,5.575857691797087,-7.138615688167153,0.4070447471204765,-6.861332647794326,0.18110986718175087,0.6704722862170065,1.241584034528329,11,1.9544125809623778,2.5453998862427283,9.117592208187476,8.838154644381492,4.332082663879336,16.45484062967177,-0.04641096558708713,0.18441414500373415,0.5146327777695578,31.818181818181817,74,90484016,73.45818181818184,183.84,0.2727272727272727,4.30802166931663,1.0646925214350433,5.820171049371485,-8.012486792004017,0.558707392160914,-7.612064738401055,0.3690703386988325,0.6050535934905025,1.2272977054275105,12,3.1960737975073656,3.136699555755772,9.561430282945032,11.643323569450096,6.127092876531924,23.484388092425768,-0.03269762584499576,0.21476215939056711,0.5188854305215704,32.666666666666664,74,93595712,75.33166666666669,183.84,0.3333333333333333,3.6448124486660602,1.2179670141871337,5.575857691797087,-7.138615688167153,0.4070447471204765,-6.861332647794326,0.18110986718175087,0.6704722862170065,1.241584034528329,11,31.818181818181817,74,90484016,73.45818181818184,183.84,0.2727272727272727,0,0,0,0,0,0,0,40.88871098969732,74,29986576,183.84,1.2666666666666666,0.44999999999999996,2.3666666666666667,0.41999999999999993,3,44.0,33163808,0.2120919784501239,0.2250064564826057,0.2250064564826057
BiClSe,7fe9c5cb910c,M->K,0.679,0,1.601,0.119,0.519847457637338,119.99999999593344,-0.259923728786716,0.4502011044251375,-1.4256077245128063e-18,0.5,0.0,0.3333333333333333,0.3333333333333333,0.41666666666666663,0.16666666666666666,3,6,12,21,0.6229011160527564,0.16231775933570974,0.845790038971791,-1.9109347320288028,0.030480211858445978,-1.877884853550792,0.020778813656640516,0.08934727228370906,0.14461020085238643,3,0.0305826554216312,0.011333953476045006,0.04648388286994084,0.4447917600307146,0.13901248243174216,0.5682760074440725,-0.002864995839974399,0.0031042602398423974,0.0012515492787377078,44.666666666666664,83,48878178,107.79780000000001,208.9804,0.6666666666666666,0.6229011160527564,0.16231775933570974,0.845790038971791,-1.9109347320288028,0.030480211858445978,-1.877884853550792,0.020778813656640516,0.08934727228370906,0.14461020085238643,3,0.0305826554216312,0.011333953476045006,0.04648388286994084,0.4447917600307146,0.13901248243174216,0.5682760074440725,-0.002864995839974399,0.0031042602398423974,0.0012515492787377078,44.666666666666664,83,48878178,107.79780000000001,208.9804,0.6666666666666666,0.6229011160527564,0.16231775933570974,0.845790038971791,-1.9109347320288028,0.030480211858445978,-1.877884853550792,0.020778813656640516,0.08934727228370906,0.14461020085238643,3,0.0305826554216312,0.011333953476045006,0.04648388286994084,0.4447917600307146,0.13901248243174216,0.5682760074440725,-0.002864995839974399,0.0031042602398423974,0.0012515492787377078,44.666666666666664,83,48878178,107.79780000000001,208.9804,0.6666666666666666,0.6229011160527564,0.16231775933570974,0.845790038971791,-1.9109347320288028,0.030480211858445978,-1.877884853550792,0.020778813656640516,0.08934727228370906,0.14461020085238643,3,44.666666666666664,83,48878178,107.79780000000001,208.9804,0.6666666666666666,0,0,0,0,0,0,0,30.000000000000004,83,47458321,208.9804,1.25,0.6000000000000001,2.5766666666666667,1.1400000000000001,3,44.666666666666664,48878178,0.9114345157094904,0.93294310439798,0.9114345157094904
BiClSe,7fe9c5cb910c,M->G,0.746,1,1.601,0.119,0.9004022087395867,-149.99999999593345,-0.779771186360148,-0.4502011044251375,-4.276823173538419e-18,0.5,0.0,0.0,0.0,0.25,0.0,3,1,6,10,0.6229011160527564,0.16231775933570974,0.845790038971791,-1.9109347320288028,0.030480211858445978,-1.877884853550792,0.020778813656640516,0.08934727228370906,0.14461020085238643,3,0.0305826554216312,0.011333953476045006,0.04648388286994084,0.4447917600307146,0.13901248243174216,0.5682760074440725,-0.002864995839974399,0.0031042602398423974,0.0012515492787377078,44.666666666666664,83,48878178,107.79780000000001,208.9804,0.6666666666666666,0.6229011160527564,0.16231775933570974,0.845790038971791,-1.9109347320288028,0.030480211858445978,-1.877884853550792,0.020778813656640516,0.08934727228370906,0.14461020085238643,3,0.0305826554216312,0.011333953476045006,0.04648388286994084,0.4447917600307146,0.13901248243174216,0.5682760074440725,-0.002864995839974399,0.0031042602398423974,0.0012515492787377078,44.666666666666664,83,48878178,107.79780000000001,208.9804,0.6666666666666666,0.6229011160527564,0.16231775933570974,0.845790038971791,-1.9109347320288028,0.030480211858445978,-1.877884853550792,0.020778813656640516,0.08934727228370906,0.14461020085238643,3,0.0305826554216312,0.011333953476045006,0.04648388286994084,0.4447917600307146,0.13901248243174216,0.5682760074440725,-0.002864995839974399,0.0031042602398423974,0.0012515492787377078,44.666666666666664,83,48878178,107.79780000000001,208.9804,0.6666666666666666,0.0,0.0,0.0,0.0,0.0,0.0,0.0,0.0,0.0,0,0.0,0,0,0.0,0.0,0.0,0,0,0,0,0,0,0,0.0,83,47458321,208.9804,1.25,0.6000000000000001,2.5766666666666667,1.1400000000000001,3,44.666666666666664,48878178,0.9114345157094904,0.93294310439798,0.93294310439798
WMo3Te8,323fb700d903,X->G,1.501,0,0.923,0.005,0.44244229172300353,180.0,-0.44244229172300353,0.0,0.0,0.5,0.0,0.0,0.0,0.25,0.0,1,1,2,4,2.668085271489753,0.7936127338565003,3.798179969562411,-6.645724815392381,1.472395744495179,-5.5965905455168485,-0.4944812610682971,0.4253862259219954,0.11113598911073738,12,1.2139035063605486,1.3671358938247664,3.9975387235981685,6.6039285122440825,6.945141318802729,22.24562188877592,0.04740589455413507,0.07274754443619048,0.14407701756940408,51.333333333333336,74,97814592,124.37166666666663,183.84,1.0,2.668085271489753,0.7936127338565003,3.798179969562411,-6.645724815392381,1.472395744495179,-5.5965905455168485,-0.4944812610682971,0.4253862259219954,0.11113598911073738,12,1.2139035063605486,1.3671358938247664,3.9975387235981685,6.6039285122440825,6.945141318802729,22.24562188877592,0.04740589455413507,0.07274754443619048,0.14407701756940408,51.333333333333336,74,97814592,124.37166666666663,183.84,1.0,2.668085271489753,0.7936127338565003,3.798179969562411,-6.645724815392381,1.472395744495179,-5.5965905455168485,-0.4944812610682971,0.4253862259219954,0.11113598911073738,12,1.2139035063605486,1.3671358938247664,3.9975387235981685,6.6039285122440825,6.945141318802729,22.24562188877592,0.04740589455413507,0.07274754443619048,0.14407701756940408,51.333333333333336,74,97814592,124.37166666666663,183.84,1.0,0.0,0.0,0.0,0.0,0.0,0.0,0.0,0.0,0.0,0,0.0,0,0,0.0,0.0,0.0,0,0,0,0,0,0,0,0.0,74,29986576,183.84,1.3999999999999997,0.09999999999999987,2.2066666666666666,0.2599999999999998,3,56.0,40409888,0.3014358700618786,0.1389700062296471,0.3014358700618786
WMo3Te8,323fb700d903,G->S,1.292,0,0.923,0.005,0.6759457360999079,49.11423724864225,0.44244229172300353,0.5110258864740054,0.0,0.0,0.0,0.5,0.5,0.25,0.25,1,1,2,4,2.668085271489753,0.7936127338565003,3.798179969562411,-6.645724815392381,1.472395744495179,-5.5965905455168485,-0.4944812610682971,0.4253862259219954,0.11113598911073738,12,1.2139035063605486,1.3671358938247664,3.9975387235981685,6.6039285122440825,6.945141318802729,22.24562188877592,0.04740589455413507,0.07274754443619048,0.14407701756940408,51.333333333333336,74,97814592,124.37166666666663,183.84,1.0,2.2205451049507676,0.9294950168759122,3.7055966361417467,-5.662250778438566,1.338046254174591,-4.680383674114836,-0.5593530689708923,0.4941266191412336,0.22132461188355793,11,0.6927764234315998,1.1192867138340774,3.892026374651623,3.8446308706236536,4.95425915726893,17.587214071316428,0.08185236020475456,0.10462532253126376,0.25298262560805285,52.18181818181818,74,94702896,126.95636363636362,183.84,1.0,2.2205451049507676,0.9294950168759122,3.7055966361417467,-5.662250778438566,1.338046254174591,-4.680383674114836,-0.5593530689708923,0.4941266191412336,0.22132461188355793,11,0.6927764234315998,1.1192867138340774,3.892026374651623,3.8446308706236536,4.95425915726893,17.587214071316428,0.08185236020475456,0.10462532253126376,0.25298262560805285,52.18181818181818,74,94702896,126.95636363636362,183.84,1.0,0.0,0.0,0.0,0.0,0.0,0.0,0.0,0.0,0.0,0,0.0,0,0,0.0,0.0,0.0,0,0,0,0,0,0,0,0.0,74,29986576,183.84,1.3999999999999997,0.09999999999999987,2.2066666666666666,0.2599999999999998,3,56.0,40409888,0.3014358700618786,0.1389700062296471,0.3014358700618786
AsIS,b13beafa16aa,M->K,2.033,0,1.395,0.064,0.5448908289780512,119.99999999043433,-0.2724454144102424,0.4718893002296397,0.0,0.5,0.0,0.3333333333333333,0.3333333333333333,0.41666666666666663,0.16666666666666666,3,6,12,21,0.7637720265264267,0.29612984203659165,1.1212970911381697,-1.6791859114750123,0.11590454837771155,-1.529546443959513,0.06188450973399116,0.1654944456201861,0.2729415536233137,3,0.0061211307939370505,0.005002339900645959,0.01181284614663845,0.3029748718025207,0.22439994117108822,0.5337629861949487,-0.010948024161403697,0.01106537122923161,-1.427231711069773e-05,34.0,53,9141938,77.96369,126.90447,0.6666666666666666,0.7637720265264267,0.29612984203659165,1.1212970911381697,-1.6791859114750123,0.11590454837771155,-1.529546443959513,0.06188450973399116,0.1654944456201861,0.2729415536233137,3,0.0061211307939370505,0.005002339900645959,0.01181284614663845,0.3029748718025207,0.22439994117108822,0.5337629861949487,-0.010948024161403697,0.01106537122923161,-1.427231711069773e-05,34.0,53,9141938,77.96369,126.90447,0.6666666666666666,0.7637720265264267,0.29612984203659165,1.1212970911381697,-1.6791859114750123,0.11590454837771155,-1.529546443959513,0.06188450973399116,0.1654944456201861,0.2729415536233137,3,0.0061211307939370505,0.005002339900645959,0.01181284614663845,0.3029748718025207,0.22439994117108822,0.5337629861949487,-0.010948024161403697,0.01106537122923161,-1.427231711069773e-05,34.0,53,9141938,77.96369,126.90447,0.6666666666666666,0.7637720265264267,0.29612984203659165,1.1212970911381697,-1.6791859114750123,0.11590454837771155,-1.529546443959513,0.06188450973399116,0.1654944456201861,0.2729415536233137,3,34.0,53,9141938,77.96369,126.90447,0.6666666666666666,0,0,0,0,0,0,0,30.000000000000004,53,7890481,126.90447,1.1833333333333333,0.3999999999999999,2.473333333333333,0.48,3,34.0,9141938,0.8936670822854337,0.8952076420903963,0.8936670822854337
AsIS,b13beafa16aa,G->M,1.305,1,1.395,0.064,0.9437786001863665,30.00000000956568,0.8173362432307272,0.4718893002296397,0.0,0.0,0.0,0.5,0.0,0.25,0.0,1,3,6,10,0.7637720265264267,0.29612984203659165,1.1212970911381697,-1.6791859114750123,0.11590454837771155,-1.529546443959513,0.06188450973399116,0.1654944456201861,0.2729415536233137,3,0.0061211307939370505,0.005002339900645959,0.01181284614663845,0.3029748718025207,0.22439994117108822,0.5337629861949487,-0.010948024161403697,0.01106537122923161,-1.427231711069773e-05,34.0,53,9141938,77.96369,126.90447,0.6666666666666666,0.7637720265264267,0.29612984203659165,1.1212970911381697,-1.6791859114750123,0.11590454837771155,-1.529546443959513,0.06188450973399116,0.1654944456201861,0.2729415536233137,3,0.0061211307939370505,0.005002339900645959,0.01181284614663845,0.3029748718025207,0.22439994117108822,0.5337629861949487,-0.010948024161403697,0.01106537122923161,-1.427231711069773e-05,34.0,53,9141938,77.96369,126.90447,0.6666666666666666,0.7637720265264267,0.29612984203659165,1.1212970911381697,-1.6791859114750123,0.11590454837771155,-1.529546443959513,0.06188450973399116,0.1654944456201861,0.2729415536233137,3,0.0061211307939370505,0.005002339900645959,0.01181284614663845,0.3029748718025207,0.22439994117108822,0.5337629861949487,-0.010948024161403697,0.01106537122923161,-1.427231711069773e-05,34.0,53,9141938,77.96369,126.90447,0.6666666666666666,0.0,0.0,0.0,0.0,0.0,0.0,0.0,0.0,0.0,0,0.0,0,0,0.0,0.0,0.0,0,0,0,0,0,0,0,0.0,53,7890481,126.90447,1.1833333333333333,0.3999999999999999,2.473333333333333,0.48,3,34.0,9141938,0.8936670822854337,0.8952076420903963,0.8952076420903963
AsIS,b13beafa16aa,G->K,1.353,1,1.395,0.064,1.0897816579561024,60.00000000956568,0.5448908288204848,0.9437786004592794,0.0,0.0,0.0,0.3333333333333333,0.3333333333333333,0.16666666666666666,0.16666666666666666,1,6,12,19,0.7637720265264267,0.29612984203659165,1.1212970911381697,-1.6791859114750123,0.11590454837771155,-1.529546443959513,0.06188450973399116,0.1654944456201861,0.2729415536233137,3,0.0061211307939370505,0.005002339900645959,0.01181284614663845,0.3029748718025207,0.22439994117108822,0.5337629861949487,-0.010948024161403697,0.01106537122923161,-1.427231711069773e-05,34.0,53,9141938,77.96369,126.90447,0.6666666666666666,0.7637720265264267,0.29612984203659165,1.1212970911381697,-1.6791859114750123,0.11590454837771155,-1.529546443959513,0.06188450973399116,0.1654944456201861,0.2729415536233137,3,0.0061211307939370505,0.005002339900645959,0.01181284614663845,0.3029748718025207,0.22439994117108822,0.5337629861949487,-0.010948024161403697,0.01106537122923161,-1.427231711069773e-05,34.0,53,9141938,77.96369,126.90447,0.6666666666666666,0.7637720265264267,0.29612984203659165,1.1212970911381697,-1.6791859114750123,0.11590454837771155,-1.529546443959513,0.06188450973399116,0.1654944456201861,0.2729415536233137,3,0.0061211307939370505,0.005002339900645959,0.01181284614663845,0.3029748718025207,0.22439994117108822,0.5337629861949487,-0.010948024161403697,0.01106537122923161,-1.427231711069773e-05,34.0,53,9141938,77.96369,126.90447,0.6666666666666666,0.0,0.0,0.0,0.0,0.0,0.0,0.0,0.0,0.0,0,0.0,0,0,0.0,0.0,0.0,0,0,0,0,0,0,0,0.0,53,7890481,126.90447,1.1833333333333333,0.3999999999999999,2.473333333333333,0.48,3,34.0,9141938,0.8936670822854337,0.8952076420903963,0.8952076420903963
AsITe,114b3382699c,G->M,0.502,1,0.416,0.162,0.9157439765717672,30.000000022958776,0.7930575468902601,0.4578719886036667,0.0,0.0,0.0,0.5,0.0,0.25,0.0,1,3,6,10,0.5446846431349002,0.18644973536074838,0.7787905222905421,-1.8275399197566367,0.09159696571011455,-1.74151265175515,-0.033847679145425615,0.11024832807294864,0.11133982516786826,3,0.014962375484515301,0.008155984376284967,0.026285591876313893,0.3863201435018275,0.15153868496633166,0.5354050496777334,-0.0035535140369996193,0.004624299825663247,0.00012651421950478554,46.0,53,16388018,109.80869,127.6,1.0,0.5446846431349002,0.18644973536074838,0.7787905222905421,-1.8275399197566367,0.09159696571011455,-1.74151265175515,-0.033847679145425615,0.11024832807294864,0.11133982516786826,3,0.014962375484515301,0.008155984376284967,0.026285591876313893,0.3863201435018275,0.15153868496633166,0.5354050496777334,-0.0035535140369996193,0.004624299825663247,0.00012651421950478554,46.0,53,16388018,109.80869,127.6,1.0,0.5446846431349002,0.18644973536074838,0.7787905222905421,-1.8275399197566367,0.09159696571011455,-1.74151265175515,-0.033847679145425615,0.11024832807294864,0.11133982516786826,3,0.014962375484515301,0.008155984376284967,0.026285591876313893,0.3863201435018275,0.15153868496633166,0.5354050496777334,-0.0035535140369996193,0.004624299825663247,0.00012651421950478554,46.0,53,16388018,109.80869,127.6,1.0,0.0,0.0,0.0,0.0,0.0,0.0,0.0,0.0,0.0,0,0.0,0,0,0.0,0.0,0.0,0,0,0,0,0,0,0,0.0,53,7890481,127.6,1.3166666666666667,0.25,2.3133333333333335,0.56,3,46.0,16388018,0.9466262309905492,0.9096856795947482,0.9096856795947482
AsITe,114b3382699c,G->K,0.579,1,0.416,0.162,1.0574100619195828,59.99999998120587,0.5287050312601733,0.9157439756662092,0.0,0.0,0.0,0.3333333333333333,0.3333333333333333,0.16666666666666666,0.16666666666666666,1,6,12,19,0.5446846431349002,0.18644973536074838,0.7787905222905421,-1.8275399197566367,0.09159696571011455,-1.74151265175515,-0.033847679145425615,0.11024832807294864,0.11133982516786826,3,0.014962375484515301,0.008155984376284967,0.026285591876313893,0.3863201435018275,0.15153868496633166,0.5354050496777334,-0.0035535140369996193,0.004624299825663247,0.00012651421950478554,46.0,53,16388018,109.80869,127.6,1.0,0.5446846431349002,0.18644973536074838,0.7787905222905421,-1.8275399197566367,0.09159696571011455,-1.74151265175515,-0.033847679145425615,0.11024832807294864,0.11133982516786826,3,0.014962375484515301,0.008155984376284967,0.026285591876313893,0.3863201435018275,0.15153868496633166,0.5354050496777334,-0.0035535140369996193,0.004624299825663247,0.00012651421950478554,46.0,53,16388018,109.80869,127.6,1.0,0.5446846431349002,0.18644973536074838,0.7787905222905421,-1.8275399197566367,0.09159696571011455,-1.74151265175515,-0.033847679145425615,0.11024832807294864,0.11133982516786826,3,0.014962375484515301,0.008155984376284967,0.026285591876313893,0.3863201435018275,0.15153868496633166,0.5354050496777334,-0.0035535140369996193,0.004624299825663247,0.00012651421950478554,46.0,53,16388018,109.80869,127.6,1.0,0.0,0.0,0.0,0.0,0.0,0.0,0.0,0.0,0.0,0,0.0,0,0,0.0,0.0,0.0,0,0,0,0,0,0,0,0.0,53,7890481,127.6,1.3166666666666667,0.25,2.3133333333333335,0.56,3,46.0,16388018,0.9466262309905492,0.9096856795947482,0.9096856795947482
WCr3Se8,c798e725e2fb,X->G,1.16,0,0.698,0.009,0.4838860737463775,180.0,-0.4838860737463775,0.0,0.0,0.5,0.0,0.0,0.0,0.25,0.0,1,1,2,4,4.1067104726396355,1.004490516712149,5.625069118315719,-7.965736319253384,0.6510720271612311,-7.421360918326534,0.2515761178565229,0.5687343148294468,1.1020226612091153,12,2.911943328905778,2.946532368703589,8.968269476587844,11.370087531653809,6.234539249243341,23.8319978481921,-0.035365682256133964,0.17892339215880168,0.42622553796009743,34.833333333333336,74,41672592,80.95902500000001,183.84,0.75,4.1067104726396355,1.004490516712149,5.625069118315719,-7.965736319253384,0.6510720271612311,-7.421360918326534,0.2515761178565229,0.5687343148294468,1.1020226612091153,12,2.911943328905778,2.946532368703589,8.968269476587844,11.370087531653809,6.234539249243341,23.8319978481921,-0.035365682256133964,0.17892339215880168,0.42622553796009743,34.833333333333336,74,41672592,80.95902500000001,183.84,0.75,4.1067104726396355,1.004490516712149,5.625069118315719,-7.965736319253384,0.6510720271612311,-7.421360918326534,0.2515761178565229,0.5687343148294468,1.1020226612091153,12,2.911943328905778,2.946532368703589,8.968269476587844,11.370087531653809,6.234539249243341,23.8319978481921,-0.035365682256133964,0.17892339215880168,0.42622553796009743,34.833333333333336,74,41672592,80.95902500000001,183.84,0.75,0.0,0.0,0.0,0.0,0.0,0.0,0.0,0.0,0.0,0,0.0,0,0,0.0,0.0,0.0,0,0,0,0,0,0,0,0.0,74,29986576,183.84,1.3,0.25,2.19,0.8899999999999999,3,44.0,31654688,0.1467562156481204,0.1196259650218804,0.1467562156481204
BiIS,acdcd16c0d76,M->K,1.707,0,1.139,0.014,0.4994967187622032,120.00000001616534,-0.24974835950314817,0.4325768474845756,0.0,0.5,0.0,0.3333333333333333,0.3333333333333333,0.41666666666666663,0.16666666666666666,3,6,12,21,0.5126465562593355,0.2288332531824506,0.7631391685461623,-1.5678135879969364,0.2517833507103841,-1.3587895036116344,-0.07602354304355373,0.14104430781399352,0.09751857796180008,3,0.0011006394776146078,0.000752278757741594,0.0021033376485467153,0.19508838293232725,0.1390513229474809,0.3252686286073025,-0.004141554536738355,0.010283610445513592,0.005870390465416734,50.666666666666664,83,55414338,122.64995666666668,208.9804,0.6666666666666666,0.5126465562593355,0.2288332531824506,0.7631391685461623,-1.5678135879969364,0.2517833507103841,-1.3587895036116344,-0.07602354304355373,0.14104430781399352,0.09751857796180008,3,0.0011006394776146078,0.000752278757741594,0.0021033376485467153,0.19508838293232725,0.1390513229474809,0.3252686286073025,-0.004141554536738355,0.010283610445513592,0.005870390465416734,50.666666666666664,83,55414338,122.64995666666668,208.9804,0.6666666666666666,0.5126465562593355,0.2288332531824506,0.7631391685461623,-1.5678135879969364,0.2517833507103841,-1.3587895036116344,-0.07602354304355373,0.14104430781399352,0.09751857796180008,3,0.0011006394776146078,0.000752278757741594,0.0021033376485467153,0.19508838293232725,0.1390513229474809,0.3252686286073025,-0.004141554536738355,0.010283610445513592,0.005870390465416734,50.666666666666664,83,55414338,122.64995666666668,208.9804,0.6666666666666666,0.5126465562593355,0.2288332531824506,0.7631391685461623,-1.5678135879969364,0.2517833507103841,-1.3587895036116344,-0.07602354304355373,0.14104430781399352,0.09751857796180008,3,50.666666666666664,83,55414338,122.64995666666668,208.9804,0.6666666666666666,0,0,0,0,0,0,0,29.999999960553723,83,47458321,208.9804,1.3333333333333333,0.6000000000000001,2.42,0.6400000000000001,3,50.666666666666664,55414338,0.903623557863302,0.9238137730702656,0.903623557863302
BiIS,acdcd16c0d76,G->M,1.858,1,1.139,0.014,0.8651536960797074,30.000000062727228,0.7492450785094444,0.4325768488601247,0.0,0.0,0.0,0.5,0.0,0.25,0.0,1,3,6,10,0.5126465562593355,0.2288332531824506,0.7631391685461623,-1.5678135879969364,0.2517833507103841,-1.3587895036116344,-0.07602354304355373,0.14104430781399352,0.09751857796180008,3,0.0011006394776146078,0.000752278757741594,0.0021033376485467153,0.19508838293232725,0.1390513229474809,0.3252686286073025,-0.004141554536738355,0.010283610445513592,0.005870390465416734,50.666666666666664,83,55414338,122.64995666666668,208.9804,0.6666666666666666,0.5126465562593355,0.2288332531824506,0.7631391685461623,-1.5678135879969364,0.2517833507103841,-1.3587895036116344,-0.07602354304355373,0.14104430781399352,0.09751857796180008,3,0.0011006394776146078,0.000752278757741594,0.0021033376485467153,0.19508838293232725,0.1390513229474809,0.3252686286073025,-0.004141554536738355,0.010283610445513592,0.005870390465416734,50.666666666666664,83,55414338,122.64995666666668,208.9804,0.6666666666666666,0.5126465562593355,0.2288332531824506,0.7631391685461623,-1.5678135879969364,0.2517833507103841,-1.3587895036116344,-0.07602354304355373,0.14104430781399352,0.09751857796180008,3,0.0011006394776146078,0.000752278757741594,0.0021033376485467153,0.19508838293232725,0.1390513229474809,0.3252686286073025,-0.004141554536738355,0.010283610445513592,0.005870390465416734,50.666666666666664,83,55414338,122.64995666666668,208.9804,0.6666666666666666,0.0,0.0,0.0,0.0,0.0,0.0,0.0,0.0,0.0,0,0.0,0,0,0.0,0.0,0.0,0,0,0,0,0,0,0,0.0,83,47458321,208.9804,1.3333333333333333,0.6000000000000001,2.42,0.6400000000000001,3,50.666666666666664,55414338,0.903623557863302,0.9238137730702656,0.9238137730702656
BiIS,acdcd16c0d76,M->K,1.074,1,1.139,0.014,0.4994967187622032,120.00000001616534,-0.24974835950314817,0.4325768474845756,0.0,0.5,0.0,0.3333333333333333,0.3333333333333333,0.41666666666666663,0.16666666666666666,3,6,12,21,0.5126465562593355,0.2288332531824506,0.7631391685461623,-1.5678135879969364,0.2517833507103841,-1.3587895036116344,-0.07602354304355373,0.14104430781399352,0.09751857796180008,3,0.0011006394776146078,0.000752278757741594,0.0021033376485467153,0.19508838293232725,0.1390513229474809,0.3252686286073025,-0.004141554536738355,0.010283610445513592,0.005870390465416734,50.666666666666664,83,55414338,122.64995666666668,208.9804,0.6666666666666666,0.5126465562593355,0.2288332531824506,0.7631391685461623,-1.5678135879969364,0.2517833507103841,-1.3587895036116344,-0.07602354304355373,0.14104430781399352,0.09751857796180008,3,0.0011006394776146078,0.000752278757741594,0.0021033376485467153,0.19508838293232725,0.1390513229474809,0.3252686286073025,-0.004141554536738355,0.010283610445513592,0.005870390465416734,50.666666666666664,83,55414338,122.64995666666668,208.9804,0.6666666666666666,0.5126465562593355,0.2288332531824506,0.7631391685461623,-1.5678135879969364,0.2517833507103841,-1.3587895036116344,-0.07602354304355373,0.14104430781399352,0.09751857796180008,3,0.0011006394776146078,0.000752278757741594,0.0021033376485467153,0.19508838293232725,0.1390513229474809,0.3252686286073025,-0.004141554536738355,0.010283610445513592,0.005870390465416734,50.666666666666664,83,55414338,122.64995666666668,208.9804,0.6666666666666666,0.5126465562593355,0.2288332531824506,0.7631391685461623,-1.5678135879969364,0.2517833507103841,-1.3587895036116344,-0.07602354304355373,0.14104430781399352,0.09751857796180008,3,50.666666666666664,83,55414338,122.64995666666668,208.9804,0.6666666666666666,0,0,0,0,0,0,0,29.999999960553723,83,47458321,208.9804,1.3333333333333333,0.6000000000000001,2.42,0.6400000000000001,3,50.666666666666664,55414338,0.903623557863302,0.9238137730702656,0.9238137730702656
BiIS,acdcd16c0d76,G->K,1.645,1,1.139,0.014,0.9989934387156668,60.00000002328094,0.4994967190062963,0.8651536963447003,0.0,0.0,0.0,0.3333333333333333,0.3333333333333333,0.16666666666666666,0.16666666666666666,1,6,12,19,0.5126465562593355,0.2288332531824506,0.7631391685461623,-1.5678135879969364,0.2517833507103841,-1.3587895036116344,-0.07602354304355373,0.14104430781399352,0.09751857796180008,3,0.0011006394776146078,0.000752278757741594,0.0021033376485467153,0.19508838293232725,0.1390513229474809,0.3252686286073025,-0.004141554536738355,0.010283610445513592,0.005870390465416734,50.666666666666664,83,55414338,122.64995666666668,208.9804,0.6666666666666666,0.5126465562593355,0.2288332531824506,0.7631391685461623,-1.5678135879969364,0.2517833507103841,-1.3587895036116344,-0.07602354304355373,0.14104430781399352,0.09751857796180008,3,0.0011006394776146078,0.000752278757741594,0.0021033376485467153,0.19508838293232725,0.1390513229474809,0.3252686286073025,-0.004141554536738355,0.010283610445513592,0.005870390465416734,50.666666666666664,83,55414338,122.64995666666668,208.9804,0.6666666666666666,0.5126465562593355,0.2288332531824506,0.7631391685461623,-1.5678135879969364,0.2517833507103841,-1.3587895036116344,-0.07602354304355373,0.14104430781399352,0.09751857796180008,3,0.0011006394776146078,0.000752278757741594,0.0021033376485467153,0.19508838293232725,0.1390513229474809,0.3252686286073025,-0.004141554536738355,0.010283610445513592,0.005870390465416734,50.666666666666664,83,55414338,122.64995666666668,208.9804,0.6666666666666666,0.0,0.0,0.0,0.0,0.0,0.0,0.0,0.0,0.0,0,0.0,0,0,0.0,0.0,0.0,0,0,0,0,0,0,0,0.0,83,47458321,208.9804,1.3333333333333333,0.6000000000000001,2.42,0.6400000000000001,3,50.666666666666664,55414338,0.903623557863302,0.9238137730702656,0.9238137730702656
MoW3Se8,24d6cc0a0fed,X->G,2.097,0,1.276,0.0,0.47306359539063275,180.0,-0.47306359539063275,0.0,0.0,0.5,0.0,0.0,0.0,0.25,0.0,1,1,2,4,3.61747492063956,0.9779934404054346,5.002678620349039,-7.583346029044825,0.9533517846816362,-6.903169741235938,-0.01754418133151396,0.5441922553956331,0.7528821406983325,12,2.2459225193006094,2.3370465228984956,7.001220455286368,9.766723550852687,6.517326300414103,23.754416742955996,-0.025990592227875975,0.0987568807524991,0.23703878938818204,44.666666666666664,74,103762112,106.59500000000001,183.84,1.0,3.61747492063956,0.9779934404054346,5.002678620349039,-7.583346029044825,0.9533517846816362,-6.903169741235938,-0.01754418133151396,0.5441922553956331,0.7528821406983325,12,2.2459225193006094,2.3370465228984956,7.001220455286368,9.766723550852687,6.517326300414103,23.754416742955996,-0.025990592227875975,0.0987568807524991,0.23703878938818204,44.666666666666664,74,103762112,106.59500000000001,183.84,1.0,3.61747492063956,0.9779934404054346,5.002678620349039,-7.583346029044825,0.9533517846816362,-6.903169741235938,-0.01754418133151396,0.5441922553956331,0.7528821406983325,12,2.2459225193006094,2.3370465228984956,7.001220455286368,9.766723550852687,6.517326300414103,23.754416742955996,-0.025990592227875975,0.0987568807524991,0.23703878938818204,44.666666666666664,74,103762112,106.59500000000001,183.84,1.0,0.0,0.0,0.0,0.0,0.0,0.0,0.0,0.0,0.0,0,0.0,0,0,0.0,0.0,0.0,0,0,0,0,0,0,0,0.0,74,29986576,183.84,1.3166666666666667,0.30000000000000004,2.3566666666666665,0.3899999999999997,3,50.0,34434608,0.2110720286877839,0.1880903063476812,0.2110720286877839
MoW3Se8,24d6cc0a0fed,G->S,1.24,0,1.276,0.0,0.722687593484378,49.11148107235584,0.47306359539063275,0.5463407293002502,0.0,0.0,0.0,0.5,0.5,0.25,0.25,1,1,2,4,3.61747492063956,0.9779934404054346,5.002678620349039,-7.583346029044825,0.9533517846816362,-6.903169741235938,-0.01754418133151396,0.5441922553956331,0.7528821406983325,12,2.2459225193006094,2.3370465228984956,7.001220455286368,9.766723550852687,6.517326300414103,23.754416742955996,-0.025990592227875975,0.0987568807524991,0.23703878938818204,44.666666666666664,74,103762112,106.59500000000001,183.84,1.0,3.037503160666567,1.1270418234265014,4.827805979464543,-6.648945901447485,0.8043964166587483,-6.075703170046448,-0.15564646312489938,0.6088519873228586,0.8064723812391853,11,1.3339854165684601,1.9023277634053928,6.727694939079924,6.85256044287111,4.48604470868702,17.44221925328642,-0.0059424354592050276,0.09878641815019566,0.21961370825878532,44.90909090909091,74,100650416,107.56363636363636,183.84,1.0,3.037503160666567,1.1270418234265014,4.827805979464543,-6.648945901447485,0.8043964166587483,-6.075703170046448,-0.15564646312489938,0.6088519873228586,0.8064723812391853,11,1.3339854165684601,1.9023277634053928,6.727694939079924,6.85256044287111,4.48604470868702,17.44221925328642,-0.0059424354592050276,0.09878641815019566,0.21961370825878532,44.90909090909091,74,100650416,107.56363636363636,183.84,1.0,0.0,0.0,0.0,0.0,0.0,0.0,0.0,0.0,0.0,0,0.0,0,0,0.0,0.0,0.0,0,0,0,0,0,0,0,0.0,74,29986576,183.84,1.3166666666666667,0.30000000000000004,2.3566666666666665,0.3899999999999997,3,50.0,34434608,0.2110720286877839,0.1880903063476812,0.2110720286877839
Cr2Mo2S8,72b286460831,X->G,1.344,0,1.039,0.017,0.5027963452538358,180.0,-0.5027963452538358,0.0,0.0,0.5,0.0,0.0,0.0,0.25,0.0,1,1,2,4,4.73807764424692,1.0371649300809498,6.335810190413485,-8.222960344397643,0.32868116560386407,-7.98336742632467,0.6238981296873487,0.6017434478285921,1.5663024842058029,12,3.937204090551288,3.65492256512691,11.386005825125123,12.64016741998821,5.797294637631572,22.1313352691787,0.00658646876260919,0.31977447790024754,0.7921851424351387,21.666666666666668,42,7411232,46.03268333333333,95.94,0.16666666666666666,4.73807764424692,1.0371649300809498,6.335810190413485,-8.222960344397643,0.32868116560386407,-7.98336742632467,0.6238981296873487,0.6017434478285921,1.5663024842058029,12,3.937204090551288,3.65492256512691,11.386005825125123,12.64016741998821,5.797294637631572,22.1313352691787,0.00658646876260919,0.31977447790024754,0.7921851424351387,21.666666666666668,42,7411232,46.03268333333333,95.94,0.16666666666666666,4.73807764424692,1.0371649300809498,6.335810190413485,-8.222960344397643,0.32868116560386407,-7.98336742632467,0.6238981296873487,0.6017434478285921,1.5663024842058029,12,3.937204090551288,3.65492256512691,11.386005825125123,12.64016741998821,5.797294637631572,22.1313352691787,0.00658646876260919,0.31977447790024754,0.7921851424351387,21.666666666666668,42,7411232,46.03268333333333,95.94,0.16666666666666666,0.0,0.0,0.0,0.0,0.0,0.0,0.0,0.0,0.0,0,0.0,0,0,0.0,0.0,0.0,0,0,0,0,0,0,0,0.0,42,3111696,95.94,1.2833333333333332,0.44999999999999996,2.1333333333333333,0.9200000000000002,3,27.333333333333332,3509008,0.1786805448398726,0.1411907674565237,0.1786805448398726
Cr2Mo2S8,72b286460831,Y->S,0.838,0,1.039,0.017,0.5027963452538358,0.0,0.5027963452538358,0.0,0.0,0.0,0.5,0.5,0.5,0.25,0.5,1,1,2,4,4.73807764424692,1.0371649300809498,6.335810190413485,-8.222960344397643,0.32868116560386407,-7.98336742632467,0.6238981296873487,0.6017434478285921,1.5663024842058029,12,3.937204090551288,3.65492256512691,11.386005825125123,12.64016741998821,5.797294637631572,22.1313352691787,0.00658646876260919,0.31977447790024754,0.7921851424351387,21.666666666666668,42,7411232,46.03268333333333,95.94,0.16666666666666666,4.016846486376008,1.1700096253499466,6.052995277032674,-7.415211516762411,0.19555534251262208,-7.278013977905279,0.3958338716215071,0.6556143673708232,1.5606111927842725,11,2.448248370804579,2.9183404229716414,10.67409366900721,10.047805909504778,4.368078895262949,14.943285196433232,-0.043697543403767504,0.2683874254111413,0.7937871750746389,21.454545454545453,42,7079456,45.49055454545454,95.94,0.18181818181818182,4.016846486376008,1.1700096253499466,6.052995277032674,-7.415211516762411,0.19555534251262208,-7.278013977905279,0.3958338716215071,0.6556143673708232,1.5606111927842725,11,2.448248370804579,2.9183404229716414,10.67409366900721,10.047805909504778,4.368078895262949,14.943285196433232,-0.043697543403767504,0.2683874254111413,0.7937871750746389,21.454545454545453,42,7079456,45.49055454545454,95.94,0.18181818181818182,4.016846486376008,1.1700096253499466,6.052995277032674,-7.415211516762411,0.19555534251262208,-7.278013977905279,0.3958338716215071,0.6556143673708232,1.5606111927842725,11,21.454545454545453,42,7079456,45.49055454545454,95.94,0.18181818181818182,0,0,0,0,0,0,0,40.849867476543054,42,3111696,95.94,1.2833333333333332,0.44999999999999996,2.1333333333333333,0.9200000000000002,3,27.333333333333332,3509008,0.1786805448398726,0.1411907674565237,0.1786805448398726
ISSb,4c49d27e66e5,G->M,0.887,1,0.872,0.185,0.912163097290522,29.999999914652395,0.789956415327666,0.4560815474685445,-8.665372515055446e-18,0.0,0.0,0.5,0.0,0.25,0.0,1,3,6,10,0.5728656058041592,0.22743701333150446,0.8110494492229832,-1.823425820179741,0.06947800719570948,-1.7393680220677954,-0.020024682627057092,0.12316838199155636,0.1207813078641644,3,0.017092163275755346,0.008684931883788355,0.0284824976726067,0.39492691802515606,0.15475764827285984,0.5788881197775895,-0.0033380175134458145,0.006400956568435406,0.003017253952559817,40.0,53,14721218,93.57648999999999,126.90447,0.6666666666666666,0.5728656058041592,0.22743701333150446,0.8110494492229832,-1.823425820179741,0.06947800719570948,-1.7393680220677954,-0.020024682627057092,0.12316838199155636,0.1207813078641644,3,0.017092163275755346,0.008684931883788355,0.0284824976726067,0.39492691802515606,0.15475764827285984,0.5788881197775895,-0.0033380175134458145,0.006400956568435406,0.003017253952559817,40.0,53,14721218,93.57648999999999,126.90447,0.6666666666666666,0.5728656058041592,0.22743701333150446,0.8110494492229832,-1.823425820179741,0.06947800719570948,-1.7393680220677954,-0.020024682627057092,0.12316838199155636,0.1207813078641644,3,0.017092163275755346,0.008684931883788355,0.0284824976726067,0.39492691802515606,0.15475764827285984,0.5788881197775895,-0.0033380175134458145,0.006400956568435406,0.003017253952559817,40.0,53,14721218,93.57648999999999,126.90447,0.6666666666666666,0.0,0.0,0.0,0.0,0.0,0.0,0.0,0.0,0.0,0,0.0,0,0,0.0,0.0,0.0,0,0,0,0,0,0,0,0.0,53,7890481,126.90447,1.2833333333333334,0.44999999999999996,2.43,0.6100000000000003,3,40.0,14721218,0.9067714092588202,0.9212175840416548,0.9212175840416548
ISSb,4c49d27e66e5,G->K,0.907,1,0.872,0.185,1.053275219043613,59.99999995624205,0.526637610218444,0.9121630964661841,-5.776915010036964e-18,0.0,0.0,0.3333333333333333,0.3333333333333333,0.16666666666666666,0.16666666666666666,1,6,12,19,0.5728656058041592,0.22743701333150446,0.8110494492229832,-1.823425820179741,0.06947800719570948,-1.7393680220677954,-0.020024682627057092,0.12316838199155636,0.1207813078641644,3,0.017092163275755346,0.008684931883788355,0.0284824976726067,0.39492691802515606,0.15475764827285984,0.5788881197775895,-0.0033380175134458145,0.006400956568435406,0.003017253952559817,40.0,53,14721218,93.57648999999999,126.90447,0.6666666666666666,0.5728656058041592,0.22743701333150446,0.8110494492229832,-1.823425820179741,0.06947800719570948,-1.7393680220677954,-0.020024682627057092,0.12316838199155636,0.1207813078641644,3,0.017092163275755346,0.008684931883788355,0.0284824976726067,0.39492691802515606,0.15475764827285984,0.5788881197775895,-0.0033380175134458145,0.006400956568435406,0.003017253952559817,40.0,53,14721218,93.57648999999999,126.90447,0.6666666666666666,0.5728656058041592,0.22743701333150446,0.8110494492229832,-1.823425820179741,0.06947800719570948,-1.7393680220677954,-0.020024682627057092,0.12316838199155636,0.1207813078641644,3,0.017092163275755346,0.008684931883788355,0.0284824976726067,0.39492691802515606,0.15475764827285984,0.5788881197775895,-0.0033380175134458145,0.006400956568435406,0.003017253952559817,40.0,53,14721218,93.57648999999999,126.90447,0.6666666666666666,0.0,0.0,0.0,0.0,0.0,0.0,0.0,0.0,0.0,0,0.0,0,0,0.0,0.0,0.0,0,0,0,0,0,0,0,0.0,53,7890481,126.90447,1.2833333333333334,0.44999999999999996,2.43,0.6100000000000003,3,40.0,14721218,0.9067714092588202,0.9212175840416548,0.9212175840416548
SnTe,e688959ea45b,M->K,0.806,0,1.592,0.119,0.501918842563446,119.99999994329718,-0.2509594208515471,0.4346744685463885,0.0,0.5,0.0,0.3333333333333333,0.3333333333333333,0.41666666666666663,0.16666666666666666,3,6,12,21,0.4128223361235274,0.0,0.4128223361235274,-0.9798699037023341,0.0,-0.9798699037023341,0.06788980274371391,0.0,0.06788980274371391,2,0.0,0.0,0.0,0.0,0.0,0.0,0.0,0.0,0.0,51.0,52,13561616,123.155,127.6,1.0,0.4128223361235274,0.0,0.4128223361235274,-0.9798699037023341,0.0,-0.9798699037023341,0.06788980274371391,0.0,0.06788980274371391,2,0.0,0.0,0.0,0.0,0.0,0.0,0.0,0.0,0.0,51.0,52,13561616,123.155,127.6,1.0,0.4128223361235274,0.0,0.4128223361235274,-0.9798699037023341,0.0,-0.9798699037023341,0.06788980274371391,0.0,0.06788980274371391,2,0.0,0.0,0.0,0.0,0.0,0.0,0.0,0.0,0.0,51.0,52,13561616,123.155,127.6,1.0,0.4128223361235274,0.0,0.4128223361235274,-0.9798699037023341,0.0,-0.9798699037023341,0.06788980274371391,0.0,0.06788980274371391,2,51.0,52,13561616,123.155,127.6,1.0,0,0,0,0,0,0,0,30.000000039637566,52,7311616,127.6,1.4249999999999998,0.050000000000000044,2.0300000000000002,0.14000000000000012,2,51.0,13561616,0.9092975411969436,0.7702073113614514,0.9092975411969436
Ti2Zr2Se8,846b50801a93,S->Y,1.613,0,0.616,0.142,0.687479174779775,-130.82098479221017,-0.43538067545434034,-0.5040200471442089,0.17039681708750398,0.5,0.5,0.0,0.0,0.25,0.25,1,1,2,4,2.4793046948734894,0.9499495324509288,4.253061607217752,-6.139662445997072,0.9319443791217101,-5.192045567259738,-0.4594380420857833,0.5105705251189521,0.4736156825713123,11,0.9310215324153266,1.4837968045325902,5.286406911843112,5.271777782716736,4.400501927040704,16.505544608284666,0.06392132362959847,0.09296786266478399,0.23109238256593015,34.0,40,16044944,78.36318181818183,91.224,0.9090909090909091,2.355468371977405,0.8201424655261248,3.834222459763086,-5.672885134595046,0.9973781170393166,-4.49528086270106,-0.34416064986320105,0.4517065171761137,0.48859736479726157,10,0.756116018469817,1.054854130826018,3.359672994659811,4.640355734439387,3.77351226180287,12.62801406053372,0.010375711098091836,0.0813525297643515,0.2210092471246073,34.0,40,14708608,78.30350000000001,91.224,0.9,2.995082587438302,0.8085254858474837,4.334319702825617,-7.026914750427555,1.0362374637336529,-6.036797173504642,-0.3628158446469927,0.4380388342524952,0.3500141635898513,12,1.6155505891793343,1.8213936523198864,5.345717690821391,7.894352134245941,6.111318113591436,20.983063911916314,0.028758027981814236,0.06535138215110976,0.1072376148012616,33.0,40,16279200,75.82183333333334,91.224,0.8333333333333334,2.2740523889659405,0.7094980115357966,3.83220142388958,-5.299470117105292,0.827501339629244,-4.390386664180964,-0.19963188702742926,0.3987128042824136,0.705830259987796,9,34.0,40,13372272,78.23055555555555,91.224,0.8888888888888888,0,0,0,0,0,0,0,90.0,40,2560000,91.224,1.3666666666666665,0.40000000000000013,1.8066666666666666,1.2199999999999998,3,32.0,4130592,0.7638579163771706,0.1319633735503248,0.7638579163771706
Ti2Zr2Se8,846b50801a93,Y->S,1.767,0,0.616,0.142,0.687479174779775,49.17901520778983,0.43538067545434034,0.5040200471442089,-0.17039681708750398,0.0,0.0,0.5,0.5,0.25,0.25,1,1,2,4,2.995082587438302,0.8085254858474837,4.334319702825617,-7.026914750427555,1.0362374637336529,-6.036797173504642,-0.3628158446469927,0.4380388342524952,0.3500141635898513,12,1.6155505891793343,1.8213936523198864,5.345717690821391,7.894352134245941,6.111318113591436,20.983063911916314,0.028758027981814236,0.06535138215110976,0.1072376148012616,33.0,40,16279200,75.82183333333334,91.224,0.8333333333333334,2.355468371977405,0.8201424655261248,3.834222459763086,-5.672885134595046,0.9973781170393166,-4.49528086270106,-0.34416064986320105,0.4517065171761137,0.48859736479726157,10,0.756116018469817,1.054854130826018,3.359672994659811,4.640355734439387,3.77351226180287,12.62801406053372,0.010375711098091836,0.0813525297643515,0.2210092471246073,34.0,40,14708608,78.30350000000001,91.224,0.9,2.4793046948734894,0.9499495324509288,4.253061607217752,-6.139662445997072,0.9319443791217101,-5.192045567259738,-0.4594380420857833,0.5105705251189521,0.4736156825713123,11,0.9310215324153266,1.4837968045325902,5.286406911843112,5.271777782716736,4.400501927040704,16.505544608284666,0.06392132362959847,0.09296786266478399,0.23109238256593015,34.0,40,16044944,78.36318181818183,91.224,0.9090909090909091,2.2740523889659405,0.7094980115357966,3.83220142388958,-5.299470117105292,0.827501339629244,-4.390386664180964,-0.19963188702742926,0.3987128042824136,0.705830259987796,9,34.0,40,13372272,78.23055555555555,91.224,0.8888888888888888,0,0,0,0,0,0,0,90.0,40,2560000,91.224,1.3666666666666665,0.40000000000000013,1.8066666666666666,1.2199999999999998,3,32.0,4130592,0.7638579163771706,0.1319633735503248,0.7638579163771706
Ti2Zr2Se8,846b50801a93,G->S,0.552,0,0.616,0.142,0.6660274322295803,49.17901520778983,0.43538067545434034,0.5040200471442089,0.0,0.0,0.0,0.5,0.5,0.25,0.25,1,1,2,4,2.995082587438302,0.8085254858474837,4.334319702825617,-7.026914750427555,1.0362374637336529,-6.036797173504642,-0.3628158446469927,0.4380388342524952,0.3500141635898513,12,1.6155505891793343,1.8213936523198864,5.345717690821391,7.894352134245941,6.111318113591436,20.983063911916314,0.028758027981814236,0.06535138215110976,0.1072376148012616,33.0,40,16279200,75.82183333333334,91.224,0.8333333333333334,2.4793046948734894,0.9499495324509288,4.253061607217752,-6.139662445997072,0.9319443791217101,-5.192045567259738,-0.4594380420857833,0.5105705251189521,0.4736156825713123,11,0.9310215324153266,1.4837968045325902,5.286406911843112,5.271777782716736,4.400501927040704,16.505544608284666,0.06392132362959847,0.09296786266478399,0.23109238256593015,34.0,40,16044944,78.36318181818183,91.224,0.9090909090909091,2.4793046948734894,0.9499495324509288,4.253061607217752,-6.139662445997072,0.9319443791217101,-5.192045567259738,-0.4594380420857833,0.5105705251189521,0.4736156825713123,11,0.9310215324153266,1.4837968045325902,5.286406911843112,5.271777782716736,4.400501927040704,16.505544608284666,0.06392132362959847,0.09296786266478399,0.23109238256593015,34.0,40,16044944,78.36318181818183,91.224,0.9090909090909091,0.0,0.0,0.0,0.0,0.0,0.0,0.0,0.0,0.0,0,0.0,0,0,0.0,0.0,0.0,0,0,0,0,0,0,0,0.0,40,2560000,91.224,1.3666666666666665,0.40000000000000013,1.8066666666666666,1.2199999999999998,3,32.0,4130592,0.7638579163771706,0.1319633735503248,0.7638579163771706
GeTe,eadd37f03ca5,M->K,0.952,0,1.488,0.087,0.5311067854214876,119.99999998974371,-0.2655533926284097,0.45995196834483454,0.0,0.5,0.0,0.3333333333333333,0.3333333333333333,0.41666666666666663,0.16666666666666666,3,6,12,21,0.5613903014936417,0.0,0.5613903014936417,-0.9280087176869792,0.0,-0.9280087176869792,0.13499335891134914,0.0,0.13499335891134914,2,0.0,0.0,0.0,0.0,0.0,0.0,0.0,0.0,0.0,42.0,52,8360192,100.12,127.6,1.0,0.5613903014936417,0.0,0.5613903014936417,-0.9280087176869792,0.0,-0.9280087176869792,0.13499335891134914,0.0,0.13499335891134914,2,0.0,0.0,0.0,0.0,0.0,0.0,0.0,0.0,0.0,42.0,52,8360192,100.12,127.6,1.0,0.5613903014936417,0.0,0.5613903014936417,-0.9280087176869792,0.0,-0.9280087176869792,0.13499335891134914,0.0,0.13499335891134914,2,0.0,0.0,0.0,0.0,0.0,0.0,0.0,0.0,0.0,42.0,52,8360192,100.12,127.6,1.0,0.5613903014936417,0.0,0.5613903014936417,-0.9280087176869792,0.0,-0.9280087176869792,0.13499335891134914,0.0,0.13499335891134914,2,42.0,52,8360192,100.12,127.6,1.0,0,0,0,0,0,0,0,30.000000000000004,52,7311616,127.6,1.325,0.1499999999999999,2.0549999999999997,0.0900000000000003,2,42.0,8360192,0.9154990873691008,0.7472070142516989,0.9154990873691008
MoCr3Te8,899032b4ad0c,G->Y,1.409,0,0.481,0.087,0.4496904811641848,90.0,0.0,0.4496904811641848,-2.6692982510996735e-17,0.0,0.0,0.0,0.5,0.0,0.25,1,1,2,4,3.0453883522972967,0.8640612609609619,4.365934263888035,-7.105503046389739,1.2020715978394056,-6.110273952870888,-0.31576711277090747,0.47318247783766904,0.39910590179223115,12,1.7537539980738295,1.940269370523636,6.182780154198978,8.269246095924121,7.10711800227728,27.01770408534183,-0.00396191771214998,0.09810339541419956,0.19585095759782664,44.166666666666664,52,62599952,106.06069166666667,127.6,0.75,2.3325332304893895,0.7999827316479137,4.2156319427832765,-5.324894842345951,0.8769972417068284,-4.476850256412183,-0.16029485756824316,0.44858006956227714,0.9096801981059768,9,0.8585052237786062,1.5343923781805922,5.096627487339207,4.0604013230713,4.1157137869950216,15.494211119295374,0.021030061631690744,0.07686558358729156,0.18962051595627696,44.666666666666664,52,47644944,107.28135555555555,127.6,0.7777777777777778,2.3325332304893895,0.7999827316479137,4.2156319427832765,-5.324894842345951,0.8769972417068284,-4.476850256412183,-0.16029485756824316,0.44858006956227714,0.9096801981059768,9,0.8585052237786062,1.5343923781805922,5.096627487339207,4.0604013230713,4.1157137869950216,15.494211119295374,0.021030061631690744,0.07686558358729156,0.18962051595627696,44.666666666666664,52,47644944,107.28135555555555,127.6,0.7777777777777778,0.0,0.0,0.0,0.0,0.0,0.0,0.0,0.0,0.0,0,0.0,0,0,0.0,0.0,0.0,0,0,0,0,0,0,0,0.0,52,7311616,127.6,1.4166666666666667,0.050000000000000044,1.9733333333333334,0.5000000000000002,3,39.333333333333336,10755088,0.1895688272224866,0.1019344113918172,0.1895688272224866
MoCr3Te8,899032b4ad0c,G->S,0.713,0,0.481,0.087,0.6869420091463833,40.89133946635069,0.5192954795493542,0.44969048116418475,-5.751761797529432e-17,0.0,0.0,0.5,0.5,0.25,0.25,1,1,2,4,3.0453883522972967,0.8640612609609619,4.365934263888035,-7.105503046389739,1.2020715978394056,-6.110273952870888,-0.31576711277090747,0.47318247783766904,0.39910590179223115,12,1.7537539980738295,1.940269370523636,6.182780154198978,8.269246095924121,7.10711800227728,27.01770408534183,-0.00396191771214998,0.09810339541419956,0.19585095759782664,44.166666666666664,52,62599952,106.06069166666667,127.6,0.75,2.7123607217735786,0.6165345684025132,4.361201357029099,-6.266854191583038,0.9210535999509694,-5.524980791590286,-0.13310249905359522,0.3569927124833098,0.8292276048164247,10,1.211099288106455,1.1309707160343643,3.1325934428851925,6.584118683060632,5.0150555298748145,18.285467209238217,-0.09206601973836363,0.011756980832354299,-0.08207454130343625,42.6,52,47976720,101.75283,127.6,0.7,2.7123607217735786,0.6165345684025132,4.361201357029099,-6.266854191583038,0.9210535999509694,-5.524980791590286,-0.13310249905359522,0.3569927124833098,0.8292276048164247,10,1.211099288106455,1.1309707160343643,3.1325934428851925,6.584118683060632,5.0150555298748145,18.285467209238217,-0.09206601973836363,0.011756980832354299,-0.08207454130343625,42.6,52,47976720,101.75283,127.6,0.7,0.0,0.0,0.0,0.0,0.0,0.0,0.0,0.0,0.0,0,0.0,0,0,0.0,0.0,0.0,0,0,0,0,0,0,0,0.0,52,7311616,127.6,1.4166666666666667,0.050000000000000044,1.9733333333333334,0.5000000000000002,3,39.333333333333336,10755088,0.1895688272224866,0.1019344113918172,0.1895688272224866
BiIS,40034665f9f1,G->M,1.224,1,0.848,0.14,0.8875859713224324,30.00000001923997,0.7686719990588867,0.44379298591933686,0.0,0.0,0.0,0.5,0.0,0.25,0.0,1,3,6,10,0.5115745049834018,0.21016234124872618,0.725795161686043,-1.8166857351612855,0.07868194649388689,-1.7375633212545818,-0.05340458418655075,0.11697124772593441,0.07811954242839435,3,0.013599727039475262,0.007500126553475014,0.02350427383036754,0.38951345924832165,0.13701515389644484,0.5529748442585763,-0.0022323500132268685,0.006500481858190293,0.005290511649837374,50.666666666666664,83,55414338,122.64995666666668,208.9804,0.6666666666666666,0.5115745049834018,0.21016234124872618,0.725795161686043,-1.8166857351612855,0.07868194649388689,-1.7375633212545818,-0.05340458418655075,0.11697124772593441,0.07811954242839435,3,0.013599727039475262,0.007500126553475014,0.02350427383036754,0.38951345924832165,0.13701515389644484,0.5529748442585763,-0.0022323500132268685,0.006500481858190293,0.005290511649837374,50.666666666666664,83,55414338,122.64995666666668,208.9804,0.6666666666666666,0.5115745049834018,0.21016234124872618,0.725795161686043,-1.8166857351612855,0.07868194649388689,-1.7375633212545818,-0.05340458418655075,0.11697124772593441,0.07811954242839435,3,0.013599727039475262,0.007500126553475014,0.02350427383036754,0.38951345924832165,0.13701515389644484,0.5529748442585763,-0.0022323500132268685,0.006500481858190293,0.005290511649837374,50.666666666666664,83,55414338,122.64995666666668,208.9804,0.6666666666666666,0.0,0.0,0.0,0.0,0.0,0.0,0.0,0.0,0.0,0,0.0,0,0,0.0,0.0,0.0,0,0,0,0,0,0,0,0.0,83,47458321,208.9804,1.3333333333333333,0.6000000000000001,2.42,0.6400000000000001,3,50.666666666666664,55414338,0.946845373751356,0.9381116900544376,0.9381116900544376
BiIS,40034665f9f1,G->K,1.254,1,0.848,0.14,1.0248959993412863,60.00000001923997,0.5124479993725911,0.8875859718386736,0.0,0.0,0.0,0.3333333333333333,0.3333333333333333,0.16666666666666666,0.16666666666666666,1,6,12,19,0.5115745049834018,0.21016234124872618,0.725795161686043,-1.8166857351612855,0.07868194649388689,-1.7375633212545818,-0.05340458418655075,0.11697124772593441,0.07811954242839435,3,0.013599727039475262,0.007500126553475014,0.02350427383036754,0.38951345924832165,0.13701515389644484,0.5529748442585763,-0.0022323500132268685,0.006500481858190293,0.005290511649837374,50.666666666666664,83,55414338,122.64995666666668,208.9804,0.6666666666666666,0.5115745049834018,0.21016234124872618,0.725795161686043,-1.8166857351612855,0.07868194649388689,-1.7375633212545818,-0.05340458418655075,0.11697124772593441,0.07811954242839435,3,0.013599727039475262,0.007500126553475014,0.02350427383036754,0.38951345924832165,0.13701515389644484,0.5529748442585763,-0.0022323500132268685,0.006500481858190293,0.005290511649837374,50.666666666666664,83,55414338,122.64995666666668,208.9804,0.6666666666666666,0.5115745049834018,0.21016234124872618,0.725795161686043,-1.8166857351612855,0.07868194649388689,-1.7375633212545818,-0.05340458418655075,0.11697124772593441,0.07811954242839435,3,0.013599727039475262,0.007500126553475014,0.02350427383036754,0.38951345924832165,0.13701515389644484,0.5529748442585763,-0.0022323500132268685,0.006500481858190293,0.005290511649837374,50.666666666666664,83,55414338,122.64995666666668,208.9804,0.6666666666666666,0.0,0.0,0.0,0.0,0.0,0.0,0.0,0.0,0.0,0,0.0,0,0,0.0,0.0,0.0,0,0,0,0,0,0,0,0.0,83,47458321,208.9804,1.3333333333333333,0.6000000000000001,2.42,0.6400000000000001,3,50.666666666666664,55414338,0.946845373751356,0.9381116900544376,0.9381116900544376
BiISe,433f707c632c,G->M,1.228,1,0.84,0.114,0.8718775693767454,29.99999994434254,0.7550681244935644,0.4359387839548951,-4.1413339052807416e-18,0.0,0.0,0.5,0.0,0.25,0.0,1,3,6,10,0.4343394801955412,0.17333786661875827,0.6247275722037817,-1.7867663361873882,0.11984486251348071,-1.6947026287717621,-0.09665277100367624,0.10607623560261015,0.031742278063361655,3,0.009056986880691086,0.005916255183045557,0.017191506419529778,0.36365021036351514,0.11821427787297882,0.4913221936298092,-0.0009630403893940747,0.005902548703376992,0.006244232536472642,56.666666666666664,83,56685138,138.28162333333333,208.9804,1.0,0.4343394801955412,0.17333786661875827,0.6247275722037817,-1.7867663361873882,0.11984486251348071,-1.6947026287717621,-0.09665277100367624,0.10607623560261015,0.031742278063361655,3,0.009056986880691086,0.005916255183045557,0.017191506419529778,0.36365021036351514,0.11821427787297882,0.4913221936298092,-0.0009630403893940747,0.005902548703376992,0.006244232536472642,56.666666666666664,83,56685138,138.28162333333333,208.9804,1.0,0.4343394801955412,0.17333786661875827,0.6247275722037817,-1.7867663361873882,0.11984486251348071,-1.6947026287717621,-0.09665277100367624,0.10607623560261015,0.031742278063361655,3,0.009056986880691086,0.005916255183045557,0.017191506419529778,0.36365021036351514,0.11821427787297882,0.4913221936298092,-0.0009630403893940747,0.005902548703376992,0.006244232536472642,56.666666666666664,83,56685138,138.28162333333333,208.9804,1.0,0.0,0.0,0.0,0.0,0.0,0.0,0.0,0.0,0.0,0,0.0,0,0,0.0,0.0,0.0,0,0,0,0,0,0,0,0.0,83,47458321,208.9804,1.3833333333333335,0.4500000000000002,2.41,0.6400000000000001,3,56.666666666666664,56685138,0.937149742562862,0.9338553284954838,0.9338553284954838
BiISe,433f707c632c,G->K,1.255,1,0.84,0.114,1.0067574988407075,59.9999999840954,0.5033787496623763,0.8718775693068035,-2.760889270187161e-18,0.0,0.0,0.3333333333333333,0.3333333333333333,0.16666666666666666,0.16666666666666666,1,6,12,19,0.4343394801955412,0.17333786661875827,0.6247275722037817,-1.7867663361873882,0.11984486251348071,-1.6947026287717621,-0.09665277100367624,0.10607623560261015,0.031742278063361655,3,0.009056986880691086,0.005916255183045557,0.017191506419529778,0.36365021036351514,0.11821427787297882,0.4913221936298092,-0.0009630403893940747,0.005902548703376992,0.006244232536472642,56.666666666666664,83,56685138,138.28162333333333,208.9804,1.0,0.4343394801955412,0.17333786661875827,0.6247275722037817,-1.7867663361873882,0.11984486251348071,-1.6947026287717621,-0.09665277100367624,0.10607623560261015,0.031742278063361655,3,0.009056986880691086,0.005916255183045557,0.017191506419529778,0.36365021036351514,0.11821427787297882,0.4913221936298092,-0.0009630403893940747,0.005902548703376992,0.006244232536472642,56.666666666666664,83,56685138,138.28162333333333,208.9804,1.0,0.4343394801955412,0.17333786661875827,0.6247275722037817,-1.7867663361873882,0.11984486251348071,-1.6947026287717621,-0.09665277100367624,0.10607623560261015,0.031742278063361655,3,0.009056986880691086,0.005916255183045557,0.017191506419529778,0.36365021036351514,0.11821427787297882,0.4913221936298092,-0.0009630403893940747,0.005902548703376992,0.006244232536472642,56.666666666666664,83,56685138,138.28162333333333,208.9804,1.0,0.0,0.0,0.0,0.0,0.0,0.0,0.0,0.0,0.0,0,0.0,0,0,0.0,0.0,0.0,0,0,0,0,0,0,0,0.0,83,47458321,208.9804,1.3833333333333335,0.4500000000000002,2.41,0.6400000000000001,3,56.666666666666664,56685138,0.937149742562862,0.9338553284954838,0.9338553284954838
BiITe,a84d988e38ac,M->G,0.467,1,0.691,0.11,0.8444810989227988,-149.9999999925854,-0.7313420846283014,-0.42224054955604184,0.0,0.5,0.0,0.0,0.0,0.25,0.0,3,1,6,10,0.32909355842253024,0.1221974304869961,0.47925536736077545,-1.7236966972989578,0.18001267547303365,-1.5876488921019578,-0.15593960386503034,0.0894643654057839,-0.03823624005421203,3,0.004915962371488805,0.00395989063571755,0.01048160742236411,0.31837610863431615,0.08710148242306309,0.39897510567580463,0.0016945731226470073,0.004392049091147112,0.007776066929319572,62.666666666666664,83,62660418,154.49495666666667,208.9804,1.0,0.32909355842253024,0.1221974304869961,0.47925536736077545,-1.7236966972989578,0.18001267547303365,-1.5876488921019578,-0.15593960386503034,0.0894643654057839,-0.03823624005421203,3,0.004915962371488805,0.00395989063571755,0.01048160742236411,0.31837610863431615,0.08710148242306309,0.39897510567580463,0.0016945731226470073,0.004392049091147112,0.007776066929319572,62.666666666666664,83,62660418,154.49495666666667,208.9804,1.0,0.32909355842253024,0.1221974304869961,0.47925536736077545,-1.7236966972989578,0.18001267547303365,-1.5876488921019578,-0.15593960386503034,0.0894643654057839,-0.03823624005421203,3,0.004915962371488805,0.00395989063571755,0.01048160742236411,0.31837610863431615,0.08710148242306309,0.39897510567580463,0.0016945731226470073,0.004392049091147112,0.007776066929319572,62.666666666666664,83,62660418,154.49495666666667,208.9804,1.0,0.0,0.0,0.0,0.0,0.0,0.0,0.0,0.0,0.0,0,0.0,0,0,0.0,0.0,0.0,0,0,0,0,0,0,0,0.0,83,47458321,208.9804,1.4666666666666668,0.20000000000000018,2.2600000000000002,0.6400000000000001,3,62.666666666666664,62660418,0.934812594962855,0.9417767775687268,0.9417767775687268
O2Pb2,20f098bd3f31,G->X,1.132,0,0.215,0.287,0.9236833875821084,-3.8629945371532906e-14,0.9236833875821084,-6.227655702762903e-16,-5.3983274163813455e-17,0.0,0.0,0.5,0.0,0.25,0.0,1,1,2,4,2.128770040132916,0.2564362145297479,2.374978199121685,-1.9885113795088034,0.2267210638588058,-1.619370820856683,0.6606538534035812,0.16995313121799324,0.8150447238559917,4,0.6883621744430792,0.4686040081087292,1.3604582699614491,0.5474285013246493,0.4066184621102052,1.081409321482725,0.05721680745507966,0.05700623692075149,0.15295187439265678,45.0,82,90432544,111.59969999999998,207.2,0.5,1.515239646677449,0.1789392906054366,1.768297986339499,-1.5717679587739495,0.11671796820045316,-1.406703889464668,0.47610968056061803,0.0909557752836802,0.6047405416609514,3,0.2509837971856985,0.024395781916443402,0.26823657193649403,0.3137763279729016,0.12500031821003532,0.4022906333300059,0.021702544028065613,0.002557402464609058,0.025319256265769977,32.666666666666664,82,45220368,79.73293333333334,207.2,0.3333333333333333,1.515239646677449,0.1789392906054366,1.768297986339499,-1.5717679587739495,0.11671796820045316,-1.406703889464668,0.47610968056061803,0.0909557752836802,0.6047405416609514,3,0.2509837971856985,0.024395781916443402,0.26823657193649403,0.3137763279729016,0.12500031821003532,0.4022906333300059,0.021702544028065613,0.002557402464609058,0.025319256265769977,32.666666666666664,82,45220368,79.73293333333334,207.2,0.3333333333333333,0.0,0.0,0.0,0.0,0.0,0.0,0.0,0.0,0.0,0,0.0,0,0,0.0,0.0,0.0,0,0,0,0,0,0,0,0.0,82,45212176,207.2,1.2,1.2000000000000002,2.885,1.1099999999999999,2,45.0,45216272,0.8829775241595053,0.8990904811171163,0.8829775241595053
O2Pb2,20f098bd3f31,G->Y,0.95,0,0.215,0.287,0.5166155540009791,90.00000000000001,-3.0378808306160495e-17,0.5166155540009791,-3.019281223832356e-17,0.0,0.0,0.0,0.5,0.0,0.25,1,1,2,4,2.128770040132916,0.2564362145297479,2.374978199121685,-1.9885113795088034,0.2267210638588058,-1.619370820856683,0.6606538534035812,0.16995313121799324,0.8150447238559917,4,0.6883621744430792,0.4686040081087292,1.3604582699614491,0.5474285013246493,0.4066184621102052,1.081409321482725,0.05721680745507966,0.05700623692075149,0.15295187439265678,45.0,82,90432544,111.59969999999998,207.2,0.5,0.8840388606121551,0.0,0.8840388606121551,-0.703478113502395,0.0,-0.703478113502395,0.3022943391305169,0.0,0.3022943391305169,2,0.0,0.0,0.0,0.0,0.0,0.0,0.0,0.0,0.0,45.0,82,45216272,111.5997,207.2,0.5,0.8840388606121551,0.0,0.8840388606121551,-0.703478113502395,0.0,-0.703478113502395,0.3022943391305169,0.0,0.3022943391305169,2,0.0,0.0,0.0,0.0,0.0,0.0,0.0,0.0,0.0,45.0,82,45216272,111.5997,207.2,0.5,0.0,0.0,0.0,0.0,0.0,0.0,0.0,0.0,0.0,0,0.0,0,0,0.0,0.0,0.0,0,0,0,0,0,0,0,0.0,82,45212176,207.2,1.2,1.2000000000000002,2.885,1.1099999999999999,2,45.0,45216272,0.8829775241595053,0.8990904811171163,0.8829775241595053
O2Pb2,20f098bd3f31,G->S,0.875,0,0.215,0.287,1.0583395632456047,29.21825838475216,0.9236833875821084,0.5166155540009785,-8.417608640213701e-17,0.0,0.0,0.5,0.5,0.25,0.25,1,1,2,4,2.128770040132916,0.2564362145297479,2.374978199121685,-1.9885113795088034,0.2267210638588058,-1.619370820856683,0.6606538534035812,0.16995313121799324,0.8150447238559917,4,0.6883621744430792,0.4686040081087292,1.3604582699614491,0.5474285013246493,0.4066184621102052,1.081409321482725,0.05721680745507966,0.05700623692075149,0.15295187439265678,45.0,82,90432544,111.59969999999998,207.2,0.5,0.8840388606121551,0.0,0.8840388606121551,-0.703478113502395,0.0,-0.703478113502395,0.3022943391305169,0.0,0.3022943391305169,2,0.0,0.0,0.0,0.0,0.0,0.0,0.0,0.0,0.0,45.0,82,45216272,111.5997,207.2,0.5,0.8840388606121551,0.0,0.8840388606121551,-0.703478113502395,0.0,-0.703478113502395,0.3022943391305169,0.0,0.3022943391305169,2,0.0,0.0,0.0,0.0,0.0,0.0,0.0,0.0,0.0,45.0,82,45216272,111.5997,207.2,0.5,0.0,0.0,0.0,0.0,0.0,0.0,0.0,0.0,0.0,0,0.0,0,0,0.0,0.0,0.0,0,0,0,0,0,0,0,0.0,82,45212176,207.2,1.2,1.2000000000000002,2.885,1.1099999999999999,2,45.0,45216272,0.8829775241595053,0.8990904811171163,0.8829775241595053
O2Pb2,20f098bd3f31,S->X,1.405,1,0.215,0.287,0.5166155540009791,-90.0,0.0,-0.5166155540009791,3.0192812238323556e-17,0.5,0.5,0.5,0.0,0.5,0.25,1,1,2,4,0.8840388606121551,0.0,0.8840388606121551,-0.703478113502395,0.0,-0.703478113502395,0.3022943391305169,0.0,0.3022943391305169,2,0.0,0.0,0.0,0.0,0.0,0.0,0.0,0.0,0.0,45.0,82,45216272,111.5997,207.2,0.5,0.8840388606121551,0.0,0.8840388606121551,-0.703478113502395,0.0,-0.703478113502395,0.3022943391305169,0.0,0.3022943391305169,2,0.0,0.0,0.0,0.0,0.0,0.0,0.0,0.0,0.0,45.0,82,45216272,111.5997,207.2,0.5,1.515239646677449,0.1789392906054366,1.768297986339499,-1.5717679587739495,0.11671796820045316,-1.406703889464668,0.47610968056061803,0.0909557752836802,0.6047405416609514,3,0.2509837971856985,0.024395781916443402,0.26823657193649403,0.3137763279729016,0.12500031821003532,0.4022906333300059,0.021702544028065613,0.002557402464609058,0.025319256265769977,32.666666666666664,82,45220368,79.73293333333334,207.2,0.3333333333333333,0.8840388606121551,0.0,0.8840388606121551,-0.703478113502395,0.0,-0.703478113502395,0.3022943391305169,0.0,0.3022943391305169,2,45.0,82,45216272,111.5997,207.2,0.5,0,0,0,0,0,0,0,29.218258384752193,82,45212176,207.2,1.2,1.2000000000000002,2.885,1.1099999999999999,2,45.0,45216272,0.8829775241595053,0.8990904811171163,0.8990904811171163
O2Pb2,20f098bd3f31,S->Y,1.726,1,0.215,0.287,0.9236833875821084,179.99999999999997,-0.9236833875821084,6.661338147750939e-16,5.398327416381345e-17,0.5,0.5,0.0,0.5,0.25,0.5,1,1,2,4,0.8840388606121551,0.0,0.8840388606121551,-0.703478113502395,0.0,-0.703478113502395,0.3022943391305169,0.0,0.3022943391305169,2,0.0,0.0,0.0,0.0,0.0,0.0,0.0,0.0,0.0,45.0,82,45216272,111.5997,207.2,0.5,0.8840388606121551,0.0,0.8840388606121551,-0.703478113502395,0.0,-0.703478113502395,0.3022943391305169,0.0,0.3022943391305169,2,0.0,0.0,0.0,0.0,0.0,0.0,0.0,0.0,0.0,45.0,82,45216272,111.5997,207.2,0.5,0.8840388606121551,0.0,0.8840388606121551,-0.703478113502395,0.0,-0.703478113502395,0.3022943391305169,0.0,0.3022943391305169,2,0.0,0.0,0.0,0.0,0.0,0.0,0.0,0.0,0.0,45.0,82,45216272,111.5997,207.2,0.5,0.8840388606121551,0.0,0.8840388606121551,-0.703478113502395,0.0,-0.703478113502395,0.3022943391305169,0.0,0.3022943391305169,2,45.0,82,45216272,111.5997,207.2,0.5,0,0,0,0,0,0,0,60.781741615247846,82,45212176,207.2,1.2,1.2000000000000002,2.885,1.1099999999999999,2,45.0,45216272,0.8829775241595053,0.8990904811171163,0.8990904811171163
O2Pb2,20f098bd3f31,Y->G,1.914,1,0.215,0.287,0.5166155540009791,-90.0,3.0378808306160495e-17,-0.5166155540009791,3.019281223832356e-17,0.0,0.5,0.0,0.0,0.0,0.25,1,1,2,4,0.8840388606121551,0.0,0.8840388606121551,-0.703478113502395,0.0,-0.703478113502395,0.3022943391305169,0.0,0.3022943391305169,2,0.0,0.0,0.0,0.0,0.0,0.0,0.0,0.0,0.0,45.0,82,45216272,111.5997,207.2,0.5,0.8840388606121551,0.0,0.8840388606121551,-0.703478113502395,0.0,-0.703478113502395,0.3022943391305169,0.0,0.3022943391305169,2,0.0,0.0,0.0,0.0,0.0,0.0,0.0,0.0,0.0,45.0,82,45216272,111.5997,207.2,0.5,2.128770040132916,0.2564362145297479,2.374978199121685,-1.9885113795088034,0.2267210638588058,-1.619370820856683,0.6606538534035812,0.16995313121799324,0.8150447238559917,4,0.6883621744430792,0.4686040081087292,1.3604582699614491,0.5474285013246493,0.4066184621102052,1.081409321482725,0.05721680745507966,0.05700623692075149,0.15295187439265678,45.0,82,90432544,111.59969999999998,207.2,0.5,0.0,0.0,0.0,0.0,0.0,0.0,0.0,0.0,0.0,0,0.0,0,0,0.0,0.0,0.0,0,0,0,0,0,0,0,0.0,82,45212176,207.2,1.2,1.2000000000000002,2.885,1.1099999999999999,2,45.0,45216272,0.8829775241595053,0.8990904811171163,0.8990904811171163
O2Pb2,20f098bd3f31,S->G,1.723,1,0.215,0.287,1.0583395632456047,-150.78174161524785,-0.9236833875821084,-0.5166155540009785,8.417608640213701e-17,0.5,0.5,0.0,0.0,0.25,0.25,1,1,2,4,0.8840388606121551,0.0,0.8840388606121551,-0.703478113502395,0.0,-0.703478113502395,0.3022943391305169,0.0,0.3022943391305169,2,0.0,0.0,0.0,0.0,0.0,0.0,0.0,0.0,0.0,45.0,82,45216272,111.5997,207.2,0.5,0.8840388606121551,0.0,0.8840388606121551,-0.703478113502395,0.0,-0.703478113502395,0.3022943391305169,0.0,0.3022943391305169,2,0.0,0.0,0.0,0.0,0.0,0.0,0.0,0.0,0.0,45.0,82,45216272,111.5997,207.2,0.5,2.128770040132916,0.2564362145297479,2.374978199121685,-1.9885113795088034,0.2267210638588058,-1.619370820856683,0.6606538534035812,0.16995313121799324,0.8150447238559917,4,0.6883621744430792,0.4686040081087292,1.3604582699614491,0.5474285013246493,0.4066184621102052,1.081409321482725,0.05721680745507966,0.05700623692075149,0.15295187439265678,45.0,82,90432544,111.59969999999998,207.2,0.5,0.0,0.0,0.0,0.0,0.0,0.0,0.0,0.0,0.0,0,0.0,0,0,0.0,0.0,0.0,0,0,0,0,0,0,0,0.0,82,45212176,207.2,1.2,1.2000000000000002,2.885,1.1099999999999999,2,45.0,45216272,0.8829775241595053,0.8990904811171163,0.8990904811171163
PbSe,a0dbdc6630fa,M->K,0.855,0,1.68,0.217,0.5136112827650474,120.00000002734541,-0.25680564159481234,0.44480041842227874,0.0,0.5,0.0,0.3333333333333333,0.3333333333333333,0.41666666666666663,0.16666666666666666,3,6,12,21,0.5123503928723958,0.0,0.5123503928723958,-0.9480257641880073,0.0,-0.9480257641880073,0.11292392916051759,0.0,0.11292392916051759,2,0.0,0.0,0.0,0.0,0.0,0.0,0.0,0.0,0.0,58.0,82,46548512,143.07999999999998,207.2,1.0,0.5123503928723958,0.0,0.5123503928723958,-0.9480257641880073,0.0,-0.9480257641880073,0.11292392916051759,0.0,0.11292392916051759,2,0.0,0.0,0.0,0.0,0.0,0.0,0.0,0.0,0.0,58.0,82,46548512,143.07999999999998,207.2,1.0,0.5123503928723958,0.0,0.5123503928723958,-0.9480257641880073,0.0,-0.9480257641880073,0.11292392916051759,0.0,0.11292392916051759,2,0.0,0.0,0.0,0.0,0.0,0.0,0.0,0.0,0.0,58.0,82,46548512,143.07999999999998,207.2,1.0,0.5123503928723958,0.0,0.5123503928723958,-0.9480257641880073,0.0,-0.9480257641880073,0.11292392916051759,0.0,0.11292392916051759,2,58.0,82,46548512,143.07999999999998,207.2,1.0,0,0,0,0,0,0,0,30.000000000000004,82,45212176,207.2,1.475,0.6500000000000001,2.44,0.21999999999999975,2,58.0,46548512,0.9241098190833938,0.7879851211433209,0.9241098190833938
PbSe,a0dbdc6630fa,M->G,1.603,1,1.68,0.217,0.8896008375799469,-150.0000000273454,-0.7704169247844369,-0.44480041842227885,0.0,0.5,0.0,0.0,0.0,0.25,0.0,3,1,6,10,0.5123503928723958,0.0,0.5123503928723958,-0.9480257641880073,0.0,-0.9480257641880073,0.11292392916051759,0.0,0.11292392916051759,2,0.0,0.0,0.0,0.0,0.0,0.0,0.0,0.0,0.0,58.0,82,46548512,143.07999999999998,207.2,1.0,0.5123503928723958,0.0,0.5123503928723958,-0.9480257641880073,0.0,-0.9480257641880073,0.11292392916051759,0.0,0.11292392916051759,2,0.0,0.0,0.0,0.0,0.0,0.0,0.0,0.0,0.0,58.0,82,46548512,143.07999999999998,207.2,1.0,0.5123503928723958,0.0,0.5123503928723958,-0.9480257641880073,0.0,-0.9480257641880073,0.11292392916051759,0.0,0.11292392916051759,2,0.0,0.0,0.0,0.0,0.0,0.0,0.0,0.0,0.0,58.0,82,46548512,143.07999999999998,207.2,1.0,0.0,0.0,0.0,0.0,0.0,0.0,0.0,0.0,0.0,0,0.0,0,0,0.0,0.0,0.0,0,0,0,0,0,0,0,0.0,82,45212176,207.2,1.475,0.6500000000000001,2.44,0.21999999999999975,2,58.0,46548512,0.9241098190833938,0.7879851211433209,0.7879851211433209
 ,aa9a981d89aa,G->Y,4.457,0,0.875,0.054,0.871399632820466,59.95906716716718,0.4362388397388591,0.7543427568306975,0.0,0.0,0.0,0.5,0.5,0.25,0.25,1,2,4,7,2.2998915834827476,0.7466643352366868,4.051018732398071,-6.6618023551365795,0.35917769588536613,-6.0391530199664984,-0.3782698614853283,0.4175612713704151,0.6346194146480512,10,0.32356410361481613,0.9747157556120232,1.4083936114516113,8.838779556181738,4.919073065718918,14.42057540081285,-0.028217631327157232,0.06826758241273771,0.09063632999669116,40.0,83,103035908,95.36683239999999,208.9804,0.8,2.2998915834827476,0.7466643352366868,4.051018732398071,-6.6618023551365795,0.35917769588536613,-6.0391530199664984,-0.3782698614853283,0.4175612713704151,0.6346194146480512,10,0.32356410361481613,0.9747157556120232,1.4083936114516113,8.838779556181738,4.919073065718918,14.42057540081285,-0.028217631327157232,0.06826758241273771,0.09063632999669116,40.0,83,103035908,95.36683239999999,208.9804,0.8,2.2998915834827476,0.7466643352366868,4.051018732398071,-6.6618023551365795,0.35917769588536613,-6.0391530199664984,-0.3782698614853283,0.4175612713704151,0.6346194146480512,10,0.32356410361481613,0.9747157556120232,1.4083936114516113,8.838779556181738,4.919073065718918,14.42057540081285,-0.028217631327157232,0.06826758241273771,0.09063632999669116,40.0,83,103035908,95.36683239999999,208.9804,0.8,0.0,0.0,0.0,0.0,0.0,0.0,0.0,0.0,0.0,0,0.0,0,0,0.0,0.0,0.0,0,0,0,0,0,0,0,0.0,83,47458321,208.9804,1.25,0.6000000000000001,2.2533333333333334,0.5299999999999998,3,44.0,48845282,0.8340700960545168,0.8638507706444664,0.8340700960545168
Bi2P2Se6,aa9a981d89aa,X->G,2.074,0,0.875,0.054,0.335402216996608,150.0408990479409,-0.29058647530813525,0.16749372386520708,0.0,0.33305892189939557,-0.33305892189939557,0.0,0.0,0.16652946094969778,-0.16652946094969778,2,1,4,7,2.2998915834827476,0.7466643352366868,4.051018732398071,-6.6618023551365795,0.35917769588536613,-6.0391530199664984,-0.3782698614853283,0.4175612713704151,0.6346194146480512,10,0.32356410361481613,0.9747157556120232,1.4083936114516113,8.838779556181738,4.919073065718918,14.42057540081285,-0.028217631327157232,0.06826758241273771,0.09063632999669116,40.0,83,103035908,95.36683239999999,208.9804,0.8,2.2998915834827476,0.7466643352366868,4.051018732398071,-6.6618023551365795,0.35917769588536613,-6.0391530199664984,-0.3782698614853283,0.4175612713704151,0.6346194146480512,10,0.32356410361481613,0.9747157556120232,1.4083936114516113,8.838779556181738,4.919073065718918,14.42057540081285,-0.028217631327157232,0.06826758241273771,0.09063632999669116,40.0,83,103035908,95.36683239999999,208.9804,0.8,2.2998915834827476,0.7466643352366868,4.051018732398071,-6.6618023551365795,0.35917769588536613,-6.0391530199664984,-0.3782698614853283,0.4175612713704151,0.6346194146480512,10,0.32356410361481613,0.9747157556120232,1.4083936114516113,8.838779556181738,4.919073065718918,14.42057540081285,-0.028217631327157232,0.06826758241273771,0.09063632999669116,40.0,83,103035908,95.36683239999999,208.9804,0.8,0.0,0.0,0.0,0.0,0.0,0.0,0.0,0.0,0.0,0,0.0,0,0,0.0,0.0,0.0,0,0,0,0,0,0,0,0.0,83,47458321,208.9804,1.25,0.6000000000000001,2.2533333333333334,0.5299999999999998,3,44.0,48845282,0.8340700960545168,0.8638507706444664,0.8340700960545168
Bi2P2Se6,aa9a981d89aa,G->X,4.384,0,0.875,0.054,0.335402216996608,-29.9591009520591,0.29058647530813525,-0.16749372386520708,0.0,0.0,0.0,0.33305892189939557,-0.33305892189939557,0.16652946094969778,-0.16652946094969778,1,2,4,7,2.2998915834827476,0.7466643352366868,4.051018732398071,-6.6618023551365795,0.35917769588536613,-6.0391530199664984,-0.3782698614853283,0.4175612713704151,0.6346194146480512,10,0.32356410361481613,0.9747157556120232,1.4083936114516113,8.838779556181738,4.919073065718918,14.42057540081285,-0.028217631327157232,0.06826758241273771,0.09063632999669116,40.0,83,103035908,95.36683239999999,208.9804,0.8,2.2998915834827476,0.7466643352366868,4.051018732398071,-6.6618023551365795,0.35917769588536613,-6.0391530199664984,-0.3782698614853283,0.4175612713704151,0.6346194146480512,10,0.32356410361481613,0.9747157556120232,1.4083936114516113,8.838779556181738,4.919073065718918,14.42057540081285,-0.028217631327157232,0.06826758241273771,0.09063632999669116,40.0,83,103035908,95.36683239999999,208.9804,0.8,2.2998915834827476,0.7466643352366868,4.051018732398071,-6.6618023551365795,0.35917769588536613,-6.0391530199664984,-0.3782698614853283,0.4175612713704151,0.6346194146480512,10,0.32356410361481613,0.9747157556120232,1.4083936114516113,8.838779556181738,4.919073065718918,14.42057540081285,-0.028217631327157232,0.06826758241273771,0.09063632999669116,40.0,83,103035908,95.36683239999999,208.9804,0.8,0.0,0.0,0.0,0.0,0.0,0.0,0.0,0.0,0.0,0,0.0,0,0,0.0,0.0,0.0,0,0,0,0,0,0,0,0.0,83,47458321,208.9804,1.25,0.6000000000000001,2.2533333333333334,0.5299999999999998,3,44.0,48845282,0.8340700960545168,0.8638507706444664,0.8340700960545168
Bi2P2Se6,aa9a981d89aa,G->Y,1.971,1,0.875,0.054,0.871399632820466,59.95906716716718,0.4362388397388591,0.7543427568306975,0.0,0.0,0.0,0.5,0.5,0.25,0.25,1,2,4,7,2.2998915834827476,0.7466643352366868,4.051018732398071,-6.6618023551365795,0.35917769588536613,-6.0391530199664984,-0.3782698614853283,0.4175612713704151,0.6346194146480512,10,0.32356410361481613,0.9747157556120232,1.4083936114516113,8.838779556181738,4.919073065718918,14.42057540081285,-0.028217631327157232,0.06826758241273771,0.09063632999669116,40.0,83,103035908,95.36683239999999,208.9804,0.8,2.2998915834827476,0.7466643352366868,4.051018732398071,-6.6618023551365795,0.35917769588536613,-6.0391530199664984,-0.3782698614853283,0.4175612713704151,0.6346194146480512,10,0.32356410361481613,0.9747157556120232,1.4083936114516113,8.838779556181738,4.919073065718918,14.42057540081285,-0.028217631327157232,0.06826758241273771,0.09063632999669116,40.0,83,103035908,95.36683239999999,208.9804,0.8,2.2998915834827476,0.7466643352366868,4.051018732398071,-6.6618023551365795,0.35917769588536613,-6.0391530199664984,-0.3782698614853283,0.4175612713704151,0.6346194146480512,10,0.32356410361481613,0.9747157556120232,1.4083936114516113,8.838779556181738,4.919073065718918,14.42057540081285,-0.028217631327157232,0.06826758241273771,0.09063632999669116,40.0,83,103035908,95.36683239999999,208.9804,0.8,0.0,0.0,0.0,0.0,0.0,0.0,0.0,0.0,0.0,0,0.0,0,0,0.0,0.0,0.0,0,0,0,0,0,0,0,0.0,83,47458321,208.9804,1.25,0.6000000000000001,2.2533333333333334,0.5299999999999998,3,44.0,48845282,0.8340700960545168,0.8638507706444664,0.8638507706444664
Bi2P2Se6,aa9a981d89aa,Y->G,1.66,1,0.875,0.054,0.871399632820466,-120.04093283283284,-0.4362388397388591,-0.7543427568306975,0.0,0.5,0.5,0.0,0.0,0.25,0.25,2,1,4,7,2.2998915834827476,0.7466643352366868,4.051018732398071,-6.6618023551365795,0.35917769588536613,-6.0391530199664984,-0.3782698614853283,0.4175612713704151,0.6346194146480512,10,0.32356410361481613,0.9747157556120232,1.4083936114516113,8.838779556181738,4.919073065718918,14.42057540081285,-0.028217631327157232,0.06826758241273771,0.09063632999669116,40.0,83,103035908,95.36683239999999,208.9804,0.8,2.2998915834827476,0.7466643352366868,4.051018732398071,-6.6618023551365795,0.35917769588536613,-6.0391530199664984,-0.3782698614853283,0.4175612713704151,0.6346194146480512,10,0.32356410361481613,0.9747157556120232,1.4083936114516113,8.838779556181738,4.919073065718918,14.42057540081285,-0.028217631327157232,0.06826758241273771,0.09063632999669116,40.0,83,103035908,95.36683239999999,208.9804,0.8,2.2998915834827476,0.7466643352366868,4.051018732398071,-6.6618023551365795,0.35917769588536613,-6.0391530199664984,-0.3782698614853283,0.4175612713704151,0.6346194146480512,10,0.32356410361481613,0.9747157556120232,1.4083936114516113,8.838779556181738,4.919073065718918,14.42057540081285,-0.028217631327157232,0.06826758241273771,0.09063632999669116,40.0,83,103035908,95.36683239999999,208.9804,0.8,0.0,0.0,0.0,0.0,0.0,0.0,0.0,0.0,0.0,0,0.0,0,0,0.0,0.0,0.0,0,0,0,0,0,0,0,0.0,83,47458321,208.9804,1.25,0.6000000000000001,2.2533333333333334,0.5299999999999998,3,44.0,48845282,0.8340700960545168,0.8638507706444664,0.8638507706444664
Bi2P2Se6,aa9a981d89aa,X->G,1.729,1,0.875,0.054,0.335402216996608,150.0408990479409,-0.29058647530813525,0.16749372386520708,0.0,0.33305892189939557,-0.33305892189939557,0.0,0.0,0.16652946094969778,-0.16652946094969778,2,1,4,7,2.2998915834827476,0.7466643352366868,4.051018732398071,-6.6618023551365795,0.35917769588536613,-6.0391530199664984,-0.3782698614853283,0.4175612713704151,0.6346194146480512,10,0.32356410361481613,0.9747157556120232,1.4083936114516113,8.838779556181738,4.919073065718918,14.42057540081285,-0.028217631327157232,0.06826758241273771,0.09063632999669116,40.0,83,103035908,95.36683239999999,208.9804,0.8,2.2998915834827476,0.7466643352366868,4.051018732398071,-6.6618023551365795,0.35917769588536613,-6.0391530199664984,-0.3782698614853283,0.4175612713704151,0.6346194146480512,10,0.32356410361481613,0.9747157556120232,1.4083936114516113,8.838779556181738,4.919073065718918,14.42057540081285,-0.028217631327157232,0.06826758241273771,0.09063632999669116,40.0,83,103035908,95.36683239999999,208.9804,0.8,2.2998915834827476,0.7466643352366868,4.051018732398071,-6.6618023551365795,0.35917769588536613,-6.0391530199664984,-0.3782698614853283,0.4175612713704151,0.6346194146480512,10,0.32356410361481613,0.9747157556120232,1.4083936114516113,8.838779556181738,4.919073065718918,14.42057540081285,-0.028217631327157232,0.06826758241273771,0.09063632999669116,40.0,83,103035908,95.36683239999999,208.9804,0.8,0.0,0.0,0.0,0.0,0.0,0.0,0.0,0.0,0.0,0,0.0,0,0,0.0,0.0,0.0,0,0,0,0,0,0,0,0.0,83,47458321,208.9804,1.25,0.6000000000000001,2.2533333333333334,0.5299999999999998,3,44.0,48845282,0.8340700960545168,0.8638507706444664,0.8638507706444664
Bi2P2Se6,aa9a981d89aa,G->X,2.029,1,0.875,0.054,0.335402216996608,-29.9591009520591,0.29058647530813525,-0.16749372386520708,0.0,0.0,0.0,0.33305892189939557,-0.33305892189939557,0.16652946094969778,-0.16652946094969778,1,2,4,7,2.2998915834827476,0.7466643352366868,4.051018732398071,-6.6618023551365795,0.35917769588536613,-6.0391530199664984,-0.3782698614853283,0.4175612713704151,0.6346194146480512,10,0.32356410361481613,0.9747157556120232,1.4083936114516113,8.838779556181738,4.919073065718918,14.42057540081285,-0.028217631327157232,0.06826758241273771,0.09063632999669116,40.0,83,103035908,95.36683239999999,208.9804,0.8,2.2998915834827476,0.7466643352366868,4.051018732398071,-6.6618023551365795,0.35917769588536613,-6.0391530199664984,-0.3782698614853283,0.4175612713704151,0.6346194146480512,10,0.32356410361481613,0.9747157556120232,1.4083936114516113,8.838779556181738,4.919073065718918,14.42057540081285,-0.028217631327157232,0.06826758241273771,0.09063632999669116,40.0,83,103035908,95.36683239999999,208.9804,0.8,2.2998915834827476,0.7466643352366868,4.051018732398071,-6.6618023551365795,0.35917769588536613,-6.0391530199664984,-0.3782698614853283,0.4175612713704151,0.6346194146480512,10,0.32356410361481613,0.9747157556120232,1.4083936114516113,8.838779556181738,4.919073065718918,14.42057540081285,-0.028217631327157232,0.06826758241273771,0.09063632999669116,40.0,83,103035908,95.36683239999999,208.9804,0.8,0.0,0.0,0.0,0.0,0.0,0.0,0.0,0.0,0.0,0,0.0,0,0,0.0,0.0,0.0,0,0,0,0,0,0,0,0.0,83,47458321,208.9804,1.25,0.6000000000000001,2.2533333333333334,0.5299999999999998,3,44.0,48845282,0.8340700960545168,0.8638507706444664,0.8638507706444664
HfTi3Se8,c55716558616,S->Y,1.191,0,0.589,0.137,0.4429393083016168,180.0,-0.4429393083016168,0.0,0.0,0.5,0.5,0.0,0.5,0.25,0.5,1,1,2,4,2.6523551933451177,1.0140266315884252,4.404398735360804,-6.319998398666615,0.8808838437414205,-5.518753232956513,-0.3741911284579446,0.5455085568022214,0.5511041067172064,11,1.0056675810186677,1.606444877477826,5.611079766252959,5.876032637975886,4.570781620410503,17.279813019763342,0.03646270767979053,0.096531857655692,0.21506432045212628,35.27272727272727,72,38033056,82.35490909090909,178.49,0.8181818181818182,2.6523551933451177,1.0140266315884252,4.404398735360804,-6.319998398666615,0.8808838437414205,-5.518753232956513,-0.3741911284579446,0.5455085568022214,0.5511041067172064,11,1.0056675810186677,1.606444877477826,5.611079766252959,5.876032637975886,4.570781620410503,17.279813019763342,0.03646270767979053,0.096531857655692,0.21506432045212628,35.27272727272727,72,38033056,82.35490909090909,178.49,0.8181818181818182,3.177185013219612,0.8553418879272633,4.505114124995242,-7.23580268988989,0.9959268733717903,-6.3972579490904,-0.2703000858056321,0.46794859292115804,0.4473051484536826,12,1.7448261758212402,1.9720946079086112,5.7707141900876735,8.652594925092648,6.428899903678161,22.649726507896798,0.00340382815654214,0.06711944674421015,0.11581570737720079,34.166666666666664,72,38267312,79.48091666666669,178.49,0.75,2.6523551933451177,1.0140266315884252,4.404398735360804,-6.319998398666615,0.8808838437414205,-5.518753232956513,-0.3741911284579446,0.5455085568022214,0.5511041067172064,11,35.27272727272727,72,38033056,82.35490909090909,178.49,0.8181818181818182,0,0,0,0,0,0,0,40.84565769581803,72,26873856,178.49,1.3666666666666665,0.40000000000000013,1.7966666666666666,1.2499999999999998,3,42.666666666666664,28444448,0.7409042099373613,0.1172884570017979,0.7409042099373613
Mo2W2Te8,c04fc052f2ca,X->G,1.645,0,0.879,0.011,0.4424986708726083,180.0,-0.4424986708726083,0.0,0.0,0.5,0.0,0.0,0.0,0.25,0.0,1,1,2,4,2.6661584438558523,0.7931919810881806,3.7968834484906733,-6.6425642816049395,1.4738325268989958,-5.595967636034228,-0.4949302027711544,0.42525440294512923,0.11056230622729574,12,1.2151948303205031,1.3681197368364582,4.0019057805375935,6.593071574646243,6.937296439556012,22.18291729817345,0.047936609333488485,0.07234243802934935,0.14188623027680872,54.0,74,124689472,131.69666666666663,183.84,1.0,2.6661584438558523,0.7931919810881806,3.7968834484906733,-6.6425642816049395,1.4738325268989958,-5.595967636034228,-0.4949302027711544,0.42525440294512923,0.11056230622729574,12,1.2151948303205031,1.3681197368364582,4.0019057805375935,6.593071574646243,6.937296439556012,22.18291729817345,0.047936609333488485,0.07234243802934935,0.14188623027680872,54.0,74,124689472,131.69666666666663,183.84,1.0,2.6661584438558523,0.7931919810881806,3.7968834484906733,-6.6425642816049395,1.4738325268989958,-5.595967636034228,-0.4949302027711544,0.42525440294512923,0.11056230622729574,12,1.2151948303205031,1.3681197368364582,4.0019057805375935,6.593071574646243,6.937296439556012,22.18291729817345,0.047936609333488485,0.07234243802934935,0.14188623027680872,54.0,74,124689472,131.69666666666663,183.84,1.0,0.0,0.0,0.0,0.0,0.0,0.0,0.0,0.0,0.0,0,0.0,0,0,0.0,0.0,0.0,0,0,0,0,0,0,0,0.0,74,29986576,183.84,1.3999999999999997,0.09999999999999987,2.2066666666666666,0.2599999999999998,3,56.0,40409888,0.2958079752151466,0.1399480237647956,0.2958079752151466
Mo2W2Te8,c04fc052f2ca,G->S,1.315,0,0.879,0.011,0.6759814164452153,49.110534665153686,0.4424986708726083,0.5110242671882174,0.0,0.0,0.0,0.5,0.5,0.25,0.25,1,1,2,4,2.6661584438558523,0.7931919810881806,3.7968834484906733,-6.6425642816049395,1.4738325268989958,-5.595967636034228,-0.4949302027711544,0.42525440294512923,0.11056230622729574,12,1.2151948303205031,1.3681197368364582,4.0019057805375935,6.593071574646243,6.937296439556012,22.18291729817345,0.047936609333488485,0.07234243802934935,0.14188623027680872,54.0,74,124689472,131.69666666666663,183.84,1.0,2.218194039026262,0.9280749469849835,3.705012449700472,-5.6607825508628515,1.3398342080493504,-4.679404098450512,-0.560026095064404,0.4934758135196871,0.2216458005146657,11,0.693347197207713,1.1196269237715253,3.899427311194565,3.8393345446310794,4.953618143794462,17.580055478589852,0.08231149994005263,0.10388472637898807,0.2509164343904906,55.09090909090909,74,121577776,134.9472727272727,183.84,1.0,2.218194039026262,0.9280749469849835,3.705012449700472,-5.6607825508628515,1.3398342080493504,-4.679404098450512,-0.560026095064404,0.4934758135196871,0.2216458005146657,11,0.693347197207713,1.1196269237715253,3.899427311194565,3.8393345446310794,4.953618143794462,17.580055478589852,0.08231149994005263,0.10388472637898807,0.2509164343904906,55.09090909090909,74,121577776,134.9472727272727,183.84,1.0,0.0,0.0,0.0,0.0,0.0,0.0,0.0,0.0,0.0,0,0.0,0,0,0.0,0.0,0.0,0,0,0,0,0,0,0,0.0,74,29986576,183.84,1.3999999999999997,0.09999999999999987,2.2066666666666666,0.2599999999999998,3,56.0,40409888,0.2958079752151466,0.1399480237647956,0.2958079752151466
Mo2W2Te8,c04fc052f2ca,G->S,1.35,1,0.879,0.011,0.6759814164452153,49.110534665153686,0.4424986708726083,0.5110242671882174,0.0,0.0,0.0,0.5,0.5,0.25,0.25,1,1,2,4,2.6661584438558523,0.7931919810881806,3.7968834484906733,-6.6425642816049395,1.4738325268989958,-5.595967636034228,-0.4949302027711544,0.42525440294512923,0.11056230622729574,12,1.2151948303205031,1.3681197368364582,4.0019057805375935,6.593071574646243,6.937296439556012,22.18291729817345,0.047936609333488485,0.07234243802934935,0.14188623027680872,54.0,74,124689472,131.69666666666663,183.84,1.0,2.218194039026262,0.9280749469849835,3.705012449700472,-5.6607825508628515,1.3398342080493504,-4.679404098450512,-0.560026095064404,0.4934758135196871,0.2216458005146657,11,0.693347197207713,1.1196269237715253,3.899427311194565,3.8393345446310794,4.953618143794462,17.580055478589852,0.08231149994005263,0.10388472637898807,0.2509164343904906,55.09090909090909,74,121577776,134.9472727272727,183.84,1.0,2.218194039026262,0.9280749469849835,3.705012449700472,-5.6607825508628515,1.3398342080493504,-4.679404098450512,-0.560026095064404,0.4934758135196871,0.2216458005146657,11,0.693347197207713,1.1196269237715253,3.899427311194565,3.8393345446310794,4.953618143794462,17.580055478589852,0.08231149994005263,0.10388472637898807,0.2509164343904906,55.09090909090909,74,121577776,134.9472727272727,183.84,1.0,0.0,0.0,0.0,0.0,0.0,0.0,0.0,0.0,0.0,0,0.0,0,0,0.0,0.0,0.0,0,0,0,0,0,0,0,0.0,74,29986576,183.84,1.3999999999999997,0.09999999999999987,2.2066666666666666,0.2599999999999998,3,56.0,40409888,0.2958079752151466,0.1399480237647956,0.1399480237647956
BiISe,70cbc0e44d36,M->K,1.267,0,0.929,0.0,0.4902129043295151,119.99999999074366,-0.245106452096172,0.4245368284519086,0.0,0.5,0.0,0.3333333333333333,0.3333333333333333,0.41666666666666663,0.16666666666666666,3,6,12,21,0.44001316487942493,0.1862558201763981,0.6568459413469638,-1.511575727449242,0.31626058908822613,-1.27569862429879,-0.11147340099699349,0.12491515307475437,0.04903189455141859,3,-5.2610376751228786e-05,0.001117222166137109,0.0009719486748705424,0.1379869635529958,0.11028583948771611,0.23122220709005203,-0.0020975603774439047,0.007993529154692262,0.006432771986291349,56.666666666666664,83,56685138,138.28162333333333,208.9804,1.0,0.44001316487942493,0.1862558201763981,0.6568459413469638,-1.511575727449242,0.31626058908822613,-1.27569862429879,-0.11147340099699349,0.12491515307475437,0.04903189455141859,3,-5.2610376751228786e-05,0.001117222166137109,0.0009719486748705424,0.1379869635529958,0.11028583948771611,0.23122220709005203,-0.0020975603774439047,0.007993529154692262,0.006432771986291349,56.666666666666664,83,56685138,138.28162333333333,208.9804,1.0,0.44001316487942493,0.1862558201763981,0.6568459413469638,-1.511575727449242,0.31626058908822613,-1.27569862429879,-0.11147340099699349,0.12491515307475437,0.04903189455141859,3,-5.2610376751228786e-05,0.001117222166137109,0.0009719486748705424,0.1379869635529958,0.11028583948771611,0.23122220709005203,-0.0020975603774439047,0.007993529154692262,0.006432771986291349,56.666666666666664,83,56685138,138.28162333333333,208.9804,1.0,0.44001316487942493,0.1862558201763981,0.6568459413469638,-1.511575727449242,0.31626058908822613,-1.27569862429879,-0.11147340099699349,0.12491515307475437,0.04903189455141859,3,56.666666666666664,83,56685138,138.28162333333333,208.9804,1.0,0,0,0,0,0,0,0,30.000000000000004,83,47458321,208.9804,1.3833333333333335,0.4500000000000002,2.41,0.6400000000000001,3,56.666666666666664,56685138,0.9060614974704904,0.9184150831842453,0.9060614974704904
BiISe,70cbc0e44d36,G->M,2.045,1,0.929,0.0,0.8490736566662299,30.00000000925636,0.735319356288516,0.4245368284519087,0.0,0.0,0.0,0.5,0.0,0.25,0.0,1,3,6,10,0.44001316487942493,0.1862558201763981,0.6568459413469638,-1.511575727449242,0.31626058908822613,-1.27569862429879,-0.11147340099699349,0.12491515307475437,0.04903189455141859,3,-5.2610376751228786e-05,0.001117222166137109,0.0009719486748705424,0.1379869635529958,0.11028583948771611,0.23122220709005203,-0.0020975603774439047,0.007993529154692262,0.006432771986291349,56.666666666666664,83,56685138,138.28162333333333,208.9804,1.0,0.44001316487942493,0.1862558201763981,0.6568459413469638,-1.511575727449242,0.31626058908822613,-1.27569862429879,-0.11147340099699349,0.12491515307475437,0.04903189455141859,3,-5.2610376751228786e-05,0.001117222166137109,0.0009719486748705424,0.1379869635529958,0.11028583948771611,0.23122220709005203,-0.0020975603774439047,0.007993529154692262,0.006432771986291349,56.666666666666664,83,56685138,138.28162333333333,208.9804,1.0,0.44001316487942493,0.1862558201763981,0.6568459413469638,-1.511575727449242,0.31626058908822613,-1.27569862429879,-0.11147340099699349,0.12491515307475437,0.04903189455141859,3,-5.2610376751228786e-05,0.001117222166137109,0.0009719486748705424,0.1379869635529958,0.11028583948771611,0.23122220709005203,-0.0020975603774439047,0.007993529154692262,0.006432771986291349,56.666666666666664,83,56685138,138.28162333333333,208.9804,1.0,0.0,0.0,0.0,0.0,0.0,0.0,0.0,0.0,0.0,0,0.0,0,0,0.0,0.0,0.0,0,0,0,0,0,0,0,0.0,83,47458321,208.9804,1.3833333333333335,0.4500000000000002,2.41,0.6400000000000001,3,56.666666666666664,56685138,0.9060614974704904,0.9184150831842453,0.9184150831842453
BiISe,70cbc0e44d36,M->K,1.142,1,0.929,0.0,0.4902129043295151,119.99999999074366,-0.245106452096172,0.4245368284519086,0.0,0.5,0.0,0.3333333333333333,0.3333333333333333,0.41666666666666663,0.16666666666666666,3,6,12,21,0.44001316487942493,0.1862558201763981,0.6568459413469638,-1.511575727449242,0.31626058908822613,-1.27569862429879,-0.11147340099699349,0.12491515307475437,0.04903189455141859,3,-5.2610376751228786e-05,0.001117222166137109,0.0009719486748705424,0.1379869635529958,0.11028583948771611,0.23122220709005203,-0.0020975603774439047,0.007993529154692262,0.006432771986291349,56.666666666666664,83,56685138,138.28162333333333,208.9804,1.0,0.44001316487942493,0.1862558201763981,0.6568459413469638,-1.511575727449242,0.31626058908822613,-1.27569862429879,-0.11147340099699349,0.12491515307475437,0.04903189455141859,3,-5.2610376751228786e-05,0.001117222166137109,0.0009719486748705424,0.1379869635529958,0.11028583948771611,0.23122220709005203,-0.0020975603774439047,0.007993529154692262,0.006432771986291349,56.666666666666664,83,56685138,138.28162333333333,208.9804,1.0,0.44001316487942493,0.1862558201763981,0.6568459413469638,-1.511575727449242,0.31626058908822613,-1.27569862429879,-0.11147340099699349,0.12491515307475437,0.04903189455141859,3,-5.2610376751228786e-05,0.001117222166137109,0.0009719486748705424,0.1379869635529958,0.11028583948771611,0.23122220709005203,-0.0020975603774439047,0.007993529154692262,0.006432771986291349,56.666666666666664,83,56685138,138.28162333333333,208.9804,1.0,0.44001316487942493,0.1862558201763981,0.6568459413469638,-1.511575727449242,0.31626058908822613,-1.27569862429879,-0.11147340099699349,0.12491515307475437,0.04903189455141859,3,56.666666666666664,83,56685138,138.28162333333333,208.9804,1.0,0,0,0,0,0,0,0,30.000000000000004,83,47458321,208.9804,1.3833333333333335,0.4500000000000002,2.41,0.6400000000000001,3,56.666666666666664,56685138,0.9060614974704904,0.9184150831842453,0.9184150831842453
BiISe,70cbc0e44d36,G->K,2.089,1,0.929,0.0,0.9804258086590303,60.00000000925636,0.490212904192344,0.8490736569038173,0.0,0.0,0.0,0.3333333333333333,0.3333333333333333,0.16666666666666666,0.16666666666666666,1,6,12,19,0.44001316487942493,0.1862558201763981,0.6568459413469638,-1.511575727449242,0.31626058908822613,-1.27569862429879,-0.11147340099699349,0.12491515307475437,0.04903189455141859,3,-5.2610376751228786e-05,0.001117222166137109,0.0009719486748705424,0.1379869635529958,0.11028583948771611,0.23122220709005203,-0.0020975603774439047,0.007993529154692262,0.006432771986291349,56.666666666666664,83,56685138,138.28162333333333,208.9804,1.0,0.44001316487942493,0.1862558201763981,0.6568459413469638,-1.511575727449242,0.31626058908822613,-1.27569862429879,-0.11147340099699349,0.12491515307475437,0.04903189455141859,3,-5.2610376751228786e-05,0.001117222166137109,0.0009719486748705424,0.1379869635529958,0.11028583948771611,0.23122220709005203,-0.0020975603774439047,0.007993529154692262,0.006432771986291349,56.666666666666664,83,56685138,138.28162333333333,208.9804,1.0,0.44001316487942493,0.1862558201763981,0.6568459413469638,-1.511575727449242,0.31626058908822613,-1.27569862429879,-0.11147340099699349,0.12491515307475437,0.04903189455141859,3,-5.2610376751228786e-05,0.001117222166137109,0.0009719486748705424,0.1379869635529958,0.11028583948771611,0.23122220709005203,-0.0020975603774439047,0.007993529154692262,0.006432771986291349,56.666666666666664,83,56685138,138.28162333333333,208.9804,1.0,0.0,0.0,0.0,0.0,0.0,0.0,0.0,0.0,0.0,0,0.0,0,0,0.0,0.0,0.0,0,0,0,0,0,0,0,0.0,83,47458321,208.9804,1.3833333333333335,0.4500000000000002,2.41,0.6400000000000001,3,56.666666666666664,56685138,0.9060614974704904,0.9184150831842453,0.9184150831842453
Pb2Te6,3995fa1bee6e,X->G,3.064,0,0.322,0.129,0.6550420643429944,-89.99999999999618,4.371444360958522e-14,-0.6550420643429944,0.0,0.0,0.5,0.0,0.0,0.0,0.25,1,1,2,4,0.9416290993713043,0.10449306392745887,1.0773028404499096,-1.945231881997389,1.002704894766299,-0.8882105882433932,-0.4244071759962521,0.3015755610307577,-0.08042937003703032,8,0.09363185458205098,0.10945979101387443,0.2717797881668756,0.450338113454832,1.1223623630524704,2.444207369582067,-0.01261988144203171,0.03433039361402327,0.026882005669700768,59.5,82,134294048,147.5,207.2,1.0,0.9416290993713043,0.10449306392745887,1.0773028404499096,-1.945231881997389,1.002704894766299,-0.8882105882433932,-0.4244071759962521,0.3015755610307577,-0.08042937003703032,8,0.09363185458205098,0.10945979101387443,0.2717797881668756,0.450338113454832,1.1223623630524704,2.444207369582067,-0.01261988144203171,0.03433039361402327,0.026882005669700768,59.5,82,134294048,147.5,207.2,1.0,0.9416290993713043,0.10449306392745887,1.0773028404499096,-1.945231881997389,1.002704894766299,-0.8882105882433932,-0.4244071759962521,0.3015755610307577,-0.08042937003703032,8,0.09363185458205098,0.10945979101387443,0.2717797881668756,0.450338113454832,1.1223623630524704,2.444207369582067,-0.01261988144203171,0.03433039361402327,0.026882005669700768,59.5,82,134294048,147.5,207.2,1.0,0.0,0.0,0.0,0.0,0.0,0.0,0.0,0.0,0.0,0,0.0,0,0,0.0,0.0,0.0,0,0,0,0,0,0,0,0.0,82,45212176,207.2,1.6,0.40000000000000013,2.215,0.22999999999999998,2,67.0,52523792,0.8986972744902609,0.8492620158711233,0.8986972744902609
Pb2Te6,3995fa1bee6e,G->S,0.511,0,0.322,0.129,0.8193229587812263,53.08160918832655,0.4921483564182691,0.655042064344588,0.0,0.0,0.0,0.5,0.5,0.25,0.25,1,1,2,4,0.9416290993713043,0.10449306392745887,1.0773028404499096,-1.945231881997389,1.002704894766299,-0.8882105882433932,-0.4244071759962521,0.3015755610307577,-0.08042937003703032,8,0.09363185458205098,0.10945979101387443,0.2717797881668756,0.450338113454832,1.1223623630524704,2.444207369582067,-0.01261988144203171,0.03433039361402327,0.026882005669700768,59.5,82,134294048,147.5,207.2,1.0,0.5373055630404808,0.20970678175120397,0.8006869073948124,-1.8588794821005798,0.8692711973707312,-0.662470384591314,-0.46955009200714753,0.14168523913693967,-0.3319060307991164,6,0.0004290143555384424,0.008926194664734797,0.014142119698560066,-0.06275483693681892,0.548878655394087,0.786109547833661,0.017086754764846997,0.012208296466490878,0.030057733626202454,62.0,82,119670816,154.13333333333335,207.2,1.0,0.5373055630404808,0.20970678175120397,0.8006869073948124,-1.8588794821005798,0.8692711973707312,-0.662470384591314,-0.46955009200714753,0.14168523913693967,-0.3319060307991164,6,0.0004290143555384424,0.008926194664734797,0.014142119698560066,-0.06275483693681892,0.548878655394087,0.786109547833661,0.017086754764846997,0.012208296466490878,0.030057733626202454,62.0,82,119670816,154.13333333333335,207.2,1.0,0.0,0.0,0.0,0.0,0.0,0.0,0.0,0.0,0.0,0,0.0,0,0,0.0,0.0,0.0,0,0,0,0,0,0,0,0.0,82,45212176,207.2,1.6,0.40000000000000013,2.215,0.22999999999999998,2,67.0,52523792,0.8986972744902609,0.8492620158711233,0.8986972744902609
Pb2Te6,3995fa1bee6e,X->G,1.451,1,0.322,0.129,0.6550420643429944,-89.99999999999618,4.371444360958522e-14,-0.6550420643429944,0.0,0.0,0.5,0.0,0.0,0.0,0.25,1,1,2,4,0.9416290993713043,0.10449306392745887,1.0773028404499096,-1.945231881997389,1.002704894766299,-0.8882105882433932,-0.4244071759962521,0.3015755610307577,-0.08042937003703032,8,0.09363185458205098,0.10945979101387443,0.2717797881668756,0.450338113454832,1.1223623630524704,2.444207369582067,-0.01261988144203171,0.03433039361402327,0.026882005669700768,59.5,82,134294048,147.5,207.2,1.0,0.9416290993713043,0.10449306392745887,1.0773028404499096,-1.945231881997389,1.002704894766299,-0.8882105882433932,-0.4244071759962521,0.3015755610307577,-0.08042937003703032,8,0.09363185458205098,0.10945979101387443,0.2717797881668756,0.450338113454832,1.1223623630524704,2.444207369582067,-0.01261988144203171,0.03433039361402327,0.026882005669700768,59.5,82,134294048,147.5,207.2,1.0,0.9416290993713043,0.10449306392745887,1.0773028404499096,-1.945231881997389,1.002704894766299,-0.8882105882433932,-0.4244071759962521,0.3015755610307577,-0.08042937003703032,8,0.09363185458205098,0.10945979101387443,0.2717797881668756,0.450338113454832,1.1223623630524704,2.444207369582067,-0.01261988144203171,0.03433039361402327,0.026882005669700768,59.5,82,134294048,147.5,207.2,1.0,0.0,0.0,0.0,0.0,0.0,0.0,0.0,0.0,0.0,0,0.0,0,0,0.0,0.0,0.0,0,0,0,0,0,0,0,0.0,82,45212176,207.2,1.6,0.40000000000000013,2.215,0.22999999999999998,2,67.0,52523792,0.8986972744902609,0.8492620158711233,0.8492620158711233
Pb2Te6,3995fa1bee6e,X->S,0.796,1,0.322,0.129,0.4921483564183128,1.8552812907871596e-10,0.4921483564183128,1.5936141295469497e-12,0.0,0.0,0.5,0.5,0.5,0.25,0.5,1,1,2,4,0.9416290993713043,0.10449306392745887,1.0773028404499096,-1.945231881997389,1.002704894766299,-0.8882105882433932,-0.4244071759962521,0.3015755610307577,-0.08042937003703032,8,0.09363185458205098,0.10945979101387443,0.2717797881668756,0.450338113454832,1.1223623630524704,2.444207369582067,-0.01261988144203171,0.03433039361402327,0.026882005669700768,59.5,82,134294048,147.5,207.2,1.0,0.9416290993713043,0.10449306392745887,1.0773028404499096,-1.945231881997389,1.002704894766299,-0.8882105882433932,-0.4244071759962521,0.3015755610307577,-0.08042937003703032,8,0.09363185458205098,0.10945979101387443,0.2717797881668756,0.450338113454832,1.1223623630524704,2.444207369582067,-0.01261988144203171,0.03433039361402327,0.026882005669700768,59.5,82,134294048,147.5,207.2,1.0,0.5373055630404808,0.20970678175120397,0.8006869073948124,-1.8588794821005798,0.8692711973707312,-0.662470384591314,-0.46955009200714753,0.14168523913693967,-0.3319060307991164,6,0.0004290143555384424,0.008926194664734797,0.014142119698560066,-0.06275483693681892,0.548878655394087,0.786109547833661,0.017086754764846997,0.012208296466490878,0.030057733626202454,62.0,82,119670816,154.13333333333335,207.2,1.0,0.5373055630404808,0.20970678175120397,0.8006869073948124,-1.8588794821005798,0.8692711973707312,-0.662470384591314,-0.46955009200714753,0.14168523913693967,-0.3319060307991164,6,62.0,82,119670816,154.13333333333335,207.2,1.0,0,0,0,0,0,0,0,36.91839081167727,82,45212176,207.2,1.6,0.40000000000000013,2.215,0.22999999999999998,2,67.0,52523792,0.8986972744902609,0.8492620158711233,0.8492620158711233
Pb2Te6,3995fa1bee6e,S->G,1.059,1,0.322,0.129,0.8193229587812263,-126.91839081167345,-0.4921483564182691,-0.655042064344588,0.0,0.5,0.5,0.0,0.0,0.25,0.25,1,1,2,4,0.5373055630404808,0.20970678175120397,0.8006869073948124,-1.8588794821005798,0.8692711973707312,-0.662470384591314,-0.46955009200714753,0.14168523913693967,-0.3319060307991164,6,0.0004290143555384424,0.008926194664734797,0.014142119698560066,-0.06275483693681892,0.548878655394087,0.786109547833661,0.017086754764846997,0.012208296466490878,0.030057733626202454,62.0,82,119670816,154.13333333333335,207.2,1.0,0.5373055630404808,0.20970678175120397,0.8006869073948124,-1.8588794821005798,0.8692711973707312,-0.662470384591314,-0.46955009200714753,0.14168523913693967,-0.3319060307991164,6,0.0004290143555384424,0.008926194664734797,0.014142119698560066,-0.06275483693681892,0.548878655394087,0.786109547833661,0.017086754764846997,0.012208296466490878,0.030057733626202454,62.0,82,119670816,154.13333333333335,207.2,1.0,0.9416290993713043,0.10449306392745887,1.0773028404499096,-1.945231881997389,1.002704894766299,-0.8882105882433932,-0.4244071759962521,0.3015755610307577,-0.08042937003703032,8,0.09363185458205098,0.10945979101387443,0.2717797881668756,0.450338113454832,1.1223623630524704,2.444207369582067,-0.01261988144203171,0.03433039361402327,0.026882005669700768,59.5,82,134294048,147.5,207.2,1.0,0.0,0.0,0.0,0.0,0.0,0.0,0.0,0.0,0.0,0,0.0,0,0,0.0,0.0,0.0,0,0,0,0,0,0,0,0.0,82,45212176,207.2,1.6,0.40000000000000013,2.215,0.22999999999999998,2,67.0,52523792,0.8986972744902609,0.8492620158711233,0.8492620158711233
Cr2W2S8,5974b6403c31,X->G,1.592,0,0.967,0.014,0.5015256071709622,180.0,-0.5015256071709622,0.0,0.0,0.5,0.0,0.0,0.0,0.25,0.0,1,1,2,4,4.699750591373477,1.0305047922401531,6.2828410704395665,-8.211331553778846,0.34359941527360893,-7.957311854022141,0.6009755271767335,0.5973470015629263,1.5322886304065306,12,3.8683481263235424,3.6030558585913437,11.2000663470807,12.578806411557565,5.804777471503388,22.19987792535138,0.0013224298314846751,0.3083955389933996,0.7617496437521522,27.0,74,61160992,60.68268333333335,183.84,0.16666666666666666,4.699750591373477,1.0305047922401531,6.2828410704395665,-8.211331553778846,0.34359941527360893,-7.957311854022141,0.6009755271767335,0.5973470015629263,1.5322886304065306,12,3.8683481263235424,3.6030558585913437,11.2000663470807,12.578806411557565,5.804777471503388,22.19987792535138,0.0013224298314846751,0.3083955389933996,0.7617496437521522,27.0,74,61160992,60.68268333333335,183.84,0.16666666666666666,4.699750591373477,1.0305047922401531,6.2828410704395665,-8.211331553778846,0.34359941527360893,-7.957311854022141,0.6009755271767335,0.5973470015629263,1.5322886304065306,12,3.8683481263235424,3.6030558585913437,11.2000663470807,12.578806411557565,5.804777471503388,22.19987792535138,0.0013224298314846751,0.3083955389933996,0.7617496437521522,27.0,74,61160992,60.68268333333335,183.84,0.16666666666666666,0.0,0.0,0.0,0.0,0.0,0.0,0.0,0.0,0.0,0,0.0,0,0,0.0,0.0,0.0,0,0,0,0,0,0,0,0.0,74,29986576,183.84,1.25,0.3999999999999999,2.1999999999999997,0.9200000000000002,3,38.0,30383888,0.1681267075821846,0.157123881369535,0.1681267075821846
Cr2W2S8,5974b6403c31,Y->S,1.151,0,0.967,0.014,0.5015256071709622,0.0,0.5015256071709622,0.0,0.0,0.0,0.5,0.5,0.5,0.25,0.5,1,1,2,4,4.699750591373477,1.0305047922401531,6.2828410704395665,-8.211331553778846,0.34359941527360893,-7.957311854022141,0.6009755271767335,0.5973470015629263,1.5322886304065306,12,3.8683481263235424,3.6030558585913437,11.2000663470807,12.578806411557565,5.804777471503388,22.19987792535138,0.0013224298314846751,0.3083955389933996,0.7617496437521522,27.0,74,61160992,60.68268333333335,183.84,0.16666666666666666,3.9846659050547815,1.1668340554624965,6.0044856775502975,-7.400197085088947,0.20893196337627265,-7.266852342706227,0.37701173320979464,0.6529346340950483,1.5287029255339029,11,2.4025577268939258,2.878279172336443,10.513057364962338,9.975699777715048,4.359847981870135,15.061581855022975,-0.045427155673193526,0.25905676978588354,0.7626226500355378,27.272727272727273,74,60829216,61.472372727272734,183.84,0.18181818181818182,3.9846659050547815,1.1668340554624965,6.0044856775502975,-7.400197085088947,0.20893196337627265,-7.266852342706227,0.37701173320979464,0.6529346340950483,1.5287029255339029,11,2.4025577268939258,2.878279172336443,10.513057364962338,9.975699777715048,4.359847981870135,15.061581855022975,-0.045427155673193526,0.25905676978588354,0.7626226500355378,27.272727272727273,74,60829216,61.472372727272734,183.84,0.18181818181818182,3.9846659050547815,1.1668340554624965,6.0044856775502975,-7.400197085088947,0.20893196337627265,-7.266852342706227,0.37701173320979464,0.6529346340950483,1.5287029255339029,11,27.272727272727273,74,60829216,61.472372727272734,183.84,0.18181818181818182,0,0,0,0,0,0,0,40.81655190710839,74,29986576,183.84,1.25,0.3999999999999999,2.1999999999999997,0.9200000000000002,3,38.0,30383888,0.1681267075821846,0.157123881369535,0.1681267075821846
HfZr3Se8,70e7ab872359,G->S,0.95,0,0.819,0.15,0.6492462806165705,49.074801723523876,0.42530381874468864,0.4905480553988933,0.0,0.0,0.0,0.5,0.5,0.25,0.25,1,1,2,4,2.6712424096677014,0.7551522290901719,3.8050886816519576,-6.564335100996664,1.2475367863356397,-5.45299211410548,-0.5283548195884983,0.40216260099819084,0.06941108505639856,12,1.2087980578023303,1.3752077522443582,3.9733494739648187,6.498701374773808,6.361448723808321,20.427367104193955,0.05403516176322556,0.083287921639481,0.16546447543341633,38.666666666666664,72,45244544,90.32016666666668,178.49,1.0,2.2382961146014946,0.9162762195834324,3.7487540453057884,-5.653591100990969,1.1589257425694701,-4.550265692310671,-0.5821712274049609,0.4894618468770772,0.21184769572599302,11,0.6968289718624473,1.1364134093862193,3.935722705630691,3.955228033517419,4.666716908939636,16.841547580212527,0.08854295883578442,0.11665409901461639,0.29661295649726893,38.54545454545455,72,42684544,90.23800000000001,178.49,1.0,2.2382961146014946,0.9162762195834324,3.7487540453057884,-5.653591100990969,1.1589257425694701,-4.550265692310671,-0.5821712274049609,0.4894618468770772,0.21184769572599302,11,0.6968289718624473,1.1364134093862193,3.935722705630691,3.955228033517419,4.666716908939636,16.841547580212527,0.08854295883578442,0.11665409901461639,0.29661295649726893,38.54545454545455,72,42684544,90.23800000000001,178.49,1.0,0.0,0.0,0.0,0.0,0.0,0.0,0.0,0.0,0.0,0,0.0,0,0,0.0,0.0,0.0,0,0,0,0,0,0,0,0.0,72,26873856,178.49,1.4166666666666667,0.40000000000000013,1.7266666666666666,1.2499999999999998,3,48.666666666666664,30770192,0.8422121530840236,0.1814864790882361,0.8422121530840236
GeSe,211bcb7f05d6,M->K,0.94,0,2.215,0.04,0.5712688877496873,120.00000000156714,-0.28563444388837544,0.4947333691750975,0.0,0.5,0.0,0.3333333333333333,0.3333333333333333,0.41666666666666663,0.16666666666666666,3,6,12,21,0.7273514592104819,0.0,0.7273514592104819,-0.837900225295761,0.0,-0.837900225295761,0.2128612935318497,0.0,0.2128612935318497,2,0.0,0.0,0.0,0.0,0.0,0.0,0.0,0.0,0.0,33.0,34,2384912,75.8,78.96,1.0,0.7273514592104819,0.0,0.7273514592104819,-0.837900225295761,0.0,-0.837900225295761,0.2128612935318497,0.0,0.2128612935318497,2,0.0,0.0,0.0,0.0,0.0,0.0,0.0,0.0,0.0,33.0,34,2384912,75.8,78.96,1.0,0.7273514592104819,0.0,0.7273514592104819,-0.837900225295761,0.0,-0.837900225295761,0.2128612935318497,0.0,0.2128612935318497,2,0.0,0.0,0.0,0.0,0.0,0.0,0.0,0.0,0.0,33.0,34,2384912,75.8,78.96,1.0,0.7273514592104819,0.0,0.7273514592104819,-0.837900225295761,0.0,-0.837900225295761,0.2128612935318497,0.0,0.2128612935318497,2,33.0,34,2384912,75.8,78.96,1.0,0,0,0,0,0,0,0,30.000000000000004,34,1336336,78.96,1.2,0.10000000000000009,2.28,0.54,2,33.0,2384912,0.9034063151276184,0.7457842356027244,0.9034063151276184
Hf2Zr2Se8,81af2831dbb2,G->S,0.698,0,0.845,0.158,0.6502606272496572,49.06672007808193,0.42603758632497857,0.49125437238716163,0.0,0.0,0.0,0.5,0.5,0.25,0.25,1,1,2,4,2.68611196957818,0.7591776167016762,3.8082017595481803,-6.577039184090263,1.2394928079177931,-5.471606595205493,-0.5213134147627146,0.40468991627355455,0.07133380111928367,12,1.2137714019894983,1.382031333533506,3.973726211855145,6.547552398640506,6.354298160094867,20.381758064200394,0.05168722576233259,0.08246742878801797,0.16483509992672626,41.333333333333336,72,69558400,97.59233333333334,178.49,1.0,2.2554401552748637,0.9222971362607573,3.7515681033523958,-5.6699304926472225,1.1486279832096802,-4.5718633959163295,-0.574305095313355,0.4921298934276201,0.21347110832175453,11,0.7009943894855503,1.1447489134690554,3.947366120402591,4.011190069697933,4.658714213078824,16.823562850923413,0.08579267016741833,0.11611296482090737,0.29473093873822476,41.45454545454545,72,66998400,98.17127272727272,178.49,1.0,2.2554401552748637,0.9222971362607573,3.7515681033523958,-5.6699304926472225,1.1486279832096802,-4.5718633959163295,-0.574305095313355,0.4921298934276201,0.21347110832175453,11,0.7009943894855503,1.1447489134690554,3.947366120402591,4.011190069697933,4.658714213078824,16.823562850923413,0.08579267016741833,0.11611296482090737,0.29473093873822476,41.45454545454545,72,66998400,98.17127272727272,178.49,1.0,0.0,0.0,0.0,0.0,0.0,0.0,0.0,0.0,0.0,0,0.0,0,0,0.0,0.0,0.0,0,0,0,0,0,0,0,0.0,72,26873856,178.49,1.4166666666666667,0.40000000000000013,1.7266666666666666,1.2499999999999998,3,48.666666666666664,30770192,0.8295197197316269,0.190363806457994,0.8295197197316269
MoW3Te8,5c3fe56a1a89,X->G,2.045,0,0.825,0.018,0.44245568957585973,180.0,-0.44245568957585973,0.0,0.0,0.5,0.0,0.0,0.0,0.25,0.0,1,1,2,4,2.6597170051533214,0.791673221733552,3.793835759170708,-6.637201563879759,1.4801492418358222,-5.580578624452043,-0.4976975944590693,0.42418173807388504,0.10841903464152572,12,1.206867306438692,1.3576580767550253,3.985797855318292,6.5728603985955525,6.946006661035669,22.137072026934845,0.04816012431368247,0.07238323446521501,0.142867494526508,56.666666666666664,74,151564352,139.02166666666665,183.84,1.0,2.6597170051533214,0.791673221733552,3.793835759170708,-6.637201563879759,1.4801492418358222,-5.580578624452043,-0.4976975944590693,0.42418173807388504,0.10841903464152572,12,1.206867306438692,1.3576580767550253,3.985797855318292,6.5728603985955525,6.946006661035669,22.137072026934845,0.04816012431368247,0.07238323446521501,0.142867494526508,56.666666666666664,74,151564352,139.02166666666665,183.84,1.0,2.6597170051533214,0.791673221733552,3.793835759170708,-6.637201563879759,1.4801492418358222,-5.580578624452043,-0.4976975944590693,0.42418173807388504,0.10841903464152572,12,1.206867306438692,1.3576580767550253,3.985797855318292,6.5728603985955525,6.946006661035669,22.137072026934845,0.04816012431368247,0.07238323446521501,0.142867494526508,56.666666666666664,74,151564352,139.02166666666665,183.84,1.0,0.0,0.0,0.0,0.0,0.0,0.0,0.0,0.0,0.0,0,0.0,0,0,0.0,0.0,0.0,0,0,0,0,0,0,0,0.0,74,29986576,183.84,1.3999999999999997,0.09999999999999987,2.2066666666666666,0.2599999999999998,3,56.0,40409888,0.2850819868146655,0.1412364257262718,0.2850819868146655
MoW3Te8,5c3fe56a1a89,G->S,1.298,0,0.825,0.018,0.6759241683901729,49.11115211345227,0.44245568957585973,0.5109857573121752,0.0,0.0,0.0,0.5,0.5,0.25,0.25,1,1,2,4,2.6597170051533214,0.791673221733552,3.793835759170708,-6.637201563879759,1.4801492418358222,-5.580578624452043,-0.4976975944590693,0.42418173807388504,0.10841903464152572,12,1.206867306438692,1.3576580767550253,3.985797855318292,6.5728603985955525,6.946006661035669,22.137072026934845,0.04816012431368247,0.07238323446521501,0.142867494526508,56.666666666666664,74,151564352,139.02166666666665,183.84,1.0,2.2117211403180397,0.9254338916299558,3.684123820787037,-5.655556233136351,1.3461894023014311,-4.675219508203666,-0.5626553820719893,0.4920119434472938,0.21189653479082143,11,0.6871001812512627,1.1074140911396304,3.851282956470035,3.8231260429607627,4.9696507972737285,17.611535605358714,0.08266045717305683,0.1040847045183478,0.2517741974910124,58.0,74,148452656,142.9381818181818,183.84,1.0,2.2117211403180397,0.9254338916299558,3.684123820787037,-5.655556233136351,1.3461894023014311,-4.675219508203666,-0.5626553820719893,0.4920119434472938,0.21189653479082143,11,0.6871001812512627,1.1074140911396304,3.851282956470035,3.8231260429607627,4.9696507972737285,17.611535605358714,0.08266045717305683,0.1040847045183478,0.2517741974910124,58.0,74,148452656,142.9381818181818,183.84,1.0,0.0,0.0,0.0,0.0,0.0,0.0,0.0,0.0,0.0,0,0.0,0,0,0.0,0.0,0.0,0,0,0,0,0,0,0,0.0,74,29986576,183.84,1.3999999999999997,0.09999999999999987,2.2066666666666666,0.2599999999999998,3,56.0,40409888,0.2850819868146655,0.1412364257262718,0.2850819868146655
Mo2W2S8,449640ec4d30,X->G,1.954,0,1.553,0.0,0.49292693826297257,180.0,-0.49292693826297257,0.0,0.0,0.5,0.0,0.0,0.0,0.25,0.0,1,1,2,4,4.316447816773223,1.067824949185677,5.830398356775402,-8.014849173927018,0.553458340786783,-7.619636307954917,0.37400295719196924,0.6069283795356035,1.2351214663594394,12,3.2099552467279175,3.1563783751913133,9.667728348205243,11.657759375881163,6.119870353953142,23.425904958580727,-0.03223641788649588,0.2168021628090153,0.5212036166185112,30.0,74,66720832,68.00666666666667,183.84,0.3333333333333333,4.316447816773223,1.067824949185677,5.830398356775402,-8.014849173927018,0.553458340786783,-7.619636307954917,0.37400295719196924,0.6069283795356035,1.2351214663594394,12,3.2099552467279175,3.1563783751913133,9.667728348205243,11.657759375881163,6.119870353953142,23.425904958580727,-0.03223641788649588,0.2168021628090153,0.5212036166185112,30.0,74,66720832,68.00666666666667,183.84,0.3333333333333333,4.316447816773223,1.067824949185677,5.830398356775402,-8.014849173927018,0.553458340786783,-7.619636307954917,0.37400295719196924,0.6069283795356035,1.2351214663594394,12,3.2099552467279175,3.1563783751913133,9.667728348205243,11.657759375881163,6.119870353953142,23.425904958580727,-0.03223641788649588,0.2168021628090153,0.5212036166185112,30.0,74,66720832,68.00666666666667,183.84,0.3333333333333333,0.0,0.0,0.0,0.0,0.0,0.0,0.0,0.0,0.0,0,0.0,0,0,0.0,0.0,0.0,0,0,0,0,0,0,0,0.0,74,29986576,183.84,1.2666666666666666,0.44999999999999996,2.3666666666666667,0.41999999999999993,3,44.0,33163808,0.2072633880549644,0.2146805678678273,0.2072633880549644
Mo2W2S8,449640ec4d30,S->Y,1.167,1,1.553,0.0,0.49292693826297257,180.0,-0.49292693826297257,0.0,0.0,0.5,0.5,0.0,0.5,0.25,0.5,1,1,2,4,3.6500899104697164,1.2190350486726695,5.580114310810284,-7.144325117711237,0.4026597559157103,-6.871917531708216,0.1844042278734449,0.6713448826058354,1.2461984122434462,11,1.9566509594584773,2.548039602044105,9.12825076406984,8.866303541936732,4.345918732763598,16.473738876076947,-0.04712632912629029,0.18536114126152653,0.5169387850231619,28.90909090909091,74,63609136,65.46727272727274,183.84,0.2727272727272727,3.6500899104697164,1.2190350486726695,5.580114310810284,-7.144325117711237,0.4026597559157103,-6.871917531708216,0.1844042278734449,0.6713448826058354,1.2461984122434462,11,1.9566509594584773,2.548039602044105,9.12825076406984,8.866303541936732,4.345918732763598,16.473738876076947,-0.04712632912629029,0.18536114126152653,0.5169387850231619,28.90909090909091,74,63609136,65.46727272727274,183.84,0.2727272727272727,4.316447816773223,1.067824949185677,5.830398356775402,-8.014849173927018,0.553458340786783,-7.619636307954917,0.37400295719196924,0.6069283795356035,1.2351214663594394,12,3.2099552467279175,3.1563783751913133,9.667728348205243,11.657759375881163,6.119870353953142,23.425904958580727,-0.03223641788649588,0.2168021628090153,0.5212036166185112,30.0,74,66720832,68.00666666666667,183.84,0.3333333333333333,3.6500899104697164,1.2190350486726695,5.580114310810284,-7.144325117711237,0.4026597559157103,-6.871917531708216,0.1844042278734449,0.6713448826058354,1.2461984122434462,11,28.90909090909091,74,63609136,65.46727272727274,183.84,0.2727272727272727,0,0,0,0,0,0,0,40.89131210908309,74,29986576,183.84,1.2666666666666666,0.44999999999999996,2.3666666666666667,0.41999999999999993,3,44.0,33163808,0.2072633880549644,0.2146805678678273,0.2146805678678273
CrW3S8,a9f87eba4b96,X->G,1.909,0,1.144,0.009,0.4969695910515046,180.0,-0.4969695910515046,0.0,0.0,0.5,0.0,0.0,0.0,0.25,0.0,1,1,2,4,4.517803639333624,1.0395119839051776,6.17996866772629,-8.158302206032397,0.45656403532802986,-7.718560393486372,0.49356063214353146,0.5977938213778544,1.4602242827868184,12,3.526764601219311,3.359788364660403,10.792705849111247,12.270032349970151,5.9996201989241245,21.849657729528026,-0.023496601592643083,0.253775780219344,0.5512390524056354,31.166666666666668,74,90815792,71.66967500000003,183.84,0.25,4.517803639333624,1.0395119839051776,6.17996866772629,-8.158302206032397,0.45656403532802986,-7.718560393486372,0.49356063214353146,0.5977938213778544,1.4602242827868184,12,3.526764601219311,3.359788364660403,10.792705849111247,12.270032349970151,5.9996201989241245,21.849657729528026,-0.023496601592643083,0.253775780219344,0.5512390524056354,31.166666666666668,74,90815792,71.66967500000003,183.84,0.25,4.517803639333624,1.0395119839051776,6.17996866772629,-8.158302206032397,0.45656403532802986,-7.718560393486372,0.49356063214353146,0.5977938213778544,1.4602242827868184,12,3.526764601219311,3.359788364660403,10.792705849111247,12.270032349970151,5.9996201989241245,21.849657729528026,-0.023496601592643083,0.253775780219344,0.5512390524056354,31.166666666666668,74,90815792,71.66967500000003,183.84,0.25,0.0,0.0,0.0,0.0,0.0,0.0,0.0,0.0,0.0,0,0.0,0,0,0.0,0.0,0.0,0,0,0,0,0,0,0,0.0,74,29986576,183.84,1.25,0.3999999999999999,2.1999999999999997,0.9200000000000002,3,38.0,30383888,0.1919601306899144,0.1713770613500185,0.1919601306899144
CrMo3S8,644f7c1c85c7,X->G,1.46,0,1.206,0.011,0.49782339910200085,180.0,-0.49782339910200085,0.0,0.0,0.5,0.0,0.0,0.0,0.25,0.0,1,1,2,4,4.55356827856846,1.0423192769059682,6.222670620343404,-8.17160435325429,0.4413190457271644,-7.7270941007015335,0.5151879528942503,0.6003044908566743,1.4892830399537549,12,3.5832898374261055,3.4008998090369,10.954839945306732,12.344521485357369,5.993113569253866,21.70768102207607,-0.021000999860102083,0.26226086229424145,0.5704983885782354,23.166666666666668,42,10191152,49.694675,95.94,0.25,4.55356827856846,1.0423192769059682,6.222670620343404,-8.17160435325429,0.4413190457271644,-7.7270941007015335,0.5151879528942503,0.6003044908566743,1.4892830399537549,12,3.5832898374261055,3.4008998090369,10.954839945306732,12.344521485357369,5.993113569253866,21.70768102207607,-0.021000999860102083,0.26226086229424145,0.5704983885782354,23.166666666666668,42,10191152,49.694675,95.94,0.25,4.55356827856846,1.0423192769059682,6.222670620343404,-8.17160435325429,0.4413190457271644,-7.7270941007015335,0.5151879528942503,0.6003044908566743,1.4892830399537549,12,3.5832898374261055,3.4008998090369,10.954839945306732,12.344521485357369,5.993113569253866,21.70768102207607,-0.021000999860102083,0.26226086229424145,0.5704983885782354,23.166666666666668,42,10191152,49.694675,95.94,0.25,0.0,0.0,0.0,0.0,0.0,0.0,0.0,0.0,0.0,0,0.0,0,0,0.0,0.0,0.0,0,0,0,0,0,0,0,0.0,42,3111696,95.94,1.2833333333333332,0.44999999999999996,2.1333333333333333,0.9200000000000002,3,27.333333333333332,3509008,0.1854065113491833,0.1518783583282624,0.1854065113491833
AsClTe,4fd8ad708fb0,M->G,2.895,0,1.496,0.018,0.9231592910645846,-150.00000002865247,-0.7994793980323897,-0.4615796451324889,0.0,0.5,0.0,0.0,0.0,0.25,0.0,3,1,6,10,0.7650050499074146,0.25066326508019887,1.1186251071010147,-1.7300092876404154,0.09032063917495155,-1.6570281070707487,0.06285150331889615,0.1453850319650921,0.2681509595888433,3,0.008841015249633877,0.0035557579678532963,0.01167839350626177,0.3245062030800436,0.22212183019285256,0.49082865482027127,-0.01084105221909537,0.007866060330426347,0.00021907617793597017,34.0,52,8581058,79.32486666666667,127.6,0.6666666666666666,0.7650050499074146,0.25066326508019887,1.1186251071010147,-1.7300092876404154,0.09032063917495155,-1.6570281070707487,0.06285150331889615,0.1453850319650921,0.2681509595888433,3,0.008841015249633877,0.0035557579678532963,0.01167839350626177,0.3245062030800436,0.22212183019285256,0.49082865482027127,-0.01084105221909537,0.007866060330426347,0.00021907617793597017,34.0,52,8581058,79.32486666666667,127.6,0.6666666666666666,0.7650050499074146,0.25066326508019887,1.1186251071010147,-1.7300092876404154,0.09032063917495155,-1.6570281070707487,0.06285150331889615,0.1453850319650921,0.2681509595888433,3,0.008841015249633877,0.0035557579678532963,0.01167839350626177,0.3245062030800436,0.22212183019285256,0.49082865482027127,-0.01084105221909537,0.007866060330426347,0.00021907617793597017,34.0,52,8581058,79.32486666666667,127.6,0.6666666666666666,0.0,0.0,0.0,0.0,0.0,0.0,0.0,0.0,0.0,0,0.0,0,0,0.0,0.0,0.0,0,0,0,0,0,0,0,0.0,52,7311616,127.6,1.1833333333333333,0.3999999999999999,2.48,1.06,3,34.0,8581058,0.8748022705579596,0.850388063665775,0.8748022705579596
AsClTe,4fd8ad708fb0,M->K,2.257,0,1.496,0.018,0.5329862648932733,120.00000002865247,-0.2664931326774632,0.461579645132489,0.0,0.5,0.0,0.3333333333333333,0.3333333333333333,0.41666666666666663,0.16666666666666666,3,6,12,21,0.7650050499074146,0.25066326508019887,1.1186251071010147,-1.7300092876404154,0.09032063917495155,-1.6570281070707487,0.06285150331889615,0.1453850319650921,0.2681509595888433,3,0.008841015249633877,0.0035557579678532963,0.01167839350626177,0.3245062030800436,0.22212183019285256,0.49082865482027127,-0.01084105221909537,0.007866060330426347,0.00021907617793597017,34.0,52,8581058,79.32486666666667,127.6,0.6666666666666666,0.7650050499074146,0.25066326508019887,1.1186251071010147,-1.7300092876404154,0.09032063917495155,-1.6570281070707487,0.06285150331889615,0.1453850319650921,0.2681509595888433,3,0.008841015249633877,0.0035557579678532963,0.01167839350626177,0.3245062030800436,0.22212183019285256,0.49082865482027127,-0.01084105221909537,0.007866060330426347,0.00021907617793597017,34.0,52,8581058,79.32486666666667,127.6,0.6666666666666666,0.7650050499074146,0.25066326508019887,1.1186251071010147,-1.7300092876404154,0.09032063917495155,-1.6570281070707487,0.06285150331889615,0.1453850319650921,0.2681509595888433,3,0.008841015249633877,0.0035557579678532963,0.01167839350626177,0.3245062030800436,0.22212183019285256,0.49082865482027127,-0.01084105221909537,0.007866060330426347,0.00021907617793597017,34.0,52,8581058,79.32486666666667,127.6,0.6666666666666666,0.7650050499074146,0.25066326508019887,1.1186251071010147,-1.7300092876404154,0.09032063917495155,-1.6570281070707487,0.06285150331889615,0.1453850319650921,0.2681509595888433,3,34.0,52,8581058,79.32486666666667,127.6,0.6666666666666666,0,0,0,0,0,0,0,30.000000000000004,52,7311616,127.6,1.1833333333333333,0.3999999999999999,2.48,1.06,3,34.0,8581058,0.8748022705579596,0.850388063665775,0.8748022705579596
CrW3Te8,eef072f845ce,X->G,1.592,0,0.563,0.056,0.4441904140495213,180.0,-0.4441904140495213,0.0,0.0,0.5,0.0,0.0,0.0,0.25,0.0,1,1,2,4,2.794149360971654,0.8122606515422308,4.1922750149260395,-6.839264634586214,1.3752803503799385,-5.531289037505022,-0.4326655217454783,0.4392961244596141,0.2921384291728231,12,1.358738096565227,1.5251605549995362,4.8859592143554815,7.127748007355446,6.680671015353996,21.080402706922765,0.036415657610102285,0.061238934989681935,0.10114165954663623,55.166666666666664,74,148784432,135.35967499999995,183.84,0.9166666666666666,2.794149360971654,0.8122606515422308,4.1922750149260395,-6.839264634586214,1.3752803503799385,-5.531289037505022,-0.4326655217454783,0.4392961244596141,0.2921384291728231,12,1.358738096565227,1.5251605549995362,4.8859592143554815,7.127748007355446,6.680671015353996,21.080402706922765,0.036415657610102285,0.061238934989681935,0.10114165954663623,55.166666666666664,74,148784432,135.35967499999995,183.84,0.9166666666666666,2.794149360971654,0.8122606515422308,4.1922750149260395,-6.839264634586214,1.3752803503799385,-5.531289037505022,-0.4326655217454783,0.4392961244596141,0.2921384291728231,12,1.358738096565227,1.5251605549995362,4.8859592143554815,7.127748007355446,6.680671015353996,21.080402706922765,0.036415657610102285,0.061238934989681935,0.10114165954663623,55.166666666666664,74,148784432,135.35967499999995,183.84,0.9166666666666666,0.0,0.0,0.0,0.0,0.0,0.0,0.0,0.0,0.0,0,0.0,0,0,0.0,0.0,0.0,0,0,0,0,0,0,0,0.0,74,29986576,183.84,1.3833333333333335,0.04999999999999982,2.0399999999999996,0.7,3,50.0,37629968,0.2267102691969866,0.1224285422660796,0.2267102691969866
CrW3Te8,eef072f845ce,Y->S,1.042,0,0.563,0.056,0.4441904140495213,0.0,0.4441904140495213,0.0,0.0,0.0,0.5,0.5,0.5,0.25,0.5,1,1,2,4,2.794149360971654,0.8122606515422308,4.1922750149260395,-6.839264634586214,1.3752803503799385,-5.531289037505022,-0.4326655217454783,0.4392961244596141,0.2921384291728231,12,1.358738096565227,1.5251605549995362,4.8859592143554815,7.127748007355446,6.680671015353996,21.080402706922765,0.036415657610102285,0.061238934989681935,0.10114165954663623,55.166666666666664,74,148784432,135.35967499999995,183.84,0.9166666666666666,2.28593111834616,0.9168335319627362,3.7650124695302605,-5.918939645670137,1.2412730598818245,-5.0693634554571645,-0.5251148290264896,0.49364321245847326,0.26446533744939704,11,0.7347227287209827,1.121438443042446,3.919294209116728,4.488399135641777,5.037598271690573,18.09299745741357,0.07435089095588078,0.09459227472028858,0.2282598112897419,58.0,74,148452656,142.9381818181818,183.84,1.0,2.28593111834616,0.9168335319627362,3.7650124695302605,-5.918939645670137,1.2412730598818245,-5.0693634554571645,-0.5251148290264896,0.49364321245847326,0.26446533744939704,11,0.7347227287209827,1.121438443042446,3.919294209116728,4.488399135641777,5.037598271690573,18.09299745741357,0.07435089095588078,0.09459227472028858,0.2282598112897419,58.0,74,148452656,142.9381818181818,183.84,1.0,2.28593111834616,0.9168335319627362,3.7650124695302605,-5.918939645670137,1.2412730598818245,-5.0693634554571645,-0.5251148290264896,0.49364321245847326,0.26446533744939704,11,58.0,74,148452656,142.9381818181818,183.84,1.0,0,0,0,0,0,0,0,40.88789939151446,74,29986576,183.84,1.3833333333333335,0.04999999999999982,2.0399999999999996,0.7,3,50.0,37629968,0.2267102691969866,0.1224285422660796,0.2267102691969866
CrW3Te8,eef072f845ce,G->S,0.99,0,0.563,0.056,0.6785872202267884,49.11210060848555,0.4441904140495213,0.5130063269801208,0.0,0.0,0.0,0.5,0.5,0.25,0.25,1,1,2,4,2.794149360971654,0.8122606515422308,4.1922750149260395,-6.839264634586214,1.3752803503799385,-5.531289037505022,-0.4326655217454783,0.4392961244596141,0.2921384291728231,12,1.358738096565227,1.5251605549995362,4.8859592143554815,7.127748007355446,6.680671015353996,21.080402706922765,0.036415657610102285,0.061238934989681935,0.10114165954663623,55.166666666666664,74,148784432,135.35967499999995,183.84,0.9166666666666666,2.28593111834616,0.9168335319627362,3.7650124695302605,-5.918939645670137,1.2412730598818245,-5.0693634554571645,-0.5251148290264896,0.49364321245847326,0.26446533744939704,11,0.7347227287209827,1.121438443042446,3.919294209116728,4.488399135641777,5.037598271690573,18.09299745741357,0.07435089095588078,0.09459227472028858,0.2282598112897419,58.0,74,148452656,142.9381818181818,183.84,1.0,2.28593111834616,0.9168335319627362,3.7650124695302605,-5.918939645670137,1.2412730598818245,-5.0693634554571645,-0.5251148290264896,0.49364321245847326,0.26446533744939704,11,0.7347227287209827,1.121438443042446,3.919294209116728,4.488399135641777,5.037598271690573,18.09299745741357,0.07435089095588078,0.09459227472028858,0.2282598112897419,58.0,74,148452656,142.9381818181818,183.84,1.0,0.0,0.0,0.0,0.0,0.0,0.0,0.0,0.0,0.0,0,0.0,0,0,0.0,0.0,0.0,0,0,0,0,0,0,0,0.0,74,29986576,183.84,1.3833333333333335,0.04999999999999982,2.0399999999999996,0.7,3,50.0,37629968,0.2267102691969866,0.1224285422660796,0.2267102691969866
ISSb,5b94060698bc,M->K,2.844,0,1.276,0.041,0.5129153257993856,119.99999995640525,-0.2564576625617151,0.44419770232777134,0.0,0.5,0.0,0.3333333333333333,0.3333333333333333,0.41666666666666663,0.16666666666666666,3,6,12,21,0.5798454921178778,0.25031451348276407,0.8611100762913262,-1.606140989172238,0.21221732656037687,-1.410241841021329,-0.04009852242039889,0.1495714205344375,0.14592374584290332,3,0.0015584688716027038,0.0015724099342213662,0.0034542193388737872,0.22740035746775109,0.16670511645322908,0.3880104639778432,-0.006367550269458964,0.010634442851498229,0.0022427338469588934,40.0,53,14721218,93.57648999999999,126.90447,0.6666666666666666,0.5798454921178778,0.25031451348276407,0.8611100762913262,-1.606140989172238,0.21221732656037687,-1.410241841021329,-0.04009852242039889,0.1495714205344375,0.14592374584290332,3,0.0015584688716027038,0.0015724099342213662,0.0034542193388737872,0.22740035746775109,0.16670511645322908,0.3880104639778432,-0.006367550269458964,0.010634442851498229,0.0022427338469588934,40.0,53,14721218,93.57648999999999,126.90447,0.6666666666666666,0.5798454921178778,0.25031451348276407,0.8611100762913262,-1.606140989172238,0.21221732656037687,-1.410241841021329,-0.04009852242039889,0.1495714205344375,0.14592374584290332,3,0.0015584688716027038,0.0015724099342213662,0.0034542193388737872,0.22740035746775109,0.16670511645322908,0.3880104639778432,-0.006367550269458964,0.010634442851498229,0.0022427338469588934,40.0,53,14721218,93.57648999999999,126.90447,0.6666666666666666,0.5798454921178778,0.25031451348276407,0.8611100762913262,-1.606140989172238,0.21221732656037687,-1.410241841021329,-0.04009852242039889,0.1495714205344375,0.14592374584290332,3,40.0,53,14721218,93.57648999999999,126.90447,0.6666666666666666,0,0,0,0,0,0,0,30.00000004050597,53,7890481,126.90447,1.2833333333333334,0.44999999999999996,2.43,0.6100000000000003,3,40.0,14721218,0.8378311435722494,0.881194264676874,0.8378311435722494
ISSb,5b94060698bc,G->M,1.507,1,1.276,0.041,0.8883954027595297,29.999999962582827,0.7693729876851453,0.4441977008773236,0.0,0.0,0.0,0.5,0.0,0.25,0.0,1,3,6,10,0.5798454921178778,0.25031451348276407,0.8611100762913262,-1.606140989172238,0.21221732656037687,-1.410241841021329,-0.04009852242039889,0.1495714205344375,0.14592374584290332,3,0.0015584688716027038,0.0015724099342213662,0.0034542193388737872,0.22740035746775109,0.16670511645322908,0.3880104639778432,-0.006367550269458964,0.010634442851498229,0.0022427338469588934,40.0,53,14721218,93.57648999999999,126.90447,0.6666666666666666,0.5798454921178778,0.25031451348276407,0.8611100762913262,-1.606140989172238,0.21221732656037687,-1.410241841021329,-0.04009852242039889,0.1495714205344375,0.14592374584290332,3,0.0015584688716027038,0.0015724099342213662,0.0034542193388737872,0.22740035746775109,0.16670511645322908,0.3880104639778432,-0.006367550269458964,0.010634442851498229,0.0022427338469588934,40.0,53,14721218,93.57648999999999,126.90447,0.6666666666666666,0.5798454921178778,0.25031451348276407,0.8611100762913262,-1.606140989172238,0.21221732656037687,-1.410241841021329,-0.04009852242039889,0.1495714205344375,0.14592374584290332,3,0.0015584688716027038,0.0015724099342213662,0.0034542193388737872,0.22740035746775109,0.16670511645322908,0.3880104639778432,-0.006367550269458964,0.010634442851498229,0.0022427338469588934,40.0,53,14721218,93.57648999999999,126.90447,0.6666666666666666,0.0,0.0,0.0,0.0,0.0,0.0,0.0,0.0,0.0,0,0.0,0,0,0.0,0.0,0.0,0,0,0,0,0,0,0,0.0,53,7890481,126.90447,1.2833333333333334,0.44999999999999996,2.43,0.6100000000000003,3,40.0,14721218,0.8378311435722494,0.881194264676874,0.881194264676874
ISSb,5b94060698bc,G->K,1.547,1,1.276,0.041,1.0258306503426466,60.0000000030888,0.5129153251234302,0.8883954032050949,0.0,0.0,0.0,0.3333333333333333,0.3333333333333333,0.16666666666666666,0.16666666666666666,1,6,12,19,0.5798454921178778,0.25031451348276407,0.8611100762913262,-1.606140989172238,0.21221732656037687,-1.410241841021329,-0.04009852242039889,0.1495714205344375,0.14592374584290332,3,0.0015584688716027038,0.0015724099342213662,0.0034542193388737872,0.22740035746775109,0.16670511645322908,0.3880104639778432,-0.006367550269458964,0.010634442851498229,0.0022427338469588934,40.0,53,14721218,93.57648999999999,126.90447,0.6666666666666666,0.5798454921178778,0.25031451348276407,0.8611100762913262,-1.606140989172238,0.21221732656037687,-1.410241841021329,-0.04009852242039889,0.1495714205344375,0.14592374584290332,3,0.0015584688716027038,0.0015724099342213662,0.0034542193388737872,0.22740035746775109,0.16670511645322908,0.3880104639778432,-0.006367550269458964,0.010634442851498229,0.0022427338469588934,40.0,53,14721218,93.57648999999999,126.90447,0.6666666666666666,0.5798454921178778,0.25031451348276407,0.8611100762913262,-1.606140989172238,0.21221732656037687,-1.410241841021329,-0.04009852242039889,0.1495714205344375,0.14592374584290332,3,0.0015584688716027038,0.0015724099342213662,0.0034542193388737872,0.22740035746775109,0.16670511645322908,0.3880104639778432,-0.006367550269458964,0.010634442851498229,0.0022427338469588934,40.0,53,14721218,93.57648999999999,126.90447,0.6666666666666666,0.0,0.0,0.0,0.0,0.0,0.0,0.0,0.0,0.0,0,0.0,0,0,0.0,0.0,0.0,0,0,0,0,0,0,0,0.0,53,7890481,126.90447,1.2833333333333334,0.44999999999999996,2.43,0.6100000000000003,3,40.0,14721218,0.8378311435722494,0.881194264676874,0.881194264676874
MoCr3S8,3fb52099b370,X->G,1.221,0,0.922,0.011,0.5089338888504535,180.0,-0.5089338888504535,0.0,0.0,0.5,0.0,0.0,0.0,0.25,0.0,1,1,2,4,4.8995282809877985,1.0612570687395595,6.476664269102538,-8.27700974422902,0.27401689004392527,-8.04317903574509,0.7307851974076897,0.6205517731213787,1.6618159626617897,12,4.143446691261464,3.8573423552698682,12.094042010133307,13.00698466372757,5.933057854525882,22.725771655066175,0.011892271125954835,0.35622799490749996,0.8570585746568073,20.166666666666668,42,4631312,42.370691666666666,95.94,0.08333333333333333,4.8995282809877985,1.0612570687395595,6.476664269102538,-8.27700974422902,0.27401689004392527,-8.04317903574509,0.7307851974076897,0.6205517731213787,1.6618159626617897,12,4.143446691261464,3.8573423552698682,12.094042010133307,13.00698466372757,5.933057854525882,22.725771655066175,0.011892271125954835,0.35622799490749996,0.8570585746568073,20.166666666666668,42,4631312,42.370691666666666,95.94,0.08333333333333333,4.8995282809877985,1.0612570687395595,6.476664269102538,-8.27700974422902,0.27401689004392527,-8.04317903574509,0.7307851974076897,0.6205517731213787,1.6618159626617897,12,4.143446691261464,3.8573423552698682,12.094042010133307,13.00698466372757,5.933057854525882,22.725771655066175,0.011892271125954835,0.35622799490749996,0.8570585746568073,20.166666666666668,42,4631312,42.370691666666666,95.94,0.08333333333333333,0.0,0.0,0.0,0.0,0.0,0.0,0.0,0.0,0.0,0,0.0,0,0,0.0,0.0,0.0,0,0,0,0,0,0,0,0.0,42,3111696,95.94,1.2833333333333332,0.44999999999999996,2.1333333333333333,0.9200000000000002,3,27.333333333333332,3509008,0.1542812240567189,0.1108407663341692,0.1542812240567189
CrW3Se8,0b7696e1f4c9,X->G,1.756,0,0.902,0.01,0.476000099265373,180.0,-0.476000099265373,0.0,0.0,0.5,0.0,0.0,0.0,0.25,0.0,1,1,2,4,3.7952792994838798,0.9683157180434316,5.400011278195432,-7.770391883777471,0.8359156622556688,-6.982180709625033,0.07876558308239451,0.5425452430328846,0.9667060237480918,12,2.4936710510497355,2.5442068051315605,8.144076122947128,10.455499858563977,6.303243402782853,22.40716682210563,-0.03258275643150944,0.1195033336247905,0.25702451648163593,43.166666666666664,74,100982192,102.93300833333335,183.84,0.9166666666666666,3.7952792994838798,0.9683157180434316,5.400011278195432,-7.770391883777471,0.8359156622556688,-6.982180709625033,0.07876558308239451,0.5425452430328846,0.9667060237480918,12,2.4936710510497355,2.5442068051315605,8.144076122947128,10.455499858563977,6.303243402782853,22.40716682210563,-0.03258275643150944,0.1195033336247905,0.25702451648163593,43.166666666666664,74,100982192,102.93300833333335,183.84,0.9166666666666666,3.7952792994838798,0.9683157180434316,5.400011278195432,-7.770391883777471,0.8359156622556688,-6.982180709625033,0.07876558308239451,0.5425452430328846,0.9667060237480918,12,2.4936710510497355,2.5442068051315605,8.144076122947128,10.455499858563977,6.303243402782853,22.40716682210563,-0.03258275643150944,0.1195033336247905,0.25702451648163593,43.166666666666664,74,100982192,102.93300833333335,183.84,0.9166666666666666,0.0,0.0,0.0,0.0,0.0,0.0,0.0,0.0,0.0,0,0.0,0,0,0.0,0.0,0.0,0,0,0,0,0,0,0,0.0,74,29986576,183.84,1.3,0.25,2.19,0.8899999999999999,3,44.0,31654688,0.1813042425403861,0.1534142461286447,0.1813042425403861
TiHf3Te8,1667d1443160,S->Y,1.512,0,0.098,0.132,0.6423585846055582,-130.8334179720495,-0.4054457743252689,-0.46915995854140013,0.1677116829552158,0.5,0.5,0.0,0.0,0.25,0.25,1,1,2,4,1.575154727725065,0.6968412702285428,2.7004815110478293,-4.620352037935622,1.589320094497742,-3.47848487668813,-0.8614348360560773,0.36794668797331126,-0.2756701670545828,11,0.3395042439210102,0.5978707197393694,2.0489161886549336,1.6240290961082393,4.947753387264029,16.008413486667457,0.17111988958807042,0.1354152028935909,0.3794137597148388,57.45454545454545,72,139114496,141.4790909090909,178.49,1.0,1.5201036982517324,0.6049922443071675,2.7000758925913266,-4.386690266391558,1.5878640732863172,-2.608896574333768,-0.7190940589233414,0.3230762421063536,-0.0678099549320382,10,0.28517118848229195,0.4526582288145663,1.3397687614676317,1.6775452273184217,4.005409607416628,11.44955069647984,0.10370872973659936,0.10321120294869844,0.340329699398723,58.0,72,131802880,142.867,178.49,1.0,1.9551899272053384,0.6102992849993816,3.067788560744173,-5.51714132099335,1.6727125797192701,-4.022415662163707,-0.8378519814551483,0.30460634165155925,-0.28922029042246367,12,0.6717090804432133,0.8300757114535329,2.643055807869564,3.741485200736348,6.252051791246509,16.88912119079334,0.14208644305588156,0.1010008687506301,0.28155331555881696,54.5,72,139348752,133.67808333333332,178.49,0.9166666666666666,1.4691365955803526,0.5331724231884719,2.6996769777671723,-4.294345501694227,1.3378584390319326,-3.1848418883012104,-0.5734470746111264,0.2967694087800757,0.13986918348104993,9,58.666666666666664,72,124491264,144.56333333333333,178.49,1.0,0,0,0,0,0,0,0,90.0,72,26873856,178.49,1.45,0.15000000000000013,1.6466666666666665,0.8,3,48.666666666666664,34419728,0.7032942480989642,0.1550792284914078,0.7032942480989642
CrMo3Te8,159f028a85d0,Y->S,0.896,0,0.665,0.035,0.44479526761049554,0.0,0.44479526761049554,0.0,0.0,0.0,0.5,0.5,0.5,0.25,0.5,1,1,2,4,2.815006289969079,0.815215998691453,4.215456732914532,-6.867567046962855,1.361517290409511,-5.585673211557633,-0.4234512605808058,0.4410878836777762,0.30582664108579594,12,1.3786945273192768,1.5450942353169808,4.940335621582508,7.221239867315777,6.682858932053239,21.182874172129885,0.03425228878509331,0.06052487902750446,0.09779585285307908,47.166666666666664,52,68159792,113.38467499999997,127.6,0.9166666666666666,2.304469273981807,0.9200061766021593,3.787036013953419,-5.946042664721656,1.2267928808986823,-5.107500843121151,-0.5175516735582965,0.49465154714717696,0.2723338016896787,11,0.7471130735053532,1.1396370453288296,3.981652120212676,4.570450979892815,5.019534334919836,18.070317494672434,0.07210891995848735,0.0940363218787642,0.22507720421489247,49.27272727272727,52,67828016,118.96545454545452,127.6,1.0,2.304469273981807,0.9200061766021593,3.787036013953419,-5.946042664721656,1.2267928808986823,-5.107500843121151,-0.5175516735582965,0.49465154714717696,0.2723338016896787,11,0.7471130735053532,1.1396370453288296,3.981652120212676,4.570450979892815,5.019534334919836,18.070317494672434,0.07210891995848735,0.0940363218787642,0.22507720421489247,49.27272727272727,52,67828016,118.96545454545452,127.6,1.0,2.304469273981807,0.9200061766021593,3.787036013953419,-5.946042664721656,1.2267928808986823,-5.107500843121151,-0.5175516735582965,0.49465154714717696,0.2723338016896787,11,49.27272727272727,52,67828016,118.96545454545452,127.6,1.0,0,0,0,0,0,0,0,40.88865240173058,52,7311616,127.6,1.4166666666666667,0.050000000000000044,1.9733333333333334,0.5000000000000002,3,39.333333333333336,10755088,0.2569664710702297,0.1252595031050306,0.2569664710702297
Ti2Zr2Te8,18e377cce57f,S->Y,1.855,0,0.143,0.118,0.40895487756723214,180.0,-0.40895487756723214,0.0,0.0,0.5,0.5,0.0,0.5,0.25,0.5,1,1,2,4,1.672513921704166,0.7340432488052646,3.091555813578008,-4.800553231190857,1.4964345973267075,-3.6237217474023162,-0.815667117175717,0.3891708745493785,-0.0922559487125486,11,0.4287016860733654,0.7759079817591281,2.7376992860582745,1.9354934977028762,4.768713675331832,15.811064889172846,0.16027493671874551,0.1297232380067285,0.3478612588127294,47.09090909090909,52,63847184,113.73772727272727,127.6,0.9090909090909091,1.672513921704166,0.7340432488052646,3.091555813578008,-4.800553231190857,1.4964345973267075,-3.6237217474023162,-0.815667117175717,0.3891708745493785,-0.0922559487125486,11,0.4287016860733654,0.7759079817591281,2.7376992860582745,1.9354934977028762,4.768713675331832,15.811064889172846,0.16027493671874551,0.1297232380067285,0.3478612588127294,47.09090909090909,52,63847184,113.73772727272727,127.6,0.9090909090909091,2.0540925196281274,0.6313258985046568,3.1257285483958497,-5.7214490432242044,1.573215878872267,-4.569213546175202,-0.7909308758333102,0.3200419004220119,-0.25941611053341745,12,0.7787852883931042,0.9509167264443755,2.740344367183604,4.209124832565117,6.270249503741781,18.04816594061085,0.1313469918943048,0.09787773101741648,0.25499871372553323,45.0,52,64081440,108.24849999999998,127.6,0.8333333333333334,1.672513921704166,0.7340432488052646,3.091555813578008,-4.800553231190857,1.4964345973267075,-3.6237217474023162,-0.815667117175717,0.3891708745493785,-0.0922559487125486,11,47.09090909090909,52,63847184,113.73772727272727,127.6,0.9090909090909091,0,0,0,0,0,0,0,40.774627229920966,52,7311616,127.6,1.45,0.15000000000000013,1.656666666666667,0.77,3,38.0,10105872,0.6431649598769135,0.1240123504437783,0.6431649598769135
PbS,5e4ff1f56b4a,M->G,1.241,1,1.979,0.231,0.9185856251440867,-150.00000001782004,-0.7955184870688373,-0.4592928123246224,0.0,0.5,0.0,0.0,0.0,0.25,0.0,3,1,6,10,0.6158540438525762,0.0,0.6158540438525762,-0.9024573056510994,0.0,-0.9024573056510994,0.15977059308613442,0.0,0.15977059308613442,2,0.0,0.0,0.0,0.0,0.0,0.0,0.0,0.0,0.0,49.0,82,45277712,119.6325,207.2,0.5,0.6158540438525762,0.0,0.6158540438525762,-0.9024573056510994,0.0,-0.9024573056510994,0.15977059308613442,0.0,0.15977059308613442,2,0.0,0.0,0.0,0.0,0.0,0.0,0.0,0.0,0.0,49.0,82,45277712,119.6325,207.2,0.5,0.6158540438525762,0.0,0.6158540438525762,-0.9024573056510994,0.0,-0.9024573056510994,0.15977059308613442,0.0,0.15977059308613442,2,0.0,0.0,0.0,0.0,0.0,0.0,0.0,0.0,0.0,49.0,82,45277712,119.6325,207.2,0.5,0.0,0.0,0.0,0.0,0.0,0.0,0.0,0.0,0.0,0,0.0,0,0,0.0,0.0,0.0,0,0,0,0,0,0,0,0.0,82,45212176,207.2,1.4,0.8,2.455,0.25,2,49.0,45277712,0.8989011752508484,0.774841563510968,0.774841563510968
PbTe,3bc08d486d65,M->K,1.138,0,1.151,0.198,0.48437674498239747,120.00000001856608,-0.2421883726271275,0.41948256607869433,0.0,0.5,0.0,0.3333333333333333,0.3333333333333333,0.41666666666666663,0.16666666666666666,3,6,12,21,0.3594117858479972,0.0,0.3594117858479972,-0.9915597672752968,0.0,-0.9915597672752968,0.043050680355945836,0.0,0.043050680355945836,2,0.0,0.0,0.0,0.0,0.0,0.0,0.0,0.0,0.0,67.0,82,52523792,167.39999999999998,207.2,1.0,0.3594117858479972,0.0,0.3594117858479972,-0.9915597672752968,0.0,-0.9915597672752968,0.043050680355945836,0.0,0.043050680355945836,2,0.0,0.0,0.0,0.0,0.0,0.0,0.0,0.0,0.0,67.0,82,52523792,167.39999999999998,207.2,1.0,0.3594117858479972,0.0,0.3594117858479972,-0.9915597672752968,0.0,-0.9915597672752968,0.043050680355945836,0.0,0.043050680355945836,2,0.0,0.0,0.0,0.0,0.0,0.0,0.0,0.0,0.0,67.0,82,52523792,167.39999999999998,207.2,1.0,0.3594117858479972,0.0,0.3594117858479972,-0.9915597672752968,0.0,-0.9915597672752968,0.043050680355945836,0.0,0.043050680355945836,2,67.0,82,52523792,167.39999999999998,207.2,1.0,0,0,0,0,0,0,0,29.99999996174778,82,45212176,207.2,1.6,0.40000000000000013,2.215,0.22999999999999998,2,67.0,52523792,0.9311785526870192,0.7994363268899549,0.9311785526870192
PbTe,3bc08d486d65,M->G,2.18,1,1.151,0.198,0.838965133275026,-149.99999994206163,-0.7265651178813824,-0.41948256737222694,0.0,0.5,0.0,0.0,0.0,0.25,0.0,3,1,6,10,0.3594117858479972,0.0,0.3594117858479972,-0.9915597672752968,0.0,-0.9915597672752968,0.043050680355945836,0.0,0.043050680355945836,2,0.0,0.0,0.0,0.0,0.0,0.0,0.0,0.0,0.0,67.0,82,52523792,167.39999999999998,207.2,1.0,0.3594117858479972,0.0,0.3594117858479972,-0.9915597672752968,0.0,-0.9915597672752968,0.043050680355945836,0.0,0.043050680355945836,2,0.0,0.0,0.0,0.0,0.0,0.0,0.0,0.0,0.0,67.0,82,52523792,167.39999999999998,207.2,1.0,0.3594117858479972,0.0,0.3594117858479972,-0.9915597672752968,0.0,-0.9915597672752968,0.043050680355945836,0.0,0.043050680355945836,2,0.0,0.0,0.0,0.0,0.0,0.0,0.0,0.0,0.0,67.0,82,52523792,167.39999999999998,207.2,1.0,0.0,0.0,0.0,0.0,0.0,0.0,0.0,0.0,0.0,0,0.0,0,0,0.0,0.0,0.0,0,0,0,0,0,0,0,0.0,82,45212176,207.2,1.6,0.40000000000000013,2.215,0.22999999999999998,2,67.0,52523792,0.9311785526870192,0.7994363268899549,0.7994363268899549
P2Sb2Se6,5d1a32a28ffa,Y->G,2.483,0,1.004,0.058,0.5110925695609772,-90.0,3.6079100540875103e-17,-0.5110925695609772,0.0,0.0,0.5,0.0,0.0,0.0,0.25,1,1,2,4,2.4449158234020807,0.7133502233351274,4.085272080206094,-6.871188924392484,0.3282765661034181,-6.232078086502242,-0.2914442184220109,0.40019160047847774,0.6672502175922084,10,0.46799376796819675,1.0938007335282762,1.8276058710019583,9.539303403194213,5.10669459336937,14.783851751088644,-0.04931250717367103,0.06406926960015642,0.07029020001239214,33.6,51,21649668,77.92275240000001,121.76,0.8,2.4449158234020807,0.7133502233351274,4.085272080206094,-6.871188924392484,0.3282765661034181,-6.232078086502242,-0.2914442184220109,0.40019160047847774,0.6672502175922084,10,0.46799376796819675,1.0938007335282762,1.8276058710019583,9.539303403194213,5.10669459336937,14.783851751088644,-0.04931250717367103,0.06406926960015642,0.07029020001239214,33.6,51,21649668,77.92275240000001,121.76,0.8,2.4449158234020807,0.7133502233351274,4.085272080206094,-6.871188924392484,0.3282765661034181,-6.232078086502242,-0.2914442184220109,0.40019160047847774,0.6672502175922084,10,0.46799376796819675,1.0938007335282762,1.8276058710019583,9.539303403194213,5.10669459336937,14.783851751088644,-0.04931250717367103,0.06406926960015642,0.07029020001239214,33.6,51,21649668,77.92275240000001,121.76,0.8,0.0,0.0,0.0,0.0,0.0,0.0,0.0,0.0,0.0,0,0.0,0,0,0.0,0.0,0.0,0,0,0,0,0,0,0,0.0,51,6765201,121.76,1.2,0.44999999999999996,2.263333333333333,0.5,3,33.333333333333336,8152162,0.8096352520917903,0.8238161694562693,0.8096352520917903
P2Sb2Se6,5d1a32a28ffa,X->G,2.546,0,1.004,0.058,0.51189309863108,-150.05171859821505,-0.44354327946776284,-0.2555462847804886,0.0,0.5,0.0,0.0,0.0,0.25,0.0,1,1,2,4,2.4449158234020807,0.7133502233351274,4.085272080206094,-6.871188924392484,0.3282765661034181,-6.232078086502242,-0.2914442184220109,0.40019160047847774,0.6672502175922084,10,0.46799376796819675,1.0938007335282762,1.8276058710019583,9.539303403194213,5.10669459336937,14.783851751088644,-0.04931250717367103,0.06406926960015642,0.07029020001239214,33.6,51,21649668,77.92275240000001,121.76,0.8,2.4449158234020807,0.7133502233351274,4.085272080206094,-6.871188924392484,0.3282765661034181,-6.232078086502242,-0.2914442184220109,0.40019160047847774,0.6672502175922084,10,0.46799376796819675,1.0938007335282762,1.8276058710019583,9.539303403194213,5.10669459336937,14.783851751088644,-0.04931250717367103,0.06406926960015642,0.07029020001239214,33.6,51,21649668,77.92275240000001,121.76,0.8,2.4449158234020807,0.7133502233351274,4.085272080206094,-6.871188924392484,0.3282765661034181,-6.232078086502242,-0.2914442184220109,0.40019160047847774,0.6672502175922084,10,0.46799376796819675,1.0938007335282762,1.8276058710019583,9.539303403194213,5.10669459336937,14.783851751088644,-0.04931250717367103,0.06406926960015642,0.07029020001239214,33.6,51,21649668,77.92275240000001,121.76,0.8,0.0,0.0,0.0,0.0,0.0,0.0,0.0,0.0,0.0,0,0.0,0,0,0.0,0.0,0.0,0,0,0,0,0,0,0,0.0,51,6765201,121.76,1.2,0.44999999999999996,2.263333333333333,0.5,3,33.333333333333336,8152162,0.8096352520917903,0.8238161694562693,0.8096352520917903
P2Sb2Se6,5d1a32a28ffa,Y->G,1.261,1,1.004,0.058,0.5110925695609772,-90.0,3.6079100540875103e-17,-0.5110925695609772,0.0,0.0,0.5,0.0,0.0,0.0,0.25,1,1,2,4,2.4449158234020807,0.7133502233351274,4.085272080206094,-6.871188924392484,0.3282765661034181,-6.232078086502242,-0.2914442184220109,0.40019160047847774,0.6672502175922084,10,0.46799376796819675,1.0938007335282762,1.8276058710019583,9.539303403194213,5.10669459336937,14.783851751088644,-0.04931250717367103,0.06406926960015642,0.07029020001239214,33.6,51,21649668,77.92275240000001,121.76,0.8,2.4449158234020807,0.7133502233351274,4.085272080206094,-6.871188924392484,0.3282765661034181,-6.232078086502242,-0.2914442184220109,0.40019160047847774,0.6672502175922084,10,0.46799376796819675,1.0938007335282762,1.8276058710019583,9.539303403194213,5.10669459336937,14.783851751088644,-0.04931250717367103,0.06406926960015642,0.07029020001239214,33.6,51,21649668,77.92275240000001,121.76,0.8,2.4449158234020807,0.7133502233351274,4.085272080206094,-6.871188924392484,0.3282765661034181,-6.232078086502242,-0.2914442184220109,0.40019160047847774,0.6672502175922084,10,0.46799376796819675,1.0938007335282762,1.8276058710019583,9.539303403194213,5.10669459336937,14.783851751088644,-0.04931250717367103,0.06406926960015642,0.07029020001239214,33.6,51,21649668,77.92275240000001,121.76,0.8,0.0,0.0,0.0,0.0,0.0,0.0,0.0,0.0,0.0,0,0.0,0,0,0.0,0.0,0.0,0,0,0,0,0,0,0,0.0,51,6765201,121.76,1.2,0.44999999999999996,2.263333333333333,0.5,3,33.333333333333336,8152162,0.8096352520917903,0.8238161694562693,0.8238161694562693
P2Sb2Se6,5d1a32a28ffa,X->G,1.339,1,1.004,0.058,0.51189309863108,-150.05171859821505,-0.44354327946776284,-0.2555462847804886,0.0,0.5,0.0,0.0,0.0,0.25,0.0,1,1,2,4,2.4449158234020807,0.7133502233351274,4.085272080206094,-6.871188924392484,0.3282765661034181,-6.232078086502242,-0.2914442184220109,0.40019160047847774,0.6672502175922084,10,0.46799376796819675,1.0938007335282762,1.8276058710019583,9.539303403194213,5.10669459336937,14.783851751088644,-0.04931250717367103,0.06406926960015642,0.07029020001239214,33.6,51,21649668,77.92275240000001,121.76,0.8,2.4449158234020807,0.7133502233351274,4.085272080206094,-6.871188924392484,0.3282765661034181,-6.232078086502242,-0.2914442184220109,0.40019160047847774,0.6672502175922084,10,0.46799376796819675,1.0938007335282762,1.8276058710019583,9.539303403194213,5.10669459336937,14.783851751088644,-0.04931250717367103,0.06406926960015642,0.07029020001239214,33.6,51,21649668,77.92275240000001,121.76,0.8,2.4449158234020807,0.7133502233351274,4.085272080206094,-6.871188924392484,0.3282765661034181,-6.232078086502242,-0.2914442184220109,0.40019160047847774,0.6672502175922084,10,0.46799376796819675,1.0938007335282762,1.8276058710019583,9.539303403194213,5.10669459336937,14.783851751088644,-0.04931250717367103,0.06406926960015642,0.07029020001239214,33.6,51,21649668,77.92275240000001,121.76,0.8,0.0,0.0,0.0,0.0,0.0,0.0,0.0,0.0,0.0,0,0.0,0,0,0.0,0.0,0.0,0,0,0,0,0,0,0,0.0,51,6765201,121.76,1.2,0.44999999999999996,2.263333333333333,0.5,3,33.333333333333336,8152162,0.8096352520917903,0.8238161694562693,0.8238161694562693
BiClTe,badda86cab42,M->G,1.458,1,0.948,0.129,0.867589079537795,-150.00000004401488,-0.7513541832589312,-0.43379453919170385,-8.241927987866616e-18,0.5,0.0,0.0,0.0,0.25,0.0,3,1,6,10,0.4919737616131825,0.1334874983074083,0.6804736067839657,-1.8950307797670547,0.06659969368362187,-1.8466459590889532,-0.04897276054134355,0.08266388847095797,0.06782784490576962,3,0.01804092953959967,0.008722775733518482,0.03037402736904576,0.430157396871361,0.12055658871602427,0.5196983532451991,-0.0018388735247387232,0.0015365230473820535,0.000297213939772619,50.666666666666664,83,54853458,124.01113333333335,208.9804,0.6666666666666666,0.4919737616131825,0.1334874983074083,0.6804736067839657,-1.8950307797670547,0.06659969368362187,-1.8466459590889532,-0.04897276054134355,0.08266388847095797,0.06782784490576962,3,0.01804092953959967,0.008722775733518482,0.03037402736904576,0.430157396871361,0.12055658871602427,0.5196983532451991,-0.0018388735247387232,0.0015365230473820535,0.000297213939772619,50.666666666666664,83,54853458,124.01113333333335,208.9804,0.6666666666666666,0.4919737616131825,0.1334874983074083,0.6804736067839657,-1.8950307797670547,0.06659969368362187,-1.8466459590889532,-0.04897276054134355,0.08266388847095797,0.06782784490576962,3,0.01804092953959967,0.008722775733518482,0.03037402736904576,0.430157396871361,0.12055658871602427,0.5196983532451991,-0.0018388735247387232,0.0015365230473820535,0.000297213939772619,50.666666666666664,83,54853458,124.01113333333335,208.9804,0.6666666666666666,0.0,0.0,0.0,0.0,0.0,0.0,0.0,0.0,0.0,0,0.0,0,0,0.0,0.0,0.0,0,0,0,0,0,0,0,0.0,83,47458321,208.9804,1.3333333333333333,0.6000000000000001,2.4266666666666663,1.1400000000000001,3,50.666666666666664,54853458,0.9359477403697092,0.9378360161127248,0.9378360161127248
BiClTe,badda86cab42,M->K,0.863,1,0.948,0.129,0.5009027893707781,119.99999996490025,-0.2504513944196438,0.4337945405750079,-2.7473093292888723e-18,0.5,0.0,0.3333333333333333,0.3333333333333333,0.41666666666666663,0.16666666666666666,3,6,12,21,0.4919737616131825,0.1334874983074083,0.6804736067839657,-1.8950307797670547,0.06659969368362187,-1.8466459590889532,-0.04897276054134355,0.08266388847095797,0.06782784490576962,3,0.01804092953959967,0.008722775733518482,0.03037402736904576,0.430157396871361,0.12055658871602427,0.5196983532451991,-0.0018388735247387232,0.0015365230473820535,0.000297213939772619,50.666666666666664,83,54853458,124.01113333333335,208.9804,0.6666666666666666,0.4919737616131825,0.1334874983074083,0.6804736067839657,-1.8950307797670547,0.06659969368362187,-1.8466459590889532,-0.04897276054134355,0.08266388847095797,0.06782784490576962,3,0.01804092953959967,0.008722775733518482,0.03037402736904576,0.430157396871361,0.12055658871602427,0.5196983532451991,-0.0018388735247387232,0.0015365230473820535,0.000297213939772619,50.666666666666664,83,54853458,124.01113333333335,208.9804,0.6666666666666666,0.4919737616131825,0.1334874983074083,0.6804736067839657,-1.8950307797670547,0.06659969368362187,-1.8466459590889532,-0.04897276054134355,0.08266388847095797,0.06782784490576962,3,0.01804092953959967,0.008722775733518482,0.03037402736904576,0.430157396871361,0.12055658871602427,0.5196983532451991,-0.0018388735247387232,0.0015365230473820535,0.000297213939772619,50.666666666666664,83,54853458,124.01113333333335,208.9804,0.6666666666666666,0.4919737616131825,0.1334874983074083,0.6804736067839657,-1.8950307797670547,0.06659969368362187,-1.8466459590889532,-0.04897276054134355,0.08266388847095797,0.06782784490576962,3,50.666666666666664,83,54853458,124.01113333333335,208.9804,0.6666666666666666,0,0,0,0,0,0,0,30.00000003955734,83,47458321,208.9804,1.3333333333333333,0.6000000000000001,2.4266666666666663,1.1400000000000001,3,50.666666666666664,54853458,0.9359477403697092,0.9378360161127248,0.9378360161127248
TiZr3Te8,4f1ab08988cc,S->Y,1.679,0,0.21,0.115,0.64100327457215,-130.83623677816092,-0.4046028271299448,-0.4681379896799372,0.16741736143274438,0.5,0.5,0.0,0.0,0.25,0.25,1,1,2,4,1.5394562661803264,0.6791201190340067,2.635098170444606,-4.59599363237477,1.6001294639764179,-3.4630812569325626,-0.8749046438282733,0.3581432940279756,-0.3057796089629635,11,0.3241639829794969,0.5691135436033451,1.9513820001422864,1.568332822559705,4.956570258277623,15.993962572860374,0.17550901973200422,0.13506195036478616,0.38182552196293906,48.72727272727273,52,66172928,117.6792727272727,127.6,1.0,1.485621887613134,0.5898265370168793,2.634704832509396,-4.362572095841384,1.5991285620844387,-2.594167070404482,-0.7324305196546455,0.31438984040358414,-0.09825455274173693,10,0.2725685047293788,0.43123650721389295,1.278146541444207,1.6253052781467345,4.009929937227513,11.423371097852616,0.10797402092126421,0.10257476362781537,0.34187718581830706,48.4,52,58861312,116.68719999999999,127.6,1.0,1.9226918893743707,0.6026375488462054,3.0691418722544315,-5.486099144353884,1.6849466496808367,-3.9275580419984752,-0.8500948257266964,0.29883983279271314,-0.2885934133046757,12,0.6546522328471157,0.8150450830413027,2.6408079401423272,3.6547567610973797,6.214952298595865,16.59980218623804,0.1459809904924523,0.1007065203769423,0.2837853742718705,46.5,52,66407184,111.86158333333331,127.6,0.9166666666666666,1.4350630858715467,0.520083720508252,2.6343183504621814,-4.270820757511652,1.3509112509714347,-3.1609094448591044,-0.5875937388689791,0.28948760117239025,0.10907664343594074,9,48.0,52,51549696,115.47466666666666,127.6,1.0,0,0,0,0,0,0,0,90.0,52,7311616,127.6,1.45,0.15000000000000013,1.656666666666667,0.77,3,38.0,10105872,0.6849715466889554,0.1347440193725061,0.6849715466889554
TiHf3Se8,3e1923c616ad,S->Y,1.256,0,0.722,0.166,0.6817769519190183,-130.86288740334143,-0.4318482769931407,-0.4991922910632491,0.1706866555096427,0.5,0.5,0.0,0.0,0.25,0.25,1,1,2,4,2.3504046181078273,0.9226339628356475,3.835646780364311,-5.981282899130721,1.0417258165976993,-5.172485201314221,-0.5273843759182716,0.49691551805860285,0.26653336075983924,11,0.7776629556575632,1.2192158357710279,4.238659054399829,4.849559255097633,4.76067287924015,17.37161180726509,0.07458759384792248,0.10594115316520107,0.27483971613530606,44.36363636363637,72,91312256,106.10454545454546,178.49,1.0,2.2391484593175504,0.8097415642123392,3.8330513291097374,-5.517101477659846,1.0890532608819985,-4.231574847838632,-0.4062438230550168,0.44618560184620015,0.483414840815425,10,0.6490593526039347,0.9230429099485018,2.7681799060560097,4.245799802242928,4.024137719690732,13.095832203127035,0.020705098264950907,0.09145390848985131,0.25971676101068447,45.4,72,89975920,108.819,178.49,1.0,2.8655883955067125,0.8005135182089421,4.266304973447228,-6.848299632926313,1.1551882758674745,-5.590349669086079,-0.4324456879884326,0.4325671572241773,0.305939939619898,12,1.4333437049302926,1.638781844749692,5.1885684356729564,7.342917601951839,6.242157567338691,19.923750453846065,0.035349274371196344,0.06775027966825772,0.11242088371178476,42.5,72,91546512,101.25141666666667,178.49,0.9166666666666666,2.17165177329363,0.7112587250432743,3.8311565578782805,-5.189762786769022,0.8897398540746285,-4.392562266468772,-0.25414005367851306,0.40002829301876636,0.7006369206485389,9,46.666666666666664,72,88639584,112.13666666666667,178.49,1.0,0,0,0,0,0,0,0,90.0,72,26873856,178.49,1.3666666666666665,0.40000000000000013,1.7966666666666666,1.2499999999999998,3,42.666666666666664,28444448,0.7987767433307077,0.1594418578290933,0.7987767433307077
TiHf3Se8,3e1923c616ad,S->G,0.626,0,0.722,0.166,0.660065055732327,-130.86288740334143,-0.4318482769931407,-0.4991922910632491,0.0,0.5,0.5,0.0,0.0,0.25,0.25,1,1,2,4,2.3504046181078273,0.9226339628356475,3.835646780364311,-5.981282899130721,1.0417258165976993,-5.172485201314221,-0.5273843759182716,0.49691551805860285,0.26653336075983924,11,0.7776629556575632,1.2192158357710279,4.238659054399829,4.849559255097633,4.76067287924015,17.37161180726509,0.07458759384792248,0.10594115316520107,0.27483971613530606,44.36363636363637,72,91312256,106.10454545454546,178.49,1.0,2.3504046181078273,0.9226339628356475,3.835646780364311,-5.981282899130721,1.0417258165976993,-5.172485201314221,-0.5273843759182716,0.49691551805860285,0.26653336075983924,11,0.7776629556575632,1.2192158357710279,4.238659054399829,4.849559255097633,4.76067287924015,17.37161180726509,0.07458759384792248,0.10594115316520107,0.27483971613530606,44.36363636363637,72,91312256,106.10454545454546,178.49,1.0,2.8655883955067125,0.8005135182089421,4.266304973447228,-6.848299632926313,1.1551882758674745,-5.590349669086079,-0.4324456879884326,0.4325671572241773,0.305939939619898,12,1.4333437049302926,1.638781844749692,5.1885684356729564,7.342917601951839,6.242157567338691,19.923750453846065,0.035349274371196344,0.06775027966825772,0.11242088371178476,42.5,72,91546512,101.25141666666667,178.49,0.9166666666666666,0.0,0.0,0.0,0.0,0.0,0.0,0.0,0.0,0.0,0,0.0,0,0,0.0,0.0,0.0,0,0,0,0,0,0,0,0.0,72,26873856,178.49,1.3666666666666665,0.40000000000000013,1.7966666666666666,1.2499999999999998,3,42.666666666666664,28444448,0.7987767433307077,0.1594418578290933,0.7987767433307077
Cr2Mo2Se8,60065d3bbcf2,X->G,1.173,0,0.837,0.016,0.4801730141865662,180.0,-0.4801730141865662,0.0,0.0,0.5,0.0,0.0,0.0,0.25,0.0,1,1,2,4,3.981853353718707,0.9821521552865393,5.523101713561279,-7.8829391377166615,0.7055642364942654,-7.37498517432899,0.1789595382110056,0.5535131840875842,1.0467893137579274,12,2.803001249273342,2.809348343827074,8.552491679857413,10.94024318246037,6.08998751834168,23.022063454514466,-0.024661741579626365,0.16193394479338516,0.4065497384888236,33.666666666666664,42,17577632,77.29601666666667,95.94,0.8333333333333334,3.981853353718707,0.9821521552865393,5.523101713561279,-7.8829391377166615,0.7055642364942654,-7.37498517432899,0.1789595382110056,0.5535131840875842,1.0467893137579274,12,2.803001249273342,2.809348343827074,8.552491679857413,10.94024318246037,6.08998751834168,23.022063454514466,-0.024661741579626365,0.16193394479338516,0.4065497384888236,33.666666666666664,42,17577632,77.29601666666667,95.94,0.8333333333333334,3.981853353718707,0.9821521552865393,5.523101713561279,-7.8829391377166615,0.7055642364942654,-7.37498517432899,0.1789595382110056,0.5535131840875842,1.0467893137579274,12,2.803001249273342,2.809348343827074,8.552491679857413,10.94024318246037,6.08998751834168,23.022063454514466,-0.024661741579626365,0.16193394479338516,0.4065497384888236,33.666666666666664,42,17577632,77.29601666666667,95.94,0.8333333333333334,0.0,0.0,0.0,0.0,0.0,0.0,0.0,0.0,0.0,0,0.0,0,0,0.0,0.0,0.0,0,0,0,0,0,0,0,0.0,42,3111696,95.94,1.3333333333333333,0.30000000000000004,2.1233333333333335,0.8899999999999999,3,33.333333333333336,4779808,0.1629753879269453,0.1203719765762379,0.1629753879269453
Cr2Mo2Se8,60065d3bbcf2,Y->S,1.124,0,0.837,0.016,0.4801730141865662,0.0,0.4801730141865662,0.0,0.0,0.0,0.5,0.5,0.5,0.25,0.5,1,1,2,4,3.981853353718707,0.9821521552865393,5.523101713561279,-7.8829391377166615,0.7055642364942654,-7.37498517432899,0.1789595382110056,0.5535131840875842,1.0467893137579274,12,2.803001249273342,2.809348343827074,8.552491679857413,10.94024318246037,6.08998751834168,23.022063454514466,-0.024661741579626365,0.16193394479338516,0.4065497384888236,33.666666666666664,42,17577632,77.29601666666667,95.94,0.8333333333333334,3.339666349182008,1.1156542066685167,5.324293410219091,-7.002529886596744,0.5650405258094328,-6.6010156696220115,0.0049255070507565665,0.6083447903351822,1.0862379334952483,11,1.685114473126835,2.256985633897433,8.15681177936969,8.137849879432439,4.272181656168552,16.352471335344177,-0.022605601319023685,0.1405703241397555,0.39401551883022967,34.54545454545455,42,17245856,79.59600909090909,95.94,0.9090909090909091,3.339666349182008,1.1156542066685167,5.324293410219091,-7.002529886596744,0.5650405258094328,-6.6010156696220115,0.0049255070507565665,0.6083447903351822,1.0862379334952483,11,1.685114473126835,2.256985633897433,8.15681177936969,8.137849879432439,4.272181656168552,16.352471335344177,-0.022605601319023685,0.1405703241397555,0.39401551883022967,34.54545454545455,42,17245856,79.59600909090909,95.94,0.9090909090909091,3.339666349182008,1.1156542066685167,5.324293410219091,-7.002529886596744,0.5650405258094328,-6.6010156696220115,0.0049255070507565665,0.6083447903351822,1.0862379334952483,11,34.54545454545455,42,17245856,79.59600909090909,95.94,0.9090909090909091,0,0,0,0,0,0,0,40.888174103146596,42,3111696,95.94,1.3333333333333333,0.30000000000000004,2.1233333333333335,0.8899999999999999,3,33.333333333333336,4779808,0.1629753879269453,0.1203719765762379,0.1629753879269453
CrMo3Se8,a7233837cfe9,X->G,1.288,0,0.971,0.01,0.47646673247984356,180.0,-0.47646673247984356,0.0,0.0,0.5,0.0,0.0,0.0,0.25,0.0,1,1,2,4,3.823517041451103,0.9736090647636898,5.435833385800537,-7.788910595830187,0.8202109593218019,-6.99857872966948,0.09399518482622526,0.5460518228582,0.9871592556097184,12,2.532488577188059,2.579872477369871,8.263105498020279,10.53780675795379,6.285600883940436,22.334916040720678,-0.03285307547596241,0.12474747191000966,0.27100810523478513,35.166666666666664,42,20357552,80.95800833333334,95.94,0.9166666666666666,3.823517041451103,0.9736090647636898,5.435833385800537,-7.788910595830187,0.8202109593218019,-6.99857872966948,0.09399518482622526,0.5460518228582,0.9871592556097184,12,2.532488577188059,2.579872477369871,8.263105498020279,10.53780675795379,6.285600883940436,22.334916040720678,-0.03285307547596241,0.12474747191000966,0.27100810523478513,35.166666666666664,42,20357552,80.95800833333334,95.94,0.9166666666666666,3.823517041451103,0.9736090647636898,5.435833385800537,-7.788910595830187,0.8202109593218019,-6.99857872966948,0.09399518482622526,0.5460518228582,0.9871592556097184,12,2.532488577188059,2.579872477369871,8.263105498020279,10.53780675795379,6.285600883940436,22.334916040720678,-0.03285307547596241,0.12474747191000966,0.27100810523478513,35.166666666666664,42,20357552,80.95800833333334,95.94,0.9166666666666666,0.0,0.0,0.0,0.0,0.0,0.0,0.0,0.0,0.0,0,0.0,0,0,0.0,0.0,0.0,0,0,0,0,0,0,0,0.0,42,3111696,95.94,1.3333333333333333,0.30000000000000004,2.1233333333333335,0.8899999999999999,3,33.333333333333336,4779808,0.2003083671083162,0.1477262102974496,0.2003083671083162
CrMo3Se8,a7233837cfe9,Y->S,1.311,0,0.971,0.01,0.47646673247984356,0.0,0.47646673247984356,0.0,0.0,0.0,0.5,0.5,0.5,0.25,0.5,1,1,2,4,3.823517041451103,0.9736090647636898,5.435833385800537,-7.788910595830187,0.8202109593218019,-6.99857872966948,0.09399518482622526,0.5460518228582,0.9871592556097184,12,2.532488577188059,2.579872477369871,8.263105498020279,10.53780675795379,6.285600883940436,22.334916040720678,-0.03285307547596241,0.12474747191000966,0.27100810523478513,35.166666666666664,42,20357552,80.95800833333334,95.94,0.9166666666666666,3.1827761568920154,1.0839123482926758,4.927451615753901,-6.924588995811255,0.6822754758236346,-6.484813107670166,-0.07694329939133943,0.5894380126456908,0.8677388215238986,11,1.4653383301969143,1.947957011223222,6.915094493176451,7.8116123469563625,4.652927392693542,17.582662473687858,-0.02220428696410122,0.10278670530685659,0.255685783944725,36.18181818181818,42,20025776,83.5909090909091,95.94,1.0,3.1827761568920154,1.0839123482926758,4.927451615753901,-6.924588995811255,0.6822754758236346,-6.484813107670166,-0.07694329939133943,0.5894380126456908,0.8677388215238986,11,1.4653383301969143,1.947957011223222,6.915094493176451,7.8116123469563625,4.652927392693542,17.582662473687858,-0.02220428696410122,0.10278670530685659,0.255685783944725,36.18181818181818,42,20025776,83.5909090909091,95.94,1.0,3.1827761568920154,1.0839123482926758,4.927451615753901,-6.924588995811255,0.6822754758236346,-6.484813107670166,-0.07694329939133943,0.5894380126456908,0.8677388215238986,11,36.18181818181818,42,20025776,83.5909090909091,95.94,1.0,0,0,0,0,0,0,0,40.878744187326575,42,3111696,95.94,1.3333333333333333,0.30000000000000004,2.1233333333333335,0.8899999999999999,3,33.333333333333336,4779808,0.2003083671083162,0.1477262102974496,0.2003083671083162
CrMo3Se8,a7233837cfe9,G->S,0.779,0,0.971,0.01,0.7280299345724511,49.12125581267344,0.47646673247984356,0.5504607510745417,0.0,0.0,0.0,0.5,0.5,0.25,0.25,1,1,2,4,3.823517041451103,0.9736090647636898,5.435833385800537,-7.788910595830187,0.8202109593218019,-6.99857872966948,0.09399518482622526,0.5460518228582,0.9871592556097184,12,2.532488577188059,2.579872477369871,8.263105498020279,10.53780675795379,6.285600883940436,22.334916040720678,-0.03285307547596241,0.12474747191000966,0.27100810523478513,35.166666666666664,42,20357552,80.95800833333334,95.94,0.9166666666666666,3.1827761568920154,1.0839123482926758,4.927451615753901,-6.924588995811255,0.6822754758236346,-6.484813107670166,-0.07694329939133943,0.5894380126456908,0.8677388215238986,11,1.4653383301969143,1.947957011223222,6.915094493176451,7.8116123469563625,4.652927392693542,17.582662473687858,-0.02220428696410122,0.10278670530685659,0.255685783944725,36.18181818181818,42,20025776,83.5909090909091,95.94,1.0,3.1827761568920154,1.0839123482926758,4.927451615753901,-6.924588995811255,0.6822754758236346,-6.484813107670166,-0.07694329939133943,0.5894380126456908,0.8677388215238986,11,1.4653383301969143,1.947957011223222,6.915094493176451,7.8116123469563625,4.652927392693542,17.582662473687858,-0.02220428696410122,0.10278670530685659,0.255685783944725,36.18181818181818,42,20025776,83.5909090909091,95.94,1.0,0.0,0.0,0.0,0.0,0.0,0.0,0.0,0.0,0.0,0,0.0,0,0,0.0,0.0,0.0,0,0,0,0,0,0,0,0.0,42,3111696,95.94,1.3333333333333333,0.30000000000000004,2.1233333333333335,0.8899999999999999,3,33.333333333333336,4779808,0.2003083671083162,0.1477262102974496,0.2003083671083162
ZrHf3Se8,b8fb10416122,S->G,0.725,0,0.843,0.165,0.6515476384127739,-130.89648561884889,-0.42656462297929104,-0.4925007081657832,0.0,0.5,0.5,0.0,0.0,0.25,0.25,1,1,2,4,2.2712105264665956,0.9328543989538451,3.7534417159497533,-5.6563069068633505,1.1461710840884827,-4.72816793369376,-0.5676902884878767,0.4981392931208192,0.21888754535943689,11,0.7286599559776437,1.20096235991069,4.168495171104148,3.9847867636360066,4.639775737093338,16.770526795128713,0.08570897109639163,0.11432274794453469,0.2807243215476792,44.36363636363637,72,91312256,106.10454545454546,178.49,1.0,2.2712105264665956,0.9328543989538451,3.7534417159497533,-5.6563069068633505,1.1461710840884827,-4.72816793369376,-0.5676902884878767,0.4981392931208192,0.21888754535943689,11,0.7286599559776437,1.20096235991069,4.168495171104148,3.9847867636360066,4.639775737093338,16.770526795128713,0.08570897109639163,0.11432274794453469,0.2807243215476792,44.36363636363637,72,91312256,106.10454545454546,178.49,1.0,2.701352600117056,0.7682577572597471,3.8112111831238265,-6.57110665597252,1.244098804740281,-5.450712215050133,-0.5146955636327316,0.41084448827874115,0.07788073214270555,12,1.242545309246093,1.41909524241073,4.168850927805177,6.54268537733341,6.373597613912207,20.592769413348616,0.05151668960734956,0.08172620156502132,0.17243580892749696,44.0,72,93872256,104.8645,178.49,1.0,0.0,0.0,0.0,0.0,0.0,0.0,0.0,0.0,0.0,0,0.0,0,0,0.0,0.0,0.0,0,0,0,0,0,0,0,0.0,72,26873856,178.49,1.4166666666666667,0.40000000000000013,1.7266666666666666,1.2499999999999998,3,48.666666666666664,30770192,0.8326247051860165,0.2009389569933805,0.8326247051860165
WCr3Te8,6523c349753c,X->G,0.99,0,0.459,0.097,0.44910867125053355,180.0,-0.44910867125053355,0.0,0.0,0.5,0.0,0.0,0.0,0.25,0.0,1,1,2,4,3.0339746962566405,0.8592355688159417,4.3565440527316515,-7.0994675032734555,1.2027750711166634,-6.102950200405859,-0.3219751805365115,0.4699165841344313,0.3890716121374317,12,1.588572521797687,1.804437740667562,5.318816160209226,8.058678056201629,6.744741690028716,23.054365031468915,0.014476925493530392,0.06073289576094759,0.09031731274865758,46.833333333333336,74,89474832,113.38569166666666,183.84,0.75,3.0339746962566405,0.8592355688159417,4.3565440527316515,-7.0994675032734555,1.2027750711166634,-6.102950200405859,-0.3219751805365115,0.4699165841344313,0.3890716121374317,12,1.588572521797687,1.804437740667562,5.318816160209226,8.058678056201629,6.744741690028716,23.054365031468915,0.014476925493530392,0.06073289576094759,0.09031731274865758,46.833333333333336,74,89474832,113.38569166666666,183.84,0.75,3.0339746962566405,0.8592355688159417,4.3565440527316515,-7.0994675032734555,1.2027750711166634,-6.102950200405859,-0.3219751805365115,0.4699165841344313,0.3890716121374317,12,1.588572521797687,1.804437740667562,5.318816160209226,8.058678056201629,6.744741690028716,23.054365031468915,0.014476925493530392,0.06073289576094759,0.09031731274865758,46.833333333333336,74,89474832,113.38569166666666,183.84,0.75,0.0,0.0,0.0,0.0,0.0,0.0,0.0,0.0,0.0,0,0.0,0,0,0.0,0.0,0.0,0,0,0,0,0,0,0,0.0,74,29986576,183.84,1.3833333333333335,0.04999999999999982,2.0399999999999996,0.7,3,50.0,37629968,0.1806309371731511,0.0927822494170908,0.1806309371731511
Hf2Ti2Se8,cce78d90e899,S->Y,1.409,0,0.656,0.156,0.6894926332284319,-130.82723326206678,-0.4367670059678928,-0.5055134847276053,0.17056022552949662,0.5,0.5,0.0,0.0,0.25,0.25,1,1,2,4,2.506436711527926,0.9642382611960703,4.262559073135902,-6.148409010779727,0.9322903022663968,-5.218836168971021,-0.4472822595201387,0.5181441956468266,0.4784523815450649,11,0.9419894460291868,1.497892822283519,5.322528079694077,5.306150514797068,4.418929107662633,16.602996434751937,0.0598295946917063,0.09359880384297319,0.22873859333271054,39.81818181818182,72,64672656,94.22972727272727,178.49,0.9090909090909091,2.382498905495545,0.8343687160649991,3.908992418522669,-5.678836171675908,0.9957797056570639,-4.508031065370729,-0.33195512265581917,0.45921477125773913,0.52471784888472,10,0.7686682502109284,1.0748969259127437,3.400232791476047,4.664718889794795,3.7927433732951084,12.701154446013847,0.006754079323675033,0.08111488757727062,0.21860334841683157,40.4,72,63336320,95.7567,178.49,0.9,3.0204844345779303,0.8174515605492201,4.338576831650998,-7.039227355348086,1.0388577597409139,-6.064191839148498,-0.35106855953320637,0.44367880965269363,0.35440747928668803,12,1.6303950141073276,1.8330335806778655,5.365916248725063,7.940696777188962,6.151109432747012,21.137316683355305,0.02492653242804774,0.06637952529217205,0.10802596991515627,38.333333333333336,72,64906912,90.36616666666667,178.49,0.8333333333333334,2.3014592187658995,0.7235359700087057,3.9068098389600943,-5.306150323632129,0.8195805214485561,-4.42095410594829,-0.1869338033153333,0.4062723548695755,0.7419158706216211,9,41.111111111111114,72,61999984,97.62299999999999,178.49,0.8888888888888888,0,0,0,0,0,0,0,90.0,72,26873856,178.49,1.3666666666666665,0.40000000000000013,1.7966666666666666,1.2499999999999998,3,42.666666666666664,28444448,0.7652933296496389,0.1370649042205264,0.7652933296496389
Hf2Ti2Se8,cce78d90e899,S->G,0.553,0,0.656,0.156,0.6680638448109613,-130.82723326206678,-0.4367670059678928,-0.5055134847276053,0.0,0.5,0.5,0.0,0.0,0.25,0.25,1,1,2,4,2.506436711527926,0.9642382611960703,4.262559073135902,-6.148409010779727,0.9322903022663968,-5.218836168971021,-0.4472822595201387,0.5181441956468266,0.4784523815450649,11,0.9419894460291868,1.497892822283519,5.322528079694077,5.306150514797068,4.418929107662633,16.602996434751937,0.0598295946917063,0.09359880384297319,0.22873859333271054,39.81818181818182,72,64672656,94.22972727272727,178.49,0.9090909090909091,2.506436711527926,0.9642382611960703,4.262559073135902,-6.148409010779727,0.9322903022663968,-5.218836168971021,-0.4472822595201387,0.5181441956468266,0.4784523815450649,11,0.9419894460291868,1.497892822283519,5.322528079694077,5.306150514797068,4.418929107662633,16.602996434751937,0.0598295946917063,0.09359880384297319,0.22873859333271054,39.81818181818182,72,64672656,94.22972727272727,178.49,0.9090909090909091,3.0204844345779303,0.8174515605492201,4.338576831650998,-7.039227355348086,1.0388577597409139,-6.064191839148498,-0.35106855953320637,0.44367880965269363,0.35440747928668803,12,1.6303950141073276,1.8330335806778655,5.365916248725063,7.940696777188962,6.151109432747012,21.137316683355305,0.02492653242804774,0.06637952529217205,0.10802596991515627,38.333333333333336,72,64906912,90.36616666666667,178.49,0.8333333333333334,0.0,0.0,0.0,0.0,0.0,0.0,0.0,0.0,0.0,0,0.0,0,0,0.0,0.0,0.0,0,0,0,0,0,0,0,0.0,72,26873856,178.49,1.3666666666666665,0.40000000000000013,1.7966666666666666,1.2499999999999998,3,42.666666666666664,28444448,0.7652933296496389,0.1370649042205264,0.7652933296496389
BiClSe,a80866a2c6b4,G->M,2.393,0,1.139,0.0,0.8749546267614479,29.999999956881986,0.7577329342633699,0.43747731281049107,0.0,0.0,0.0,0.5,0.0,0.25,0.0,1,3,6,10,0.5989411087992558,0.20336798458923372,0.8843712991833932,-1.696745264986144,0.1738037174197869,-1.5649367566501076,-0.022544337528105696,0.1313007058048826,0.16244872883356848,3,0.004203152309099056,0.00027684955914081125,0.004581764485919492,0.27952209337770134,0.18435387370194609,0.41920064965896514,-0.007377442910035728,0.005498044045569236,0.00012926062251332124,44.666666666666664,83,48878178,107.79780000000001,208.9804,0.6666666666666666,0.5989411087992558,0.20336798458923372,0.8843712991833932,-1.696745264986144,0.1738037174197869,-1.5649367566501076,-0.022544337528105696,0.1313007058048826,0.16244872883356848,3,0.004203152309099056,0.00027684955914081125,0.004581764485919492,0.27952209337770134,0.18435387370194609,0.41920064965896514,-0.007377442910035728,0.005498044045569236,0.00012926062251332124,44.666666666666664,83,48878178,107.79780000000001,208.9804,0.6666666666666666,0.5989411087992558,0.20336798458923372,0.8843712991833932,-1.696745264986144,0.1738037174197869,-1.5649367566501076,-0.022544337528105696,0.1313007058048826,0.16244872883356848,3,0.004203152309099056,0.00027684955914081125,0.004581764485919492,0.27952209337770134,0.18435387370194609,0.41920064965896514,-0.007377442910035728,0.005498044045569236,0.00012926062251332124,44.666666666666664,83,48878178,107.79780000000001,208.9804,0.6666666666666666,0.0,0.0,0.0,0.0,0.0,0.0,0.0,0.0,0.0,0,0.0,0,0,0.0,0.0,0.0,0,0,0,0,0,0,0,0.0,83,47458321,208.9804,1.25,0.6000000000000001,2.5766666666666667,1.1400000000000001,3,44.666666666666664,48878178,0.8702984144182764,0.9014430142409324,0.8702984144182764
BiClSe,a80866a2c6b4,M->K,1.782,0,1.139,0.0,0.5051552900688687,119.99999996333173,-0.25257764475445665,0.43747731421738245,0.0,0.5,0.0,0.3333333333333333,0.3333333333333333,0.41666666666666663,0.16666666666666666,3,6,12,21,0.5989411087992558,0.20336798458923372,0.8843712991833932,-1.696745264986144,0.1738037174197869,-1.5649367566501076,-0.022544337528105696,0.1313007058048826,0.16244872883356848,3,0.004203152309099056,0.00027684955914081125,0.004581764485919492,0.27952209337770134,0.18435387370194609,0.41920064965896514,-0.007377442910035728,0.005498044045569236,0.00012926062251332124,44.666666666666664,83,48878178,107.79780000000001,208.9804,0.6666666666666666,0.5989411087992558,0.20336798458923372,0.8843712991833932,-1.696745264986144,0.1738037174197869,-1.5649367566501076,-0.022544337528105696,0.1313007058048826,0.16244872883356848,3,0.004203152309099056,0.00027684955914081125,0.004581764485919492,0.27952209337770134,0.18435387370194609,0.41920064965896514,-0.007377442910035728,0.005498044045569236,0.00012926062251332124,44.666666666666664,83,48878178,107.79780000000001,208.9804,0.6666666666666666,0.5989411087992558,0.20336798458923372,0.8843712991833932,-1.696745264986144,0.1738037174197869,-1.5649367566501076,-0.022544337528105696,0.1313007058048826,0.16244872883356848,3,0.004203152309099056,0.00027684955914081125,0.004581764485919492,0.27952209337770134,0.18435387370194609,0.41920064965896514,-0.007377442910035728,0.005498044045569236,0.00012926062251332124,44.666666666666664,83,48878178,107.79780000000001,208.9804,0.6666666666666666,0.5989411087992558,0.20336798458923372,0.8843712991833932,-1.696745264986144,0.1738037174197869,-1.5649367566501076,-0.022544337528105696,0.1313007058048826,0.16244872883356848,3,44.666666666666664,83,48878178,107.79780000000001,208.9804,0.6666666666666666,0,0,0,0,0,0,0,30.00000003989314,83,47458321,208.9804,1.25,0.6000000000000001,2.5766666666666667,1.1400000000000001,3,44.666666666666664,48878178,0.8702984144182764,0.9014430142409324,0.8702984144182764
BiClSe,a80866a2c6b4,G->K,2.216,0,1.139,0.0,1.0103105789193336,59.999999996775145,0.5051552895089132,0.8749546270278735,0.0,0.0,0.0,0.3333333333333333,0.3333333333333333,0.16666666666666666,0.16666666666666666,1,6,12,19,0.5989411087992558,0.20336798458923372,0.8843712991833932,-1.696745264986144,0.1738037174197869,-1.5649367566501076,-0.022544337528105696,0.1313007058048826,0.16244872883356848,3,0.004203152309099056,0.00027684955914081125,0.004581764485919492,0.27952209337770134,0.18435387370194609,0.41920064965896514,-0.007377442910035728,0.005498044045569236,0.00012926062251332124,44.666666666666664,83,48878178,107.79780000000001,208.9804,0.6666666666666666,0.5989411087992558,0.20336798458923372,0.8843712991833932,-1.696745264986144,0.1738037174197869,-1.5649367566501076,-0.022544337528105696,0.1313007058048826,0.16244872883356848,3,0.004203152309099056,0.00027684955914081125,0.004581764485919492,0.27952209337770134,0.18435387370194609,0.41920064965896514,-0.007377442910035728,0.005498044045569236,0.00012926062251332124,44.666666666666664,83,48878178,107.79780000000001,208.9804,0.6666666666666666,0.5989411087992558,0.20336798458923372,0.8843712991833932,-1.696745264986144,0.1738037174197869,-1.5649367566501076,-0.022544337528105696,0.1313007058048826,0.16244872883356848,3,0.004203152309099056,0.00027684955914081125,0.004581764485919492,0.27952209337770134,0.18435387370194609,0.41920064965896514,-0.007377442910035728,0.005498044045569236,0.00012926062251332124,44.666666666666664,83,48878178,107.79780000000001,208.9804,0.6666666666666666,0.0,0.0,0.0,0.0,0.0,0.0,0.0,0.0,0.0,0,0.0,0,0,0.0,0.0,0.0,0,0,0,0,0,0,0,0.0,83,47458321,208.9804,1.25,0.6000000000000001,2.5766666666666667,1.1400000000000001,3,44.666666666666664,48878178,0.8702984144182764,0.9014430142409324,0.8702984144182764
BiClSe,a80866a2c6b4,M->G,3.032,1,1.139,0.0,0.8749546267614479,-150.00000004311804,-0.7577329342633699,-0.43747731281049107,0.0,0.5,0.0,0.0,0.0,0.25,0.0,3,1,6,10,0.5989411087992558,0.20336798458923372,0.8843712991833932,-1.696745264986144,0.1738037174197869,-1.5649367566501076,-0.022544337528105696,0.1313007058048826,0.16244872883356848,3,0.004203152309099056,0.00027684955914081125,0.004581764485919492,0.27952209337770134,0.18435387370194609,0.41920064965896514,-0.007377442910035728,0.005498044045569236,0.00012926062251332124,44.666666666666664,83,48878178,107.79780000000001,208.9804,0.6666666666666666,0.5989411087992558,0.20336798458923372,0.8843712991833932,-1.696745264986144,0.1738037174197869,-1.5649367566501076,-0.022544337528105696,0.1313007058048826,0.16244872883356848,3,0.004203152309099056,0.00027684955914081125,0.004581764485919492,0.27952209337770134,0.18435387370194609,0.41920064965896514,-0.007377442910035728,0.005498044045569236,0.00012926062251332124,44.666666666666664,83,48878178,107.79780000000001,208.9804,0.6666666666666666,0.5989411087992558,0.20336798458923372,0.8843712991833932,-1.696745264986144,0.1738037174197869,-1.5649367566501076,-0.022544337528105696,0.1313007058048826,0.16244872883356848,3,0.004203152309099056,0.00027684955914081125,0.004581764485919492,0.27952209337770134,0.18435387370194609,0.41920064965896514,-0.007377442910035728,0.005498044045569236,0.00012926062251332124,44.666666666666664,83,48878178,107.79780000000001,208.9804,0.6666666666666666,0.0,0.0,0.0,0.0,0.0,0.0,0.0,0.0,0.0,0,0.0,0,0,0.0,0.0,0.0,0,0,0,0,0,0,0,0.0,83,47458321,208.9804,1.25,0.6000000000000001,2.5766666666666667,1.1400000000000001,3,44.666666666666664,48878178,0.8702984144182764,0.9014430142409324,0.9014430142409324
WMo3Se8,05a06afa3b20,X->G,1.643,0,1.32,0.0,0.47306313592981997,180.0,-0.47306313592981997,0.0,0.0,0.5,0.0,0.0,0.0,0.25,0.0,1,1,2,4,3.6313680601198706,0.9795104604898967,5.020762977891975,-7.594594624695401,0.9406334430900093,-6.920370184354191,-0.010615519926361052,0.5452424771890849,0.7633052256048177,12,2.2633978406129045,2.3544838024271337,7.0730249440781545,9.8154775061145,6.500062275085579,23.762560694742834,-0.026706013549978595,0.10027010930749415,0.23910175820457708,39.333333333333336,74,50012352,91.94500000000001,183.84,1.0,3.6313680601198706,0.9795104604898967,5.020762977891975,-7.594594624695401,0.9406334430900093,-6.920370184354191,-0.010615519926361052,0.5452424771890849,0.7633052256048177,12,2.2633978406129045,2.3544838024271337,7.0730249440781545,9.8154775061145,6.500062275085579,23.762560694742834,-0.026706013549978595,0.10027010930749415,0.23910175820457708,39.333333333333336,74,50012352,91.94500000000001,183.84,1.0,3.6313680601198706,0.9795104604898967,5.020762977891975,-7.594594624695401,0.9406334430900093,-6.920370184354191,-0.010615519926361052,0.5452424771890849,0.7633052256048177,12,2.2633978406129045,2.3544838024271337,7.0730249440781545,9.8154775061145,6.500062275085579,23.762560694742834,-0.026706013549978595,0.10027010930749415,0.23910175820457708,39.333333333333336,74,50012352,91.94500000000001,183.84,1.0,0.0,0.0,0.0,0.0,0.0,0.0,0.0,0.0,0.0,0,0.0,0,0,0.0,0.0,0.0,0,0,0,0,0,0,0,0.0,74,29986576,183.84,1.3166666666666667,0.30000000000000004,2.3566666666666665,0.3899999999999997,3,50.0,34434608,0.2290036829903243,0.17766113078223,0.2290036829903243
WMo3Se8,05a06afa3b20,G->S,1.001,0,1.32,0.0,0.7226987431254095,49.11229464004592,0.47306313592981997,0.5463558755420237,0.0,0.0,0.0,0.5,0.5,0.25,0.25,1,1,2,4,3.6313680601198706,0.9795104604898967,5.020762977891975,-7.594594624695401,0.9406334430900093,-6.920370184354191,-0.010615519926361052,0.5452424771890849,0.7633052256048177,12,2.2633978406129045,2.3544838024271337,7.0730249440781545,9.8154775061145,6.500062275085579,23.762560694742834,-0.026706013549978595,0.10027010930749415,0.23910175820457708,39.333333333333336,74,50012352,91.94500000000001,183.84,1.0,3.049094930667033,1.129028289116942,4.841013177174635,-6.662163631553352,0.7913905015816333,-6.096071492667132,-0.1500216535853543,0.6100286426024544,0.8139474570302877,11,1.3436534541964396,1.9122040017348627,6.763136225666792,6.904715950849077,4.478478039122476,17.42042299059873,-0.0071518956683601035,0.10002017752708127,0.22209571963950242,39.09090909090909,74,46900656,91.58181818181819,183.84,1.0,3.049094930667033,1.129028289116942,4.841013177174635,-6.662163631553352,0.7913905015816333,-6.096071492667132,-0.1500216535853543,0.6100286426024544,0.8139474570302877,11,1.3436534541964396,1.9122040017348627,6.763136225666792,6.904715950849077,4.478478039122476,17.42042299059873,-0.0071518956683601035,0.10002017752708127,0.22209571963950242,39.09090909090909,74,46900656,91.58181818181819,183.84,1.0,0.0,0.0,0.0,0.0,0.0,0.0,0.0,0.0,0.0,0,0.0,0,0,0.0,0.0,0.0,0,0,0,0,0,0,0,0.0,74,29986576,183.84,1.3166666666666667,0.30000000000000004,2.3566666666666665,0.3899999999999997,3,50.0,34434608,0.2290036829903243,0.17766113078223,0.2290036829903243
BrSSb,4da5c6be60db,M->K,2.39,0,1.233,0.028,0.5251007206538862,120.0000000338442,-0.2625503605955609,0.454750563476695,0.0,0.5,0.0,0.3333333333333333,0.3333333333333333,0.41666666666666663,0.16666666666666666,3,6,12,21,0.6697767997570923,0.24990951615069454,0.9887533965848503,-1.6767017724477515,0.15436869979041185,-1.5240643400375835,0.010646163997205341,0.1486105127059852,0.20906844863661495,3,0.0035010144056373525,0.002950210656492841,0.00664295043874271,0.2790122522308109,0.2018155676777834,0.463812426943402,-0.009205898783341092,0.008862854375257105,-1.4438203788564616e-05,34.0,51,8331362,77.90966666666667,121.76,0.6666666666666666,0.6697767997570923,0.24990951615069454,0.9887533965848503,-1.6767017724477515,0.15436869979041185,-1.5240643400375835,0.010646163997205341,0.1486105127059852,0.20906844863661495,3,0.0035010144056373525,0.002950210656492841,0.00664295043874271,0.2790122522308109,0.2018155676777834,0.463812426943402,-0.009205898783341092,0.008862854375257105,-1.4438203788564616e-05,34.0,51,8331362,77.90966666666667,121.76,0.6666666666666666,0.6697767997570923,0.24990951615069454,0.9887533965848503,-1.6767017724477515,0.15436869979041185,-1.5240643400375835,0.010646163997205341,0.1486105127059852,0.20906844863661495,3,0.0035010144056373525,0.002950210656492841,0.00664295043874271,0.2790122522308109,0.2018155676777834,0.463812426943402,-0.009205898783341092,0.008862854375257105,-1.4438203788564616e-05,34.0,51,8331362,77.90966666666667,121.76,0.6666666666666666,0.6697767997570923,0.24990951615069454,0.9887533965848503,-1.6767017724477515,0.15436869979041185,-1.5240643400375835,0.010646163997205341,0.1486105127059852,0.20906844863661495,3,34.0,51,8331362,77.90966666666667,121.76,0.6666666666666666,0,0,0,0,0,0,0,30.000000000000004,51,6765201,121.76,1.2,0.44999999999999996,2.53,0.9100000000000001,3,34.0,8331362,0.7806803560540508,0.8606994436980863,0.7806803560540508
Cr2W2Se8,548aa830244c,X->G,1.39,0,0.778,0.015,0.47939478592155726,180.0,-0.47939478592155726,0.0,0.0,0.5,0.0,0.0,0.0,0.25,0.0,1,1,2,4,3.952816368607831,0.9749143172842923,5.481448054221959,-7.86655975667954,0.7180114432006753,-7.354265546555169,0.1627819734549135,0.548900132715277,1.0220685071687663,12,2.760047176047111,2.771791624354439,8.425313533838176,10.870732684779455,6.097923088929593,23.022953478329146,-0.025570845686626265,0.15565532493150774,0.3899485883411422,39.0,74,71327392,91.94601666666667,183.84,0.8333333333333334,3.952816368607831,0.9749143172842923,5.481448054221959,-7.86655975667954,0.7180114432006753,-7.354265546555169,0.1627819734549135,0.548900132715277,1.0220685071687663,12,2.760047176047111,2.771791624354439,8.425313533838176,10.870732684779455,6.097923088929593,23.022953478329146,-0.025570845686626265,0.15565532493150774,0.3899485883411422,39.0,74,71327392,91.94601666666667,183.84,0.8333333333333334,3.952816368607831,0.9749143172842923,5.481448054221959,-7.86655975667954,0.7180114432006753,-7.354265546555169,0.1627819734549135,0.548900132715277,1.0220685071687663,12,2.760047176047111,2.771791624354439,8.425313533838176,10.870732684779455,6.097923088929593,23.022953478329146,-0.025570845686626265,0.15565532493150774,0.3899485883411422,39.0,74,71327392,91.94601666666667,183.84,0.8333333333333334,0.0,0.0,0.0,0.0,0.0,0.0,0.0,0.0,0.0,0,0.0,0,0,0.0,0.0,0.0,0,0,0,0,0,0,0,0.0,74,29986576,183.84,1.3,0.25,2.19,0.8899999999999999,3,44.0,31654688,0.1687729940064901,0.1398028194256778,0.1687729940064901
Cr2W2Se8,548aa830244c,Y->S,1.322,0,0.778,0.015,0.47939478592155726,0.0,0.47939478592155726,0.0,0.0,0.0,0.5,0.5,0.5,0.25,0.5,1,1,2,4,3.952816368607831,0.9749143172842923,5.481448054221959,-7.86655975667954,0.7180114432006753,-7.354265546555169,0.1627819734549135,0.548900132715277,1.0220685071687663,12,2.760047176047111,2.771791624354439,8.425313533838176,10.870732684779455,6.097923088929593,23.022953478329146,-0.025570845686626265,0.15565532493150774,0.3899485883411422,39.0,74,71327392,91.94601666666667,183.84,0.8333333333333334,3.3155363922590975,1.109971455560412,5.285276468731239,-6.984406886371158,0.5783285312271397,-6.574220406137194,-0.008250302988961032,0.604757096630315,1.0630056797253038,11,1.6575929306915576,2.2269528646713757,8.042021307563765,8.066506041332106,4.276618575375886,16.406321191523805,-0.021926734162212705,0.13565500764488178,0.3768605851412813,40.36363636363637,74,70995616,95.57782727272728,183.84,0.9090909090909091,3.3155363922590975,1.109971455560412,5.285276468731239,-6.984406886371158,0.5783285312271397,-6.574220406137194,-0.008250302988961032,0.604757096630315,1.0630056797253038,11,1.6575929306915576,2.2269528646713757,8.042021307563765,8.066506041332106,4.276618575375886,16.406321191523805,-0.021926734162212705,0.13565500764488178,0.3768605851412813,40.36363636363637,74,70995616,95.57782727272728,183.84,0.9090909090909091,3.3155363922590975,1.109971455560412,5.285276468731239,-6.984406886371158,0.5783285312271397,-6.574220406137194,-0.008250302988961032,0.604757096630315,1.0630056797253038,11,40.36363636363637,74,70995616,95.57782727272728,183.84,0.9090909090909091,0,0,0,0,0,0,0,40.88146159446588,74,29986576,183.84,1.3,0.25,2.19,0.8899999999999999,3,44.0,31654688,0.1687729940064901,0.1398028194256778,0.1687729940064901
WMo3S8,9c2979187585,X->G,1.816,0,1.582,0.0,0.4930137227228399,180.0,-0.4930137227228399,0.0,0.0,0.5,0.0,0.0,0.0,0.25,0.0,1,1,2,4,4.324179321730706,1.065715387338479,5.833699531705745,-8.020662556929961,0.546789912145044,-7.620831497352341,0.37862921390866416,0.606030623915948,1.2375876006029514,12,3.220383335040543,3.1573920200576935,9.677875623056185,11.685640152019877,6.115641399823847,23.416519107770164,-0.03225979703346656,0.21762577886177015,0.5219084074824941,27.333333333333332,74,39845952,60.68166666666667,183.84,0.3333333333333333,4.324179321730706,1.065715387338479,5.833699531705745,-8.020662556929961,0.546789912145044,-7.620831497352341,0.37862921390866416,0.606030623915948,1.2375876006029514,12,3.220383335040543,3.1573920200576935,9.677875623056185,11.685640152019877,6.115641399823847,23.416519107770164,-0.03225979703346656,0.21762577886177015,0.5219084074824941,27.333333333333332,74,39845952,60.68166666666667,183.84,0.3333333333333333,4.324179321730706,1.065715387338479,5.833699531705745,-8.020662556929961,0.546789912145044,-7.620831497352341,0.37862921390866416,0.606030623915948,1.2375876006029514,12,3.220383335040543,3.1573920200576935,9.677875623056185,11.685640152019877,6.115641399823847,23.416519107770164,-0.03225979703346656,0.21762577886177015,0.5219084074824941,27.333333333333332,74,39845952,60.68166666666667,183.84,0.3333333333333333,0.0,0.0,0.0,0.0,0.0,0.0,0.0,0.0,0.0,0,0.0,0,0,0.0,0.0,0.0,0,0,0,0,0,0,0,0.0,74,29986576,183.84,1.2666666666666666,0.44999999999999996,2.3666666666666667,0.41999999999999993,3,44.0,33163808,0.2052901218121179,0.207664962128622,0.2052901218121179
TiZr3Se8,a148361e5e9a,S->Y,1.321,0,0.701,0.144,0.6785193304136014,-130.87219067532004,-0.4298015077418784,-0.49666333242363436,0.1702488763944726,0.5,0.5,0.0,0.0,0.25,0.25,1,1,2,4,2.308278208537956,0.8982078224215014,3.7607954651592994,-5.967844446292711,1.050387267753791,-4.987643908181324,-0.5450974512517898,0.4834974452677466,0.22894834367851558,11,0.7442809287334426,1.1580694949582901,4.020619523198905,4.79408105368114,4.7862956884237855,17.352160342807764,0.0791029432397824,0.10764308082929504,0.28858203092981616,35.63636363636363,40,18370688,82.30472727272728,91.224,1.0,2.194239041603376,0.7903186541868259,3.757982388043523,-5.5142580321204475,1.0853616446178238,-4.2838574687819655,-0.4264607041128777,0.4362574245423178,0.44587846886620885,10,0.6145433773744564,0.8654389572979732,2.5673928811594857,4.229977139576812,4.024776598475165,13.135830275441833,0.02586622303769659,0.09547779269481482,0.2735914778175474,35.8,40,17034352,82.6392,91.224,1.0,2.8254483729166133,0.7848454031016046,4.257160090540924,-6.82371271474729,1.1598074392532143,-5.491158196416372,-0.44997037209062635,0.4217197048926683,0.2982137493410862,12,1.3939939598758704,1.601279041819968,5.158132247652697,7.246908495899338,6.205580882857724,19.529627278658015,0.03955063195356864,0.067504491474338,0.1136178985255895,34.5,40,18604944,79.43491666666667,91.224,0.9166666666666666,2.130174561426482,0.6948800185668011,3.756214832007745,-5.1749850426267265,0.9035645443523377,-4.2432834313857954,-0.27272555753144045,0.39070001470668425,0.6630489244125539,9,36.0,40,15698016,83.048,91.224,1.0,0,0,0,0,0,0,0,90.0,40,2560000,91.224,1.3666666666666665,0.40000000000000013,1.8066666666666666,1.2199999999999998,3,32.0,4130592,0.8026965681371502,0.1449765152582613,0.8026965681371502
TiZr3Se8,a148361e5e9a,G->S,0.88,0,0.701,0.144,0.6568133691021686,49.12780932467997,0.4298015077418784,0.49666333242363436,0.0,0.0,0.0,0.5,0.5,0.25,0.25,1,1,2,4,2.8254483729166133,0.7848454031016046,4.257160090540924,-6.82371271474729,1.1598074392532143,-5.491158196416372,-0.44997037209062635,0.4217197048926683,0.2982137493410862,12,1.3939939598758704,1.601279041819968,5.158132247652697,7.246908495899338,6.205580882857724,19.529627278658015,0.03955063195356864,0.067504491474338,0.1136178985255895,34.5,40,18604944,79.43491666666667,91.224,0.9166666666666666,2.308278208537956,0.8982078224215014,3.7607954651592994,-5.967844446292711,1.050387267753791,-4.987643908181324,-0.5450974512517898,0.4834974452677466,0.22894834367851558,11,0.7442809287334426,1.1580694949582901,4.020619523198905,4.79408105368114,4.7862956884237855,17.352160342807764,0.0791029432397824,0.10764308082929504,0.28858203092981616,35.63636363636363,40,18370688,82.30472727272728,91.224,1.0,2.308278208537956,0.8982078224215014,3.7607954651592994,-5.967844446292711,1.050387267753791,-4.987643908181324,-0.5450974512517898,0.4834974452677466,0.22894834367851558,11,0.7442809287334426,1.1580694949582901,4.020619523198905,4.79408105368114,4.7862956884237855,17.352160342807764,0.0791029432397824,0.10764308082929504,0.28858203092981616,35.63636363636363,40,18370688,82.30472727272728,91.224,1.0,0.0,0.0,0.0,0.0,0.0,0.0,0.0,0.0,0.0,0,0.0,0,0,0.0,0.0,0.0,0,0,0,0,0,0,0,0.0,40,2560000,91.224,1.3666666666666665,0.40000000000000013,1.8066666666666666,1.2199999999999998,3,32.0,4130592,0.8026965681371502,0.1449765152582613,0.8026965681371502
BiClS,c96ef4fc869c,G->M,1.146,1,1.334,0.0,0.8916885604236925,29.99999994710189,0.7722249460025171,0.44584427949889244,0.0,0.0,0.0,0.5,0.0,0.25,0.0,1,3,6,10,0.6734517888344825,0.2318844672622285,0.988593075329966,-1.7243403352328948,0.1277297631025107,-1.6073981053740565,0.016821412421711503,0.1392212355951081,0.20940268236849324,3,0.0073711978286966255,0.0007471850235111957,0.008295390890737931,0.31152133896408246,0.2019944338765785,0.4828499977840586,-0.008735435256930832,0.007200043283049225,0.0002996007722757909,38.666666666666664,83,47607378,92.16613333333333,208.9804,0.3333333333333333,0.6734517888344825,0.2318844672622285,0.988593075329966,-1.7243403352328948,0.1277297631025107,-1.6073981053740565,0.016821412421711503,0.1392212355951081,0.20940268236849324,3,0.0073711978286966255,0.0007471850235111957,0.008295390890737931,0.31152133896408246,0.2019944338765785,0.4828499977840586,-0.008735435256930832,0.007200043283049225,0.0002996007722757909,38.666666666666664,83,47607378,92.16613333333333,208.9804,0.3333333333333333,0.6734517888344825,0.2318844672622285,0.988593075329966,-1.7243403352328948,0.1277297631025107,-1.6073981053740565,0.016821412421711503,0.1392212355951081,0.20940268236849324,3,0.0073711978286966255,0.0007471850235111957,0.008295390890737931,0.31152133896408246,0.2019944338765785,0.4828499977840586,-0.008735435256930832,0.007200043283049225,0.0002996007722757909,38.666666666666664,83,47607378,92.16613333333333,208.9804,0.3333333333333333,0.0,0.0,0.0,0.0,0.0,0.0,0.0,0.0,0.0,0,0.0,0,0,0.0,0.0,0.0,0,0,0,0,0,0,0,0.0,83,47458321,208.9804,1.2,0.6000000000000001,2.5866666666666664,1.1400000000000001,3,38.666666666666664,47607378,0.8399466536166024,0.9094579449330604,0.9094579449330604
BiClS,c96ef4fc869c,G->K,1.181,1,1.334,0.0,1.0296332609556476,59.99999998775802,0.5148166306683447,0.8916885604590057,0.0,0.0,0.0,0.3333333333333333,0.3333333333333333,0.16666666666666666,0.16666666666666666,1,6,12,19,0.6734517888344825,0.2318844672622285,0.988593075329966,-1.7243403352328948,0.1277297631025107,-1.6073981053740565,0.016821412421711503,0.1392212355951081,0.20940268236849324,3,0.0073711978286966255,0.0007471850235111957,0.008295390890737931,0.31152133896408246,0.2019944338765785,0.4828499977840586,-0.008735435256930832,0.007200043283049225,0.0002996007722757909,38.666666666666664,83,47607378,92.16613333333333,208.9804,0.3333333333333333,0.6734517888344825,0.2318844672622285,0.988593075329966,-1.7243403352328948,0.1277297631025107,-1.6073981053740565,0.016821412421711503,0.1392212355951081,0.20940268236849324,3,0.0073711978286966255,0.0007471850235111957,0.008295390890737931,0.31152133896408246,0.2019944338765785,0.4828499977840586,-0.008735435256930832,0.007200043283049225,0.0002996007722757909,38.666666666666664,83,47607378,92.16613333333333,208.9804,0.3333333333333333,0.6734517888344825,0.2318844672622285,0.988593075329966,-1.7243403352328948,0.1277297631025107,-1.6073981053740565,0.016821412421711503,0.1392212355951081,0.20940268236849324,3,0.0073711978286966255,0.0007471850235111957,0.008295390890737931,0.31152133896408246,0.2019944338765785,0.4828499977840586,-0.008735435256930832,0.007200043283049225,0.0002996007722757909,38.666666666666664,83,47607378,92.16613333333333,208.9804,0.3333333333333333,0.0,0.0,0.0,0.0,0.0,0.0,0.0,0.0,0.0,0,0.0,0,0,0.0,0.0,0.0,0,0,0,0,0,0,0,0.0,83,47458321,208.9804,1.2,0.6000000000000001,2.5866666666666664,1.1400000000000001,3,38.666666666666664,47607378,0.8399466536166024,0.9094579449330604,0.9094579449330604
Ga2P2Te6,4cb4ea247ef4,Y->G,3.695,0,0.314,0.173,0.5143001845461881,-90.0,3.645531511067733e-17,-0.5143001845461881,0.0,0.0,0.5,0.0,0.0,0.0,0.25,3,1,6,10,2.1643756096530096,0.7505087700267525,3.3878657265433696,-6.340449159638235,0.5251450659848765,-5.899312808884923,-0.47198264665506784,0.3818055316352684,0.13924702938380185,10,0.3458918507928702,1.026507869199079,2.452454556814037,7.584516160621858,4.944775659242559,14.642573956953674,0.02418581012309914,0.07918531876399709,0.14697138906830887,40.4,52,45817988,96.6993524,127.6,0.8,2.1643756096530096,0.7505087700267525,3.3878657265433696,-6.340449159638235,0.5251450659848765,-5.899312808884923,-0.47198264665506784,0.3818055316352684,0.13924702938380185,10,0.3458918507928702,1.026507869199079,2.452454556814037,7.584516160621858,4.944775659242559,14.642573956953674,0.02418581012309914,0.07918531876399709,0.14697138906830887,40.4,52,45817988,96.6993524,127.6,0.8,2.1643756096530096,0.7505087700267525,3.3878657265433696,-6.340449159638235,0.5251450659848765,-5.899312808884923,-0.47198264665506784,0.3818055316352684,0.13924702938380185,10,0.3458918507928702,1.026507869199079,2.452454556814037,7.584516160621858,4.944775659242559,14.642573956953674,0.02418581012309914,0.07918531876399709,0.14697138906830887,40.4,52,45817988,96.6993524,127.6,0.8,0.0,0.0,0.0,0.0,0.0,0.0,0.0,0.0,0.0,0,0.0,0,0,0.0,0.0,0.0,0,0,0,0,0,0,0,0.0,52,7311616,127.6,1.2333333333333334,0.3999999999999999,2.033333333333333,0.3799999999999999,3,32.666666666666664,8285762,0.7732005190484386,0.6736048722630876,0.7732005190484386
Ga2P2Te6,4cb4ea247ef4,X->G,3.828,0,0.314,0.173,0.514279520367045,-149.99867077296796,-0.4453731636789619,-0.2571500926376472,0.0,0.5,0.0,0.0,0.0,0.25,0.0,3,1,6,10,2.1643756096530096,0.7505087700267525,3.3878657265433696,-6.340449159638235,0.5251450659848765,-5.899312808884923,-0.47198264665506784,0.3818055316352684,0.13924702938380185,10,0.3458918507928702,1.026507869199079,2.452454556814037,7.584516160621858,4.944775659242559,14.642573956953674,0.02418581012309914,0.07918531876399709,0.14697138906830887,40.4,52,45817988,96.6993524,127.6,0.8,2.1643756096530096,0.7505087700267525,3.3878657265433696,-6.340449159638235,0.5251450659848765,-5.899312808884923,-0.47198264665506784,0.3818055316352684,0.13924702938380185,10,0.3458918507928702,1.026507869199079,2.452454556814037,7.584516160621858,4.944775659242559,14.642573956953674,0.02418581012309914,0.07918531876399709,0.14697138906830887,40.4,52,45817988,96.6993524,127.6,0.8,2.1643756096530096,0.7505087700267525,3.3878657265433696,-6.340449159638235,0.5251450659848765,-5.899312808884923,-0.47198264665506784,0.3818055316352684,0.13924702938380185,10,0.3458918507928702,1.026507869199079,2.452454556814037,7.584516160621858,4.944775659242559,14.642573956953674,0.02418581012309914,0.07918531876399709,0.14697138906830887,40.4,52,45817988,96.6993524,127.6,0.8,0.0,0.0,0.0,0.0,0.0,0.0,0.0,0.0,0.0,0,0.0,0,0,0.0,0.0,0.0,0,0,0,0,0,0,0,0.0,52,7311616,127.6,1.2333333333333334,0.3999999999999999,2.033333333333333,0.3799999999999999,3,32.666666666666664,8285762,0.7732005190484386,0.6736048722630876,0.7732005190484386
MoCr3Se8,961c37d6e527,X->G,0.977,0,0.726,0.01,0.4844763113946748,180.0,-0.4844763113946748,0.0,0.0,0.5,0.0,0.0,0.0,0.25,0.0,1,1,2,4,4.122178403411441,1.0093886280752389,5.64688523012198,-7.97094367080101,0.6455661175290923,-7.43064238743913,0.26022530199845934,0.5716586380588436,1.1161066850694692,12,2.934168787318588,2.968544820496833,9.049042857566704,11.3960831530382,6.2331530720073784,23.81187848482175,-0.034903021029451524,0.18211720175003843,0.4338508661618716,32.166666666666664,42,14797712,73.63402500000001,95.94,0.75,4.122178403411441,1.0093886280752389,5.64688523012198,-7.97094367080101,0.6455661175290923,-7.43064238743913,0.26022530199845934,0.5716586380588436,1.1161066850694692,12,2.934168787318588,2.968544820496833,9.049042857566704,11.3960831530382,6.2331530720073784,23.81187848482175,-0.034903021029451524,0.18211720175003843,0.4338508661618716,32.166666666666664,42,14797712,73.63402500000001,95.94,0.75,4.122178403411441,1.0093886280752389,5.64688523012198,-7.97094367080101,0.6455661175290923,-7.43064238743913,0.26022530199845934,0.5716586380588436,1.1161066850694692,12,2.934168787318588,2.968544820496833,9.049042857566704,11.3960831530382,6.2331530720073784,23.81187848482175,-0.034903021029451524,0.18211720175003843,0.4338508661618716,32.166666666666664,42,14797712,73.63402500000001,95.94,0.75,0.0,0.0,0.0,0.0,0.0,0.0,0.0,0.0,0.0,0,0.0,0,0,0.0,0.0,0.0,0,0,0,0,0,0,0,0.0,42,3111696,95.94,1.3333333333333333,0.30000000000000004,2.1233333333333335,0.8899999999999999,3,33.333333333333336,4779808,0.158679447921649,0.1159971336328279,0.158679447921649
AsClSe,1a3be826b3e0,G->M,3.717,0,1.364,0.013,0.9657212386040357,29.999999972350786,0.8363391258382822,0.4828606188984258,0.0,0.0,0.0,0.5,0.0,0.25,0.0,1,3,6,10,0.8880106864243819,0.2851606780863341,1.2888414792876652,-1.7203794203098226,0.041011679162841375,-1.6732237588144758,0.12665238052645683,0.15605765571053742,0.3463775113977472,3,0.012642128783813699,0.009984353466144439,0.020529088686125452,0.33719666108186,0.24094800060677904,0.527542740750799,-0.012801440536808551,0.009081010864167356,-0.00010356165025719646,28.0,34,2605778,63.111533333333334,78.96,0.6666666666666666,0.8880106864243819,0.2851606780863341,1.2888414792876652,-1.7203794203098226,0.041011679162841375,-1.6732237588144758,0.12665238052645683,0.15605765571053742,0.3463775113977472,3,0.012642128783813699,0.009984353466144439,0.020529088686125452,0.33719666108186,0.24094800060677904,0.527542740750799,-0.012801440536808551,0.009081010864167356,-0.00010356165025719646,28.0,34,2605778,63.111533333333334,78.96,0.6666666666666666,0.8880106864243819,0.2851606780863341,1.2888414792876652,-1.7203794203098226,0.041011679162841375,-1.6732237588144758,0.12665238052645683,0.15605765571053742,0.3463775113977472,3,0.012642128783813699,0.009984353466144439,0.020529088686125452,0.33719666108186,0.24094800060677904,0.527542740750799,-0.012801440536808551,0.009081010864167356,-0.00010356165025719646,28.0,34,2605778,63.111533333333334,78.96,0.6666666666666666,0.0,0.0,0.0,0.0,0.0,0.0,0.0,0.0,0.0,0,0.0,0,0,0.0,0.0,0.0,0,0,0,0,0,0,0,0.0,34,1336336,78.96,1.0999999999999999,0.1499999999999999,2.6300000000000003,0.98,3,28.0,2605778,0.8229245148495816,0.8258043654001617,0.8229245148495816
AsClSe,1a3be826b3e0,G->K,3.481,0,1.364,0.013,1.115118835003294,60.000000016382394,0.5575594172255214,0.9657212395107816,0.0,0.0,0.0,0.3333333333333333,0.3333333333333333,0.16666666666666666,0.16666666666666666,1,6,12,19,0.8880106864243819,0.2851606780863341,1.2888414792876652,-1.7203794203098226,0.041011679162841375,-1.6732237588144758,0.12665238052645683,0.15605765571053742,0.3463775113977472,3,0.012642128783813699,0.009984353466144439,0.020529088686125452,0.33719666108186,0.24094800060677904,0.527542740750799,-0.012801440536808551,0.009081010864167356,-0.00010356165025719646,28.0,34,2605778,63.111533333333334,78.96,0.6666666666666666,0.8880106864243819,0.2851606780863341,1.2888414792876652,-1.7203794203098226,0.041011679162841375,-1.6732237588144758,0.12665238052645683,0.15605765571053742,0.3463775113977472,3,0.012642128783813699,0.009984353466144439,0.020529088686125452,0.33719666108186,0.24094800060677904,0.527542740750799,-0.012801440536808551,0.009081010864167356,-0.00010356165025719646,28.0,34,2605778,63.111533333333334,78.96,0.6666666666666666,0.8880106864243819,0.2851606780863341,1.2888414792876652,-1.7203794203098226,0.041011679162841375,-1.6732237588144758,0.12665238052645683,0.15605765571053742,0.3463775113977472,3,0.012642128783813699,0.009984353466144439,0.020529088686125452,0.33719666108186,0.24094800060677904,0.527542740750799,-0.012801440536808551,0.009081010864167356,-0.00010356165025719646,28.0,34,2605778,63.111533333333334,78.96,0.6666666666666666,0.0,0.0,0.0,0.0,0.0,0.0,0.0,0.0,0.0,0,0.0,0,0,0.0,0.0,0.0,0,0,0,0,0,0,0,0.0,34,1336336,78.96,1.0999999999999999,0.1499999999999999,2.6300000000000003,0.98,3,28.0,2605778,0.8229245148495816,0.8258043654001617,0.8229245148495816
